cart_id,customer_id,anonymous_id,product_id,abandon_timestamp,cart_value
6c0e7662-c7f1-42aa-b059-c485fb1c1220,ee6d6129-cdb8-4e94-a4d5-1d1717ff13ff,,af5481f4-1ba7-4d45-aaf7-51c47a71875c,2025-06-27T15:30:38.739216Z,37.58
96e13172-4e86-4322-a93c-5b2db28343d0,,e70fb7c6-f1fb-45a6-8f21-43524e645cb1,3eb8e419-ccc6-4064-8260-5b43602f9983,2025-07-01T21:02:08.739418Z,21.69
2dc9017a-d69a-4f86-abb6-924af902594c,2d9804c7-95c0-4fba-95b6-b77e839f2b6a,,37727a64-f037-49a9-bcf8-086215ecb7fd,2026-03-06T10:39:12.739583Z,122.36
b7d295b4-1d47-4d46-a5b5-7805b13157a8,,9b0e6267-fe8d-4832-9544-8371362705ea,bdfcdbcc-7d63-4ecb-9a8f-8ae73ee085fb,2025-08-09T05:05:19.739804Z,13.26
2103b2a7-1b02-40be-aabd-a4159ee46b30,829f65f0-86a9-4c16-a506-828486931569,,3b0e25b0-04f3-4476-891e-18d67e3329ed,2026-06-16T13:21:27.739851Z,23.17
9c2f2442-c1bc-4e27-9b15-11f1887defad,7f2fc0fa-7e88-46d9-9367-bea32902ae90,,e4f08e85-289e-40c7-ad90-983f186d02dc,2026-05-01T01:58:49.739899Z,143.15
23d1d93f-9182-4419-978d-abede258200a,32641d01-608a-452b-a81e-79931539d759,,882325b0-d544-426c-b74e-9b64ff3ef4cc,2026-05-04T04:20:27.739934Z,102.57
b7439912-df5f-48df-b30c-8b12290ffaf5,25132108-bb6d-46c2-87b3-c00023e596af,,464065f2-15f0-4a2e-b25d-516dfff9dcca,2025-10-16T22:42:22.739970Z,86.29
8e57e108-51bd-4191-9408-cbe5165fac4c,fcd5220e-ef72-42c1-a491-e64bb6430821,,eae4837f-4e9f-40fb-a287-f3ea4195f02e,2025-10-01T14:20:46.739993Z,120.26
7116e9de-6727-47fb-8b1a-f2cd2d49a4fa,,1f31bd01-f3e2-4c9d-9d43-1ed43fd5a5d9,174b1816-01c1-46c2-8a46-6e6ad57e5965,2026-03-18T17:28:03.740034Z,38.57
0cfa41c7-bc73-4f6c-b42a-2ab2a1536323,9438779f-1292-4d84-b39f-fc1e728535f6,,77016229-03e7-4ace-860b-79ee16b3f42b,2025-11-24T03:29:19.740064Z,40.41
e7301213-c882-49d1-81f1-0f046f30c93a,,16c5dadc-c34e-4924-860a-b69fed34cc1f,28c08598-0919-4ad4-a544-1e20d0d0dc44,2025-12-30T03:28:08.740087Z,79.91
a03c391f-1420-49de-9a1b-a867214a07b0,ca0da774-1aab-4c48-92be-298e5115308b,,8dd60692-d201-4c50-a580-7850c1e95f00,2025-07-24T18:22:36.740196Z,7.49
cd105cd9-d19c-4d7e-97b1-6d0868a5bd8a,,476364ae-02cf-4787-a133-7a9d0837bd64,39e9c2c9-901f-499e-8c46-57804a2f9255,2025-07-10T21:21:29.740255Z,118.18
60fccba5-87bf-40e9-8173-19e324c49586,,cea97802-4770-42f9-8746-7616d1b62f12,dc65cf1c-922f-4f2a-be7d-7f596ab58867,2025-12-08T21:37:14.740359Z,119.6
91ea9736-17ee-46b1-956f-082c9aa19f93,,0a7c88e7-f3df-4839-aafb-76273ec538a9,eab47c6e-60d0-411e-ade2-82fc0a973fef,2025-08-15T03:18:04.740443Z,149.5
6936790a-c04a-42f1-a468-a2c896db21c3,,d7f0c170-f047-496d-9bc5-849cac5bc0b2,d98ac824-b1cb-493c-b4dc-fa735d579080,2025-11-09T01:47:23.740678Z,136.95
4b0c4b33-cccf-4615-be8a-84dad9135730,50d63bd5-61fe-4e78-8ff3-2c6fc971d3e1,,af5481f4-1ba7-4d45-aaf7-51c47a71875c,2025-07-24T21:19:13.740916Z,66.96
27f9d74d-a01f-4a15-8535-40e5b15a21ae,f05d21fe-1d01-46da-81a2-d4afc8637211,,14c50a07-309d-4aac-8004-a94d51e3ca87,2025-12-25T20:47:24.741017Z,54.71
170808fa-d27e-42d2-bf63-8638cebe2cf9,,d2aa12c9-c56d-45c2-81ab-c7b151250a7f,eab47c6e-60d0-411e-ade2-82fc0a973fef,2025-11-06T17:26:12.741084Z,21.79
9313eb20-d789-4ab7-9e24-55100bdf3f0d,4965914d-e32d-46ce-8abf-92f44d7cc7f8,,77016229-03e7-4ace-860b-79ee16b3f42b,2025-08-28T20:28:36.741400Z,28.22
b1b50ef6-0c54-4b84-b121-bca4067cc1c5,27b7a965-5245-4af3-9aa1-cea6862290ce,,28c08598-0919-4ad4-a544-1e20d0d0dc44,2026-01-09T12:05:16.741654Z,130.66
ae285800-aabf-4c62-8355-2c9cc3ee635b,,6307cf05-5446-489a-bd48-ef262b35b249,c3163de1-b9cd-44a7-93e9-588433a1e23f,2026-01-30T01:22:37.741671Z,35.15
585dbba8-46af-47ff-bcf2-b1c072f5a515,755dc9d4-d2b1-46e3-a1c1-b06013ec4b71,,77016229-03e7-4ace-860b-79ee16b3f42b,2026-03-14T23:04:22.741700Z,18.46
a76e0f7a-2936-4e6a-b900-74cdd2fa3cfc,df7aa237-7381-47be-a062-6fa5f8aa9f42,,c3163de1-b9cd-44a7-93e9-588433a1e23f,2025-11-24T03:38:39.741717Z,25.67
c605c5d9-bde3-4aa0-9805-376fb5b7649d,be0e6f76-50b0-41fc-b767-65029d5bd15b,,8dd60692-d201-4c50-a580-7850c1e95f00,2025-08-16T22:08:28.741867Z,113.28
fc970751-222f-4979-a60d-f3712a1d7fce,b5b918af-3492-451b-a8ef-799b0615a9a5,,54c76350-7f69-4f75-b451-d79351462bca,2025-10-22T10:44:00.741885Z,83.55
b94b2f49-09d0-47e8-821a-ee808011f8b2,,1f31bd01-f3e2-4c9d-9d43-1ed43fd5a5d9,9183c4c5-47db-4e6d-af05-9eafe1f586a0,2026-04-23T06:48:55.742002Z,65.2
1d5be0b1-b491-43dc-b351-08d970e2a3ed,91861c5e-4dd7-428e-a4a0-5bd6de894207,,51de8c93-7a17-4f51-ba8f-d0ac995c566a,2026-02-08T10:53:44.742025Z,73.29
aaa1cb66-cc5f-4331-9f38-fc35e9cb358f,,2ca7d1bb-76cc-47af-bb20-f3811c4c98b8,77016229-03e7-4ace-860b-79ee16b3f42b,2026-04-05T08:41:50.742154Z,129.77
7272a325-bc60-42b6-97f2-f9b880403e04,,e03efcbe-55bc-4ece-8307-e911ecb3a13b,23c26c56-4049-472b-850f-65f46207be56,2025-07-01T23:54:30.742201Z,29.97
722b8525-2073-4c16-a85c-c22f55cfb59b,,4c2eaf9e-61ec-446c-a520-957f3c52651a,c3163de1-b9cd-44a7-93e9-588433a1e23f,2025-12-24T02:15:22.742259Z,103.39
9f54f6a9-704e-439f-98b1-757db4f7e11b,7452846e-37c4-4906-a617-e6a9cbd59165,,6b43d3b7-aca8-4905-9318-b1c3fbed419e,2026-03-25T18:34:17.742360Z,101.73
51dfc578-8eda-4952-a8cb-6ec914e67842,780ff89b-58ca-46f6-9018-36030c7a6627,,b4cf6a02-8d8f-4f2a-a7d2-b552fe2cffc6,2026-05-13T09:36:39.742740Z,20.45
43f487dd-4c26-49f0-8418-ad5f2cc12ff2,,4727f68c-0333-4fec-9bc1-ae44e3e3e282,8ac69fa0-f2a2-4e7e-8d20-db1696a88a49,2026-04-12T08:28:35.742769Z,112.35
552eaaa4-9b27-431e-8827-dbedf127b01e,ad8f8469-8b50-4e8a-830d-b61379913b88,,17ef5cb2-dbbc-4423-a159-fe66957fb5c2,2026-04-05T12:46:23.742800Z,123.62
a8e97a63-acf6-4272-accc-790367ad3ef5,731b131b-d1ef-4842-bd1f-e19a7c462f0f,,59d6d6c9-1940-4e0a-a3ed-ca04666e89b9,2026-01-11T18:04:05.743023Z,33.55
07f68aed-15ed-4a61-97d1-35e1c592db0b,8081212b-78a4-4eb9-82b3-8e7915e2efea,,464065f2-15f0-4a2e-b25d-516dfff9dcca,2025-12-09T09:36:32.743119Z,115.32
09c631d4-a022-464b-a1d3-c5ceaa3e1544,,2ba85955-d8b5-42d8-b8c6-20b2271d5add,242a17b5-0a2b-4177-a01c-b2d07b8435df,2026-06-05T17:06:21.743256Z,73.79
3906f7d0-811a-403a-ab44-42c2a37e7bb8,,d35e9932-a555-46f5-963b-fe4e08a9247d,1638242a-9e18-4c5a-8ba7-dcb01ef7c6b0,2025-07-22T20:36:40.743291Z,56.22
26181a2c-c35d-4ec3-b2b8-ca46501e8676,3ecae672-5af1-46e1-9a0e-51072774bdb6,,4249ce6f-0248-4265-950f-9f03188f5497,2025-06-26T09:32:04.743392Z,148.49
c024df3c-ca0e-4c34-8db0-44f1783dbe84,718f45a3-0876-40bc-9e9b-c8f9c8d94e7a,,ffb35e8a-7d50-4fb3-b500-d6e2b0d928a7,2026-03-21T20:31:07.743678Z,95.21
a36d60af-5ad1-407d-92d1-f96e69908009,6971669a-3acc-4929-a81b-51116d8188ad,,5bdd189c-8321-48aa-bae9-e2962031a00b,2025-12-07T06:31:16.743733Z,17.28
54e3732c-555f-4c83-ac2d-b1fdb1ccb5c3,7f2fc0fa-7e88-46d9-9367-bea32902ae90,,63b5e370-7388-4536-8ed7-a21a4a41d06f,2026-01-28T21:41:11.743782Z,8.29
3759ae14-02c7-4c68-9483-7e020e967f02,f248f19b-3dfb-4be6-8482-67b21b6825c8,,2e4f561e-34fc-4f84-969f-fafa2cfe8587,2025-12-24T21:51:38.743940Z,108.66
58411e8b-46b3-4a81-bf3e-7553aef91b66,e9679519-56ba-4007-bae4-1cd922e9f605,,ea11794b-9211-4543-87ff-999e6bd73cef,2025-10-23T13:51:34.744022Z,26.62
ae127a20-a86f-4cf1-a23a-4bd9113fd76e,64c7bfb1-aa9c-4a62-a649-a09c9024ab8b,,5e2bc8e4-1797-4c5f-82a7-e5f343789acd,2026-06-06T05:14:28.744099Z,17.84
0ae06e03-57a4-4d61-ab5c-9a05ac406101,,ccf1ef7c-7243-40cd-bd4e-9f5db14da370,cf925fde-e447-40d6-8073-e23c6f551820,2026-01-25T14:18:24.744129Z,84.09
1fab1462-2e33-4905-ba67-fcf227e31c8f,d7377450-ddcf-461c-a571-e7ba4c034892,,1e19d020-8de6-4885-b1d8-2b9aff3f3d33,2026-02-24T22:32:23.744241Z,22.18
0d47d261-a13f-4d4e-ab93-4e4cb45ca942,704ed6b2-33df-4a7c-9e2f-e37d650c515e,,f980ab87-d699-456c-a96a-e362bfd00c92,2025-09-01T13:48:10.744259Z,58.18
5e66f3bc-c867-44dd-8439-2459d2636269,f402778e-5da5-4f36-a834-a374c21a1106,,b4cf6a02-8d8f-4f2a-a7d2-b552fe2cffc6,2026-04-04T21:44:38.744299Z,49.04
ee735498-2203-42da-8538-237738595fe0,,5418ae0b-8473-4508-9067-de08a3027c8b,464065f2-15f0-4a2e-b25d-516dfff9dcca,2026-01-25T05:33:19.744356Z,23.54
b2dfbbaa-6608-4d28-b108-b31a7e7c571e,ee9020c0-6f9f-4ed2-810a-4a1abf6ca4f6,,dc65cf1c-922f-4f2a-be7d-7f596ab58867,2026-05-01T10:54:34.744421Z,133.3
580dffa9-5374-4cda-99fc-c4e9b4e1f93f,,066b382e-56e0-4db2-b29d-c54a23f6a561,cf925fde-e447-40d6-8073-e23c6f551820,2026-05-10T22:00:40.744828Z,97.62
d1052036-29b3-42ea-9e20-0feefd726868,32641d01-608a-452b-a81e-79931539d759,,f980ab87-d699-456c-a96a-e362bfd00c92,2026-02-02T23:48:20.744862Z,121.92
5ebe4b4a-23ea-4f86-a757-6dce199b6e7f,27b7a965-5245-4af3-9aa1-cea6862290ce,,39e9c2c9-901f-499e-8c46-57804a2f9255,2025-07-01T08:15:13.745009Z,35.72
010c27af-e2e6-4b85-a709-0fc43b8da0d3,fbfdbb51-843d-411c-9496-2d9fc6aa2df5,,25370a5c-dc1e-4a10-bfdc-ad1bca8f7981,2026-04-12T02:31:05.745088Z,54.4
ac4657db-e9ef-4d96-9218-cb940bb06b7b,,05c33d4b-c4a0-49e7-aecc-5ccb10842b6a,262281ca-9da1-4f48-bcc9-dac7c497ca85,2026-05-01T11:24:59.745135Z,131.23
28f95c6b-3314-4ebf-91c3-67f9f1aa28da,,e3dc27fa-1a40-47ec-966c-69e204205122,f0bc20ac-801d-4401-bafa-1a2d45fdf2fd,2025-12-31T01:20:13.745247Z,53.59
f5afa7d1-dd85-41a1-9dfe-7051b3ecde11,,75c8b324-19c6-434b-b9d6-c7ee276b87e3,8ac69fa0-f2a2-4e7e-8d20-db1696a88a49,2026-01-06T05:40:02.745513Z,116.03
5ccdb216-8bb1-49ed-be8e-6a1ddda41d1a,,4561a818-9a15-4841-a2d9-c1c36a075019,28c08598-0919-4ad4-a544-1e20d0d0dc44,2026-06-17T07:53:51.745541Z,60.9
7c1fc4de-d259-436b-ae6d-c76a154e8513,9fa106c7-15c8-40ec-b1b2-024fbda49ebf,,181c0491-9549-4f06-acf3-4e0bf1af8724,2026-04-06T11:55:04.745664Z,147.15
bd096d11-59e8-4d7f-b037-98f0d9df9b2a,f0edb850-bb09-4ec3-9a80-d80a81143035,,31a62e0b-956a-4338-9c88-02b3f7ede7b6,2026-01-06T10:38:03.745693Z,149.16
ddce6f42-b329-480d-ac65-683b45274ce0,ef9cd077-1222-4ebb-8809-c0d061d6e69f,,a85314f2-4706-4d04-af9d-12e821756358,2025-08-01T16:24:54.745903Z,88.69
ba78292f-a8c1-4fb0-99ea-70bb8f1d2883,,80479124-c047-4b7e-8f7a-1a19cea8c68d,d98ac824-b1cb-493c-b4dc-fa735d579080,2026-05-05T05:26:08.746146Z,130.0
76ef9ffc-9786-4785-bf79-3e5ae563a577,7ffcfcf4-36a5-4ed3-b007-1d25d64f030f,,27366ea9-7d9d-40ad-ab66-17f827a45e78,2025-07-18T10:13:16.746337Z,114.45
175bce42-97b2-4343-a691-ecfe0d764a23,dc52679f-ed2d-4c43-a350-50327c99be6c,,cf925fde-e447-40d6-8073-e23c6f551820,2026-05-09T15:53:48.746354Z,91.78
4b30f8c0-7703-46d6-adb2-5740c485b308,24240383-abe7-4470-be69-d968d0fd03ec,,28c08598-0919-4ad4-a544-1e20d0d0dc44,2025-09-02T19:00:15.746388Z,87.03
671280ea-b9da-4145-91d1-938dc566ea22,98a4efdc-02c5-4ef0-b245-b3407d06f276,,eae4837f-4e9f-40fb-a287-f3ea4195f02e,2025-10-30T10:48:50.746535Z,72.15
d92caaad-5735-413f-9f68-cca83277f1f2,,b5df1a18-2c78-49e1-a096-854352e64b30,37727a64-f037-49a9-bcf8-086215ecb7fd,2025-10-07T07:30:40.746624Z,78.9
8fade15f-2c0c-45b1-9003-2fa458d24baa,e96b0330-2bf2-4221-8c83-a0321dc564fa,,8245b2fb-a8af-474b-8d23-4304a5e9a19f,2025-10-03T01:03:32.746682Z,114.19
78017a5d-03bf-4b87-8627-6c7ac80cb6a4,4d91b12c-8c53-4afb-a6c3-c1d4c4eb0f6e,,ad3fe337-ec17-4244-8e4e-9f2e174215e4,2025-09-25T04:19:10.747036Z,145.13
453e5f29-0f9c-48a7-b43c-c9ec2782fdb6,,9de3aefc-466d-4bf1-bfc4-4c61c55acda8,19526f67-9ddf-4aab-b411-0bee51cec320,2025-10-09T19:24:40.747364Z,40.34
c5da831c-09ab-4e31-b1db-1ffd3588a500,,628db1e1-d658-47d3-983d-8ba9decd6a9c,c6fa1138-4ec2-4637-9504-2749bc13e06f,2025-12-02T08:13:38.747393Z,91.76
968e6aee-09ff-49df-aba1-08a81626aecf,7ffcfcf4-36a5-4ed3-b007-1d25d64f030f,,1cac4b7d-9687-4005-8aba-406a7a82bb35,2025-11-09T11:19:18.747492Z,125.84
a027d54d-9f9e-4388-babe-0c9d85b91a7d,1fad1639-98e8-496f-a1f9-ff4a86b312a5,,882325b0-d544-426c-b74e-9b64ff3ef4cc,2026-01-17T09:27:33.747537Z,60.85
ea81d886-72f4-4aa3-89a6-5fa54b586c50,403b076d-ff6a-4817-a4d4-1f8505ece11d,,eae4837f-4e9f-40fb-a287-f3ea4195f02e,2025-12-05T20:04:17.747642Z,117.41
11b9c2eb-a8c4-4973-ac96-4733229d4608,7512cdd5-a848-40c4-a737-e3ac33674912,,af5481f4-1ba7-4d45-aaf7-51c47a71875c,2026-04-15T04:37:55.747825Z,40.32
f66333f4-b8d4-424e-b37e-5542cc0b1a73,,f2686d23-75ca-4cf2-9b4e-d0c0f32618d7,eae4837f-4e9f-40fb-a287-f3ea4195f02e,2025-12-11T04:46:13.747853Z,146.2
abb21040-53fa-4b16-9ad0-34f18e4b1b6d,,f752bbac-d8b8-4e09-8bdd-11be37b1274c,145417d2-0475-455c-bfdb-23ddc2020330,2025-06-20T01:12:33.747890Z,13.98
cd8e2407-e6b6-4c5d-ac80-1ca617f552cf,5926d593-9a55-4c12-8e05-e795a7ca689d,,8245b2fb-a8af-474b-8d23-4304a5e9a19f,2025-08-29T03:46:22.747914Z,138.77
a45c1579-e81d-4fbc-affe-f2f6877aa53c,,8e87a553-61e8-4d71-9a3e-58cf564bff8e,39e9c2c9-901f-499e-8c46-57804a2f9255,2026-06-03T09:33:05.747997Z,91.96
2f9d9874-d8bf-4ff1-824c-19ffd28186a3,f3f315cb-871b-4430-9ac9-910b63aed0cb,,1cac4b7d-9687-4005-8aba-406a7a82bb35,2026-04-11T10:52:17.748264Z,111.71
b6b86aa8-433d-43a0-b1e0-8685d982a493,bc8b90b5-216f-40b4-9d6c-704d1a65a06e,,6cf1c788-97e2-4ecc-b9a3-f96831a30d8d,2026-01-10T08:54:18.748351Z,24.62
a4c736d8-672d-44c4-aad3-38c9fa940252,,b9a8a678-8cf3-451d-a403-66447db6cea1,6f6d558c-4b40-4c66-a4e6-e46524190ebc,2026-04-26T00:27:39.748617Z,143.35
61bbcaf6-6e19-4195-8598-6e40dd702f9e,daaafc21-ddee-4be2-acc9-cb35709e0993,,17d8280d-5414-49df-ac1c-db72a02c6e18,2026-02-10T04:30:14.748653Z,52.63
6f03fbbf-a5e8-4511-b268-06a6eb29c18f,d61841d6-2c66-4132-87bb-6efc7dc20ff7,,c9d3792c-59ed-4d20-b80d-de9e5af11e7c,2025-08-10T20:33:33.748752Z,18.53
81e50ded-e9af-46a2-a772-9d0757b8b968,,9c366404-cc98-4fba-821e-7aa8fe97e1aa,25370a5c-dc1e-4a10-bfdc-ad1bca8f7981,2025-06-29T18:38:11.748803Z,32.83
8a8053ff-5644-438d-ad87-4791d03ef3c3,28879ddc-2513-4004-80c4-706b1ef324dd,,bdfcdbcc-7d63-4ecb-9a8f-8ae73ee085fb,2026-01-03T20:44:18.748859Z,116.59
0eec7ba1-4283-4644-93a2-23f5c382a8cc,,0e654933-fbad-4467-ba58-d875efbabd6a,24a56de7-f7f9-4a74-84ac-6ee7f5d63eeb,2025-08-11T06:08:43.748957Z,106.34
8625662a-6f79-444c-8f18-4ed063f1deab,50d63bd5-61fe-4e78-8ff3-2c6fc971d3e1,,51de8c93-7a17-4f51-ba8f-d0ac995c566a,2026-04-11T01:50:58.749138Z,90.45
e857d026-1720-447f-9017-672411f0189d,31ca2d81-c9af-4d2e-aff4-0d25f8280112,,c9d3792c-59ed-4d20-b80d-de9e5af11e7c,2025-07-26T12:38:24.749225Z,68.93
31d5dcc4-6f46-4b48-934f-deffecbfd3cf,3856e26a-50d5-4112-aa9f-912be4b2d983,,eaf75b03-369e-4f19-9773-1a8ed15cec34,2026-05-10T02:04:51.749284Z,137.25
7b099f7f-de51-4213-a867-b908a87d129d,,67131318-68e2-4d86-a6b1-f34a72415895,eae4837f-4e9f-40fb-a287-f3ea4195f02e,2025-12-31T02:20:15.749301Z,131.61
f72ce541-e79d-4981-8bee-219358ccc5c0,,43aa7fad-4901-46e4-a537-3465a853f5a5,370920ed-3f8d-46f5-b78d-f4d5c426c5e2,2025-08-31T15:10:55.749335Z,133.48
159ac37a-df4f-4ae8-a614-73a3c9660d76,,f40b4003-9309-4f74-8957-5c0f47398651,17d8280d-5414-49df-ac1c-db72a02c6e18,2026-04-18T04:22:42.749388Z,117.91
c8ec2617-c6d4-4614-a3ba-6490b935789c,461d8dd5-69e0-4291-8d01-6c96ff5d5b98,,7f6a74aa-f09a-4f60-a39c-a0c68ccf7ddb,2025-12-30T03:28:14.749545Z,96.07
bf961a25-8b93-4095-9622-4cc17f0a066a,,3b98a50d-e07c-41d1-9683-78450cfb26f3,ea11794b-9211-4543-87ff-999e6bd73cef,2026-04-24T03:08:08.749614Z,39.07
3467ac14-1f5a-4bae-976d-81eb03d0a8fb,,7ae705bf-af0e-4ab9-914a-8744b4446c0c,370920ed-3f8d-46f5-b78d-f4d5c426c5e2,2026-04-26T10:38:20.749649Z,148.49
f54ba9ea-c3ad-4ed9-9099-f8f8639717f0,d71106b5-3273-4106-ac12-4eeaa74508a1,,9183c4c5-47db-4e6d-af05-9eafe1f586a0,2026-01-05T04:42:54.749854Z,92.76
4a044b0a-9d1c-41f3-bb1b-e0b6355401af,,3af91126-770c-4685-bf3b-3ea9682d265d,1e19d020-8de6-4885-b1d8-2b9aff3f3d33,2025-08-27T05:15:25.749944Z,65.48
199b2e54-8c32-41e2-a4d1-47e06130e8d7,3d8ff089-8a4d-48c5-b3b2-a9c45afc4a3c,,bb3acd74-a761-49bd-b7bc-fbf35502e696,2026-04-12T23:54:11.749973Z,108.08
22f19e59-7076-41d2-915f-d9d6a72fa1f4,,2dba38f7-bcbb-47ad-9da3-260970cca417,bdfcdbcc-7d63-4ecb-9a8f-8ae73ee085fb,2025-08-02T14:04:36.750179Z,127.35
ee4f5fb0-9441-45b5-ae4c-49a0973c0326,5cc64a2c-a457-4d5b-a9f8-7fd951f48fa5,,f6f56971-131f-45a6-8e96-4504bb012c40,2025-10-13T20:18:39.750273Z,17.89
b9f525e4-a02d-45af-9791-c6ab5454a397,,398e1fa2-85e7-4650-abd3-ce41b037d8af,24a56de7-f7f9-4a74-84ac-6ee7f5d63eeb,2026-05-17T14:14:37.750342Z,110.08
74d3d391-9871-46d8-978b-b4c2cb917ce2,183d2d98-7770-4f3b-a983-60dccae03ca5,,f08ab47d-3ff6-49f4-ad4c-b00fe9042589,2026-01-16T14:51:06.750440Z,72.42
b9ec14c7-276f-4ac5-9a55-125df3bcdbfb,3558cc97-2c6d-49d3-9625-4b5239cec886,,ad3fe337-ec17-4244-8e4e-9f2e174215e4,2026-01-16T04:29:38.750623Z,42.38
d7739fb8-4177-45ee-bcb1-7f85162cbbd5,,29330179-30ff-4142-9c16-10921e00534e,6b43d3b7-aca8-4905-9318-b1c3fbed419e,2026-05-28T14:15:28.750802Z,18.3
468e38b9-c7b8-481d-b1cd-1ca3cd34d7ec,,2d37a2da-4392-4730-8494-a4f2964fa0f7,54c76350-7f69-4f75-b451-d79351462bca,2026-05-29T08:06:27.750819Z,35.86
e905fe0d-855a-4729-bf8d-72617034372b,1ae6a029-f385-4b5d-b447-21328103559e,,1e19d020-8de6-4885-b1d8-2b9aff3f3d33,2026-02-25T00:14:21.750950Z,41.18
9e6af4a9-564f-4726-becc-f857370bbabf,8c6e883e-fda2-4512-b521-4d5e4f1a24cf,,ea11794b-9211-4543-87ff-999e6bd73cef,2026-02-04T04:05:37.750994Z,109.57
736fbf6e-d692-4069-a338-742844723b3e,,cbfd9cba-5ff9-4129-b131-065ce5f328c3,c0dc7454-44d3-4bda-817b-d31875e44201,2025-08-30T13:10:53.751035Z,31.93
1009b14d-6a71-462d-a17b-7bc9bb58ecee,fbfdbb51-843d-411c-9496-2d9fc6aa2df5,,805d0c82-7625-40a2-ac29-8f766fc3f6ff,2025-09-25T09:21:31.751255Z,141.94
f56becaa-ceaf-43e8-b611-507d5a69923e,0789256b-0781-44b8-87de-82a9880227cb,,4dbf9778-98c0-4446-9ec8-916ba556fdad,2025-09-10T00:55:44.751278Z,114.7
33f1a438-c42e-484c-9afe-d1522b12a0f1,,302bdd09-bce4-4d9f-a0a5-1bf163549b43,1cac4b7d-9687-4005-8aba-406a7a82bb35,2025-11-26T04:32:28.751300Z,21.23
c5c44ac8-5404-4f48-8463-55ecf7b3c36c,6733c67e-27e3-4470-b212-033cdbebfc91,,14c50a07-309d-4aac-8004-a94d51e3ca87,2026-04-06T14:29:22.751599Z,149.09
94862817-428f-4db7-b690-14ab170bb24c,b160209b-16a2-48d9-abfb-6eb2de7e37bb,,242a17b5-0a2b-4177-a01c-b2d07b8435df,2026-04-24T08:08:00.751647Z,105.74
2bb97de1-11d8-45f3-a97e-bb14042fa59e,40cae0e9-cc22-45b7-83f8-5ca5013987c5,,6cf1c788-97e2-4ecc-b9a3-f96831a30d8d,2026-06-04T12:23:12.751681Z,49.86
d5a64aba-30ea-419f-8639-2a61bd122e36,71ce25f5-0d70-476a-8e30-7d8c01c702cb,,882325b0-d544-426c-b74e-9b64ff3ef4cc,2025-09-06T09:30:36.751715Z,38.41
a4627326-a7f5-43e1-be96-911dabee2128,ada08aee-5c6a-496c-ac31-9874d65fa9e1,,27366ea9-7d9d-40ad-ab66-17f827a45e78,2026-05-19T02:00:00.752080Z,67.09
d2e1ecb4-1c1c-414d-97fc-a8daebefd0aa,,774b6e79-c264-4482-b7de-ff9da5036544,250b4af0-e307-4429-bc29-3797dfce07ad,2025-07-13T13:11:49.752132Z,129.8
e26e25a5-be2c-4c66-a353-bba91fc8ecf2,518f6089-7637-4b06-a632-afa91eeb04b9,,370920ed-3f8d-46f5-b78d-f4d5c426c5e2,2026-02-12T10:55:45.752282Z,114.39
e9bbfa7b-9fa2-4c24-b126-095436f2232e,075c9b58-ca2b-4b1e-85cc-c56602c4ab69,,bdfcdbcc-7d63-4ecb-9a8f-8ae73ee085fb,2025-08-08T16:05:50.752519Z,69.59
2334dbf5-397c-440a-bc98-f8619a7db200,,b190a4bb-ff47-46da-a88d-a8009c3f5d82,6b43d3b7-aca8-4905-9318-b1c3fbed419e,2025-12-13T13:37:34.752548Z,138.79
14555519-c44c-4ca8-a009-5451ffba80be,492f99e2-fa54-41c0-8796-41f28c6e08dd,,6b43d3b7-aca8-4905-9318-b1c3fbed419e,2025-07-17T15:20:43.752727Z,66.0
b5a75682-8be2-4aa2-914a-0c105fcd5f79,ef9cd077-1222-4ebb-8809-c0d061d6e69f,,cf925fde-e447-40d6-8073-e23c6f551820,2025-11-14T04:56:39.752744Z,18.0
0c6a96e5-5ff6-4c45-9989-6b31ce845e3d,70de7a55-61f7-4dc3-a849-259b83d39e6f,,bb3acd74-a761-49bd-b7bc-fbf35502e696,2025-11-04T07:28:12.752965Z,95.0
3cd5d7cb-3311-4054-a74b-7e5f1ca2c392,aba7749d-e726-4e61-bd1d-315a01fee8bd,,a81b33a7-ba53-452c-8801-04aabe7f038f,2025-11-05T03:54:00.752983Z,133.85
aa958967-7161-4215-853f-7a79453e7d4d,1836c007-409c-47a2-9203-866db173b751,,24a56de7-f7f9-4a74-84ac-6ee7f5d63eeb,2026-05-19T01:52:44.753203Z,95.63
3b30e9b3-e4ec-43e0-b836-fc550c5c482a,53d63402-a235-45c7-b477-84478d07253c,,34b6ae28-67da-41cb-83b1-c97b33dfdb64,2025-08-19T16:51:34.753314Z,100.77
34263789-eafd-46b3-919c-b635b830dbd2,3e8e9ea9-9dde-42f5-945c-e0b482a2c6b4,,25370a5c-dc1e-4a10-bfdc-ad1bca8f7981,2025-09-16T19:12:28.753367Z,114.88
a54dd230-5502-4c41-a701-ac5b627ed7b4,,826b73e9-e1d8-4dda-bb7b-78bf32c6a7c2,262281ca-9da1-4f48-bcc9-dac7c497ca85,2026-05-28T11:20:21.753444Z,77.44
c03d05be-de56-4a73-a47c-4c35e18d09d8,1989e8da-1fa0-40cf-bb0a-9b4001784526,,6b43d3b7-aca8-4905-9318-b1c3fbed419e,2025-10-05T00:21:38.753642Z,80.79
a07539e2-6187-4a61-9c8d-7b5d30de5811,e9d8031c-e926-486d-aa20-2cdbb0252049,,b4cf6a02-8d8f-4f2a-a7d2-b552fe2cffc6,2026-01-06T19:08:49.753749Z,90.19
e1e9c188-56a8-4cff-a2f0-6ba613074c6d,1fe9a4fc-5f35-4aa3-9406-fde8490f740b,,37727a64-f037-49a9-bcf8-086215ecb7fd,2026-05-06T10:54:11.753831Z,64.34
38cb5ff2-4e8d-4824-8567-154430b501cb,5ae1f454-5ad6-4bbb-9ece-4d9266d4fae4,,882325b0-d544-426c-b74e-9b64ff3ef4cc,2025-06-23T16:01:40.753900Z,118.19
745a7de2-d6b5-4fc4-af62-931f81a4e790,1f210a6b-e1a4-4c39-93db-4d5b7da526e6,,9183c4c5-47db-4e6d-af05-9eafe1f586a0,2026-06-15T11:33:24.753958Z,110.58
4a20cf9a-154e-4282-b8b3-a44222cbde1c,d0b967e6-0fcc-4824-bef1-ec58206e3b50,,f980ab87-d699-456c-a96a-e362bfd00c92,2026-01-23T20:40:28.753993Z,113.69
00f307db-86bb-40b5-991a-c19934eb64cf,,25a2fcf8-4560-4c6c-b86a-897e88cb0d3e,17d8280d-5414-49df-ac1c-db72a02c6e18,2025-12-03T04:05:57.754010Z,109.77
a565bb15-762e-4308-992a-c142bd807024,8081212b-78a4-4eb9-82b3-8e7915e2efea,,ad5fcac7-aeb1-477e-b4a7-962a3e8bd739,2025-11-23T12:37:45.754061Z,49.92
795ad1ea-fd96-4367-bab6-fe257d4a2069,6ea8ea9b-65e2-40e2-b1bf-17f6e7e339da,,9183c4c5-47db-4e6d-af05-9eafe1f586a0,2025-09-21T22:36:19.754346Z,78.6
dacd62ac-099c-4880-8ed6-28a88f338c81,03c2229f-51c6-4ea1-86c2-73383ab89428,,c6fa1138-4ec2-4637-9504-2749bc13e06f,2026-03-31T10:59:21.754391Z,17.92
b69be34f-6680-4fb8-89a9-83f8bf1d32fe,77c4b127-d442-44e6-a3d6-bd8fb9f4f90c,,a7af19b9-f0fe-40b8-9d1a-c7fcda914ea2,2025-09-27T05:07:12.754606Z,107.78
0879a134-20c0-49f2-8d02-3342da29f166,5b93b1a0-fc4c-4e7f-96a2-129b496d6d40,,9183c4c5-47db-4e6d-af05-9eafe1f586a0,2026-04-17T18:46:48.754647Z,133.86
a76b8d8c-72df-4ecb-aeee-d49f158acd8b,,ddaa98f7-5cd4-4f49-949e-dbabe3b98789,370920ed-3f8d-46f5-b78d-f4d5c426c5e2,2025-09-30T10:45:55.754687Z,134.77
3bbaf855-523f-4d17-a408-5e554a87290b,,739632bb-d2f5-4291-9327-bf37adec6d86,4560ad24-ab8b-4c2a-9a93-593950d0c317,2026-04-11T03:02:51.754726Z,58.76
14ca59bf-60b5-407e-ad41-2ba3f22194fa,70d6fa5d-dce8-49be-b012-d0b91638fa22,,95176c1b-f8b5-4499-af67-49f7732c6c68,2026-02-27T14:34:51.754848Z,138.73
60c8d44e-558d-4bcd-a5b2-cc79b2925943,,e3dc27fa-1a40-47ec-966c-69e204205122,8998e993-9ba7-4ede-965c-cee7af7a4457,2025-12-17T17:26:08.754887Z,65.01
20fdc373-318d-45fa-a769-8b449983c7d8,4f82579a-270a-4e62-9755-662aa16d3159,,ffb35e8a-7d50-4fb3-b500-d6e2b0d928a7,2026-05-04T02:58:17.754945Z,103.73
822f07dd-d5ba-4648-b559-c2326e5197bc,,b5df1a18-2c78-49e1-a096-854352e64b30,39e9c2c9-901f-499e-8c46-57804a2f9255,2026-02-08T21:19:03.754975Z,78.33
f35cba94-6ed5-46dc-90ab-76f61add32a0,336fe19f-6533-42e4-9889-9f123cfc4a1c,,f980ab87-d699-456c-a96a-e362bfd00c92,2026-03-15T23:00:04.755032Z,44.17
50899a06-e2b8-4b4c-a140-d6e2e5e31137,,80327e1f-dc95-4dae-9cdf-b91d4f40774d,80a4d750-7c17-4c78-b91c-5b63cd80c7eb,2025-12-08T13:59:49.755121Z,37.86
286f238e-b96e-4c21-9dd5-529df110cd97,,be068e30-ed21-4798-9c59-38cc5401ea29,145417d2-0475-455c-bfdb-23ddc2020330,2025-12-14T16:54:39.755190Z,67.65
81840111-e2c3-4808-aaeb-3471c1d8afef,8081212b-78a4-4eb9-82b3-8e7915e2efea,,7f6a74aa-f09a-4f60-a39c-a0c68ccf7ddb,2025-08-26T18:57:11.755230Z,58.24
0a9d6630-9e56-49d6-9d84-980cef95ab67,,6bbc9c41-42d3-4f61-8700-a93207a8feca,b4cf6a02-8d8f-4f2a-a7d2-b552fe2cffc6,2026-04-10T22:09:43.755246Z,6.78
a37fa850-2e02-478c-9cc8-2ae043cb86fd,fa036ed7-3003-40a6-bdc3-bd30c1d630be,,ad5fcac7-aeb1-477e-b4a7-962a3e8bd739,2026-05-22T02:53:50.755418Z,47.98
4bfaee42-6cdb-4dcb-8f7f-9732e9d7da0d,,55a4b5a8-cdd9-42ce-8553-a84a7f459b22,6b85123c-b94f-4258-9142-0599eff0a787,2025-08-04T17:05:52.755458Z,134.25
b165fb67-ef03-4185-8d1a-ef625b0c7d66,6358be1c-0d97-4b91-8cce-61d53681f9e6,,3eb8e419-ccc6-4064-8260-5b43602f9983,2026-04-16T20:04:52.755498Z,67.62
23dacf88-87dc-46ef-a547-0ab41a632a3f,336fe19f-6533-42e4-9889-9f123cfc4a1c,,4f829757-7e33-48b8-9950-69136f62b668,2025-07-12T08:09:03.755814Z,97.19
03171a56-f1c0-4e59-8fc1-4a95b9f1cb22,419dcecd-203f-4ded-8c96-1e9e717204a8,,31a62e0b-956a-4338-9c88-02b3f7ede7b6,2026-05-05T05:59:12.756039Z,106.48
5086d3ab-2573-4a1f-89a1-7975ce210483,6b8b786b-4f1d-44dd-bec0-f25a4f6c7654,,8998e993-9ba7-4ede-965c-cee7af7a4457,2025-09-01T20:40:02.756067Z,114.67
80dbc5e9-4d36-4dd8-b56d-e44a17dff413,,0f47388a-e7f4-4244-8e21-b736370fc7d1,3b0e25b0-04f3-4476-891e-18d67e3329ed,2026-04-22T02:00:15.756108Z,16.56
dd4d9411-f479-4c4c-a1fa-93d628bd65d4,,7f7047a9-1fe5-41bb-91ec-a9f1cded6c76,80a4d750-7c17-4c78-b91c-5b63cd80c7eb,2026-01-26T03:05:53.756166Z,124.52
ee9b04da-c7a3-4692-96a5-2300230f870f,c67e2421-b1a1-44e1-933b-f30ff6f4bd02,,6cf1c788-97e2-4ecc-b9a3-f96831a30d8d,2026-02-23T07:23:39.756254Z,121.61
3470d19c-7517-4c6a-a2c7-4591fd56b93d,df7aa237-7381-47be-a062-6fa5f8aa9f42,,25370a5c-dc1e-4a10-bfdc-ad1bca8f7981,2025-07-06T05:53:30.756314Z,47.62
8748227f-32ed-441b-9199-bca19516ab68,,96dc79e4-a340-4c2c-95b0-ba8925612a6b,1e19d020-8de6-4885-b1d8-2b9aff3f3d33,2025-08-25T13:08:07.756342Z,27.11
af49b8f7-9afb-4c59-b904-46aaee9dd454,69f9feb8-477f-4572-b4be-8e1f91e52de0,,7f6a74aa-f09a-4f60-a39c-a0c68ccf7ddb,2025-08-20T10:41:54.756476Z,69.0
0d7e3f7b-3d34-4f6a-b5c1-89784d3d4812,b8309d59-5dff-43ad-861c-05c59ffc736c,,a81b33a7-ba53-452c-8801-04aabe7f038f,2025-08-21T06:18:59.756624Z,72.08
f0d13070-ad00-40cf-9ffe-6db104e13547,d4c83d62-c639-4f4f-8a7c-9b381bd8a396,,8ac69fa0-f2a2-4e7e-8d20-db1696a88a49,2026-04-08T08:30:18.756669Z,95.11
564c23c1-224c-444c-ab82-2203db433262,,6307cf05-5446-489a-bd48-ef262b35b249,ea11794b-9211-4543-87ff-999e6bd73cef,2025-11-25T02:03:31.756686Z,79.9
0ff3b4cf-24aa-43a6-810f-e223aec35bcf,82e244b2-87a6-48ad-b9c6-ab291657e7de,,250b4af0-e307-4429-bc29-3797dfce07ad,2026-02-25T23:06:14.756807Z,52.16
9a3e2717-e6aa-4d30-af16-880468bfc691,91861c5e-4dd7-428e-a4a0-5bd6de894207,,22a51531-4be1-45dc-9e5d-2c9c0df0de82,2026-04-15T18:33:44.757089Z,84.12
b9ab2493-a851-451f-a03b-9a04bb9cd5d7,,902bac42-4aac-4884-bc78-73cc283d763d,f3339075-6de3-4983-84ef-c23595b30f1c,2025-12-16T02:57:29.757539Z,146.9
622a6e14-6cd9-49d6-b446-1e1592888f74,,a8afdd6b-866d-4842-8865-f37cccd89494,34b6ae28-67da-41cb-83b1-c97b33dfdb64,2026-02-02T07:29:54.757688Z,98.63
8a5b5464-23fb-458c-8d14-b8d24416ebec,,8321892f-e477-4b76-ad86-a1436b248179,6b43d3b7-aca8-4905-9318-b1c3fbed419e,2025-07-13T22:03:35.757842Z,5.38
d3f4e1e3-efe2-497a-a548-8fc4764cfd48,4d5f2ae4-e818-4357-9aef-dcd67614186e,,c85fdb82-bfb8-466b-8587-2c4a96321250,2025-09-27T11:06:10.757860Z,25.22
4d8c473d-3a09-46ae-a97b-ccf84c5286c9,fe856c16-d5ca-4879-a7a0-52cdc72b0ab7,,39e9c2c9-901f-499e-8c46-57804a2f9255,2025-10-02T08:49:13.757894Z,111.98
77a42075-8b68-48e0-9938-fd957459c41a,d61841d6-2c66-4132-87bb-6efc7dc20ff7,,1638242a-9e18-4c5a-8ba7-dcb01ef7c6b0,2025-07-15T21:55:14.758049Z,97.1
a56a0722-a6d1-41c4-875a-9b2b0c20e0b7,24629382-0184-4ee9-a7ae-6b330bde3774,,23c26c56-4049-472b-850f-65f46207be56,2025-07-24T21:01:01.758075Z,74.86
ed5ed855-516d-4f0a-9e1b-371cfca3cce6,7b7bb4b9-c3f4-42b1-b1b7-c36758da9223,,ea11794b-9211-4543-87ff-999e6bd73cef,2026-01-27T19:52:36.758094Z,137.64
c38642d8-d5b6-4ecd-9185-74fddad37053,fa87fd8a-ea02-44b5-a167-6857b0fbbd31,,9234bb80-ceff-4626-9cc6-fc6f757ee0d6,2026-05-31T13:09:46.758274Z,115.09
d7f4499f-8f6c-40b2-8e4e-0fb98ff38200,,398e1fa2-85e7-4650-abd3-ce41b037d8af,6b85123c-b94f-4258-9142-0599eff0a787,2026-06-16T12:16:49.758302Z,118.7
19a2362a-faff-4106-a00d-77fc9bfeddf4,,c7cd9945-cd71-4710-8c6f-a76f834ca7f6,58b8f572-3bba-4143-9f32-b6fbe9afedb9,2025-09-13T12:53:07.758447Z,53.31
afb91513-16b1-44ec-9326-d66adfef81f9,04f36282-fbff-4c18-b7e3-c386d0acdabf,,58b8f572-3bba-4143-9f32-b6fbe9afedb9,2025-10-31T04:47:52.758476Z,8.18
674e7030-6026-4398-ace7-d9d8270f8ece,0789256b-0781-44b8-87de-82a9880227cb,,5e2bc8e4-1797-4c5f-82a7-e5f343789acd,2025-07-19T07:52:37.758788Z,30.95
0347e90c-d590-4196-9f15-08428820017e,,213e7675-54a5-4a8d-9b0d-b24dee7be6e5,4f829757-7e33-48b8-9950-69136f62b668,2025-07-18T14:52:18.758956Z,60.35
330ef9db-cbd5-45fd-9974-ad5d53ecb691,03c2229f-51c6-4ea1-86c2-73383ab89428,,372ded30-38b9-4299-bf0d-124cb3f95d09,2025-07-27T10:14:06.759013Z,27.37
541826f4-74f7-456c-bcc9-dea4856073d5,f39c2618-4169-4953-a205-2049fc8b422b,,17ef5cb2-dbbc-4423-a159-fe66957fb5c2,2025-07-14T19:33:44.759213Z,128.67
e858c51c-c127-4199-b7fd-5f162781f63a,7512cdd5-a848-40c4-a737-e3ac33674912,,145417d2-0475-455c-bfdb-23ddc2020330,2026-05-19T18:33:14.759370Z,18.68
354a5e03-4eee-40a3-b17c-60c0a5e6b26f,9d4acc71-15e2-46bb-9fb6-92ddfa41416e,,58b8f572-3bba-4143-9f32-b6fbe9afedb9,2026-05-24T03:16:49.759518Z,88.05
daf85a97-97ea-460e-acee-181adcdcf085,731b131b-d1ef-4842-bd1f-e19a7c462f0f,,c8692397-bab9-445a-90ae-7439cc46cd74,2025-11-04T16:48:31.759756Z,128.64
98c11349-4bae-488a-962a-a59784603ff8,,95d0ad31-ebc7-47e7-8d7f-2c503d6c563b,f08ab47d-3ff6-49f4-ad4c-b00fe9042589,2026-05-18T03:29:05.759772Z,123.32
788b09e2-e9dd-468e-a3d3-952be5f6a4d7,41a23ecd-369f-4a07-bd2c-bd9fe12a5377,,bb3acd74-a761-49bd-b7bc-fbf35502e696,2026-03-29T13:33:57.759835Z,57.38
68de8c6e-d913-4d3b-bc31-badf41066832,fba3a7c6-235d-4db2-9c8e-0971c3e0b0b0,,181c0491-9549-4f06-acf3-4e0bf1af8724,2025-11-26T18:37:47.759936Z,51.83
bffa817b-208d-4aca-b943-47734d5375b1,f39c2618-4169-4953-a205-2049fc8b422b,,c3163de1-b9cd-44a7-93e9-588433a1e23f,2026-01-07T10:31:33.759968Z,28.95
63effc3f-a189-44b5-ac73-ee271e5694e2,d0b967e6-0fcc-4824-bef1-ec58206e3b50,,f6f56971-131f-45a6-8e96-4504bb012c40,2026-03-04T03:21:05.760053Z,121.38
fcb42668-a100-44d4-afb6-3379292a79e9,9645001f-849d-4a94-ace1-bf5bff8ff829,,6f6d558c-4b40-4c66-a4e6-e46524190ebc,2026-05-05T22:01:20.760152Z,130.69
aad8eb34-1ed7-439e-ac06-bd7312f91c91,,71b9dc59-9609-45ae-bf44-b03f4f836329,24a56de7-f7f9-4a74-84ac-6ee7f5d63eeb,2026-05-05T17:01:17.760301Z,78.7
2c44ab93-0b53-494a-9e07-a9145ce41878,4b74983a-e4f6-4f16-8f37-1d745682f311,,1cac4b7d-9687-4005-8aba-406a7a82bb35,2026-05-14T00:09:03.760369Z,138.62
e01eefee-0267-4cfd-9db2-5b796ca7e034,eaa41640-766a-4508-9068-546288e5d1b4,,1638242a-9e18-4c5a-8ba7-dcb01ef7c6b0,2026-04-09T12:18:17.760386Z,32.18
c2fd0b81-49b6-4c1f-a0cf-e439f1131553,65b8cc2c-6959-47d5-812a-dfef903e4baf,,95176c1b-f8b5-4499-af67-49f7732c6c68,2026-04-01T19:41:04.760480Z,44.56
f8598748-6f3a-4c42-bb58-299c7eadd7de,a2d7be94-d05f-4eff-be95-fc8e0259a285,,9234bb80-ceff-4626-9cc6-fc6f757ee0d6,2026-01-06T06:44:58.760610Z,19.97
95824b99-a6ac-40bc-ba94-f96af6050826,,db8a7ea8-df80-46f8-b6d1-3d5d0cea109f,ad3fe337-ec17-4244-8e4e-9f2e174215e4,2026-01-15T14:06:06.760655Z,118.77
ecbda5c4-902f-4f32-8c9a-d4b931442d6b,e381f3a6-64b2-4755-aed9-e41cd81b9c87,,bb3acd74-a761-49bd-b7bc-fbf35502e696,2026-04-03T14:25:56.760672Z,120.19
acc1bb17-3b11-42a9-b1bd-3179e90cc45e,,8e87a553-61e8-4d71-9a3e-58cf564bff8e,58b8f572-3bba-4143-9f32-b6fbe9afedb9,2026-03-14T14:10:11.760794Z,145.61
78ebcec7-786a-4ac8-85f1-c6c825ab4255,,628f829d-29d3-4a4a-95a7-c444eb5ed0da,eab47c6e-60d0-411e-ade2-82fc0a973fef,2025-11-03T21:57:00.760939Z,107.87
62a56d1c-6e7c-4186-b49d-cf1561925b53,ca8098fd-2626-4a76-8c55-d1fc5ab50d0e,,145417d2-0475-455c-bfdb-23ddc2020330,2025-08-30T23:54:13.760967Z,101.15
caa059de-2f73-4e71-b4e8-95b4ccc31b63,,5a84a505-a5a2-4786-88a0-3d53b50d1e61,242a17b5-0a2b-4177-a01c-b2d07b8435df,2025-10-04T22:57:44.761244Z,42.84
17b11770-d65c-4ece-bab5-531de125f5f5,bcf3d5f4-08ae-45fc-bee1-810c7876023c,,cf925fde-e447-40d6-8073-e23c6f551820,2025-06-30T12:57:33.761475Z,9.5
8137381d-e204-4797-9861-4606c745bb64,1e6c0808-fcda-4f34-8356-c295e6a3bb11,,5bdd189c-8321-48aa-bae9-e2962031a00b,2026-05-05T06:23:16.761521Z,144.02
83067592-c087-4d17-a523-2731d176ee22,,57d3edbb-1973-42eb-8f2d-9870a8b66bab,27366ea9-7d9d-40ad-ab66-17f827a45e78,2025-10-04T17:39:46.761585Z,129.75
5f36aab7-6762-424e-a21a-d027a4baeee1,,9dee6800-0538-49db-a181-f78bde6ff6bd,2e4f561e-34fc-4f84-969f-fafa2cfe8587,2025-12-28T13:53:41.761620Z,32.49
04dbe382-59e1-47a8-807b-ae49ae0d29b4,8982aeda-dab6-4b29-9e0c-e66c5d96fce7,,28c08598-0919-4ad4-a544-1e20d0d0dc44,2026-03-22T05:09:03.761648Z,30.69
4a1e72f9-7479-49c3-8921-c84b922b4359,081dd653-126d-48c5-8df5-309a2eb542f2,,5e2bc8e4-1797-4c5f-82a7-e5f343789acd,2026-05-05T01:30:02.761766Z,22.1
0505fe0b-8446-4fb1-82df-944024512ec3,2f731e64-d8b8-44fa-9d6e-b05865a559a3,,eab47c6e-60d0-411e-ade2-82fc0a973fef,2025-12-18T15:26:00.761866Z,82.98
3fd865d4-5b8b-4c96-829f-586aba685bc1,fe856c16-d5ca-4879-a7a0-52cdc72b0ab7,,25370a5c-dc1e-4a10-bfdc-ad1bca8f7981,2025-09-24T23:43:13.762230Z,71.3
7178ce4e-7265-454c-94b3-b246f16827a3,,1348d2cd-1314-47ed-a170-c7a02bff6dd2,02310335-8d93-4be9-af7d-55de45097af6,2025-07-12T02:18:31.762271Z,134.13
c8dcb2b8-1f45-4849-9e9b-d213cb4619d3,,2c966131-581d-4b3d-acaf-63bf264cd1a2,1209a847-3e6d-4ef1-a2ac-448ae204babe,2025-10-27T08:23:33.762287Z,8.2
d540f481-6447-46d4-8311-e4b2e686d60f,e52247bc-5075-4eb5-a3e6-e750d37eef6b,,19526f67-9ddf-4aab-b411-0bee51cec320,2026-06-11T11:24:59.762350Z,38.1
998c170b-17b8-4e86-9836-b97da0a5e9ed,9fc326a9-8edb-4aa9-a7e2-bf8cb807fe31,,94ee9444-6941-48b4-b4dd-5e9bc164aefe,2026-01-21T22:52:43.762402Z,119.34
ca5eb617-c491-4ea5-b043-d81aef9015e4,33023839-f105-4e5e-9642-a8e9c9eb9ef0,,5e2bc8e4-1797-4c5f-82a7-e5f343789acd,2025-06-28T08:36:15.762530Z,92.08
60f09bbe-8a39-4a22-8506-72863083fd53,d71106b5-3273-4106-ac12-4eeaa74508a1,,8dd60692-d201-4c50-a580-7850c1e95f00,2025-08-28T09:09:21.762700Z,16.12
007bfd9c-fb76-45c9-bf4c-3515b36e724c,0dbfd0e1-7616-4ed4-9b03-6f43d2f4fb40,,181c0491-9549-4f06-acf3-4e0bf1af8724,2026-01-28T15:58:52.762796Z,99.74
321702dc-770f-4274-9d7c-1e1ffb1d0170,,f84d861e-12bb-481e-80da-180748beb58e,e4f08e85-289e-40c7-ad90-983f186d02dc,2025-09-07T22:46:54.762835Z,78.27
f5f35861-083e-4671-957f-673378dd22cb,,a1e557ed-ccf2-4d78-ada7-d5f1cead105b,464065f2-15f0-4a2e-b25d-516dfff9dcca,2026-03-29T17:46:23.762923Z,39.08
c54fd811-973a-43b2-ad3c-92ccfaa470db,bc8b90b5-216f-40b4-9d6c-704d1a65a06e,,4560ad24-ab8b-4c2a-9a93-593950d0c317,2026-05-20T04:56:45.763056Z,51.34
44e3846a-3ca8-4eef-87e9-fad79b33f3e0,e1704595-0fd9-49aa-aff6-45dd16084a37,,54c76350-7f69-4f75-b451-d79351462bca,2026-04-28T13:45:53.763131Z,46.87
fa747a91-8819-4932-9383-f3f8486e19ef,70de7a55-61f7-4dc3-a849-259b83d39e6f,,c6fa1138-4ec2-4637-9504-2749bc13e06f,2026-02-21T13:08:22.763246Z,85.21
37dc9dd0-b648-4873-a820-be248771405f,7512cdd5-a848-40c4-a737-e3ac33674912,,f6f56971-131f-45a6-8e96-4504bb012c40,2025-11-08T03:44:07.763529Z,22.45
052365ab-82dc-437b-be18-69edeca1afff,1fe9a4fc-5f35-4aa3-9406-fde8490f740b,,1e19d020-8de6-4885-b1d8-2b9aff3f3d33,2026-04-16T06:54:32.763622Z,46.08
40640775-baf0-498d-812d-578ee6a6322b,27cc181c-2196-4226-bb41-96405f7b58ad,,12e3fbe3-5387-41d3-b055-ed6b543f5f0f,2026-04-09T10:05:10.763727Z,122.53
f28bb3ff-cb46-43a5-b3a4-16b13ab3ebb6,481c40c1-251e-4c17-a7c2-579d467c47d6,,1cac4b7d-9687-4005-8aba-406a7a82bb35,2025-09-07T18:24:42.763911Z,120.33
f91b1653-1192-493c-aede-1bb5bf0f960e,1fe9a4fc-5f35-4aa3-9406-fde8490f740b,,96164111-3295-4ecd-9696-77c13aa1e9c6,2025-07-20T20:24:17.763964Z,142.66
1143dcc6-1827-4d73-869f-dab110437269,7452846e-37c4-4906-a617-e6a9cbd59165,,31a62e0b-956a-4338-9c88-02b3f7ede7b6,2026-01-16T08:49:24.764056Z,51.98
811bd3e8-60fd-4db3-b70d-7a03e4569678,c55aa929-b10a-4f91-82f1-c021e296b608,,8ac69fa0-f2a2-4e7e-8d20-db1696a88a49,2026-02-09T00:45:10.764131Z,149.89
0fb372a9-655e-46b0-af93-6d5d1552c24b,71cadc83-5a63-4e9d-96fd-9f43805fa035,,14c50a07-309d-4aac-8004-a94d51e3ca87,2025-09-07T13:56:45.764207Z,132.83
5a3279f7-7035-479f-aef3-b8b7492f0e25,421a1ef0-8e44-420d-a55a-8ce080fd193f,,63b5e370-7388-4536-8ed7-a21a4a41d06f,2026-06-10T18:38:40.764253Z,17.86
bedf6336-4095-4a08-b8f8-c6ab6378fe30,,cfb4565e-aca6-44eb-bc3e-2855df3099f3,f980ab87-d699-456c-a96a-e362bfd00c92,2026-01-06T12:02:42.764311Z,101.06
eaff8498-3afc-419b-856b-0946d2e43f49,4965914d-e32d-46ce-8abf-92f44d7cc7f8,,9234bb80-ceff-4626-9cc6-fc6f757ee0d6,2026-03-29T06:12:03.764588Z,16.34
bfbc9d12-8574-4d27-935a-52fd40a1a0e3,98980c7a-d247-4c81-9ba5-cf62414322b2,,a81b33a7-ba53-452c-8801-04aabe7f038f,2025-09-07T01:26:31.764791Z,99.69
6f08f19f-5126-4aab-916c-1b1e62e21f04,,fe67973b-f949-4b8d-a34c-6299fd4af2a1,a85314f2-4706-4d04-af9d-12e821756358,2026-03-03T01:47:20.764882Z,82.9
40088a7d-db17-4b11-9270-15898bb18df3,,7d3a82d1-72d5-4f1d-8977-47ea623b39bd,eaf75b03-369e-4f19-9773-1a8ed15cec34,2026-01-11T05:08:05.764972Z,10.21
11b118f1-5b2f-42d4-979f-3e32d468c5c0,e48601f7-7854-4f5c-90c1-a5b4e61cbbc6,,242a17b5-0a2b-4177-a01c-b2d07b8435df,2026-04-20T13:18:04.764988Z,103.6
d9cf0091-01ff-4549-8e40-0a949c9e2019,,9167b565-2a82-42bf-8ecc-4517a78d29f0,58b8f572-3bba-4143-9f32-b6fbe9afedb9,2025-06-18T19:54:27.765017Z,47.63
46d5b084-c8f0-4c4e-b6bc-d8a9e58e053f,4e177d60-5959-49c5-bcd4-1d77c4ff1a95,,e5990352-abf4-4954-bbe9-48ef19db84b7,2026-03-22T20:04:38.765109Z,22.13
59bb7973-0a04-4c9f-bb8a-035e6b570ad3,cc9847ee-737e-43ce-af61-502b51ed3f76,,59d6d6c9-1940-4e0a-a3ed-ca04666e89b9,2025-12-30T15:41:25.765218Z,53.75
36dbd3b8-a186-4d47-b4e2-599f76278689,a2590639-6168-4882-9f9e-122d8a03909d,,3198b1d3-c10a-433e-946a-be88a2f22060,2025-11-23T03:26:45.765254Z,64.49
979a2ea5-56a7-4dad-815a-39f1e101adc6,,3ddd17e9-50d5-4666-bc38-0c1171e4973e,1209a847-3e6d-4ef1-a2ac-448ae204babe,2026-01-28T06:08:47.765844Z,100.95
452707e7-00f9-48ca-bd7c-64839cfa6ad3,00ca2b1f-8a0f-4552-bd32-c770a13c2b62,,37727a64-f037-49a9-bcf8-086215ecb7fd,2025-08-15T14:01:42.766031Z,96.89
3c3398eb-a9fa-4410-bb6f-cb938011f65b,83e48783-daeb-493d-8c48-229e2c47c5f1,,af5481f4-1ba7-4d45-aaf7-51c47a71875c,2025-08-12T00:26:33.766158Z,65.18
19e7c91d-533e-47c5-b1eb-6ba053cdce6f,9aa887fb-4e61-4433-bd0b-92df34349a29,,a2aa5c5f-237b-4acf-bd4d-896ec1b7d815,2025-09-02T12:34:32.766174Z,12.12
51d97bd8-93a0-43c0-94c0-82ec9d109a91,3be95b54-f629-40a0-81b6-bb547819ffff,,17d8280d-5414-49df-ac1c-db72a02c6e18,2026-04-18T15:37:27.766290Z,82.03
20d9f86c-ac40-4ea7-b65d-46146204b789,f248f19b-3dfb-4be6-8482-67b21b6825c8,,b4cf6a02-8d8f-4f2a-a7d2-b552fe2cffc6,2026-03-24T01:24:18.766306Z,60.5
d353c21a-29ca-43ac-989e-1829b36dcac8,24240383-abe7-4470-be69-d968d0fd03ec,,321f6360-972d-4a3a-85c7-8758739a5af4,2025-08-15T11:56:53.766327Z,7.76
41fae1b9-56e9-4c39-b16c-d9d8a5d3709f,,28497028-d4a2-4569-a30d-b3075cce3959,8ac69fa0-f2a2-4e7e-8d20-db1696a88a49,2026-06-06T10:46:09.766361Z,9.82
3b980078-70fd-4bf6-823c-75159be10f22,b6d674f6-ec60-4c63-b066-7a1abfda2276,,28c08598-0919-4ad4-a544-1e20d0d0dc44,2026-03-02T12:14:56.766445Z,31.25
083d6987-c43f-433e-a3ee-7fa71d009df9,,9dee6800-0538-49db-a181-f78bde6ff6bd,c8692397-bab9-445a-90ae-7439cc46cd74,2026-04-09T12:38:07.766575Z,61.66
673cca9f-5405-453a-94a0-e9cbdab08e2f,8b072a3a-d751-4d8d-826f-0afbaa855d64,,f3339075-6de3-4983-84ef-c23595b30f1c,2026-02-08T12:12:14.766593Z,36.29
0d6bb225-7081-4b16-96a1-4b3580bc72ce,4c4b2e6b-1e62-4742-b87f-3e396a760820,,95176c1b-f8b5-4499-af67-49f7732c6c68,2026-03-01T09:47:35.766674Z,100.16
5a81f1ce-6959-4a6e-9ac3-02a11495d085,462bdce4-5d31-496b-9f72-65901779f309,,bdfcdbcc-7d63-4ecb-9a8f-8ae73ee085fb,2025-06-29T10:14:22.766703Z,7.78
d45c3ada-11a0-4e13-90ff-ffe8dcb13d19,4700a73a-4de3-4612-9093-c2a0fb394c77,,1cac4b7d-9687-4005-8aba-406a7a82bb35,2025-06-29T08:13:08.766759Z,126.04
02400fec-e41f-4ff2-94c3-cc2399e91007,,8321892f-e477-4b76-ad86-a1436b248179,cf925fde-e447-40d6-8073-e23c6f551820,2026-01-11T14:48:28.766886Z,53.22
cd26f623-1428-4017-a79d-d7a545fc22a0,b160209b-16a2-48d9-abfb-6eb2de7e37bb,,3b0e25b0-04f3-4476-891e-18d67e3329ed,2026-04-13T13:47:48.766920Z,31.56
e1ea4411-c79e-46c0-b2cc-6caaefe971b0,ddcb32d8-f1c7-4e3f-8abb-0bf2f80c3624,,3eb8e419-ccc6-4064-8260-5b43602f9983,2025-11-21T23:33:48.766937Z,140.5
bf962e3d-2c43-496a-97df-296389b89604,,e67585f2-2867-4677-b352-650c29e74392,ea11794b-9211-4543-87ff-999e6bd73cef,2025-09-21T07:03:22.766955Z,50.7
f39b5633-4dba-4a1c-8a54-af8f468cdd35,ea59da10-ccd4-421d-957f-d3efcefbdaa0,,cf925fde-e447-40d6-8073-e23c6f551820,2026-02-03T03:33:01.766971Z,31.45
eb837ba4-6479-4e62-b442-ed83369a8229,f248f19b-3dfb-4be6-8482-67b21b6825c8,,eae4837f-4e9f-40fb-a287-f3ea4195f02e,2026-02-18T22:56:35.767058Z,40.5
d1e44fea-62ce-4d01-95b0-d8803def139f,,1cf43f4c-9cdc-4b33-bd74-82c887998661,1e19d020-8de6-4885-b1d8-2b9aff3f3d33,2026-06-10T20:28:04.767284Z,26.31
7238812f-942d-4a29-ab7c-d3f5976d57c5,,1e87409a-da19-4fa0-98fd-72610b0f873f,31a62e0b-956a-4338-9c88-02b3f7ede7b6,2025-11-10T12:30:42.767376Z,39.5
33e6f964-a80c-4301-9821-6c75bba287f3,ad8f8469-8b50-4e8a-830d-b61379913b88,,99a57440-b846-4581-bc1a-44f38a214cf6,2025-07-24T17:50:23.767710Z,46.99
df9bbfb8-e87d-4258-a05e-87585efe8ac6,e71ec5ed-c462-48ad-b637-7b94ce5e8d5e,,f0bc20ac-801d-4401-bafa-1a2d45fdf2fd,2025-09-16T11:53:52.767822Z,142.64
9d0151b1-01d4-4d8e-9d06-ea0c18701582,,2dba38f7-bcbb-47ad-9da3-260970cca417,b4cf6a02-8d8f-4f2a-a7d2-b552fe2cffc6,2026-02-18T02:48:12.767927Z,147.03
62f6ae26-94c4-48bb-ad8e-8f1d620eb788,,535b2de4-d988-427d-a8ff-3d78ff53c141,f6f56971-131f-45a6-8e96-4504bb012c40,2026-01-14T17:30:11.768230Z,100.97
524007ee-db82-46b9-8393-6b8703e03043,,df7bc39d-8845-4674-a61c-fc429047c947,c3163de1-b9cd-44a7-93e9-588433a1e23f,2026-01-18T06:47:13.768287Z,43.93
ee18e437-7b47-4efa-82e4-9c3ba1e6b40b,39fcfcb7-7a61-4c8f-a325-fd614eb31fc3,,f980ab87-d699-456c-a96a-e362bfd00c92,2026-01-29T22:45:36.768515Z,137.53
82b0105d-fc6d-4f50-87f8-d868caccd193,,a971af42-c087-49a5-94ea-c048c06c09c2,a85314f2-4706-4d04-af9d-12e821756358,2026-05-18T07:48:21.768733Z,123.03
fc377a24-432a-45c3-8344-5cc9e1ff6890,,5046c871-819e-4023-9ccb-e1709f66cf1b,c85fdb82-bfb8-466b-8587-2c4a96321250,2026-02-25T21:38:33.768913Z,33.75
713f3d09-e0a1-4db9-9abe-79a7cd1469bb,,4bc319f9-ac27-4445-bc67-fa7fa12fc0df,12e3fbe3-5387-41d3-b055-ed6b543f5f0f,2025-08-03T15:01:26.768930Z,49.71
7f7203ad-f869-4376-ae27-01ce5abd533d,,f4441e50-7d69-40a8-8ea1-17fa29cfa3fd,f0bc20ac-801d-4401-bafa-1a2d45fdf2fd,2026-04-15T18:37:07.768987Z,92.97
36681c59-7904-4aac-9c0d-ddfbfd8a4cec,0f2672d3-0d1d-4747-9e71-a91ada364540,,37727a64-f037-49a9-bcf8-086215ecb7fd,2026-06-16T13:03:20.769044Z,142.93
464caa25-66fb-4fe9-bedb-bbd5be897104,403b076d-ff6a-4817-a4d4-1f8505ece11d,,ec97e4e8-1dee-4099-85b0-85d167c59b15,2026-04-06T23:09:16.769167Z,40.27
37750770-4ee1-4e9e-8fdf-2c5d5fd37526,,1cf43f4c-9cdc-4b33-bd74-82c887998661,a85314f2-4706-4d04-af9d-12e821756358,2025-08-03T17:43:49.769389Z,80.59
665201ad-351f-4e0c-9c35-e9aa0836e772,2af61357-846b-47b7-be27-d9b81db693b3,,4dbf9778-98c0-4446-9ec8-916ba556fdad,2026-03-13T08:03:56.769470Z,117.61
1049aa84-3a82-4ff3-8a28-c80342cdc4d5,25132108-bb6d-46c2-87b3-c00023e596af,,f08ab47d-3ff6-49f4-ad4c-b00fe9042589,2026-06-07T00:54:59.769644Z,108.82
aff6bdfc-b2a5-4392-a1fe-6d9a6a1b523d,,2236de29-c253-4a9e-9ab6-aad3cfa0f514,59d6d6c9-1940-4e0a-a3ed-ca04666e89b9,2026-04-26T19:31:57.769892Z,38.5
000318c1-0aa7-49ba-9ee3-095948b8c678,,e22bea73-1296-4c5c-99ea-37fe99347d37,181c0491-9549-4f06-acf3-4e0bf1af8724,2026-01-04T21:40:26.770106Z,99.28
202e72e5-a4ed-46a6-8cab-9d7870247bf8,,02231b5d-c08a-4039-a433-b8530ca9229f,37727a64-f037-49a9-bcf8-086215ecb7fd,2025-12-29T00:41:18.770192Z,125.24
797b3913-9521-483d-b693-f8d65cd4ac2c,ca0da774-1aab-4c48-92be-298e5115308b,,59d6d6c9-1940-4e0a-a3ed-ca04666e89b9,2025-12-18T22:22:19.770280Z,57.46
e8ccf358-28d1-4fbc-ad27-cdbc333e2b78,,739632bb-d2f5-4291-9327-bf37adec6d86,321f6360-972d-4a3a-85c7-8758739a5af4,2026-06-18T04:02:03.770419Z,54.0
6cab947e-8c02-43a0-8aad-1401d1527e11,0dbfd0e1-7616-4ed4-9b03-6f43d2f4fb40,,a7af19b9-f0fe-40b8-9d1a-c7fcda914ea2,2025-07-09T01:25:54.770599Z,63.71
04355b41-2235-4081-a365-20a6088bd667,,357f86d6-07eb-4d5e-ace3-e39ed8bca79c,5e2bc8e4-1797-4c5f-82a7-e5f343789acd,2025-08-14T12:02:12.770691Z,87.95
35fc31eb-7c16-43d5-aaa2-c2d5999c1ae0,,14f3ba56-bc8e-4182-8b8b-039fd9481fd9,22e8fa38-2c1b-4639-8e7d-d245269424b7,2025-09-20T07:28:59.770830Z,26.07
d9c133d5-e72a-45ff-9cbf-6aa8717f61c7,2dc4e34e-479b-4900-89c4-b6f717ee896c,,370920ed-3f8d-46f5-b78d-f4d5c426c5e2,2026-06-08T16:33:13.770952Z,115.82
855f83bf-8312-483e-a2d0-ace0688c5639,,2e6762ad-28ef-48cd-ae4c-64a5ddb738ab,a7af19b9-f0fe-40b8-9d1a-c7fcda914ea2,2025-12-18T04:15:34.771044Z,139.92
16b20199-4732-4411-9489-42440ef09ba2,731b131b-d1ef-4842-bd1f-e19a7c462f0f,,8ac69fa0-f2a2-4e7e-8d20-db1696a88a49,2026-05-23T06:53:22.771188Z,63.84
2c67ac9a-5ce1-4dfa-a5b5-8bcc8da2104a,42debc32-6b5a-43ce-9ed8-e833104e5d9a,,27366ea9-7d9d-40ad-ab66-17f827a45e78,2026-02-04T21:51:39.771217Z,143.55
6cdc16ef-badc-4f89-9b8d-73f2e8f4448e,,5421fe71-08f7-48c0-9e74-4ada75ee357a,96164111-3295-4ecd-9696-77c13aa1e9c6,2025-07-18T02:09:45.771239Z,42.15
90a0e669-2379-43c9-aca4-8609b9180c69,,14691e6e-503c-4a28-a19d-e16bf5329e66,cf925fde-e447-40d6-8073-e23c6f551820,2026-05-14T13:01:03.771296Z,14.71
2e159d03-9b47-4eb0-92cf-c6e02643b21e,9fa106c7-15c8-40ec-b1b2-024fbda49ebf,,8ac69fa0-f2a2-4e7e-8d20-db1696a88a49,2026-02-27T01:12:20.771389Z,144.66
e3c4c2fa-eee4-446c-8654-0208dbe7a83c,,17b25095-bc5c-4e6a-8650-c5c317398768,ea11794b-9211-4543-87ff-999e6bd73cef,2026-05-15T00:45:19.771532Z,115.3
23324ae3-cb05-4e54-ac75-74f5555d7cda,42debc32-6b5a-43ce-9ed8-e833104e5d9a,,22e8fa38-2c1b-4639-8e7d-d245269424b7,2025-12-20T03:17:16.771620Z,138.98
283c92fc-787e-424a-a07f-6d21e985803a,,2aedb6ef-10a2-45c9-86e2-bb6ea9ffd5f4,cf9874d1-705f-46b6-b3e9-cbe1e58e3847,2025-12-04T23:10:07.771683Z,48.7
5552336f-aa1b-40fa-9bd6-7ed1fa515979,69cae572-5dac-44b8-9774-94bd8be10195,,cf925fde-e447-40d6-8073-e23c6f551820,2025-12-23T08:53:15.771973Z,7.84
cbff8f14-a4f5-4449-b727-0b8f3f5bff9a,69672234-8267-4c93-894b-da10423cfac8,,882325b0-d544-426c-b74e-9b64ff3ef4cc,2025-09-30T12:54:41.772042Z,80.53
32f3b3d1-d439-40c6-9b22-73e3d64a1b27,ff32a232-51bc-4f19-a5fa-ac9cf90b299a,,ad5fcac7-aeb1-477e-b4a7-962a3e8bd739,2025-10-04T02:28:26.772088Z,85.2
6775aa86-0d7d-41e2-a7ba-610c242f52fd,84197273-d738-468e-ae5f-34937988f908,,6cf1c788-97e2-4ecc-b9a3-f96831a30d8d,2026-04-24T19:53:15.772150Z,92.24
e416e331-593b-4cba-b3a9-c5065a135b5a,,5ce0a464-c070-4804-b25f-b53baeb2799b,17d8280d-5414-49df-ac1c-db72a02c6e18,2025-08-24T08:33:33.772312Z,18.27
e00a4ef8-0b78-461b-9ade-5b3a6a487d78,,e78ef74f-ea73-4c7f-a240-50dfe9192b1e,24a56de7-f7f9-4a74-84ac-6ee7f5d63eeb,2026-01-12T21:19:46.772487Z,43.19
c17d7efc-62ac-4741-b64d-0020c00a14a3,9ba86c77-70e4-49e8-8844-812e9a849822,,23c26c56-4049-472b-850f-65f46207be56,2026-02-10T21:16:49.772566Z,46.56
9bc5f134-128d-4e6c-82aa-52dcf671667c,246a8fbe-760a-4f3a-a8e1-8a9c5f39aeca,,6b43d3b7-aca8-4905-9318-b1c3fbed419e,2025-11-03T05:33:45.772635Z,129.27
cab4114c-866c-41a3-a710-d421152d45bb,,334cf2c1-507d-4229-8c68-d479bd35ee4b,242a17b5-0a2b-4177-a01c-b2d07b8435df,2025-08-03T11:55:08.772652Z,38.43
7bb72c82-02e7-4975-8625-c5983aeb4c60,4b74983a-e4f6-4f16-8f37-1d745682f311,,e17a19cd-8381-40b6-8771-702f3a282e0c,2025-07-22T19:38:07.772752Z,136.33
b592e831-549f-4156-a7bc-a89abcd9abf7,0d75422e-5cdd-4422-aae3-364698c5b3ee,,28c08598-0919-4ad4-a544-1e20d0d0dc44,2025-07-12T19:06:50.773077Z,111.08
e81a2b8c-116b-47b9-b91a-51a6de8708cc,9c24f243-a19e-4357-b723-87e4060ba492,,cf925fde-e447-40d6-8073-e23c6f551820,2025-12-11T07:47:27.773116Z,53.12
f591856f-47af-42cf-8e3c-af939faafdc9,,9d0a8226-109a-446f-a45c-a55880b6d092,54c76350-7f69-4f75-b451-d79351462bca,2025-08-04T16:18:10.773133Z,27.01
7cf464f4-7043-475c-a4f6-5b8cff48fe42,70d6fa5d-dce8-49be-b012-d0b91638fa22,,af5481f4-1ba7-4d45-aaf7-51c47a71875c,2025-08-05T09:11:23.773219Z,52.05
14c741af-f102-43f3-9e02-5e0e866b3f70,e9679519-56ba-4007-bae4-1cd922e9f605,,c8692397-bab9-445a-90ae-7439cc46cd74,2025-12-25T07:50:06.773270Z,56.53
8c57659a-d892-4d6a-bbbb-9a60d56ec4d4,33023839-f105-4e5e-9642-a8e9c9eb9ef0,,99a57440-b846-4581-bc1a-44f38a214cf6,2025-12-17T04:24:29.773292Z,58.39
dff85a28-e1cb-4da4-89dd-ea1525dc0085,128ede0b-9fd5-436b-91aa-d31b1c464021,,174b1816-01c1-46c2-8a46-6e6ad57e5965,2026-01-28T10:31:04.773567Z,14.58
74a0551c-66b3-4a1f-9ea9-315ef765b5c7,bc2d7a33-bbbc-4c57-bc09-10e08146f5da,,8ac69fa0-f2a2-4e7e-8d20-db1696a88a49,2026-03-08T16:10:42.773673Z,119.08
849f1bdf-79c9-431f-837f-c639bfc31cd9,,4561a818-9a15-4841-a2d9-c1c36a075019,54c76350-7f69-4f75-b451-d79351462bca,2025-10-07T06:16:13.773789Z,112.04
b532e0ac-c314-4476-8ae5-9abb24452e2e,6cc74c31-3b13-4328-b41e-f177a553357b,,e4f08e85-289e-40c7-ad90-983f186d02dc,2025-09-24T19:28:02.773806Z,56.87
fb620e21-0e90-4500-b6d5-a1df5ed527f3,,4ad3cdd1-bfd2-48a4-9338-24d6f18a29b0,d98ac824-b1cb-493c-b4dc-fa735d579080,2025-12-03T00:55:48.773865Z,94.18
22d14e72-5028-4445-b3a5-aabdf75af544,81ce4717-4b0e-4e4a-8084-2cefe8eadf9e,,464065f2-15f0-4a2e-b25d-516dfff9dcca,2026-03-06T21:15:31.773922Z,98.05
499f600c-00cd-4c72-8a73-fda9ffcbb7d1,ad8f8469-8b50-4e8a-830d-b61379913b88,,eaf75b03-369e-4f19-9773-1a8ed15cec34,2025-09-07T03:55:22.773996Z,83.6
17792839-ab9b-445c-81cf-0de855a88ed0,dc4c8ee0-f6ff-41dd-ab39-7eca941f23b2,,99a57440-b846-4581-bc1a-44f38a214cf6,2025-10-11T12:55:18.774019Z,77.21
20bc4a95-de14-4c9e-aea0-4939a249d6f3,f402778e-5da5-4f36-a834-a374c21a1106,,22e8fa38-2c1b-4639-8e7d-d245269424b7,2025-12-07T03:32:58.774039Z,11.23
1c0d680e-5c61-41a2-9655-48886b8519df,bf282578-4e04-4255-b024-b80b82b09ea3,,4f829757-7e33-48b8-9950-69136f62b668,2026-01-12T02:48:10.774097Z,39.44
765149e2-398f-4a44-b3e0-583ddce3259f,,26df24d8-f4a1-4696-967a-db75b43574bf,eab47c6e-60d0-411e-ade2-82fc0a973fef,2025-09-30T08:59:49.774190Z,127.21
ba975fb6-ec5f-4cf3-89ab-a500c83f61d1,,f2727e0e-816a-4cbf-87d9-326ded0db15d,cf925fde-e447-40d6-8073-e23c6f551820,2026-03-21T00:09:33.774293Z,134.27
aac08f3b-f3ea-4dbb-bf61-5fd90c92cbba,ed5c9587-cd11-419d-b0ff-65baa1f5d372,,37727a64-f037-49a9-bcf8-086215ecb7fd,2026-06-06T10:20:34.774310Z,51.95
65555cde-2e2a-45ee-8cc7-7ecd5f52d781,3e44a27c-9bd1-4833-be31-5443fd5f30da,,bb3acd74-a761-49bd-b7bc-fbf35502e696,2026-01-03T17:58:50.774474Z,21.43
37d70b35-8759-4e21-840e-1865b1bad373,7512cdd5-a848-40c4-a737-e3ac33674912,,31a62e0b-956a-4338-9c88-02b3f7ede7b6,2026-01-17T02:29:26.774547Z,63.8
cfb9d05f-ba23-426a-86dc-d28e20e2a39c,34e3713e-527b-4a61-bb6b-5cdd9a46816d,,23c26c56-4049-472b-850f-65f46207be56,2025-07-18T22:05:25.774763Z,13.75
7a9bc591-6ba7-4b4b-93bb-f407e4bf1275,7eb690be-3bd5-488d-bcf3-f174b5971823,,cf9874d1-705f-46b6-b3e9-cbe1e58e3847,2025-10-04T09:04:00.774811Z,55.13
9c34c63c-ee3d-4612-9a4a-f56382141585,,c57ec685-f016-4fcb-81e0-d236a447876c,6b85123c-b94f-4258-9142-0599eff0a787,2026-02-12T18:39:37.775061Z,50.35
b2376a19-825c-4b73-b5ea-694f81f93833,,d6a7ee5b-f79f-4f83-8aaf-523e8652fd24,39e9c2c9-901f-499e-8c46-57804a2f9255,2026-03-17T00:36:51.775197Z,43.35
077bebca-5420-475a-9803-4b740920772b,,bf3bf422-a156-45b4-bcac-1194e89bbde9,4560ad24-ab8b-4c2a-9a93-593950d0c317,2026-03-05T22:36:42.775254Z,147.06
5faea205-cd51-466d-86d7-ba1357e0263b,82e244b2-87a6-48ad-b9c6-ab291657e7de,,94ee9444-6941-48b4-b4dd-5e9bc164aefe,2025-08-16T18:07:37.775307Z,14.47
8c2ca3f9-c759-48e6-8641-94bd28a38874,c2316bda-b2f7-4a2f-99f3-4564d9259f5b,,bdfcdbcc-7d63-4ecb-9a8f-8ae73ee085fb,2026-04-11T06:36:42.775335Z,91.33
0013ee25-d184-4d7c-9817-7d529e0e96e2,,ecae58ce-0a3f-42af-9d5c-be86d34016bf,77016229-03e7-4ace-860b-79ee16b3f42b,2026-06-16T11:03:47.775358Z,61.26
972d26fa-af98-405a-a4a4-f38c05f3a134,fbfdbb51-843d-411c-9496-2d9fc6aa2df5,,8998e993-9ba7-4ede-965c-cee7af7a4457,2025-08-19T06:41:15.775409Z,148.91
51e88f0c-725b-4c5c-a178-a43c80bb8c63,0789256b-0781-44b8-87de-82a9880227cb,,f3339075-6de3-4983-84ef-c23595b30f1c,2025-06-21T11:37:34.775626Z,63.52
07d3dc81-c9e6-4a23-85c6-02e5b5377186,98af55a9-dfcc-4ad3-bdf7-dd969404ddfe,,b4cf6a02-8d8f-4f2a-a7d2-b552fe2cffc6,2025-07-25T16:26:14.775642Z,111.39
174809d3-0a77-4099-aedc-fa32d691091e,,68089c96-af0f-4e9e-bb88-ed60ff00e970,ad5fcac7-aeb1-477e-b4a7-962a3e8bd739,2025-08-17T05:25:45.775810Z,131.93
27bd8148-1355-4ae7-a24a-3a8448818160,cf30a3ee-3fc8-42c0-a371-ca9e028501b0,,c9d3792c-59ed-4d20-b80d-de9e5af11e7c,2025-10-17T21:22:30.775827Z,108.1
9f6c27e4-0e71-493d-b993-0d65759aeeca,c3d6c171-e6f9-4db2-8214-a48fa58f05e9,,37727a64-f037-49a9-bcf8-086215ecb7fd,2026-01-01T18:00:13.775861Z,30.06
15a714fb-fdb7-40d2-a28e-d7cfc280a4a4,9ad9c95d-58ae-4bb8-b54a-be32daead40a,,1cac4b7d-9687-4005-8aba-406a7a82bb35,2026-04-24T05:40:37.775917Z,92.47
e6d8b269-c0c6-47e0-810d-36abe1aa4c1f,755dc9d4-d2b1-46e3-a1c1-b06013ec4b71,,a2aa5c5f-237b-4acf-bd4d-896ec1b7d815,2025-08-15T00:43:42.775981Z,33.61
28ee896d-61a1-4330-b29c-ac8287d9d255,49da153f-b4fe-4c8c-80bd-3929f8491250,,ad5fcac7-aeb1-477e-b4a7-962a3e8bd739,2026-01-03T09:38:24.776063Z,12.78
e93550e1-b77d-4d25-8459-a4f538aca69a,62fa8cfd-924a-462b-9362-8a50b950a6f2,,31a62e0b-956a-4338-9c88-02b3f7ede7b6,2025-11-13T02:35:17.776204Z,80.66
37069347-d34a-4b16-9ba0-c2713e990f15,494cb9fe-5864-4f3f-b573-d75fc31ba28c,,f6f56971-131f-45a6-8e96-4504bb012c40,2025-12-09T05:03:16.776220Z,149.14
8c52e407-e2eb-4e02-aaac-eb7a3524d939,,40c0c37a-0a3b-43eb-ba59-e9ca0824d6a5,94ee9444-6941-48b4-b4dd-5e9bc164aefe,2026-04-10T12:15:38.776237Z,80.76
ce7c0cb3-35c7-44f9-bef6-0f6ecf8ecccf,,84f298f8-6aec-46e8-8c2c-52b5e03bd902,af5481f4-1ba7-4d45-aaf7-51c47a71875c,2026-01-31T08:05:33.776298Z,6.19
aa4b61c9-04a7-4497-9bb0-06f1f918884c,32724db5-f35b-4afb-a6ea-8d067b5f6a24,,dc65cf1c-922f-4f2a-be7d-7f596ab58867,2026-01-07T21:59:48.776442Z,137.44
7ec64735-114b-44af-b2bc-c8e8f9557c52,57dbd749-7b4d-4f82-b7bb-4aac6c352ab3,,28c08598-0919-4ad4-a544-1e20d0d0dc44,2025-07-09T15:06:02.776481Z,48.82
4f7de8c9-0e5e-4307-ad6e-42c3b2f6f4ee,0d229103-cd1b-43ce-8b78-f16fda8cffd5,,3eb8e419-ccc6-4064-8260-5b43602f9983,2026-05-29T14:29:40.776561Z,148.16
bbfd9a52-a94b-4dd5-a88d-2ae634a67359,,1e87409a-da19-4fa0-98fd-72610b0f873f,95176c1b-f8b5-4499-af67-49f7732c6c68,2025-09-29T23:31:47.776603Z,77.89
83898390-8b4e-42c4-b12b-eeeb00d165b6,,caf5b3c6-b800-4a45-b04a-27bb4f70cdf8,8dd60692-d201-4c50-a580-7850c1e95f00,2026-03-25T02:02:23.776725Z,36.12
ac936af1-09c6-477d-b576-38bc719d734d,a499c79e-2bc0-46a8-ba34-f1a3fe1f402c,,f08ab47d-3ff6-49f4-ad4c-b00fe9042589,2025-07-25T05:19:46.776805Z,103.84
4e08f5a3-f708-445b-aa46-5d8b7a3f237a,,0ff3724e-d32b-41c3-a6a2-b2cbe1907e78,6f6d558c-4b40-4c66-a4e6-e46524190ebc,2026-03-25T09:25:51.776822Z,136.83
21d59485-556a-41d6-a471-9a1bc239327b,67df7533-da3b-47a5-b15d-2717f1105e80,,a85314f2-4706-4d04-af9d-12e821756358,2025-09-20T15:55:57.776839Z,88.51
31b996f4-0b21-4809-bbfe-1b9b9c0cf61d,,d2d8cd51-2a7f-4ac5-b84a-4196c0b898f6,63b5e370-7388-4536-8ed7-a21a4a41d06f,2026-03-11T23:10:42.777123Z,11.98
898419ea-3cb0-4594-a6ad-d0d28430135c,7c0bba81-fc80-4e18-ac26-123b81363c49,,02310335-8d93-4be9-af7d-55de45097af6,2025-08-06T07:28:41.777242Z,145.21
972bbb32-40e0-449e-b8e2-61c8e6476115,,0e6b45f1-6268-4703-94e3-26ec4987c7f8,181c0491-9549-4f06-acf3-4e0bf1af8724,2025-06-21T14:28:06.777288Z,20.16
16ed69da-da28-46c7-ba64-f373d824daf4,,eb2b0678-e952-46f8-93e4-9f1ba8cf05f7,9234bb80-ceff-4626-9cc6-fc6f757ee0d6,2025-08-24T07:34:59.777363Z,129.14
805d1be4-8cf7-4bc9-8479-171df594dab1,ea59da10-ccd4-421d-957f-d3efcefbdaa0,,cf9874d1-705f-46b6-b3e9-cbe1e58e3847,2025-07-11T05:46:12.777496Z,124.3
5bb1ff37-d829-42b2-b30b-436eedf526a8,,965c8fe1-fd9f-458d-904e-cff3de256a0d,321f6360-972d-4a3a-85c7-8758739a5af4,2025-11-06T17:28:55.777937Z,128.72
13f8be41-c10c-4809-a99b-2b53f72a9728,ad8f8469-8b50-4e8a-830d-b61379913b88,,af5481f4-1ba7-4d45-aaf7-51c47a71875c,2025-11-23T07:05:28.778000Z,67.16
10849f1c-eb87-41b7-bc14-bbb97791f35c,75c5b85d-2269-4d65-925e-6eabbdb489a4,,9183c4c5-47db-4e6d-af05-9eafe1f586a0,2025-09-06T12:45:06.778017Z,109.93
b64c6acc-085b-40de-bc04-b397a359df5c,,62e5d795-cf1e-4acb-bd98-1b05c981fe8b,3eb8e419-ccc6-4064-8260-5b43602f9983,2025-08-27T23:50:50.778233Z,111.48
b3972338-ea21-48aa-ad95-701e00018619,,6292b11e-ff91-49cb-b255-f93791ae3824,9234bb80-ceff-4626-9cc6-fc6f757ee0d6,2025-09-25T14:04:43.778424Z,64.07
c0fec487-e9ce-487f-ac22-13b5f50ec2d3,a2a34423-28fc-47a7-a92b-1958542a76b0,,54c76350-7f69-4f75-b451-d79351462bca,2025-07-23T21:39:47.778442Z,141.64
9befefef-62c1-4b72-82ee-99c1ca1470a0,750e3190-9384-4e97-9b12-b67b0e25a9ac,,4560ad24-ab8b-4c2a-9a93-593950d0c317,2026-04-10T05:35:14.778540Z,53.08
3ae9426d-0ae1-405f-80c4-1e715433b597,24d721f3-3f7e-4462-9412-3dfb8d0cdd06,,a81b33a7-ba53-452c-8801-04aabe7f038f,2026-01-20T15:42:04.778558Z,51.37
9f5e59d1-4d60-447f-afa8-574c839b55ef,,ead225b4-7083-4198-869f-2d18b0d6d2b4,51de8c93-7a17-4f51-ba8f-d0ac995c566a,2026-02-23T01:11:57.778626Z,60.04
7a9b24ce-bbf6-4dbd-a8b0-45b5c361b17d,,f98e34a7-f375-4636-83f3-a5ecb37b7e2b,1638242a-9e18-4c5a-8ba7-dcb01ef7c6b0,2025-11-01T15:25:48.778812Z,94.1
55713673-ffa3-47b6-962d-63e5bba117e4,c65e5f0b-7042-486d-a15a-e8c26e604df8,,1cac4b7d-9687-4005-8aba-406a7a82bb35,2025-10-30T15:38:03.778945Z,132.69
38f0dfa9-1150-4edf-8873-aa9ada352af2,,09f038d7-3739-4a70-8838-0b0a40b5a748,e17a19cd-8381-40b6-8771-702f3a282e0c,2025-07-31T09:25:49.778973Z,147.48
1cccd61e-267e-45d9-a276-a9a8610feb3a,,4f66f451-916f-43ef-b2ad-5fbfd32615e1,1e19d020-8de6-4885-b1d8-2b9aff3f3d33,2026-01-25T00:30:27.779019Z,93.55
d67e2b0f-837b-4262-932b-01707f5a8948,ab6bdc58-afa9-4848-b893-6647e617de37,,ffb35e8a-7d50-4fb3-b500-d6e2b0d928a7,2025-10-04T04:15:24.779312Z,58.53
44404774-87a9-410a-b60b-fd512fbf6215,,05ecff73-720e-481b-afb7-5326dc78971a,321f6360-972d-4a3a-85c7-8758739a5af4,2026-05-09T02:19:14.779341Z,139.13
869bf45f-78d0-42d3-9a13-f257c690a991,452e4865-d862-47d6-bcc8-d30a38c8994f,,c3163de1-b9cd-44a7-93e9-588433a1e23f,2025-09-18T05:27:30.779370Z,118.14
373bf920-fc83-4c49-a8bb-0a6f15afd294,,aa2b6489-6f7d-45e7-abfe-e9bbd1dea37a,02310335-8d93-4be9-af7d-55de45097af6,2025-11-13T11:32:29.779440Z,63.54
57ee472b-93ff-4071-9812-bf3a918f6ad9,,81a8f490-fab2-4a37-b65e-00f81592a010,0eea6ab9-a379-49ec-9c3a-9e38263db7f9,2025-09-18T21:55:39.779592Z,139.86
b1a6d629-c138-4d29-ae56-9e9f2010c84d,a1f51051-5815-4ccc-b680-859cc8a9523a,,5e2bc8e4-1797-4c5f-82a7-e5f343789acd,2025-11-30T15:35:59.779766Z,6.62
05c6c606-76e9-4051-b3b0-aab0b91354c7,,ee23cb31-b9c6-436b-947e-217d5a6b45ea,31a62e0b-956a-4338-9c88-02b3f7ede7b6,2025-09-22T12:17:48.779886Z,45.84
b94deb6b-4fa7-42d6-a020-aa52be548f50,,c81f7ee0-6c9c-45dd-b5be-6b9fd9b18fee,a7af19b9-f0fe-40b8-9d1a-c7fcda914ea2,2025-07-29T05:28:33.779997Z,51.91
148e794c-33a5-4328-a9cc-964cefe1dc5b,,4ea52028-e8ab-4a39-b726-61b542f267d4,27366ea9-7d9d-40ad-ab66-17f827a45e78,2025-07-26T04:34:47.780016Z,112.19
c25c28eb-914b-4304-a6e7-2d63e9f207c6,3856e26a-50d5-4112-aa9f-912be4b2d983,,f08ab47d-3ff6-49f4-ad4c-b00fe9042589,2025-12-21T23:56:51.780056Z,96.35
b60932a4-ccfc-4a97-8309-ca5259c41534,081dd653-126d-48c5-8df5-309a2eb542f2,,3eb8e419-ccc6-4064-8260-5b43602f9983,2026-05-17T22:17:19.780281Z,89.98
f3154788-9daf-4ac9-9629-604b64f8f53f,1836c007-409c-47a2-9203-866db173b751,,8ac69fa0-f2a2-4e7e-8d20-db1696a88a49,2025-09-18T15:10:06.780418Z,138.13
34f163a0-1706-4151-9a08-a5e665c665c2,e1053777-b61a-4ac5-80a1-a50c3f13f99c,,f6f56971-131f-45a6-8e96-4504bb012c40,2025-11-09T09:49:25.780441Z,11.92
78a8b498-c59a-4da4-a702-fc08b36be21c,,1f171551-142a-417a-bc22-cd6166024132,8ac69fa0-f2a2-4e7e-8d20-db1696a88a49,2025-10-30T02:02:06.780481Z,23.36
1cf8abfe-9897-4de5-ae7c-7389fba6e1e1,cf30a3ee-3fc8-42c0-a371-ca9e028501b0,,242a17b5-0a2b-4177-a01c-b2d07b8435df,2026-01-29T18:03:52.780522Z,62.84
84fd1148-9c27-43d6-82af-7ee9cb1d4053,9ff27fc3-11b2-42d1-92b1-3d4931281312,,a81b33a7-ba53-452c-8801-04aabe7f038f,2026-01-25T00:44:13.780711Z,127.89
e64c4069-ca1a-4ef5-b702-e04bbfcf0a5e,,5fbeab9e-f5f0-4a27-85c1-1d7c50e62eba,51de8c93-7a17-4f51-ba8f-d0ac995c566a,2025-07-14T03:00:50.780823Z,22.61
65207a05-f599-4f21-9e71-4acdd362004f,581fd8a1-3a0c-4a31-8988-badcc80e5cd4,,ad3fe337-ec17-4244-8e4e-9f2e174215e4,2025-12-09T03:30:43.780886Z,70.11
013af8ed-f868-4f9a-af7c-11eaad26186d,357433fe-34fc-46a7-997b-0255019a71a7,,9183c4c5-47db-4e6d-af05-9eafe1f586a0,2026-02-13T14:44:52.780990Z,139.37
548860a5-68c5-411f-910e-c24bf58f84b9,,197a0c63-13d4-44d2-9e5e-3fab8a194905,4dbf9778-98c0-4446-9ec8-916ba556fdad,2026-06-16T13:19:55.781012Z,114.38
bf154cb1-a1dc-4bc5-8a51-0185b1a2a4fe,,febc24ae-f2a6-4e2a-86f8-cc78e70831b9,02310335-8d93-4be9-af7d-55de45097af6,2025-08-11T20:13:02.781065Z,51.29
a993a80d-8994-481e-af25-1caa481c9a85,,e3751c4e-5b82-4d0e-8a82-15e0abb27544,242a17b5-0a2b-4177-a01c-b2d07b8435df,2025-08-30T02:48:28.781088Z,83.09
73185c3a-6e64-4161-a515-c193741123c0,,391b2a75-7d57-4b26-8ebf-e7891df83cb1,f6f56971-131f-45a6-8e96-4504bb012c40,2026-04-15T05:05:35.781110Z,148.3
43a823d3-8050-4201-b39b-3797b444ec4e,,29533e73-4652-40f9-b918-63c84310f25e,14c50a07-309d-4aac-8004-a94d51e3ca87,2026-04-01T13:35:24.781293Z,76.53
b12b4e61-71de-4df1-b449-444dc7f3d070,961a1c17-3d19-446f-8ffc-596991feabde,,17d8280d-5414-49df-ac1c-db72a02c6e18,2026-05-14T06:28:27.781333Z,65.54
26c91f4f-65b9-49ae-aec1-c39b6e2bcc68,,7ce89c58-c04a-46e5-a253-9ef979876002,4f829757-7e33-48b8-9950-69136f62b668,2026-05-19T07:55:23.781433Z,126.23
4a756cb8-5f13-4d3d-986c-f4938ab5a42f,,0f39a497-cd9b-4a9b-a508-47c44b4f4047,f6f56971-131f-45a6-8e96-4504bb012c40,2026-01-28T00:50:31.781491Z,112.28
4b9955e1-c007-43f5-a134-c23aa95f1341,556103b6-69df-46b1-9c1b-4d9cc3dad857,,4560ad24-ab8b-4c2a-9a93-593950d0c317,2026-01-27T18:45:16.781547Z,136.16
d3844516-8742-41d3-8dd0-c5ebac3a292c,,71b9dc59-9609-45ae-bf44-b03f4f836329,4dbf9778-98c0-4446-9ec8-916ba556fdad,2025-07-20T20:30:16.781617Z,29.39
c6b249d2-f194-4a9c-8b77-b999dcc85a9d,,b5df1a18-2c78-49e1-a096-854352e64b30,ffb35e8a-7d50-4fb3-b500-d6e2b0d928a7,2025-10-16T04:22:20.781669Z,123.79
72c75f29-653a-434c-8f54-d282fd833cd7,,fe67973b-f949-4b8d-a34c-6299fd4af2a1,321f6360-972d-4a3a-85c7-8758739a5af4,2026-06-06T12:09:36.781698Z,81.11
0a0d37ab-3a79-4faa-a8b7-86717d33e847,,3d69b81c-c6c2-4de2-ab3a-b7b879ec46a0,0eea6ab9-a379-49ec-9c3a-9e38263db7f9,2025-10-06T21:47:05.781898Z,115.6
c599c9db-a803-47b4-aa31-3ebb135d7401,df9838e0-30bb-4d6c-b2d2-43afe601b918,,ea11794b-9211-4543-87ff-999e6bd73cef,2025-09-28T13:28:06.782020Z,148.73
0fe9928d-8991-4fc6-a11e-5d6759f75640,,42fcdef1-76d9-4922-8542-5902c8ef9117,a81b33a7-ba53-452c-8801-04aabe7f038f,2025-07-17T01:31:00.782088Z,124.77
ee312d15-3648-43dc-b06d-f83d7c599673,,6c4722c6-468d-43e1-901a-915dbbf7f6a6,174b1816-01c1-46c2-8a46-6e6ad57e5965,2025-11-04T15:21:44.782233Z,30.87
89caf5af-f53f-489f-917b-4410c95cdc86,bc2d7a33-bbbc-4c57-bc09-10e08146f5da,,12e3fbe3-5387-41d3-b055-ed6b543f5f0f,2026-06-12T10:30:03.782261Z,112.59
7df58a43-db07-4113-aa3d-27bfb7d3f091,494cb9fe-5864-4f3f-b573-d75fc31ba28c,,c3163de1-b9cd-44a7-93e9-588433a1e23f,2025-11-12T05:25:04.782361Z,54.58
67d8724d-778d-480f-adc0-1e131ae414f9,,631fc80d-c921-4d02-9a8f-24f48c059a49,eab47c6e-60d0-411e-ade2-82fc0a973fef,2026-05-03T09:34:17.782654Z,27.35
ad49a813-31c6-4854-a8bb-51d2bb0aa41d,41a23ecd-369f-4a07-bd2c-bd9fe12a5377,,02310335-8d93-4be9-af7d-55de45097af6,2025-10-27T12:45:51.782734Z,129.64
de45e3ce-d6d9-43ca-ac41-0f11d4d95f28,e198e982-441e-4186-b2a7-6509354bc0f2,,a85314f2-4706-4d04-af9d-12e821756358,2026-05-25T10:26:28.782757Z,147.68
578acb5e-fe05-4494-93d7-6a005a44a265,ed3192f6-0576-40a3-9845-af8d9903c8c0,,5e2bc8e4-1797-4c5f-82a7-e5f343789acd,2025-12-11T18:25:08.782785Z,70.42
b4b596db-1fe9-4153-9e7a-fb917721007e,ed5c9587-cd11-419d-b0ff-65baa1f5d372,,6b85123c-b94f-4258-9142-0599eff0a787,2025-07-31T20:46:16.782901Z,69.67
d0740828-9dae-4e25-a2fb-9bacfa4bd9b8,,b0f48e8b-a714-495f-b06c-4e1c2ca8f4fa,3eb8e419-ccc6-4064-8260-5b43602f9983,2025-10-20T10:16:03.783086Z,142.48
aff9c938-9f3d-4c56-be25-0b9bd96152a9,,7d3a82d1-72d5-4f1d-8977-47ea623b39bd,145417d2-0475-455c-bfdb-23ddc2020330,2026-03-01T06:06:36.783210Z,84.82
fcd5f88b-9c2f-4e51-b75f-5c6c61796975,0fbeb056-602c-46ba-a213-7ec10f840393,,e4f08e85-289e-40c7-ad90-983f186d02dc,2026-03-26T00:04:39.783501Z,17.47
51623444-b804-4b35-bbed-88e51cd466f6,357433fe-34fc-46a7-997b-0255019a71a7,,a2aa5c5f-237b-4acf-bd4d-896ec1b7d815,2025-10-19T09:53:02.783587Z,111.1
2c7c1838-1d1a-4766-91d2-b0860de2f678,a7fd865e-9a7e-4c20-b38c-844ea50f001f,,6cf1c788-97e2-4ecc-b9a3-f96831a30d8d,2025-08-19T14:58:03.783689Z,42.81
5c4cdbad-a0d8-48ff-9435-b740f20a8058,ed3192f6-0576-40a3-9845-af8d9903c8c0,,dc65cf1c-922f-4f2a-be7d-7f596ab58867,2025-11-23T22:16:11.783880Z,87.03
ca4dde35-6cac-4ca3-b9ac-4451b4f68fb7,e381f3a6-64b2-4755-aed9-e41cd81b9c87,,b4cf6a02-8d8f-4f2a-a7d2-b552fe2cffc6,2025-08-05T05:33:03.783947Z,45.75
86fac0ae-9efa-445a-a85b-dd8ab01623af,,ac9ebf3f-81e1-41d5-998c-3f55029dd6d9,8998e993-9ba7-4ede-965c-cee7af7a4457,2026-02-05T21:04:11.784054Z,48.65
b3163ad6-85d3-4302-ac87-1d81c171a617,b89e0e45-6a5b-47c2-ad49-14d87e32a08c,,eab47c6e-60d0-411e-ade2-82fc0a973fef,2025-11-11T15:36:38.784206Z,111.04
5d728c20-6388-45e0-a77b-c8450307c33b,9fa106c7-15c8-40ec-b1b2-024fbda49ebf,,3b0e25b0-04f3-4476-891e-18d67e3329ed,2026-05-29T08:28:11.784295Z,32.75
f4053ece-ec72-4358-8ee6-3abf9016d90f,06d4ac74-90eb-4aae-a2f9-1c9f8ff66438,,17ef5cb2-dbbc-4423-a159-fe66957fb5c2,2026-06-02T21:50:12.784346Z,116.03
f3e33cd9-8b4b-4f72-bcc0-81055fde4b7b,,3aa513ff-ec0a-42cd-bceb-102f9073a0b6,ad5fcac7-aeb1-477e-b4a7-962a3e8bd739,2025-10-28T04:40:40.784460Z,70.08
3cadd3f2-6418-46cc-a18b-feae92658c33,,e78820db-32ea-4fe1-8b97-b5d50428a774,a85314f2-4706-4d04-af9d-12e821756358,2026-06-03T13:52:49.784683Z,27.33
c64fdda5-0e22-45cb-87fc-b0da26e1a89f,ac1df049-a8f3-48c3-a0d7-4709bcda5abf,,1209a847-3e6d-4ef1-a2ac-448ae204babe,2026-02-15T22:35:54.784840Z,107.81
49008263-e65e-4e1a-b834-8e650beedeec,,e35d2648-50fd-4f2d-b60e-b0f100bb1334,181c0491-9549-4f06-acf3-4e0bf1af8724,2025-10-12T11:13:49.784878Z,47.6
e51f7a3b-19b6-4f19-84bc-6f7a1a69d2f7,,1ea1da6e-ec3e-41b9-a395-ca3043f03359,f6f56971-131f-45a6-8e96-4504bb012c40,2025-11-17T12:52:00.785035Z,91.37
c0b9bdeb-0081-4306-a903-e7657ffac1ab,5c0e4a4c-94c5-4d17-8c5e-6b14ac5fa19e,,262281ca-9da1-4f48-bcc9-dac7c497ca85,2026-03-01T17:49:37.785075Z,120.61
672184ff-614f-460f-becd-1dbf04dfb2d0,,ed4e605c-5dfb-4fb8-8aca-d52fc9cc2a68,eab47c6e-60d0-411e-ade2-82fc0a973fef,2026-03-12T20:52:10.785218Z,114.76
16eef0bb-f125-4aed-be48-4c06a9552545,,77b69433-0272-479c-bc10-538c2f92704d,b4cf6a02-8d8f-4f2a-a7d2-b552fe2cffc6,2025-10-16T18:14:41.785248Z,13.17
bed6fa86-924c-492a-a489-5e182c2eaee8,718f45a3-0876-40bc-9e9b-c8f9c8d94e7a,,25370a5c-dc1e-4a10-bfdc-ad1bca8f7981,2025-11-25T11:32:44.785408Z,35.34
1ea6baf6-181b-4d83-932c-53befc8d0fe9,839bcda0-bab9-4237-9419-c8ee1adeac90,,ea11794b-9211-4543-87ff-999e6bd73cef,2025-10-31T04:06:36.785506Z,90.01
4ca14ab6-7ee8-4f42-ab13-a63b9c3562f5,cc192386-b064-438d-a09d-28eef8d80ce7,,1209a847-3e6d-4ef1-a2ac-448ae204babe,2026-06-05T17:31:50.785522Z,18.41
f3a0fc73-429a-4b1a-9825-8074eabc8a97,,8791d718-2de1-4d77-bd10-f204f164ca13,22e8fa38-2c1b-4639-8e7d-d245269424b7,2026-01-03T19:38:42.785593Z,116.83
521147e9-139f-4bbb-872a-a3248a42027e,,fd60e9f7-be65-488a-b8f9-3f18157d8b07,a2aa5c5f-237b-4acf-bd4d-896ec1b7d815,2026-04-27T02:34:00.785672Z,50.02
ddc52251-b8ad-4652-9a84-115c8800ca35,f8ebdd24-728e-4af2-b7a7-fd68dfdfff44,,99a57440-b846-4581-bc1a-44f38a214cf6,2026-03-31T19:11:11.785695Z,32.77
6cc5439c-4a96-4a5c-b9f2-0ad2fd1f8305,,3820c153-9d32-4b82-aa21-627fb13ad9c6,370920ed-3f8d-46f5-b78d-f4d5c426c5e2,2026-02-16T03:31:36.785922Z,26.2
6a1b87dc-8083-40cf-a414-7e7cf1bca391,9aa887fb-4e61-4433-bd0b-92df34349a29,,24a56de7-f7f9-4a74-84ac-6ee7f5d63eeb,2025-11-09T10:02:20.785985Z,110.64
ef661b08-748a-4e98-8aa9-0a848f4c1640,,37bdbee4-abed-410f-881a-bc0d616d6641,af5481f4-1ba7-4d45-aaf7-51c47a71875c,2025-08-01T02:03:20.786054Z,146.59
e5894551-bdfc-4263-9cb5-c5a8dfd9fbda,1f210a6b-e1a4-4c39-93db-4d5b7da526e6,,12e3fbe3-5387-41d3-b055-ed6b543f5f0f,2026-05-25T06:43:24.786082Z,75.86
8eddb640-7752-496e-a1a7-7aa8826d3ce5,f0edb850-bb09-4ec3-9a80-d80a81143035,,8ac69fa0-f2a2-4e7e-8d20-db1696a88a49,2025-08-11T21:13:32.786184Z,55.39
936aaa39-a535-4998-bc81-95a9a7d09c89,,60836e56-2f4a-4290-b89a-8a5283dd33fa,af5481f4-1ba7-4d45-aaf7-51c47a71875c,2026-04-20T00:49:41.786201Z,70.05
485c84ba-31e2-4eaa-bd0b-0daac512ed4d,,5e8695b7-08bc-4c0c-b19f-9729c739a00b,145417d2-0475-455c-bfdb-23ddc2020330,2026-03-14T01:39:02.786242Z,41.69
2f450bb5-4cd5-46dd-a7d6-bb9d15e64fd4,98af55a9-dfcc-4ad3-bdf7-dd969404ddfe,,f6f56971-131f-45a6-8e96-4504bb012c40,2026-05-10T00:16:52.786271Z,87.8
94f8ba1e-55ea-47d0-b5b1-71aaee8a2b69,f8ebdd24-728e-4af2-b7a7-fd68dfdfff44,,eae4837f-4e9f-40fb-a287-f3ea4195f02e,2025-12-31T05:12:56.786517Z,75.97
80e0c9d1-6a13-4f80-9054-12cea36e7122,4e177d60-5959-49c5-bcd4-1d77c4ff1a95,,cf9874d1-705f-46b6-b3e9-cbe1e58e3847,2026-05-20T01:57:22.786656Z,91.6
17eb2957-f79c-484e-9b11-d7a05be70fb3,70de7a55-61f7-4dc3-a849-259b83d39e6f,,ea11794b-9211-4543-87ff-999e6bd73cef,2025-07-05T18:05:39.786948Z,74.38
e31931e3-7980-4123-a956-7e96be4fc209,91861c5e-4dd7-428e-a4a0-5bd6de894207,,2e4f561e-34fc-4f84-969f-fafa2cfe8587,2026-04-14T08:28:27.787005Z,133.89
5c72d853-4996-4696-93d2-881b45fa7b6a,bc2d7a33-bbbc-4c57-bc09-10e08146f5da,,ad3fe337-ec17-4244-8e4e-9f2e174215e4,2026-01-05T00:46:23.787092Z,120.46
bd93b456-cdec-4095-bf83-900c5f189f3a,9a83b095-473f-4a38-8302-b4f15b0be7da,,25370a5c-dc1e-4a10-bfdc-ad1bca8f7981,2026-03-27T09:01:34.787109Z,80.13
4e549326-ead6-4a8f-91e0-a1d910f707bb,,745d32c1-b89e-4540-b32e-ca72cbdbfc45,ea11794b-9211-4543-87ff-999e6bd73cef,2025-10-28T19:14:22.787126Z,32.78
3c1d012e-31c6-4714-a050-177b2823daa9,fa87fd8a-ea02-44b5-a167-6857b0fbbd31,,b4cf6a02-8d8f-4f2a-a7d2-b552fe2cffc6,2026-03-16T15:13:03.787189Z,46.21
6ba91c03-e4cc-47c1-bdfd-a654825be52c,,6d5d90cf-013b-4260-a44a-56991dad57ae,2e4f561e-34fc-4f84-969f-fafa2cfe8587,2025-12-15T03:28:49.787288Z,63.62
5f8dc826-5d0e-430c-be02-ac91a6ffa8a2,bec95648-c377-4fb4-ac7c-e3e8767df2c8,,eaf75b03-369e-4f19-9773-1a8ed15cec34,2026-04-24T00:53:55.787351Z,6.72
a40a7b33-bd95-40e1-a4f3-2f6b11ad3759,,00de9935-fd67-46cc-b232-6d4bdd11d36e,22e8fa38-2c1b-4639-8e7d-d245269424b7,2026-01-03T07:13:36.787547Z,138.11
1d7bbca5-cba4-49ec-8da8-4b8e78be6644,,0a7c88e7-f3df-4839-aafb-76273ec538a9,4f829757-7e33-48b8-9950-69136f62b668,2025-09-28T05:53:36.787633Z,117.03
30e5ec55-4c75-457f-92a7-2769744d2f81,b5b918af-3492-451b-a8ef-799b0615a9a5,,370920ed-3f8d-46f5-b78d-f4d5c426c5e2,2025-09-02T20:14:04.787726Z,99.92
e68a67fb-2bf5-400b-b564-632183f590f7,46442619-5731-479b-b8ed-c5f7c91e56a5,,a7af19b9-f0fe-40b8-9d1a-c7fcda914ea2,2025-11-04T03:45:28.787742Z,12.22
f73a8fcf-268e-4548-af19-6cb765f37881,3c1f0252-67db-4fc6-a57a-5a311ff5453b,,24a56de7-f7f9-4a74-84ac-6ee7f5d63eeb,2026-04-25T19:58:13.787828Z,11.36
2bd2e147-3b39-4728-b911-66cbec8da1ba,,2c24d159-d919-46de-92c4-a9d6de7e4e36,19526f67-9ddf-4aab-b411-0bee51cec320,2025-10-06T22:07:45.787921Z,81.45
7b9a0b0f-d740-4e30-9f0e-1bdd60c95f56,,1136d0e9-946b-438c-96b9-3c1573d080ac,464065f2-15f0-4a2e-b25d-516dfff9dcca,2026-06-16T15:05:30.788001Z,107.1
9a615a26-f979-4e84-9f7a-7575f2daee07,6fae9727-3e59-4122-b868-a3cf2ac05a16,,242a17b5-0a2b-4177-a01c-b2d07b8435df,2025-11-27T20:06:19.788095Z,117.92
65fe1c40-8126-424b-b523-ea6808dc68f0,,b6602254-45cb-4df2-b7c9-9dd6305b28c9,96164111-3295-4ecd-9696-77c13aa1e9c6,2025-10-04T20:13:16.788158Z,59.93
c6250367-2395-4256-9e63-22ca0bb2f3a2,1836c007-409c-47a2-9203-866db173b751,,a2aa5c5f-237b-4acf-bd4d-896ec1b7d815,2026-03-14T12:11:47.788199Z,86.92
3d0504cd-adc6-404b-8dfb-cb422356e36e,32724db5-f35b-4afb-a6ea-8d067b5f6a24,,7f6a74aa-f09a-4f60-a39c-a0c68ccf7ddb,2026-05-19T03:56:21.788244Z,99.69
df02e0fc-da99-46e9-b153-692b130a5011,,9982e587-fb9b-4b43-a3a2-8ed5812aa17a,4560ad24-ab8b-4c2a-9a93-593950d0c317,2025-09-21T05:16:14.788261Z,17.24
04ddf5da-fec4-4737-a9b8-7751ecbff412,,275e0003-e1ee-41d1-9fbf-6892a00d929c,dc65cf1c-922f-4f2a-be7d-7f596ab58867,2026-02-20T15:52:21.788479Z,41.52
c547217f-79d3-42e4-9a6c-2a4cca2bffe2,c55aa929-b10a-4f91-82f1-c021e296b608,,2e4f561e-34fc-4f84-969f-fafa2cfe8587,2026-03-20T21:25:25.788589Z,71.53
09bb53e7-02c8-4f02-9310-3f05f5c4d6ab,a1f51051-5815-4ccc-b680-859cc8a9523a,,dc65cf1c-922f-4f2a-be7d-7f596ab58867,2026-02-02T10:55:54.788628Z,149.79
fc945e56-fc6a-4711-9147-1090b755e152,,8e548f3d-7daa-4d90-bbca-c3cca8f21500,174b1816-01c1-46c2-8a46-6e6ad57e5965,2026-06-14T08:32:10.788656Z,37.86
52aed4cd-dfc7-4c6b-af0f-bf02e5f8153c,e198e982-441e-4186-b2a7-6509354bc0f2,,1638242a-9e18-4c5a-8ba7-dcb01ef7c6b0,2025-09-20T16:36:53.788673Z,86.25
dfce5fdd-188f-4f0d-bb34-61b5be460bf0,,d6dd96e6-11c5-4cf3-ae42-6fd552878757,882325b0-d544-426c-b74e-9b64ff3ef4cc,2025-08-04T02:21:05.788719Z,131.43
f42a68d0-6925-423e-8b20-7f7c57239383,ef599fab-e22b-4153-9214-cacf5a81b0da,,1209a847-3e6d-4ef1-a2ac-448ae204babe,2026-01-24T15:09:18.788793Z,109.35
8e7f8cdc-6515-46d8-95c7-b7612a264807,,7bdd51f3-8f19-4194-b04f-28c0cade680b,54c76350-7f69-4f75-b451-d79351462bca,2025-10-06T03:42:11.788869Z,34.89
ccdbea79-8311-44ab-809b-64d9a362d7dd,,a63ba4d6-5370-4ab1-8f9b-d9bdda1594cc,9183c4c5-47db-4e6d-af05-9eafe1f586a0,2025-12-17T07:26:43.789030Z,115.76
140becec-8054-40fc-981c-d5c295ba693a,0a76fafb-1dfa-4978-8caa-088eb7df3fa2,,eae4837f-4e9f-40fb-a287-f3ea4195f02e,2025-12-12T11:28:27.789106Z,113.21
ccfd8cfc-ac8f-4ced-9d88-934ea881ea2f,,f99bd9e6-1c4b-456a-acaa-ca3202d4ce84,d98ac824-b1cb-493c-b4dc-fa735d579080,2025-11-28T01:41:57.789237Z,113.2
063ab109-ec62-460c-ac89-0cd7bfeeded2,33695f6b-97f8-4629-b958-aee9db764e84,,ea11794b-9211-4543-87ff-999e6bd73cef,2025-11-04T19:53:17.789341Z,147.4
bd0bf9e5-0d5c-4ca9-a267-69ec25849bdc,8c6e883e-fda2-4512-b521-4d5e4f1a24cf,,b4cf6a02-8d8f-4f2a-a7d2-b552fe2cffc6,2025-07-17T15:00:43.789575Z,29.83
9fb67e22-127e-4fa7-ba68-72fe3df2fdf4,4d91b12c-8c53-4afb-a6c3-c1d4c4eb0f6e,,3198b1d3-c10a-433e-946a-be88a2f22060,2026-05-05T16:38:05.789800Z,47.87
6a330726-4572-4f1a-8ef6-116d145c59a9,7452846e-37c4-4906-a617-e6a9cbd59165,,28c08598-0919-4ad4-a544-1e20d0d0dc44,2025-12-25T18:34:28.789888Z,51.99
caffd9f5-f224-49f6-bb14-5efc22f801e5,35618dd2-3ca4-421f-91f7-eb51cf894807,,805d0c82-7625-40a2-ac29-8f766fc3f6ff,2025-10-29T10:23:08.789905Z,100.01
a975300b-c012-46a2-827f-a6a685221c42,,7deac932-c1b6-4f53-8b10-687e1926786a,f980ab87-d699-456c-a96a-e362bfd00c92,2026-02-24T23:54:28.790154Z,82.32
a528a99f-515e-4826-8c33-f174ac8aec2a,3b4b1183-dc97-499b-89d7-1cca99d8fb7a,,eae4837f-4e9f-40fb-a287-f3ea4195f02e,2025-09-30T19:43:24.790264Z,82.79
a65d5926-daa1-4256-82b6-e3d2a0a1d72b,1fe9a4fc-5f35-4aa3-9406-fde8490f740b,,6f6d558c-4b40-4c66-a4e6-e46524190ebc,2026-03-24T14:42:28.790380Z,98.0
59103240-41d8-4a3c-8635-f6226888373b,9ff27fc3-11b2-42d1-92b1-3d4931281312,,250b4af0-e307-4429-bc29-3797dfce07ad,2025-09-20T10:00:27.790420Z,80.03
d587c78a-aee9-4f55-8cb1-632d4540440f,,2e68027f-a3f3-4b35-9b84-46d9f9963221,eaf75b03-369e-4f19-9773-1a8ed15cec34,2025-10-07T06:00:33.790465Z,40.02
288efad7-7bbb-40cb-acd1-f0b0891c91c4,dd418441-35ed-4dda-b7dc-362b7db96c22,,1638242a-9e18-4c5a-8ba7-dcb01ef7c6b0,2025-11-06T16:22:25.790512Z,141.92
f7b51888-345e-4cd2-8099-c3fd0fb5a02d,2cd62bc0-da0c-43f5-8eb1-e0cb90d0bd12,,321f6360-972d-4a3a-85c7-8758739a5af4,2025-09-12T04:44:26.790616Z,115.05
1f5b0a34-5890-4cfe-a083-4c82b750b923,27b7a965-5245-4af3-9aa1-cea6862290ce,,63b5e370-7388-4536-8ed7-a21a4a41d06f,2026-03-12T03:26:31.790639Z,111.69
f3ca298c-a717-46ad-b9dd-30b9045aefc4,4700a73a-4de3-4612-9093-c2a0fb394c77,,262281ca-9da1-4f48-bcc9-dac7c497ca85,2026-04-20T23:42:47.790710Z,137.72
008d09ee-7ba6-409b-a71d-ce183f2a245e,38879f0b-f090-4a85-affd-1fe633fbdf8f,,321f6360-972d-4a3a-85c7-8758739a5af4,2025-07-24T12:33:35.790778Z,75.11
bdfd6c01-4fe8-4cbd-b999-33a64c2adbe4,,1cb6fa80-0433-4d9b-8f9e-1b6ebc874aa1,6cf1c788-97e2-4ecc-b9a3-f96831a30d8d,2025-10-07T23:46:30.790801Z,102.99
8cf3c78e-6001-441f-8bd8-a30710b61f44,dd418441-35ed-4dda-b7dc-362b7db96c22,,58b8f572-3bba-4143-9f32-b6fbe9afedb9,2025-07-13T12:50:57.790945Z,57.11
64a1ffa0-a8d0-4b41-bcbb-07223f1bc216,,4c2eaf9e-61ec-446c-a520-957f3c52651a,321f6360-972d-4a3a-85c7-8758739a5af4,2026-03-01T00:41:59.790972Z,143.88
9da36034-06d9-4ce4-a732-28599a7c8e06,961a1c17-3d19-446f-8ffc-596991feabde,,eae4837f-4e9f-40fb-a287-f3ea4195f02e,2025-11-01T17:20:33.791147Z,42.68
5ce7dd46-92a1-463e-8eac-413ff5bf1198,,b441613a-984b-4338-9940-1e07ac44ef30,ad3fe337-ec17-4244-8e4e-9f2e174215e4,2025-07-16T13:54:11.791221Z,54.4
12a8aec5-47ef-4b25-ad80-9406f83f20ad,f39d0b58-4f9b-41e5-a4e0-83c0174a0132,,eaf75b03-369e-4f19-9773-1a8ed15cec34,2025-12-21T05:35:18.791249Z,101.43
9afc14e0-b90e-4242-932f-a5038e982b34,40cae0e9-cc22-45b7-83f8-5ca5013987c5,,96164111-3295-4ecd-9696-77c13aa1e9c6,2026-03-15T20:43:00.791347Z,134.02
fa3fb38c-6959-4387-b46e-720cc1931bab,b534e6a8-e709-438d-ac30-da91cd5872cb,,3b0e25b0-04f3-4476-891e-18d67e3329ed,2025-07-06T04:05:24.791448Z,107.49
cf7252ea-efaa-4705-826a-bf21234d4837,,3d69b81c-c6c2-4de2-ab3a-b7b879ec46a0,a85314f2-4706-4d04-af9d-12e821756358,2025-10-12T11:05:11.791469Z,85.25
0acf2f02-7002-406b-8ad8-db1f2b2f09f8,,d1ba7bc7-c6a8-405d-81de-2838ade4dc10,8ac69fa0-f2a2-4e7e-8d20-db1696a88a49,2025-08-07T00:18:31.791561Z,114.14
ce7f90ff-1ed4-41ea-933c-d7d1979e0dea,ac74d504-fc8a-4598-ab45-fe9b0c52e06f,,d98ac824-b1cb-493c-b4dc-fa735d579080,2025-08-14T19:57:32.791580Z,43.52
0831c413-e290-4571-980f-68a8405a7d48,,a8afdd6b-866d-4842-8865-f37cccd89494,0eea6ab9-a379-49ec-9c3a-9e38263db7f9,2025-12-13T08:40:34.791668Z,129.98
6b3ae951-226c-4b70-98df-4e625f321520,db40b9cc-dfdf-4211-8db7-d4949c9eff7d,,d98ac824-b1cb-493c-b4dc-fa735d579080,2025-11-20T01:27:07.792055Z,53.57
bec49f39-570c-4cec-b1f0-6c87edeb06e1,075c9b58-ca2b-4b1e-85cc-c56602c4ab69,,370920ed-3f8d-46f5-b78d-f4d5c426c5e2,2025-11-15T14:08:16.792123Z,18.78
8320cf7a-d6f7-4795-b8f8-ae25618c5447,,05c33d4b-c4a0-49e7-aecc-5ccb10842b6a,dc65cf1c-922f-4f2a-be7d-7f596ab58867,2026-02-04T23:52:26.792162Z,124.68
f6b5e5a1-2276-41cb-8514-2f77898d8c43,2020cf92-33bc-461a-bc2c-dcf46acc0da8,,372ded30-38b9-4299-bf0d-124cb3f95d09,2025-07-18T15:56:30.792290Z,78.93
3b7cb3b5-45ff-403a-9405-2756afaf6223,1fe9a4fc-5f35-4aa3-9406-fde8490f740b,,96164111-3295-4ecd-9696-77c13aa1e9c6,2025-10-31T05:25:53.792618Z,33.49
4e075a8d-2860-4ffc-85de-eb8d65d35ad7,ef9cd077-1222-4ebb-8809-c0d061d6e69f,,22a51531-4be1-45dc-9e5d-2c9c0df0de82,2025-11-16T13:10:02.792653Z,108.64
417434e3-79bf-4346-b8a8-073215809e76,a1cc74df-b78d-4e9a-82a7-cf3c47b85d92,,7f6a74aa-f09a-4f60-a39c-a0c68ccf7ddb,2026-02-11T03:49:36.792919Z,59.57
2abfc26a-05a1-4b4b-ac56-02b364a88852,b71d0401-7b0c-47ad-92f3-6e124731b75d,,5e2bc8e4-1797-4c5f-82a7-e5f343789acd,2026-02-18T22:32:58.792959Z,30.13
7a20a911-9f56-4c86-b8f8-5a06939cba9d,403b076d-ff6a-4817-a4d4-1f8505ece11d,,ec97e4e8-1dee-4099-85b0-85d167c59b15,2026-05-11T17:47:12.793160Z,79.5
f9945a62-b564-48ef-8da1-0f19d9e8df2a,70de7a55-61f7-4dc3-a849-259b83d39e6f,,3eb8e419-ccc6-4064-8260-5b43602f9983,2026-04-30T23:57:15.793190Z,103.03
55db70ea-6d32-46cc-b2a7-3faf4e1fbe55,dc1d41c3-d7d1-450d-bd18-94f5210f6806,,6b43d3b7-aca8-4905-9318-b1c3fbed419e,2025-06-29T22:41:47.793212Z,101.23
0a64ad90-fa25-410c-bd1f-bf534b7e9340,,e7d67336-6a14-4916-be05-9a9ea1cc62ff,145417d2-0475-455c-bfdb-23ddc2020330,2025-07-17T15:51:16.793245Z,114.83
096b754e-b047-4774-bb5d-14ed56274738,9b6ec221-b19a-48ce-939f-743ee6796d8d,,2e4f561e-34fc-4f84-969f-fafa2cfe8587,2025-06-21T13:07:01.793326Z,90.14
978e2a53-ff57-4980-800c-347aa4b97515,,48154dc1-1e34-422c-ac12-b582e2ffa3a6,96164111-3295-4ecd-9696-77c13aa1e9c6,2025-10-13T19:38:47.793366Z,63.82
9d0c5d93-4443-41e2-8e5f-07745d0ac5b4,9ba86c77-70e4-49e8-8844-812e9a849822,,22a51531-4be1-45dc-9e5d-2c9c0df0de82,2026-01-31T21:36:55.793445Z,128.14
f4f1dd5d-50a0-4359-a955-d8b303e66cf9,e9679519-56ba-4007-bae4-1cd922e9f605,,ad5fcac7-aeb1-477e-b4a7-962a3e8bd739,2025-12-02T23:01:32.793573Z,102.42
2c06e5f8-acc8-4aac-8d37-8120ce7536dd,,6d47dfa9-241e-47d3-84fb-df03a4ebe1fd,39e9c2c9-901f-499e-8c46-57804a2f9255,2025-08-27T23:49:20.793688Z,28.05
f5dd3dde-c8f7-478a-9213-b00726062cf2,,66bad9c4-b2d4-477b-822e-402944a2132a,bdfcdbcc-7d63-4ecb-9a8f-8ae73ee085fb,2025-08-18T04:36:52.793729Z,135.95
1952bd89-71b7-4f37-add3-6bcd8b2a5261,27f8bc54-1298-4d0f-b845-a4193bcff26f,,23c26c56-4049-472b-850f-65f46207be56,2026-01-05T15:52:43.793872Z,50.33
bf9a0fd5-14a4-414b-9e76-eb204d946221,b3b1e070-a7c2-4c04-83b3-8c13ba8ed013,,59d6d6c9-1940-4e0a-a3ed-ca04666e89b9,2026-01-27T03:55:42.793917Z,126.04
3f27870c-f84d-4f35-af91-f092f9b5e769,e8971440-d739-4ca4-b25b-828f73838247,,3b0e25b0-04f3-4476-891e-18d67e3329ed,2025-08-14T07:36:31.793957Z,46.43
6589448d-1fed-4a9e-b4e4-bf0758716404,0455b293-7f74-4930-8c56-a6f15d8d1fe3,,370920ed-3f8d-46f5-b78d-f4d5c426c5e2,2026-02-20T09:00:34.794469Z,98.3
5d3c6f18-2830-4083-b9c8-83bdffae14a3,35c10b5b-773c-4ae2-979d-7a7d3fef1e48,,02310335-8d93-4be9-af7d-55de45097af6,2025-12-02T00:08:19.794511Z,100.92
1252930d-03c5-4871-b7bb-b0f5576ce441,4ad475d5-c043-4e0c-ae5c-8a87a3d11b14,,39e9c2c9-901f-499e-8c46-57804a2f9255,2025-12-24T04:29:01.794652Z,5.76
63eb84f1-6d63-4bef-ab35-216db4809d6f,,13018d9f-0af2-4f2c-9077-c91def87e6d0,5bdd189c-8321-48aa-bae9-e2962031a00b,2025-11-09T12:15:49.794726Z,73.86
0637da28-71a4-4154-bdcb-7f1119d77aec,cc9847ee-737e-43ce-af61-502b51ed3f76,,4f829757-7e33-48b8-9950-69136f62b668,2026-03-04T04:52:14.794966Z,134.85
7984cf34-17ec-43ab-9595-af69a90c5c40,bb57e5b7-892f-4015-b5c5-9165eddab54b,,c0dc7454-44d3-4bda-817b-d31875e44201,2026-05-01T03:50:13.794989Z,73.52
07bdaf34-41c3-4806-a19c-f3de147cce27,b4ae784b-3905-4589-8158-4c344b0cb907,,17ef5cb2-dbbc-4423-a159-fe66957fb5c2,2025-08-27T16:13:01.795013Z,40.88
6794b3c3-10c6-4dc5-964a-bd2a0ef1ef6a,,0c8a6ec5-e62b-4e3c-9d00-d7f3b74e025f,8ac69fa0-f2a2-4e7e-8d20-db1696a88a49,2026-05-17T06:12:15.795041Z,37.11
7b8773b2-5fa3-44b6-b45b-5b51e7937df6,ac9a6a42-7a1e-402e-885a-3f5a2251add8,,f0bc20ac-801d-4401-bafa-1a2d45fdf2fd,2026-03-31T00:32:35.795158Z,10.21
e0e035ad-63ec-47f7-9b7a-6b5c50ce96a6,,bed99c80-00e6-4713-8500-91b71e7bb999,6b85123c-b94f-4258-9142-0599eff0a787,2025-07-05T22:31:42.795303Z,69.75
5cd201ce-afa4-4f91-bb55-1b8bc866df27,b8e2751e-fc2e-48b3-b71b-572335d63302,,b4cf6a02-8d8f-4f2a-a7d2-b552fe2cffc6,2026-02-20T09:39:28.795515Z,60.11
012e2856-ef22-4eaa-8823-5cd5a16ed251,,7bd6c7d0-1be8-4dfc-915e-46306a02adc2,eae4837f-4e9f-40fb-a287-f3ea4195f02e,2026-06-10T07:34:40.795572Z,121.69
dedea6c7-a192-4379-9b0f-046a155ba6ae,,1136d0e9-946b-438c-96b9-3c1573d080ac,e4f08e85-289e-40c7-ad90-983f186d02dc,2025-11-06T20:08:20.795710Z,39.14
3d3a9290-0f93-4c7b-ab72-e7f1ed71f5ec,a2d7be94-d05f-4eff-be95-fc8e0259a285,,2e4f561e-34fc-4f84-969f-fafa2cfe8587,2025-07-06T02:55:34.795814Z,40.42
cba01ed7-661d-44e9-9f93-a6378a5e6e69,97c5ecac-aa81-49b4-a421-3ca6574e92a7,,77016229-03e7-4ace-860b-79ee16b3f42b,2026-05-07T05:41:11.795831Z,135.71
860e24e7-289f-409a-bbb0-c8f17920d5e9,3d8ff089-8a4d-48c5-b3b2-a9c45afc4a3c,,174b1816-01c1-46c2-8a46-6e6ad57e5965,2025-08-23T07:25:15.795865Z,90.51
00acf962-7586-4739-8103-c56aea7a2abd,32790fb2-51fc-4e80-89a0-49842a98d5f4,,23c26c56-4049-472b-850f-65f46207be56,2025-08-29T12:23:06.796043Z,29.45
00baf899-c511-4f29-a5b3-bf5ca4cf35e5,,d96aafc8-c57f-4385-8425-48157c29b262,ec97e4e8-1dee-4099-85b0-85d167c59b15,2025-11-09T21:37:13.796238Z,92.66
de83298b-9442-4467-b26d-8bd8096e5774,,979bc9b2-6009-4a0d-a603-bc54a7fb1c3a,ec97e4e8-1dee-4099-85b0-85d167c59b15,2026-01-24T02:40:43.796260Z,40.19
b85f6ae6-41d6-4c49-a687-9f35ab6971cc,,5038af7d-ae78-4303-b936-556a926b6ce7,5bdd189c-8321-48aa-bae9-e2962031a00b,2025-09-14T18:07:24.796292Z,31.04
8e8502b5-b748-427a-8551-14734c8e69c8,5fcc0ff6-8a51-44c9-9561-6dcaef032e29,,a2aa5c5f-237b-4acf-bd4d-896ec1b7d815,2025-11-09T15:55:08.796309Z,32.23
6aa50880-9c23-4db4-9fb3-a3734228f077,9fc326a9-8edb-4aa9-a7e2-bf8cb807fe31,,17d8280d-5414-49df-ac1c-db72a02c6e18,2025-10-13T10:21:57.796366Z,88.95
1cbd13cd-52a2-459a-beee-e660474a06cf,718f45a3-0876-40bc-9e9b-c8f9c8d94e7a,,af5481f4-1ba7-4d45-aaf7-51c47a71875c,2026-03-07T05:13:50.796434Z,69.58
53fa8d53-bc5d-480b-80d5-1b942b0c8f25,,5f26893c-3a9c-4359-a3ca-4b3a12c174c3,80a4d750-7c17-4c78-b91c-5b63cd80c7eb,2026-01-26T20:07:53.796560Z,101.16
954ea4f1-d390-4656-a0e7-eb77fc045741,8a835d35-1f35-419c-834b-35705197208f,,bb3acd74-a761-49bd-b7bc-fbf35502e696,2026-01-03T03:48:51.796606Z,130.78
dbdb5f25-9beb-4bf1-b069-39612777b89b,de4af6c9-7f7e-4b11-a7cc-02b4e2518048,,a81b33a7-ba53-452c-8801-04aabe7f038f,2026-05-08T15:42:40.796675Z,83.72
1833e460-73a1-4382-8880-34eb90efe9bd,081dd653-126d-48c5-8df5-309a2eb542f2,,3b0e25b0-04f3-4476-891e-18d67e3329ed,2025-07-01T17:52:04.796762Z,108.03
312c660f-b414-4f4a-b5b6-0c6c4000afb0,0e0fe04f-f176-4fb6-8d0a-82fe1691ccd7,,c8692397-bab9-445a-90ae-7439cc46cd74,2025-07-17T18:08:42.796836Z,97.06
299e4146-bbb0-4503-a027-a96d6c9f16bd,9ff27fc3-11b2-42d1-92b1-3d4931281312,,c8692397-bab9-445a-90ae-7439cc46cd74,2025-11-24T17:06:02.796882Z,53.79
06f9053f-a0e0-4c60-9793-0fdfa5011cf5,c034b804-6b68-4938-8964-98f10b1bb2fe,,4560ad24-ab8b-4c2a-9a93-593950d0c317,2025-07-13T07:12:13.797055Z,144.45
82924400-176a-4f49-8b64-9c8124ec596a,b8309d59-5dff-43ad-861c-05c59ffc736c,,4f829757-7e33-48b8-9950-69136f62b668,2026-03-17T05:48:57.797482Z,129.35
ae628052-7a6c-461d-a72f-d71b65f9f4fe,,3171c383-329b-405b-bc20-8199e9d36b2a,ec97e4e8-1dee-4099-85b0-85d167c59b15,2026-04-03T04:10:45.797510Z,142.99
c0346eb5-946e-492f-9b60-c39d6be68105,,bfdeee45-1f59-40fd-beb5-e714bcd66a68,262281ca-9da1-4f48-bcc9-dac7c497ca85,2025-08-07T01:14:05.797667Z,95.51
3811d0c1-fb33-4cae-988e-d81dc72698ff,0d75422e-5cdd-4422-aae3-364698c5b3ee,,63b5e370-7388-4536-8ed7-a21a4a41d06f,2025-10-19T14:41:07.797689Z,83.85
8f29542b-9239-4610-8f68-220a22bd4828,2d9804c7-95c0-4fba-95b6-b77e839f2b6a,,ad3fe337-ec17-4244-8e4e-9f2e174215e4,2025-08-13T03:04:03.798254Z,26.12
50ac346b-1404-450e-bd6c-ec28e49081c7,d66bd9b2-8c11-4152-b10c-eeb92a6df2b3,,cf9874d1-705f-46b6-b3e9-cbe1e58e3847,2025-07-16T14:32:42.798397Z,55.45
b7609b41-6ac9-4f3d-9d39-dc2a792cc2cc,,5e8695b7-08bc-4c0c-b19f-9729c739a00b,3b0e25b0-04f3-4476-891e-18d67e3329ed,2025-08-17T17:59:56.798437Z,89.61
d0bd633e-26d5-4043-9e74-8c6b83c54412,6e57b55c-419f-4d5a-9e0f-6a06b8fb770b,,12e3fbe3-5387-41d3-b055-ed6b543f5f0f,2026-05-20T21:18:18.798494Z,53.22
b4a9450e-fe3a-4bf3-b302-cce281c1ac3e,,d62043e0-50c4-495d-942a-78293038fcfb,c6fa1138-4ec2-4637-9504-2749bc13e06f,2026-06-12T22:08:44.798573Z,95.53
ec732941-40da-467a-9165-38d066e54d20,403b076d-ff6a-4817-a4d4-1f8505ece11d,,17ef5cb2-dbbc-4423-a159-fe66957fb5c2,2026-04-12T11:41:19.798620Z,127.62
ea0e74c0-e1ed-4d8f-8d2a-ea54262c23ee,a2d7be94-d05f-4eff-be95-fc8e0259a285,,ad5fcac7-aeb1-477e-b4a7-962a3e8bd739,2026-05-15T18:14:31.798729Z,14.3
89e1b2de-fda3-4455-8c0e-76e40fc10c33,,116487bd-fecf-4555-9615-a6043bf45da9,e4f08e85-289e-40c7-ad90-983f186d02dc,2025-10-19T02:03:54.798839Z,68.38
9573308a-c3d2-424a-9d0b-58da49626e8d,,efc3efea-686a-49ee-9e94-6aef69d7785b,ad5fcac7-aeb1-477e-b4a7-962a3e8bd739,2026-01-04T17:32:03.799052Z,71.37
5a071c9d-f48a-4446-ae3c-15c6425d4533,,67193804-e292-46d8-b79e-64ea2add776f,a81b33a7-ba53-452c-8801-04aabe7f038f,2026-04-10T17:21:00.799208Z,9.12
114d56c7-4d13-489a-9441-7b0d4284fa06,,dbc0eeda-9e1f-4cc2-8e75-4f368632e1e6,24a56de7-f7f9-4a74-84ac-6ee7f5d63eeb,2025-09-16T04:54:55.799249Z,118.14
2d620be8-f156-4808-8d04-8147d7f66525,df7aa237-7381-47be-a062-6fa5f8aa9f42,,eab47c6e-60d0-411e-ade2-82fc0a973fef,2026-03-20T04:07:28.799424Z,106.23
3f324ea0-58c3-4b93-9f51-a42601477a6a,1f425b5c-fe86-45a1-8c54-8ca2fb90d3f2,,7f6a74aa-f09a-4f60-a39c-a0c68ccf7ddb,2026-05-04T05:08:46.799581Z,67.26
7d6ee197-34a3-49d9-bf0e-b507b3954de9,,79be57a7-a3db-427c-9d45-54326856a945,8998e993-9ba7-4ede-965c-cee7af7a4457,2026-04-04T14:13:16.799615Z,110.08
0ac0ac47-19b0-44ad-ac6d-0db0f8f056c1,,13d9c7eb-d745-47b0-a3cf-d67437a33c79,54c76350-7f69-4f75-b451-d79351462bca,2026-03-27T13:39:51.799669Z,117.47
6ce5aee2-ccd7-4a58-b24e-766d5fc80bab,884c46e3-4d4a-4827-aa63-74a8f9bd7f20,,bb3acd74-a761-49bd-b7bc-fbf35502e696,2025-08-03T06:43:12.799703Z,45.34
6ca19579-eee3-4483-8636-22adb7fbfa46,37c52c6a-bf4d-4fda-8e8d-8d74f697fb2c,,0eea6ab9-a379-49ec-9c3a-9e38263db7f9,2026-05-26T10:20:03.800105Z,110.24
14d24058-d94f-4590-bb1a-3dbd3bac72a1,,31abfef6-fae4-475d-8958-824bb16f0089,0eea6ab9-a379-49ec-9c3a-9e38263db7f9,2025-07-21T08:44:08.800153Z,20.08
416979ee-54b5-480c-b662-180491776f2e,,db67f681-38ce-4269-830c-56b9a6ea93cc,80a4d750-7c17-4c78-b91c-5b63cd80c7eb,2025-10-29T06:37:05.800273Z,87.44
f2690c85-46a9-45c2-8ae4-1996ba998bf0,,0567f9fd-c89a-4b50-9e75-cba3a8e93beb,f980ab87-d699-456c-a96a-e362bfd00c92,2025-10-26T21:00:07.800369Z,139.44
163562b7-8418-4f9c-a316-87bf8d39e5c6,a1f51051-5815-4ccc-b680-859cc8a9523a,,6f6d558c-4b40-4c66-a4e6-e46524190ebc,2025-08-04T15:28:07.800386Z,129.02
439add26-6b0e-47b5-a38b-1924cc233899,,c81f7ee0-6c9c-45dd-b5be-6b9fd9b18fee,22a51531-4be1-45dc-9e5d-2c9c0df0de82,2026-05-21T19:01:22.800546Z,17.51
c2aaec7b-0833-44db-873e-28e1cc3dd5bf,84715c32-0e2b-4aa5-8d91-b1978f817bb2,,3b0e25b0-04f3-4476-891e-18d67e3329ed,2026-03-10T10:48:45.800714Z,139.75
8014f69c-63e4-4127-b1e1-42f7122439d8,ef599fab-e22b-4153-9214-cacf5a81b0da,,4249ce6f-0248-4265-950f-9f03188f5497,2025-07-29T04:21:00.800761Z,81.99
d0b90429-2cd1-408c-a2c4-8a4affc2e84d,,e7cc69cb-f983-4367-b53c-0c992215007e,4560ad24-ab8b-4c2a-9a93-593950d0c317,2025-10-03T19:31:38.800818Z,39.15
222d22ea-3081-4933-bdad-4e8973ed20a5,79674428-f04f-4f7c-a90c-5e1747d54c5e,,1e19d020-8de6-4885-b1d8-2b9aff3f3d33,2026-05-20T01:48:31.800835Z,112.43
c733233c-3161-4b32-92c1-f9781023a26d,,ad60a194-db4e-42d0-9fe2-304e3f71fbc8,94ee9444-6941-48b4-b4dd-5e9bc164aefe,2025-10-06T17:24:22.801246Z,126.34
9a09fb87-3ee1-4fcf-86b3-1fe2ddd2373e,,be068e30-ed21-4798-9c59-38cc5401ea29,3eb8e419-ccc6-4064-8260-5b43602f9983,2025-07-11T05:15:34.801286Z,77.47
e47f447f-04bf-41f1-93ca-9f8f5e974eb4,6ea8ea9b-65e2-40e2-b1bf-17f6e7e339da,,80a4d750-7c17-4c78-b91c-5b63cd80c7eb,2026-05-27T23:25:42.801456Z,133.3
b6af95f2-00aa-4c86-954f-ab02ee54d272,,30d4119e-30aa-48a6-a83a-6ecaf065d8d1,882325b0-d544-426c-b74e-9b64ff3ef4cc,2026-02-19T13:14:56.801524Z,67.97
487b6d0a-ca01-4ded-adea-64d67ebf26eb,9ff27fc3-11b2-42d1-92b1-3d4931281312,,8998e993-9ba7-4ede-965c-cee7af7a4457,2026-04-17T08:06:08.801558Z,19.44
f27d0876-5d5d-4448-a198-532c59675881,fa036ed7-3003-40a6-bdc3-bd30c1d630be,,5e2bc8e4-1797-4c5f-82a7-e5f343789acd,2025-12-16T06:47:57.801610Z,16.09
79499e7f-5527-47fc-acb1-9adc097fbc46,,f5b7dd76-1a66-4f42-876d-6a6244be4334,59d6d6c9-1940-4e0a-a3ed-ca04666e89b9,2025-06-28T15:07:22.801656Z,65.23
7c06cc01-652d-488a-9ec8-30a41ccf708c,,e007b1fb-51d9-47ae-a28e-c5a3ada32815,250b4af0-e307-4429-bc29-3797dfce07ad,2026-02-25T03:03:51.801805Z,40.67
ded4f530-e40a-45c0-a518-958b9112a393,ef9cd077-1222-4ebb-8809-c0d061d6e69f,,17d8280d-5414-49df-ac1c-db72a02c6e18,2025-11-24T10:00:35.801856Z,75.43
3d10a567-47f5-4899-8219-88432cfe8506,b96bdf5b-da67-434d-ac3e-8ecb214365c6,,a2aa5c5f-237b-4acf-bd4d-896ec1b7d815,2026-04-09T18:59:10.801909Z,138.69
a99fea9e-1eca-4ea9-96e3-0a1132f4de7d,,f892f167-aab9-4a73-80cd-046ef6d4e482,cf925fde-e447-40d6-8073-e23c6f551820,2025-06-21T11:27:28.801926Z,11.5
cd4a77d7-ec0d-4d61-9d75-4ec032699e49,0a76fafb-1dfa-4978-8caa-088eb7df3fa2,,c9d3792c-59ed-4d20-b80d-de9e5af11e7c,2025-06-27T08:46:17.801965Z,139.93
4c54ef29-89d3-46d1-b93a-55494eae31af,974edd2c-30d3-4ac5-a7c8-9414caca96a4,,3198b1d3-c10a-433e-946a-be88a2f22060,2026-01-30T07:35:44.802114Z,79.31
1f5fbffd-079d-410b-b463-8c8208a45272,bc8b90b5-216f-40b4-9d6c-704d1a65a06e,,58b8f572-3bba-4143-9f32-b6fbe9afedb9,2025-11-14T04:01:21.802178Z,62.07
af2ebfb7-5921-4303-a75b-851c988d9543,5cc64a2c-a457-4d5b-a9f8-7fd951f48fa5,,24a56de7-f7f9-4a74-84ac-6ee7f5d63eeb,2025-07-15T07:04:09.802200Z,45.5
dabdc3b5-7e15-43db-a64a-c8b60f82af58,,d7f0c170-f047-496d-9bc5-849cac5bc0b2,eae4837f-4e9f-40fb-a287-f3ea4195f02e,2026-02-18T20:08:12.802421Z,60.42
f98b05aa-7075-49ea-92ab-c31f85ac67b3,183d2d98-7770-4f3b-a983-60dccae03ca5,,4dbf9778-98c0-4446-9ec8-916ba556fdad,2025-12-21T02:04:43.802479Z,115.27
158a35c5-2dec-4193-81f2-1fca9ea51e7c,,82eae3f1-d057-4c44-8c79-7efbada6a146,250b4af0-e307-4429-bc29-3797dfce07ad,2025-07-27T23:23:11.802536Z,42.24
db010dba-06a8-4810-b5d4-4e11ebf2ee5c,94c2eb26-5544-46e3-81c9-7c10ba8d378d,,f980ab87-d699-456c-a96a-e362bfd00c92,2026-03-22T12:55:36.802658Z,45.77
87dc6f0a-9a27-4c64-9a60-43d8d2aa15d8,f8ebdd24-728e-4af2-b7a7-fd68dfdfff44,,cf9874d1-705f-46b6-b3e9-cbe1e58e3847,2026-01-04T16:46:23.802921Z,60.47
d531d4f4-e2b9-4479-a21c-3fc369d170a1,5cc64a2c-a457-4d5b-a9f8-7fd951f48fa5,,bb3acd74-a761-49bd-b7bc-fbf35502e696,2026-06-05T09:35:34.803163Z,97.69
9e9cdb37-a093-496f-96ef-9446a0907054,6733c67e-27e3-4470-b212-033cdbebfc91,,3eb8e419-ccc6-4064-8260-5b43602f9983,2025-07-14T00:48:04.803254Z,123.68
2a9ec2ff-7e2b-42ff-b7ae-3f75b313fe0c,,5b819821-e92c-471b-b7e0-5b6e6c1395e5,4f829757-7e33-48b8-9950-69136f62b668,2026-02-07T19:50:09.803294Z,111.25
4bf51c13-7bc8-45e9-a281-f31fb2e11ea0,f7651a82-e7fb-4ce3-a273-b0bb7853f529,,22a51531-4be1-45dc-9e5d-2c9c0df0de82,2025-09-17T20:46:40.803339Z,123.38
00a1faea-c978-430e-a575-154f7b87bcfe,,2a75f84c-522a-47c0-be97-c4ea10967e74,14c50a07-309d-4aac-8004-a94d51e3ca87,2025-11-23T03:43:33.803461Z,123.28
830fdedd-8dc9-4eb3-8534-af84e49e6cfc,,ddaa98f7-5cd4-4f49-949e-dbabe3b98789,372ded30-38b9-4299-bf0d-124cb3f95d09,2026-03-05T10:17:37.803500Z,10.52
9633bdef-08dd-49f3-9cbb-9ad0eb97527e,ea901c19-c2b8-4d83-a4ab-c601e53eea75,,eaf75b03-369e-4f19-9773-1a8ed15cec34,2025-10-09T01:42:31.803557Z,113.49
243cd125-93d6-43a8-91a5-b578e3ae57f0,,f84d861e-12bb-481e-80da-180748beb58e,c6fa1138-4ec2-4637-9504-2749bc13e06f,2025-09-16T17:55:24.803621Z,79.5
6b83079f-282f-460e-b0c3-ffa3bd39260e,,9ffc6e81-2129-46bd-8793-d88bdd3bb439,02310335-8d93-4be9-af7d-55de45097af6,2026-03-28T04:39:28.803661Z,25.99
c43d5f83-3f29-4de0-9776-4af32468c9b5,,4f66f451-916f-43ef-b2ad-5fbfd32615e1,80a4d750-7c17-4c78-b91c-5b63cd80c7eb,2025-08-21T23:38:17.803689Z,17.07
5c1f6220-a7a2-42aa-ba7e-addeb147e733,3e44a27c-9bd1-4833-be31-5443fd5f30da,,af5481f4-1ba7-4d45-aaf7-51c47a71875c,2025-09-28T02:30:10.803706Z,44.18
b7d68201-0e40-4354-b6c4-f274065fe4a5,2dbec69d-c150-49ba-abf5-8a6c195ddc31,,ad3fe337-ec17-4244-8e4e-9f2e174215e4,2025-08-18T03:31:02.803763Z,21.0
e432dc46-169e-4230-928f-0c3dfa289f53,,d6047fd8-ed8b-415e-bd8c-840b21be1c58,9183c4c5-47db-4e6d-af05-9eafe1f586a0,2026-02-24T00:23:57.803843Z,131.97
f2e964c2-8d88-4c4e-8ea6-23d83d28e067,11d8f766-b28f-4ce7-9f0c-00704445ed5d,,8ac69fa0-f2a2-4e7e-8d20-db1696a88a49,2025-06-20T04:55:40.803889Z,73.6
994946f9-bc78-43d8-8536-fab91b1a0a6c,6971669a-3acc-4929-a81b-51116d8188ad,,17d8280d-5414-49df-ac1c-db72a02c6e18,2025-07-10T12:44:50.803992Z,49.81
0ae6d208-fd24-41ac-ae5f-c15c6ce64648,46b2e2f2-9440-4e0e-9e81-15ba9bc82d20,,25370a5c-dc1e-4a10-bfdc-ad1bca8f7981,2025-09-30T15:29:03.804022Z,62.51
9868c911-9340-42b0-8642-6350d60897d3,e48601f7-7854-4f5c-90c1-a5b4e61cbbc6,,9183c4c5-47db-4e6d-af05-9eafe1f586a0,2026-03-03T09:46:58.804102Z,13.69
a08d1727-d897-4169-aff8-8422646744e8,,0600e569-0042-41ad-a25c-5e52fff3274f,dc65cf1c-922f-4f2a-be7d-7f596ab58867,2026-03-23T17:04:25.804188Z,24.2
0b7ecc56-b424-4f3a-aeb4-9f5b451a5302,,1c852f66-49c3-49bc-88cf-dae437ec778c,3eb8e419-ccc6-4064-8260-5b43602f9983,2026-01-02T15:25:49.804262Z,58.01
3b85235b-ef37-4544-abcf-466f71ad17e9,,8879691a-a4d0-49b6-9466-7138ee539d94,bdfcdbcc-7d63-4ecb-9a8f-8ae73ee085fb,2025-08-22T01:09:46.804416Z,112.59
6b0f0efc-ae17-4108-99b5-3cfdc676a5bc,a228a116-7208-4e78-ba55-07ea9379e992,,5bdd189c-8321-48aa-bae9-e2962031a00b,2025-09-24T03:39:29.804524Z,110.42
2191869e-1f23-4484-a741-462e978e79ec,865e2c7b-71bd-4f2f-a9ef-009d99d29e7e,,59d6d6c9-1940-4e0a-a3ed-ca04666e89b9,2025-11-08T02:58:28.804541Z,18.49
7a12f38a-b788-40e2-910d-6bd65732c0e1,,e2fe3f14-65f8-4777-8955-8f138d705358,250b4af0-e307-4429-bc29-3797dfce07ad,2025-10-21T20:37:05.804643Z,45.29
8423c54c-d53b-4849-9c7c-095ea2ed8a61,b71d0401-7b0c-47ad-92f3-6e124731b75d,,a2aa5c5f-237b-4acf-bd4d-896ec1b7d815,2025-07-06T11:57:32.804718Z,106.7
7e105740-d781-4b66-86ef-7ec1eb80492e,9922e5c2-3b8b-45f2-a78d-2bc1e56e7ad6,,4dbf9778-98c0-4446-9ec8-916ba556fdad,2026-05-06T07:21:09.804948Z,140.12
f7828560-ba4d-48d4-85d4-6f48acb8249f,81213520-07aa-4c23-b65a-1570a1c8c2d3,,54c76350-7f69-4f75-b451-d79351462bca,2026-04-09T21:46:26.805000Z,66.68
bb3645f5-39d3-4c65-971e-eec9ea759754,35c10b5b-773c-4ae2-979d-7a7d3fef1e48,,22e8fa38-2c1b-4639-8e7d-d245269424b7,2025-10-26T10:08:11.805064Z,31.88
f360ec4e-5a33-4a3c-b04c-c1d45c0776df,,c371627c-a012-4c57-83bf-241593de9965,95176c1b-f8b5-4499-af67-49f7732c6c68,2026-01-22T17:07:06.805104Z,40.67
097dab3c-9450-4fe7-a717-9a7880e7149b,a87daefe-39b7-464f-a645-517d1177cd68,,23c26c56-4049-472b-850f-65f46207be56,2025-11-26T09:17:17.805150Z,100.67
aa8dd8de-338d-4ab7-894a-6c86956576f3,7d4ece89-fbaa-4a33-9ba9-ac8638c62fe2,,22e8fa38-2c1b-4639-8e7d-d245269424b7,2026-06-11T04:39:58.805381Z,53.05
01861764-1086-4f1f-ae26-20ac02d0aea4,,a21b4296-3375-43ba-bfa0-79929a70738a,54c76350-7f69-4f75-b451-d79351462bca,2026-06-18T04:51:17.805568Z,119.44
3e434c6c-b249-4398-b516-458c4c9abd84,0ea90ca3-a784-4797-b21a-d4c7e8c97a0d,,a2aa5c5f-237b-4acf-bd4d-896ec1b7d815,2026-02-04T19:52:31.805604Z,63.48
664562b8-6f57-49e0-b8e8-f3e04d262dc3,,a62bbc27-d358-4503-a8c9-2a489a92edef,6f6d558c-4b40-4c66-a4e6-e46524190ebc,2025-11-18T23:26:33.805652Z,27.17
a0ee527b-81b2-4a82-9014-c89e6250d4f7,3564fa96-6625-4163-9923-5151b392d64b,,262281ca-9da1-4f48-bcc9-dac7c497ca85,2025-10-22T15:13:52.805814Z,124.29
21813a6d-1256-4009-93ff-38b4bcfd89be,b160209b-16a2-48d9-abfb-6eb2de7e37bb,,bb3acd74-a761-49bd-b7bc-fbf35502e696,2025-10-18T15:34:48.805893Z,34.98
2b85265b-1da1-43bc-89db-fedf725f53ea,37c52c6a-bf4d-4fda-8e8d-8d74f697fb2c,,96164111-3295-4ecd-9696-77c13aa1e9c6,2025-10-06T10:50:06.805951Z,74.38
b4b6ed4d-b04a-486e-b01f-c1ddb37ac865,,52653adc-b5c7-4393-962d-45c19c6d87d3,2e4f561e-34fc-4f84-969f-fafa2cfe8587,2025-11-29T09:10:59.805967Z,85.1
81d2dacc-11fa-4d2b-90f1-d852ba2c8072,,67fbd868-2346-4274-9b99-9713c3fcf423,174b1816-01c1-46c2-8a46-6e6ad57e5965,2026-06-12T05:27:20.806229Z,37.46
529aebdc-381d-4669-8586-58b9cc0f275c,48d4d733-056a-40c1-809e-9644d46961d2,,bb3acd74-a761-49bd-b7bc-fbf35502e696,2025-09-08T02:23:18.806246Z,24.9
80641cf8-d8a2-4ec2-833c-8263d7f72e83,,9d9ecf2d-19a0-476f-8055-b1657f894b21,c8692397-bab9-445a-90ae-7439cc46cd74,2026-04-14T23:36:57.806316Z,64.15
b82dc2ad-b300-4fc3-b144-5d88a724ecb2,c308b09a-5f2f-411a-ac74-86fa8d58f3a3,,9183c4c5-47db-4e6d-af05-9eafe1f586a0,2026-05-14T16:50:39.806419Z,75.05
30d17900-94ae-4a7b-a742-0ca1bf954ae9,2444ce78-0654-4804-8a6b-886935b44474,,2e4f561e-34fc-4f84-969f-fafa2cfe8587,2026-06-16T03:59:10.806482Z,90.93
c6452fe3-2d75-4e00-a910-dfd8ff0ed9fc,09e7e9c9-083d-4a69-97de-18d21411c6c9,,31a62e0b-956a-4338-9c88-02b3f7ede7b6,2025-10-15T19:35:59.806522Z,108.16
df042f6d-d98f-4fbe-b6ce-128a8b29d678,258c4c98-be7c-4316-8dc3-6780c33f7ed2,,e17a19cd-8381-40b6-8771-702f3a282e0c,2026-03-26T10:47:34.806579Z,62.94
d40845dc-a892-4bc3-beba-51c751f832ea,27b7a965-5245-4af3-9aa1-cea6862290ce,,e5990352-abf4-4954-bbe9-48ef19db84b7,2026-05-06T23:12:19.806636Z,138.45
d8ddaa55-7795-4b23-a23f-d4b2cea3a27e,,4b07ac97-a944-440c-812e-00f604dce6ae,eae4837f-4e9f-40fb-a287-f3ea4195f02e,2026-04-21T20:24:50.806820Z,138.89
82054ff7-8e66-43e6-8ce6-589ecb73b3e7,,95490c62-297f-4433-90cd-270411926078,ea11794b-9211-4543-87ff-999e6bd73cef,2026-06-05T13:29:21.806872Z,57.31
1045b6ac-274c-420f-a134-2e97509d4278,6a8a00cc-399a-48f6-8f49-a94501292444,,31a62e0b-956a-4338-9c88-02b3f7ede7b6,2026-03-22T17:20:45.806951Z,109.55
10695bcd-60f0-485a-a6a9-19630364d4b5,e9d8031c-e926-486d-aa20-2cdbb0252049,,39e9c2c9-901f-499e-8c46-57804a2f9255,2025-08-22T14:31:55.807055Z,56.12
225f02f6-b6f2-4959-8021-c752b7cc4d70,5bf657c0-badb-4888-9955-cc0cc667fdff,,4f829757-7e33-48b8-9950-69136f62b668,2025-11-05T04:43:57.807216Z,119.69
71576d37-0606-4212-83c8-7b4edcf725e5,,f6090001-51c8-435b-a41d-26887d9fbbde,321f6360-972d-4a3a-85c7-8758739a5af4,2025-11-15T07:01:56.807290Z,134.33
2c21cc6c-7d2f-44f7-a9b7-2b5bbc6050e2,,1348d2cd-1314-47ed-a170-c7a02bff6dd2,4249ce6f-0248-4265-950f-9f03188f5497,2026-04-10T18:19:42.807308Z,66.02
06243410-5770-4e59-8715-7c6e43666edd,f89fae14-33e7-4399-a1d2-ea86bbb16485,,17d8280d-5414-49df-ac1c-db72a02c6e18,2025-07-16T00:58:53.807382Z,28.39
3c90beea-210e-4aa7-8077-7a78f33eb78f,,ecae58ce-0a3f-42af-9d5c-be86d34016bf,23c26c56-4049-472b-850f-65f46207be56,2025-09-24T15:50:25.807668Z,45.46
218edb0e-64f2-4239-b158-9976d7c81d1e,8982aeda-dab6-4b29-9e0c-e66c5d96fce7,,22e8fa38-2c1b-4639-8e7d-d245269424b7,2025-10-12T12:54:39.807769Z,57.56
7b1de7e2-d8b8-479e-bdbd-6c0f78603b02,18c3e1da-6877-487b-8648-3e489b693c24,,174b1816-01c1-46c2-8a46-6e6ad57e5965,2025-09-16T10:29:40.807887Z,5.22
16a7479e-04d1-4753-97ec-a4dbfa8e30a2,34e3713e-527b-4a61-bb6b-5cdd9a46816d,,4560ad24-ab8b-4c2a-9a93-593950d0c317,2025-11-03T00:56:40.807909Z,12.35
eb856802-cbe6-4db7-b194-939b53bfd457,,1ea1da6e-ec3e-41b9-a395-ca3043f03359,9234bb80-ceff-4626-9cc6-fc6f757ee0d6,2025-07-31T05:09:04.808338Z,107.8
b5bc636d-4aeb-4e87-a1db-7f1910ae528d,ab66ca5d-04cf-47b3-9716-8a39a8619a98,,c3163de1-b9cd-44a7-93e9-588433a1e23f,2026-03-02T17:06:31.808464Z,139.0
a91f0ae6-7482-4c60-95a5-f54461088ec3,4cff4e20-7ce9-456d-b799-4fed7c534f0d,,3eb8e419-ccc6-4064-8260-5b43602f9983,2026-01-30T01:40:31.808783Z,77.33
d30f71d9-c50c-4e4f-b19a-e9d21ac74538,6b8b786b-4f1d-44dd-bec0-f25a4f6c7654,,ad3fe337-ec17-4244-8e4e-9f2e174215e4,2026-02-25T11:16:25.808840Z,58.62
addd62f7-68d9-4f0f-b76b-00158d36b9e2,,b9339263-57f6-4c0b-9c24-93770409fd1d,805d0c82-7625-40a2-ac29-8f766fc3f6ff,2026-03-17T04:53:11.808965Z,58.99
d4f948b1-e311-4a52-9f4d-0a70763963c5,6cc74c31-3b13-4328-b41e-f177a553357b,,e17a19cd-8381-40b6-8771-702f3a282e0c,2025-11-08T05:39:26.808983Z,28.35
71bcd20b-ad36-486f-a30d-dab3cdaf3947,,1f862502-7b30-4975-a460-5838baa3fef5,250b4af0-e307-4429-bc29-3797dfce07ad,2025-11-24T07:56:44.809017Z,76.39
2aeb495d-5971-4cd4-aaed-540fbac8f5be,,efc3efea-686a-49ee-9e94-6aef69d7785b,54c76350-7f69-4f75-b451-d79351462bca,2026-01-01T04:17:47.809111Z,111.35
fd716691-0e33-4f8f-a62c-99365ba37b9e,,d6bb0bfe-8a5e-4479-8dad-748e4643f088,464065f2-15f0-4a2e-b25d-516dfff9dcca,2025-07-09T22:17:53.809201Z,77.4
c4819c7a-0221-444b-ab54-9d6289ae375a,7d4ece89-fbaa-4a33-9ba9-ac8638c62fe2,,372ded30-38b9-4299-bf0d-124cb3f95d09,2025-07-04T12:01:20.809310Z,38.92
ed8ccf04-0712-421e-8ab8-a50fd9459d2d,,e7d67336-6a14-4916-be05-9a9ea1cc62ff,4f829757-7e33-48b8-9950-69136f62b668,2026-05-24T02:08:24.809431Z,86.06
6b210bb8-eac1-4c43-b95f-0d176669e3a1,a2f6c856-ba56-4db7-8e64-9a40a6260e98,,19526f67-9ddf-4aab-b411-0bee51cec320,2026-06-07T13:07:56.809691Z,109.13
dec6b2db-7b1e-4289-b699-48856fa8d552,aa643d96-ef79-47e9-a367-5a03dbda3bec,,805d0c82-7625-40a2-ac29-8f766fc3f6ff,2026-03-19T14:46:04.809765Z,140.3
09925291-49d4-4c31-8647-2b59bcf98366,86dae7cb-dd0d-4196-8d1c-7b64e1ca0393,,882325b0-d544-426c-b74e-9b64ff3ef4cc,2026-05-25T19:31:40.809792Z,48.63
d76419d7-448c-48e9-9dca-c58387073c20,,4e11d743-6ed8-4727-80dc-6db73d4526c5,c85fdb82-bfb8-466b-8587-2c4a96321250,2025-10-16T01:31:14.809919Z,80.33
f31ca65f-d3c4-4ac5-b304-83bc41951fa0,d1cf4810-eeec-4674-835f-53914a8c2859,,02310335-8d93-4be9-af7d-55de45097af6,2026-04-23T12:31:50.810025Z,137.54
2b2d0854-a40b-4485-b74e-0d7e227379c4,daaafc21-ddee-4be2-acc9-cb35709e0993,,54c76350-7f69-4f75-b451-d79351462bca,2025-07-08T15:28:04.810393Z,115.64
254b37b8-ae7d-453f-a0d0-d7cb6142cf57,,833af505-1404-4e7b-860b-268f2d4d5442,d98ac824-b1cb-493c-b4dc-fa735d579080,2026-06-05T03:41:00.810421Z,107.4
b965f18c-5b8a-4df4-9dda-17303769573a,,79be57a7-a3db-427c-9d45-54326856a945,0eea6ab9-a379-49ec-9c3a-9e38263db7f9,2025-11-30T21:30:19.810438Z,11.05
b29a71d6-3732-4560-acab-4fe43bc9f9b0,,07997abb-320a-4246-a2a3-5a087d766dd6,cf925fde-e447-40d6-8073-e23c6f551820,2025-08-29T22:34:55.810785Z,32.52
ce3438ac-fa6a-4d66-998e-6f8b84469ebc,d66bd9b2-8c11-4152-b10c-eeb92a6df2b3,,1cac4b7d-9687-4005-8aba-406a7a82bb35,2026-01-07T06:52:26.811005Z,32.36
95726b7d-7114-41d6-b02f-266a6dc922f3,839bcda0-bab9-4237-9419-c8ee1adeac90,,ec97e4e8-1dee-4099-85b0-85d167c59b15,2026-01-10T21:45:43.811148Z,106.14
d228cc57-a3b9-4318-98ad-94afa69fc5ad,,08d9c62a-70ad-4943-a77d-1afb27ed179d,9234bb80-ceff-4626-9cc6-fc6f757ee0d6,2025-09-20T16:29:50.811183Z,145.02
5b8f081f-55e5-4458-a2ad-b626e5115055,dd418441-35ed-4dda-b7dc-362b7db96c22,,4dbf9778-98c0-4446-9ec8-916ba556fdad,2026-06-14T06:33:18.811212Z,130.97
21fea6ba-196d-4593-98c6-b71ff488dbd8,,8d817b8f-d767-48f3-b67c-03c47d1cd06e,ad3fe337-ec17-4244-8e4e-9f2e174215e4,2026-04-05T08:07:23.811500Z,83.66
f5892918-c2e7-40b6-9074-ee06d982243e,46b2e2f2-9440-4e0e-9e81-15ba9bc82d20,,24a56de7-f7f9-4a74-84ac-6ee7f5d63eeb,2026-06-02T08:43:41.811534Z,99.74
91f2687d-97a9-447e-bfcd-b515214d075d,,4b2c2db7-0050-4313-bf72-fb52ca03e63c,54c76350-7f69-4f75-b451-d79351462bca,2025-06-24T12:38:15.811700Z,119.46
b9780491-83fe-402b-b61c-90eef3076baa,,2b2c1a73-311d-47fc-98a1-88c282c13821,22a51531-4be1-45dc-9e5d-2c9c0df0de82,2025-07-28T10:08:03.811753Z,131.07
521ce5ee-8fe0-4e66-a5e4-41aff7d25174,,6c239f45-b7e4-4156-8c2e-f92b25201cc7,99a57440-b846-4581-bc1a-44f38a214cf6,2025-12-27T18:32:04.811897Z,46.95
b00d6e54-d11a-4360-bc8c-fc39d80e76d0,,2236de29-c253-4a9e-9ab6-aad3cfa0f514,dc65cf1c-922f-4f2a-be7d-7f596ab58867,2025-11-12T06:44:06.812574Z,69.8
a547d1b7-f36b-406f-baf6-040c5b3cbf05,4e25a264-6ccc-46db-a66c-7060def6d1f1,,5bdd189c-8321-48aa-bae9-e2962031a00b,2026-06-04T15:08:24.812631Z,139.64
5d6664cb-e693-4823-9dac-3e3c2ff1f632,,4f66f451-916f-43ef-b2ad-5fbfd32615e1,e5990352-abf4-4954-bbe9-48ef19db84b7,2026-01-21T00:52:23.812674Z,40.74
c84d728e-ad4d-42eb-a689-7915a0fe882b,,eaa10f4e-9850-4849-9a6c-723063cf0975,58b8f572-3bba-4143-9f32-b6fbe9afedb9,2025-12-13T09:49:31.812827Z,51.28
07af5854-cf27-4106-8578-96defe6ab3b4,3a1140cc-92c8-4b55-9247-57e4e96b553b,,cf925fde-e447-40d6-8073-e23c6f551820,2025-06-22T05:21:51.812958Z,22.6
ed7c135f-732b-432a-a562-b3b1651e40e5,,c377ae60-a9fd-4936-bcc8-c215d57339f9,23c26c56-4049-472b-850f-65f46207be56,2025-06-18T23:23:28.813044Z,21.09
30341945-ebb8-4be9-bad6-4e213578768d,df7aa237-7381-47be-a062-6fa5f8aa9f42,,4dbf9778-98c0-4446-9ec8-916ba556fdad,2025-12-22T12:09:22.813101Z,130.98
0728dd17-336a-465d-8841-530cec3a4a2b,,77b69433-0272-479c-bc10-538c2f92704d,1209a847-3e6d-4ef1-a2ac-448ae204babe,2025-09-10T00:49:08.813129Z,143.06
69ca51d9-1181-4479-b190-f5c3cac755fc,,a1d2e2e8-8fe0-438c-afdd-9bdf6d6545ff,8245b2fb-a8af-474b-8d23-4304a5e9a19f,2025-12-04T06:48:38.813303Z,30.65
b031f3ce-84d3-4289-88f0-045dd7febffc,,9d9ecf2d-19a0-476f-8055-b1657f894b21,a2aa5c5f-237b-4acf-bd4d-896ec1b7d815,2026-04-27T07:20:35.813384Z,75.02
df88b15d-875f-451f-8acc-0580765ef9ad,,832a9cca-6e14-4072-8810-64886d2878b2,c0dc7454-44d3-4bda-817b-d31875e44201,2026-02-17T19:22:15.813481Z,114.22
2360afa2-0efe-45b1-80df-287cec6d8f3c,581fd8a1-3a0c-4a31-8988-badcc80e5cd4,,dc65cf1c-922f-4f2a-be7d-7f596ab58867,2025-09-03T22:06:18.813633Z,124.85
bede7395-98c0-4200-aba2-4ce834a1adad,,8c875f73-2313-43c6-94ae-2441306e2586,8998e993-9ba7-4ede-965c-cee7af7a4457,2025-11-28T19:30:51.813656Z,122.89
c0c734c1-1591-4a8e-aa70-528dba2763c5,,67fbd868-2346-4274-9b99-9713c3fcf423,8998e993-9ba7-4ede-965c-cee7af7a4457,2026-05-18T19:43:52.813817Z,127.84
c086084e-c6b2-4b10-a439-7c549b008e3c,,a826131c-0aba-423a-8a2b-df23ee671a78,ffb35e8a-7d50-4fb3-b500-d6e2b0d928a7,2025-10-12T02:47:31.813892Z,17.38
b4eda925-8c94-48fb-9cf8-aac66d2185e1,,42392bcf-a2ac-4f99-ad6a-a5504c41cde1,23c26c56-4049-472b-850f-65f46207be56,2026-02-08T17:27:14.814031Z,35.72
734c16d3-ea33-4ee7-9072-fe28bad16dcc,,d2d70e47-723a-450a-bf88-1dfe97cf77b1,f980ab87-d699-456c-a96a-e362bfd00c92,2026-03-17T00:55:52.814297Z,101.97
932d6458-5288-47b4-82cd-5d9733d4215a,,cd666914-446b-4bbb-b5da-a949d9e4b37f,af5481f4-1ba7-4d45-aaf7-51c47a71875c,2026-04-04T14:00:12.814394Z,103.92
2bb1cabc-4c73-4c44-a109-6e1df565d54b,2aa608a0-7a1e-4e5a-ab05-db12c3909931,,7f6a74aa-f09a-4f60-a39c-a0c68ccf7ddb,2025-10-04T04:10:05.814532Z,114.53
03f0189d-3255-41d2-a2a8-9284f792b6d1,7ffcfcf4-36a5-4ed3-b007-1d25d64f030f,,c8692397-bab9-445a-90ae-7439cc46cd74,2026-05-06T00:38:06.814549Z,143.75
11327c9f-898e-4aa8-8180-95e46631babf,41488c42-d66e-45e5-8505-d5343a9bc597,,ec97e4e8-1dee-4099-85b0-85d167c59b15,2025-11-07T07:04:50.814730Z,54.45
22ed5853-08b9-4b63-9d20-af8da343334f,258c4c98-be7c-4316-8dc3-6780c33f7ed2,,94ee9444-6941-48b4-b4dd-5e9bc164aefe,2025-10-16T15:41:03.815000Z,118.32
ce7f566d-a7f2-48bc-bacd-eceb519b463e,,d09145d3-402c-47c5-a68f-7054f66c10eb,ea11794b-9211-4543-87ff-999e6bd73cef,2026-05-23T10:07:49.815034Z,109.0
f7019313-4284-43c5-ae1e-16d0b813b4a5,,05b28226-702f-4aab-b2e1-8917245e8bb9,34b6ae28-67da-41cb-83b1-c97b33dfdb64,2026-01-31T13:42:47.815075Z,95.0
df6cb3d0-2296-4ac6-b784-d55e0e55575d,37b111a0-fc80-4450-bb99-d2b2a088b898,,9234bb80-ceff-4626-9cc6-fc6f757ee0d6,2026-05-25T12:26:14.815223Z,124.27
b0b2b8e4-fcda-4709-8d49-8c143a81c7e0,f34430bd-ffb3-4454-8239-8ec839993b51,,d98ac824-b1cb-493c-b4dc-fa735d579080,2026-05-26T14:20:10.815339Z,55.79
a6e27aae-0864-47a7-8152-e33030cd4afd,c0a2405d-9218-40f9-a44f-20aad0bcdb61,,31a62e0b-956a-4338-9c88-02b3f7ede7b6,2025-08-05T00:17:18.815493Z,147.71
188efe3a-ba7d-4d1f-8c1a-83432ddf485c,51101ebd-4663-4ba3-983c-ad63b9500824,,9234bb80-ceff-4626-9cc6-fc6f757ee0d6,2025-12-28T13:11:54.815608Z,101.08
be690a11-5ffe-4388-9cc9-b7903c3abb2e,,e06c381d-8356-4f90-b63a-b3980a6e700d,242a17b5-0a2b-4177-a01c-b2d07b8435df,2026-01-04T06:00:55.815625Z,126.75
cb8bd28c-4c5b-4a20-acd8-49540826564d,,9d774eb4-a3f5-4a54-99a3-2f57a2811f62,8998e993-9ba7-4ede-965c-cee7af7a4457,2025-09-21T22:46:35.815746Z,89.07
50f66570-fd2b-4816-bbba-9ac405824040,f05d21fe-1d01-46da-81a2-d4afc8637211,,4f829757-7e33-48b8-9950-69136f62b668,2026-02-01T20:33:03.815791Z,47.44
2d5e1405-487d-464c-9fbd-311d3c834480,,e78820db-32ea-4fe1-8b97-b5d50428a774,6f6d558c-4b40-4c66-a4e6-e46524190ebc,2026-04-07T04:56:23.815888Z,61.22
ac1b22b2-35b8-4693-983b-74aa02d89104,b6480a4f-e22e-4044-abb3-b492359dd3c3,,94ee9444-6941-48b4-b4dd-5e9bc164aefe,2025-12-01T07:41:56.815920Z,106.97
4db8cbb7-d1af-4021-a702-3a24b78056c3,40cae0e9-cc22-45b7-83f8-5ca5013987c5,,39e9c2c9-901f-499e-8c46-57804a2f9255,2025-07-06T14:16:12.815937Z,43.93
4ca859e5-de2d-46ea-b611-7f82488e9d96,,7dd32821-487f-49c5-a183-a50764d74b8e,8998e993-9ba7-4ede-965c-cee7af7a4457,2025-07-22T14:38:28.816146Z,27.84
3f79efb8-9e2c-44ba-925a-88bf886665aa,3856e26a-50d5-4112-aa9f-912be4b2d983,,4f829757-7e33-48b8-9950-69136f62b668,2026-01-10T17:02:35.816316Z,109.46
110202a7-09c6-44ff-81fa-908f789af173,153cef29-7398-4266-8bbd-74a82a53b0eb,,5bdd189c-8321-48aa-bae9-e2962031a00b,2025-12-25T22:27:03.816611Z,61.62
fb54656c-a4cf-4e88-9a4f-7bcb6ea629c9,2cb2e0b1-9470-4616-8e5e-2010aa828a78,,d98ac824-b1cb-493c-b4dc-fa735d579080,2025-07-20T18:44:03.816645Z,117.41
0f2f1d1f-8d3f-44d2-9583-b29951df3491,718f45a3-0876-40bc-9e9b-c8f9c8d94e7a,,f6f56971-131f-45a6-8e96-4504bb012c40,2026-04-18T00:18:37.816759Z,80.91
b02ed33e-2301-48fc-8810-26b959a7f3de,,982f0f31-d44a-44d1-b0ac-b1c7affad06b,4f829757-7e33-48b8-9950-69136f62b668,2025-11-02T22:08:10.816850Z,134.72
40d38a20-1602-4a78-ad9e-fd8629485e90,7452846e-37c4-4906-a617-e6a9cbd59165,,31a62e0b-956a-4338-9c88-02b3f7ede7b6,2026-02-01T07:30:32.816866Z,60.85
9631237d-3248-41d9-97cd-a36b8c43563b,65b2fd80-bfcd-4e0a-830c-eb9ce266ceb3,,5bdd189c-8321-48aa-bae9-e2962031a00b,2026-05-29T03:09:12.817175Z,19.79
c462c69d-5491-45a0-90bb-f8706f4c98fb,,f5b7dd76-1a66-4f42-876d-6a6244be4334,39e9c2c9-901f-499e-8c46-57804a2f9255,2025-07-03T12:55:25.817192Z,113.51
ab0e498e-729d-4516-8102-fd7ce41fa21c,86dae7cb-dd0d-4196-8d1c-7b64e1ca0393,,99a57440-b846-4581-bc1a-44f38a214cf6,2026-05-05T03:18:51.817238Z,94.36
45102927-c808-41c6-ad21-ad8a665675f1,cf30a3ee-3fc8-42c0-a371-ca9e028501b0,,174b1816-01c1-46c2-8a46-6e6ad57e5965,2025-09-11T20:50:25.817336Z,80.98
e6596627-11a8-4850-99f3-38d50618c183,,3ccf36d4-692d-44ca-9392-3cc6bdd7ebbb,4dbf9778-98c0-4446-9ec8-916ba556fdad,2026-05-20T09:03:59.817452Z,134.48
b81eb874-d246-4428-b4f7-2b7d9b05e6a2,5ae1f454-5ad6-4bbb-9ece-4d9266d4fae4,,12e3fbe3-5387-41d3-b055-ed6b543f5f0f,2025-11-20T01:34:26.817480Z,67.62
2dbcddf9-b459-48d2-a560-deda3242b7fa,4c56e24d-31c5-433e-861b-a265429a86eb,,28c08598-0919-4ad4-a544-1e20d0d0dc44,2026-03-23T01:45:04.817792Z,61.66
93eb78c1-89ce-4454-85ad-036bc9fef0e5,,f1503e5d-15a0-4118-be66-e72966ccaa1d,17d8280d-5414-49df-ac1c-db72a02c6e18,2026-06-13T12:42:34.818012Z,6.53
b3eb3e42-1662-4d80-80bc-a1380dd1d847,fe856c16-d5ca-4879-a7a0-52cdc72b0ab7,,ea11794b-9211-4543-87ff-999e6bd73cef,2026-04-19T14:54:59.818082Z,108.83
d17c01ae-159d-4a9e-bfd5-68ef67dd2b66,667a4fd6-9941-4337-80ea-be563e6d75ff,,eab47c6e-60d0-411e-ade2-82fc0a973fef,2025-07-19T08:28:35.818201Z,85.93
865821e1-90a4-4ebe-ad7e-3c6eb4f27597,,05ecff73-720e-481b-afb7-5326dc78971a,39e9c2c9-901f-499e-8c46-57804a2f9255,2026-06-03T10:51:34.818247Z,27.77
06fbfe61-4413-46af-8570-c901d70da5bf,34e3713e-527b-4a61-bb6b-5cdd9a46816d,,cf925fde-e447-40d6-8073-e23c6f551820,2025-07-04T05:55:12.818287Z,40.68
985ef8b8-8ae4-4d38-b270-fa7d25550cef,c65b973f-eb2c-4fc5-ae18-0a8a921e7693,,27366ea9-7d9d-40ad-ab66-17f827a45e78,2026-02-28T13:41:35.818327Z,99.99
232d7e2f-ea30-4e3c-bf34-d0c367efc54a,f67dbfa0-ba5f-459d-a062-6f1f31dec761,,174b1816-01c1-46c2-8a46-6e6ad57e5965,2026-04-20T07:16:53.818523Z,45.24
e40577eb-ff18-4106-bc0e-3d517eaca46f,4d91b12c-8c53-4afb-a6c3-c1d4c4eb0f6e,,ffb35e8a-7d50-4fb3-b500-d6e2b0d928a7,2025-09-18T07:27:17.818545Z,89.46
9fc94f6b-a213-4972-b683-b9d16071565a,d3fff17e-888f-4772-8bd4-7c6176a53af0,,1cac4b7d-9687-4005-8aba-406a7a82bb35,2026-02-17T10:16:01.818627Z,108.58
b0393247-813f-49b2-8bc5-6cd9c1de5294,66f4385b-9519-4c6a-981c-c650a69bdb4a,,eae4837f-4e9f-40fb-a287-f3ea4195f02e,2026-04-13T14:51:55.818643Z,22.24
3b441071-d798-4582-93eb-26f91ea80ac1,,fa7af723-5457-408c-b311-3b9ee970d558,77016229-03e7-4ace-860b-79ee16b3f42b,2026-06-02T15:15:32.818677Z,107.88
9d4965a9-ef12-48e9-95fa-6cbc41c87b4c,a4e2e6dc-9c0b-4fa2-8763-56f3ee281e63,,4560ad24-ab8b-4c2a-9a93-593950d0c317,2025-11-17T07:55:38.818793Z,40.51
6d83e820-384b-415c-b77f-ed494aec1137,,71662d41-08c6-4288-9a5a-da58f180881a,6b85123c-b94f-4258-9142-0599eff0a787,2026-01-07T18:43:23.819005Z,27.69
8a5f94a2-c47e-4c7b-b1ee-2e8613c9e02a,e381f3a6-64b2-4755-aed9-e41cd81b9c87,,7f6a74aa-f09a-4f60-a39c-a0c68ccf7ddb,2026-01-09T13:41:29.819037Z,138.61
981c7b56-2dec-41c6-84f1-8355817d7cf3,,87edf84a-6069-4037-a24b-39e90e115b03,9234bb80-ceff-4626-9cc6-fc6f757ee0d6,2026-03-24T13:40:45.819093Z,122.1
a32a1fb8-09ca-4347-a8ea-58f76e7e2cc1,82e8ec34-69aa-4a0d-af68-b58cf5cdf3d2,,eaf75b03-369e-4f19-9773-1a8ed15cec34,2026-03-06T16:08:48.819110Z,29.29
60a3eeb3-265d-4bc1-bd08-13d096b2de8c,,a6632327-06db-4b1f-be9d-31034aa4176b,19526f67-9ddf-4aab-b411-0bee51cec320,2025-07-25T12:57:35.819235Z,48.34
65b5b249-7383-4a8e-906a-baafeea715ca,66f4385b-9519-4c6a-981c-c650a69bdb4a,,6f6d558c-4b40-4c66-a4e6-e46524190ebc,2026-06-15T05:08:04.819264Z,22.62
e97fc71f-6dfe-43b1-aac0-d338a870a1f5,,a0a46988-0053-4bd3-98eb-5a1a073b0c5d,d98ac824-b1cb-493c-b4dc-fa735d579080,2025-11-08T15:16:48.819316Z,41.55
31c968d0-c8c7-40f6-8674-4001c9a84b22,16ac8660-6f0a-4386-8175-51ad254548cd,,eaf75b03-369e-4f19-9773-1a8ed15cec34,2025-07-22T17:04:12.819409Z,59.5
f4718cb3-7a60-4443-9f40-388c8acd07a5,ab6bdc58-afa9-4848-b893-6647e617de37,,5e2bc8e4-1797-4c5f-82a7-e5f343789acd,2025-10-07T12:08:04.819473Z,34.26
1c80d0ed-daac-40c2-886c-aaea3305170c,bec95648-c377-4fb4-ac7c-e3e8767df2c8,,f6f56971-131f-45a6-8e96-4504bb012c40,2025-10-03T23:03:37.819651Z,142.87
209d5ea4-1cca-4d3b-91e3-76898cd22b6e,7452846e-37c4-4906-a617-e6a9cbd59165,,14c50a07-309d-4aac-8004-a94d51e3ca87,2026-02-16T19:17:17.819761Z,41.19
16792e88-a220-4b53-a015-9aa3d154dfff,,b4002784-3bc5-4211-b765-49c56ae1d56f,3198b1d3-c10a-433e-946a-be88a2f22060,2026-04-18T15:05:35.819778Z,21.76
30fe23ee-0c5d-4e4c-b5e4-a29f40660fc3,492f99e2-fa54-41c0-8796-41f28c6e08dd,,c8692397-bab9-445a-90ae-7439cc46cd74,2026-01-17T11:49:41.819877Z,5.78
2c14401d-208c-45cc-af9a-67f4d769c1b9,,d0ddd324-f2f9-4aa5-8d82-c07479f3f221,2e4f561e-34fc-4f84-969f-fafa2cfe8587,2026-03-13T19:57:54.820069Z,8.19
a52393f1-7682-47c7-bb06-8ccba1212a86,,26a4eb83-bedc-44f3-add6-4a1afc728807,95176c1b-f8b5-4499-af67-49f7732c6c68,2025-09-01T02:51:26.820191Z,17.06
f4e17f09-567e-4a68-a5af-f7820a3acf79,,95662ce0-7b68-4afb-b204-79fa71958d24,a85314f2-4706-4d04-af9d-12e821756358,2025-09-25T17:18:26.820314Z,127.31
b8041448-2789-499f-a3a9-39139319ae3d,,832a9cca-6e14-4072-8810-64886d2878b2,250b4af0-e307-4429-bc29-3797dfce07ad,2026-05-10T00:38:37.820425Z,70.92
517da7e6-6f58-413b-9bef-3b5ffcb61505,a98039d8-aac0-4ab4-aefb-271bbfefb405,,464065f2-15f0-4a2e-b25d-516dfff9dcca,2026-06-17T17:22:04.820476Z,114.72
d24b50bd-2b25-4293-8c31-1cc981a2bfe1,481c40c1-251e-4c17-a7c2-579d467c47d6,,ffb35e8a-7d50-4fb3-b500-d6e2b0d928a7,2026-01-29T07:19:34.820648Z,84.69
1ee2f510-0a32-484f-81c2-13b6a8f9b23e,,122f06b8-bb03-4b78-bffc-5c069d19b5b4,e5990352-abf4-4954-bbe9-48ef19db84b7,2025-08-19T06:58:19.820710Z,109.12
328d3b41-8830-49fe-a636-8335ee8efe18,5926d593-9a55-4c12-8e05-e795a7ca689d,,6f6d558c-4b40-4c66-a4e6-e46524190ebc,2025-07-30T12:10:19.820757Z,125.61
642312d5-5681-48b3-8fdc-9e12e030afd3,ac1df049-a8f3-48c3-a0d7-4709bcda5abf,,250b4af0-e307-4429-bc29-3797dfce07ad,2026-04-15T00:20:17.820796Z,104.63
f6859dab-1597-49e1-91cb-958d346716d0,69672234-8267-4c93-894b-da10423cfac8,,8245b2fb-a8af-474b-8d23-4304a5e9a19f,2025-11-12T20:40:07.820872Z,65.77
78fc23c2-5474-48df-91bd-6d59aaa46ce5,ea7271ad-0371-4f1a-afc1-a8b5b1dc5f12,,ad3fe337-ec17-4244-8e4e-9f2e174215e4,2026-01-13T14:12:42.821020Z,96.85
5e773dd1-9146-413b-96fe-ca9921170614,,7deac932-c1b6-4f53-8b10-687e1926786a,bdfcdbcc-7d63-4ecb-9a8f-8ae73ee085fb,2025-07-31T19:20:19.821083Z,140.27
6437ce56-c310-4d37-a4c6-6df29d0b34b2,,37823516-bba4-4b18-b3b3-8c88202d663a,464065f2-15f0-4a2e-b25d-516dfff9dcca,2026-06-03T06:47:12.821594Z,64.51
8515e965-74ad-45ed-b0cb-cf08e408e4fa,35c10b5b-773c-4ae2-979d-7a7d3fef1e48,,cf9874d1-705f-46b6-b3e9-cbe1e58e3847,2026-03-18T13:29:11.821610Z,121.16
2f2c8a40-5fa8-4def-99c4-4d8062741890,4ad475d5-c043-4e0c-ae5c-8a87a3d11b14,,6cf1c788-97e2-4ecc-b9a3-f96831a30d8d,2025-07-18T17:40:25.821638Z,105.29
c60c06a4-7420-4aa1-885d-d665ff4ed7a2,,76589b74-5986-4b54-b252-0fca663281a3,a7af19b9-f0fe-40b8-9d1a-c7fcda914ea2,2025-08-24T02:50:28.821772Z,123.31
5f6c0868-a2af-4803-867e-29f1019c2f00,,965c8fe1-fd9f-458d-904e-cff3de256a0d,f980ab87-d699-456c-a96a-e362bfd00c92,2026-05-08T03:41:37.821963Z,29.49
abbaa5ed-76c9-4d8c-a630-f45c1d16178f,,71662d41-08c6-4288-9a5a-da58f180881a,e17a19cd-8381-40b6-8771-702f3a282e0c,2025-12-11T10:09:35.821980Z,37.5
c3ead0d4-f289-4957-a219-a9efc92d628e,df7aa237-7381-47be-a062-6fa5f8aa9f42,,54c76350-7f69-4f75-b451-d79351462bca,2026-03-08T02:05:01.821997Z,76.43
0cd93558-9f2f-416f-ac87-2639570b6b6f,3856e26a-50d5-4112-aa9f-912be4b2d983,,12e3fbe3-5387-41d3-b055-ed6b543f5f0f,2026-04-28T04:54:08.822025Z,33.51
f3316e0a-c81b-44b2-b1e5-6c7135e8ef2d,,51e8b2b8-c004-4c96-a020-7586d24d95cc,6b43d3b7-aca8-4905-9318-b1c3fbed419e,2026-03-20T22:05:15.822088Z,114.93
80ce9d73-a6dc-444a-a3a1-3083b2c108a7,41a23ecd-369f-4a07-bd2c-bd9fe12a5377,,e17a19cd-8381-40b6-8771-702f3a282e0c,2025-11-30T16:47:04.822151Z,139.42
d30c6f41-3d42-47de-884f-498456e37fbc,,26df24d8-f4a1-4696-967a-db75b43574bf,262281ca-9da1-4f48-bcc9-dac7c497ca85,2025-11-17T01:30:22.822320Z,72.55
ad5d62c4-ccfe-4807-ad2e-9b2e3bdc7332,,a6632327-06db-4b1f-be9d-31034aa4176b,cf9874d1-705f-46b6-b3e9-cbe1e58e3847,2025-09-14T02:00:17.822377Z,45.33
033cab11-3e1f-4bd5-9ccf-4e57b741bc57,,89af85ab-5189-4a53-92df-be8d9f350407,94ee9444-6941-48b4-b4dd-5e9bc164aefe,2025-12-16T04:13:10.822549Z,93.61
00dd467d-cf38-419d-bf80-84c14aa0b096,,1a189a23-0191-436b-a66c-c7a6261e0ad3,51de8c93-7a17-4f51-ba8f-d0ac995c566a,2026-01-27T17:12:38.822589Z,75.71
768a1f16-e0ba-48ff-951a-57dfad1aacd2,6a8a00cc-399a-48f6-8f49-a94501292444,,54c76350-7f69-4f75-b451-d79351462bca,2025-08-24T14:11:21.822693Z,106.1
903695b6-4024-407c-8853-82c9cc420b22,0fbeb056-602c-46ba-a213-7ec10f840393,,f0bc20ac-801d-4401-bafa-1a2d45fdf2fd,2025-10-28T04:15:35.822749Z,130.04
c449d051-72a3-4b76-bd0b-b444fb6df049,b8e2751e-fc2e-48b3-b71b-572335d63302,,174b1816-01c1-46c2-8a46-6e6ad57e5965,2025-12-26T10:34:17.822919Z,28.26
8cf60e31-e3d6-4704-86db-3acb2155a22f,89141f47-c044-4854-ac21-c420d821b33d,,6f6d558c-4b40-4c66-a4e6-e46524190ebc,2026-02-28T21:27:17.822936Z,35.56
0073df16-a181-4f5b-a46e-3963be59e4a2,,89208c9b-fecb-4f5b-9213-aa7ed1fd7033,8dd60692-d201-4c50-a580-7850c1e95f00,2025-07-23T02:20:59.823387Z,107.34
2c739092-6600-4bad-8059-626ed265e781,,d5e10f5b-f2e4-46f6-b91d-0504c7872efc,b4cf6a02-8d8f-4f2a-a7d2-b552fe2cffc6,2025-11-29T15:17:33.823439Z,89.28
120fe4e1-6039-4cf2-996a-b5c10dd472f9,,89f73a5e-0a1a-4b32-931f-ffe71aa40834,1cac4b7d-9687-4005-8aba-406a7a82bb35,2026-03-08T10:24:19.823481Z,116.32
ce150b72-12ce-402f-9a91-a7855e99132d,,29330179-30ff-4142-9c16-10921e00534e,145417d2-0475-455c-bfdb-23ddc2020330,2025-12-28T21:17:46.823544Z,39.28
c668657b-e571-41f1-9c34-515ca5eff866,,f2686d23-75ca-4cf2-9b4e-d0c0f32618d7,4249ce6f-0248-4265-950f-9f03188f5497,2025-07-18T17:39:16.823795Z,11.1
ba3d4965-9418-4d4d-a8f3-66062930bc97,32724db5-f35b-4afb-a6ea-8d067b5f6a24,,17ef5cb2-dbbc-4423-a159-fe66957fb5c2,2025-12-02T05:13:02.823811Z,52.08
9304f421-fb67-4853-8c6b-394f2985259b,9c24f243-a19e-4357-b723-87e4060ba492,,19526f67-9ddf-4aab-b411-0bee51cec320,2025-11-12T03:55:46.823828Z,38.89
66cf07c8-d0d2-496e-9505-c1dbf68c07a3,504749b2-d6e0-4765-a474-1e9fc843a45c,,3198b1d3-c10a-433e-946a-be88a2f22060,2025-10-26T13:38:21.823896Z,147.95
2fd597f7-bb1a-4b20-a858-8bc8ab91bfd6,0a76fafb-1dfa-4978-8caa-088eb7df3fa2,,24a56de7-f7f9-4a74-84ac-6ee7f5d63eeb,2026-06-12T18:01:28.823925Z,146.3
4969680c-4be1-47dc-b280-e2b185bb6a1e,5c317db8-eada-4482-8e89-ba5590a15d7d,,e17a19cd-8381-40b6-8771-702f3a282e0c,2025-08-16T00:10:57.824040Z,149.96
b637e11d-5dd4-4f09-ac25-36515ea1b2a3,51101ebd-4663-4ba3-983c-ad63b9500824,,24a56de7-f7f9-4a74-84ac-6ee7f5d63eeb,2025-11-10T14:27:48.824130Z,126.37
8423fa56-8548-40e6-9505-71ebf2698b04,,1760ceb3-7ca6-4926-a4be-efb60401b684,372ded30-38b9-4299-bf0d-124cb3f95d09,2025-08-25T04:17:29.824175Z,78.67
5958c470-2d33-4c07-8dfc-c7685e66db5c,24d721f3-3f7e-4462-9412-3dfb8d0cdd06,,24a56de7-f7f9-4a74-84ac-6ee7f5d63eeb,2026-05-01T05:13:33.824254Z,38.92
acf9ffb2-0754-4c39-8bd1-36bae7e60ec0,,0f39a497-cd9b-4a9b-a508-47c44b4f4047,58b8f572-3bba-4143-9f32-b6fbe9afedb9,2025-07-23T08:04:02.824370Z,16.09
d72d7c0a-6a44-42da-be3b-2a6871d34879,71ce25f5-0d70-476a-8e30-7d8c01c702cb,,c6fa1138-4ec2-4637-9504-2749bc13e06f,2026-05-06T03:08:14.824438Z,28.6
f4325434-e609-4bad-b9e6-c9edb9528a6e,,cf7cd50d-9cd9-461e-8968-5f6ce9ec490f,3b0e25b0-04f3-4476-891e-18d67e3329ed,2025-10-28T02:34:17.824461Z,118.43
0ee5f7a7-2c04-4420-8a18-2d75d3aea496,,c941f5c3-23bb-4276-b7ab-024321330d11,8ac69fa0-f2a2-4e7e-8d20-db1696a88a49,2025-08-29T14:38:19.824502Z,25.33
29fd4625-cb64-40b8-b38a-fce333cdabd7,,1cddd53f-8db9-445b-8267-67d6afc16753,f980ab87-d699-456c-a96a-e362bfd00c92,2025-07-23T14:12:30.824663Z,55.56
b5486933-9cfa-4ff8-9ebc-18ae4d09e403,,4642015f-0ee8-4032-9405-6c649061f4c4,6b43d3b7-aca8-4905-9318-b1c3fbed419e,2025-06-29T10:25:53.824721Z,101.83
b00b9c7b-0f87-4045-b522-16fb1f514442,2cb2e0b1-9470-4616-8e5e-2010aa828a78,,6f6d558c-4b40-4c66-a4e6-e46524190ebc,2026-03-10T02:59:22.824740Z,90.96
59a72c53-d7ba-4dcb-bf0b-41251899a4f9,,d09145d3-402c-47c5-a68f-7054f66c10eb,94ee9444-6941-48b4-b4dd-5e9bc164aefe,2025-09-22T13:55:13.824925Z,62.42
612574c8-3ed5-4bec-8c79-63935a30b64b,8d7a5370-917a-4c52-a640-a04f8d0ec760,,4f829757-7e33-48b8-9950-69136f62b668,2025-08-19T07:06:12.824978Z,80.48
8ff6eafb-26ce-49f4-896c-b1330764d9e8,,d1d5f896-dee3-4362-b98a-357425dbb4f3,f6f56971-131f-45a6-8e96-4504bb012c40,2025-10-03T00:20:24.824994Z,44.91
8167204d-d0f0-4bee-8b61-bd09561266a8,,81107df8-06a9-48e6-bd3e-355f2935c9a8,bdfcdbcc-7d63-4ecb-9a8f-8ae73ee085fb,2026-03-11T04:11:59.825166Z,22.18
fc62c38f-fe18-43c9-afb1-8d9963a6a987,,76589b74-5986-4b54-b252-0fca663281a3,ad5fcac7-aeb1-477e-b4a7-962a3e8bd739,2025-09-15T00:45:56.825213Z,143.9
f28d7759-f086-44fc-9737-6d2baf4402bd,731b131b-d1ef-4842-bd1f-e19a7c462f0f,,372ded30-38b9-4299-bf0d-124cb3f95d09,2026-02-07T20:46:46.825321Z,7.39
5ef34fc9-9cb2-4ee9-82bd-6bec2e19c2a0,a0056f36-e02b-4281-91c2-1d9501fb9645,,77016229-03e7-4ace-860b-79ee16b3f42b,2025-09-21T20:34:56.825397Z,112.54
92519315-2e27-40f4-9961-ea02b5ff2b25,,17824ab2-7dc3-49e4-afb9-4e64793a0b3e,c3163de1-b9cd-44a7-93e9-588433a1e23f,2025-09-27T23:37:45.825632Z,45.31
a1190f9e-89b7-46ea-befc-a49f55b6bf93,,75c8b324-19c6-434b-b9d6-c7ee276b87e3,f3339075-6de3-4983-84ef-c23595b30f1c,2025-11-26T00:36:31.825649Z,115.38
5da8430e-29be-48a4-814b-e957ebc7aeee,,182ba238-a351-44eb-ad67-0102a5106618,242a17b5-0a2b-4177-a01c-b2d07b8435df,2026-06-18T06:07:11.825851Z,29.4
38dc82a8-d8bb-49f0-93f5-47e29554bb1d,,a42a6031-a14e-4f12-8c71-c6d7d53fc586,59d6d6c9-1940-4e0a-a3ed-ca04666e89b9,2026-01-29T21:49:11.825924Z,144.59
445b65bf-6592-4038-8c8a-ab43e6e35bf0,32641d01-608a-452b-a81e-79931539d759,,12e3fbe3-5387-41d3-b055-ed6b543f5f0f,2025-07-27T03:34:23.825981Z,147.12
01894cb1-f6ba-4bd9-a859-c98af5a4641a,,b2702e5b-3d01-4d1c-b3c9-6b0a0180358f,372ded30-38b9-4299-bf0d-124cb3f95d09,2026-05-31T19:01:51.826127Z,136.96
a416d1f3-0561-4405-b76e-0134b35ef6ec,507e7c35-3a3b-498a-8cb9-fdad839946f1,,c3163de1-b9cd-44a7-93e9-588433a1e23f,2026-01-06T11:14:22.826529Z,108.69
12851b02-6c57-40c1-b5dd-096f26db488d,f05d21fe-1d01-46da-81a2-d4afc8637211,,99a57440-b846-4581-bc1a-44f38a214cf6,2026-03-03T16:17:36.826625Z,104.77
a15e9e81-bcb8-4392-b526-b9ded0d3b238,9c24f243-a19e-4357-b723-87e4060ba492,,f3339075-6de3-4983-84ef-c23595b30f1c,2025-07-13T21:07:24.826654Z,145.41
776b6706-3f48-444b-9f78-a92b3bb144df,8081212b-78a4-4eb9-82b3-8e7915e2efea,,c8692397-bab9-445a-90ae-7439cc46cd74,2025-07-15T16:35:47.826683Z,128.26
8db053f9-2155-4562-b457-bef2efe16e70,,7a001a4b-a4a5-445a-a8ee-b5fbbd714b87,f3339075-6de3-4983-84ef-c23595b30f1c,2026-04-25T03:35:39.826967Z,76.75
b7c9b774-027d-4ca9-a35b-c7999f3adfa2,4a5c6de9-e24b-4808-a544-9bd7c3cb8fed,,7f6a74aa-f09a-4f60-a39c-a0c68ccf7ddb,2025-11-27T01:19:45.827042Z,122.57
41e21727-75f9-4f1a-b616-a8838a9b0bf3,83e48783-daeb-493d-8c48-229e2c47c5f1,,cf925fde-e447-40d6-8073-e23c6f551820,2026-03-22T14:49:34.827104Z,98.87
b85cac82-a094-40a3-b79b-b793de235c75,6ae7eef2-2e62-49f1-a747-5f874ddc67ec,,4249ce6f-0248-4265-950f-9f03188f5497,2025-09-13T09:30:47.827309Z,125.4
9786beca-7662-4d06-8fc1-10306bf88fd5,4a5c6de9-e24b-4808-a544-9bd7c3cb8fed,,0eea6ab9-a379-49ec-9c3a-9e38263db7f9,2026-04-24T09:44:13.827383Z,135.71
99f6444b-ddfa-4a3e-b12f-f2ed9afe4d5b,,f3394554-66dc-4bad-a376-ea543170bd8e,174b1816-01c1-46c2-8a46-6e6ad57e5965,2025-11-11T05:25:27.827504Z,98.81
9f54133a-47f5-4c72-b648-2872336a8f7a,,3fdade0f-b6a8-4efe-b6f3-fbb8ac3fb92b,ffb35e8a-7d50-4fb3-b500-d6e2b0d928a7,2025-11-11T06:19:42.827716Z,44.96
7a7c457a-b1e1-4ca2-a7bb-b5fd2045870b,33695f6b-97f8-4629-b958-aee9db764e84,,39e9c2c9-901f-499e-8c46-57804a2f9255,2025-12-31T17:48:00.827750Z,41.81
8d7a2d1d-7e14-4aa3-9fd4-fd4a69d1242f,,17824ab2-7dc3-49e4-afb9-4e64793a0b3e,eae4837f-4e9f-40fb-a287-f3ea4195f02e,2025-11-14T19:22:07.827865Z,10.43
9de4b962-3845-48dd-b8af-93c1334c56df,,b9a8a678-8cf3-451d-a403-66447db6cea1,c6fa1138-4ec2-4637-9504-2749bc13e06f,2025-07-12T11:37:28.828304Z,7.99
6899690f-5e2c-4972-bc8d-3634f7cf3029,00213018-5d7e-42e8-bb10-f12baeb31b2e,,9234bb80-ceff-4626-9cc6-fc6f757ee0d6,2026-06-09T14:13:51.828332Z,131.38
6e3d5864-b96b-4ade-9da9-5b05fc4d541d,,01903e03-5676-4ea0-ba6c-b621c7834e0d,5bdd189c-8321-48aa-bae9-e2962031a00b,2026-04-21T00:37:06.828456Z,101.07
2af830d2-c917-4afa-b9f4-9881ffd2de75,,85510ec3-ca1d-4a7b-a05f-51257c93d5d4,4f829757-7e33-48b8-9950-69136f62b668,2026-01-08T07:55:13.828542Z,64.33
8de4d48a-7f1e-4040-a7d8-067c0ec8a2bd,,8ce1c84c-fb74-4444-a3cf-8d65a7810e84,c6fa1138-4ec2-4637-9504-2749bc13e06f,2025-09-27T03:55:48.828589Z,111.04
62ceb24d-4c30-47a6-b9f0-74747f3f311b,71ce25f5-0d70-476a-8e30-7d8c01c702cb,,1638242a-9e18-4c5a-8ba7-dcb01ef7c6b0,2025-12-31T17:06:12.828721Z,47.6
3a3840f2-60af-4941-9680-3b22faa217b1,,2706fcd0-2308-48ad-818d-6dd04e3f9117,6b85123c-b94f-4258-9142-0599eff0a787,2025-09-18T19:16:26.829059Z,130.25
0b229d42-c450-4a1a-95a9-3246068cd750,b5893277-2b7b-475a-8b85-665f277f6976,,e4f08e85-289e-40c7-ad90-983f186d02dc,2026-01-24T12:36:14.829146Z,110.06
a0fea40d-f965-4f44-a5fe-e9936fba9295,,d5823be7-1fb8-4898-bcaa-a295f09dec9d,7f6a74aa-f09a-4f60-a39c-a0c68ccf7ddb,2025-08-18T04:04:12.829277Z,6.13
0179b06c-4741-4fe0-ba3f-594443c5f18e,6f6e4cc6-ad0f-494d-8f68-ada7c5a366a4,,e4f08e85-289e-40c7-ad90-983f186d02dc,2026-01-05T17:25:18.829318Z,100.41
68caf624-ec9b-4426-9630-94d8b70f8cc2,cc02d674-d8d0-4c88-9635-5d3c9629c46a,,bb3acd74-a761-49bd-b7bc-fbf35502e696,2026-01-24T15:39:15.829474Z,14.25
338a8a6b-c7d9-4243-b887-0995300af068,,28e7e771-14fd-45c2-a627-848f9ab1a345,17ef5cb2-dbbc-4423-a159-fe66957fb5c2,2026-05-17T03:25:30.829496Z,100.5
72d14363-82ed-4ba9-a2b1-456504b219c4,4ad475d5-c043-4e0c-ae5c-8a87a3d11b14,,6b85123c-b94f-4258-9142-0599eff0a787,2025-10-25T22:39:09.829564Z,118.93
d16269a2-47a9-476c-bfe0-bba224160a4f,,f21e34d2-931e-458b-91fa-eef57a023146,27366ea9-7d9d-40ad-ab66-17f827a45e78,2025-10-13T17:56:03.829581Z,114.24
27d15101-c80e-4b92-a514-195e35d0a68a,71085110-5006-4d53-be81-586c708f2ee4,,7f6a74aa-f09a-4f60-a39c-a0c68ccf7ddb,2025-12-04T17:36:51.829680Z,27.05
e149679c-998a-43db-a98d-5e790f8e7d22,1fad1639-98e8-496f-a1f9-ff4a86b312a5,,3b0e25b0-04f3-4476-891e-18d67e3329ed,2026-02-27T23:17:29.829965Z,107.64
4092a8fa-4a1e-40ed-938f-1fc94282f56e,,35acf1f9-6dab-4dfb-b076-3388ec439ca5,bdfcdbcc-7d63-4ecb-9a8f-8ae73ee085fb,2026-03-26T09:05:01.830109Z,106.53
a41ba710-8ec9-4ca7-a727-08ff16c5d0ff,081dd653-126d-48c5-8df5-309a2eb542f2,,a85314f2-4706-4d04-af9d-12e821756358,2026-01-09T09:45:55.830131Z,5.58
69de1021-7a73-441f-af0c-e6805d202d55,,ee23cb31-b9c6-436b-947e-217d5a6b45ea,ffb35e8a-7d50-4fb3-b500-d6e2b0d928a7,2026-02-11T11:42:23.830246Z,72.9
202d2592-556e-4fda-8ef1-24092108065f,3c9287c1-4ef4-407a-81f2-02e47f73245c,,23c26c56-4049-472b-850f-65f46207be56,2025-12-22T12:55:19.830454Z,5.25
a851d957-6291-4c3d-a4d0-a3d36925cd2f,,56813f37-f784-415a-9264-ab5321df0ea6,dc65cf1c-922f-4f2a-be7d-7f596ab58867,2026-03-15T18:24:18.830488Z,19.31
d91a3baf-4a29-4623-9145-461c83abfc18,aae79a82-52c7-4399-85cc-128ffadfd06c,,174b1816-01c1-46c2-8a46-6e6ad57e5965,2025-12-31T01:48:07.830669Z,63.89
2b30a6ce-8e4e-48ef-a212-46a4fee8081e,71ce25f5-0d70-476a-8e30-7d8c01c702cb,,3b0e25b0-04f3-4476-891e-18d67e3329ed,2026-02-16T16:19:03.830708Z,94.13
bed77974-d33c-4958-8443-4eb586add4af,53d63402-a235-45c7-b477-84478d07253c,,58b8f572-3bba-4143-9f32-b6fbe9afedb9,2026-01-26T14:19:22.830725Z,129.16
8e0f47f1-fd62-4a77-9dfb-3a19fe0dc47a,4e177d60-5959-49c5-bcd4-1d77c4ff1a95,,eab47c6e-60d0-411e-ade2-82fc0a973fef,2026-04-16T16:23:20.830923Z,147.01
09b98c8d-9e51-456e-8d27-d12204da15ee,,c61889e1-acce-41c9-b990-9aa2b23494b5,e4f08e85-289e-40c7-ad90-983f186d02dc,2026-05-29T07:13:31.831318Z,29.81
7fc5e81e-37ad-4fc5-bdff-e99a5a131a04,a2f6c856-ba56-4db7-8e64-9a40a6260e98,,02310335-8d93-4be9-af7d-55de45097af6,2026-04-12T17:51:38.831549Z,135.13
8a94a7bd-9545-4afb-9d7c-f04d19b2acb1,,ee6742f9-8ec4-4939-918b-3af115227928,6cf1c788-97e2-4ecc-b9a3-f96831a30d8d,2026-02-16T08:42:05.831690Z,145.4
fe456db7-4066-4b5a-9ae2-27443a34da62,1e6c0808-fcda-4f34-8356-c295e6a3bb11,,25370a5c-dc1e-4a10-bfdc-ad1bca8f7981,2025-07-22T10:32:20.831754Z,84.32
d657a39f-8c13-4247-b316-c707663a0b59,9cccee8d-dae0-44b4-890d-e8804ed2ba6a,,7f6a74aa-f09a-4f60-a39c-a0c68ccf7ddb,2025-08-09T14:25:05.831846Z,23.09
4983c9b5-7e93-4201-8061-4c1fad6c3181,,43aa7fad-4901-46e4-a537-3465a853f5a5,f3339075-6de3-4983-84ef-c23595b30f1c,2025-09-28T02:39:59.831980Z,13.97
9c4172f4-3953-473f-9baa-757c6d45bdfe,3a1140cc-92c8-4b55-9247-57e4e96b553b,,17d8280d-5414-49df-ac1c-db72a02c6e18,2026-02-07T19:35:42.832031Z,80.14
c10c0b41-a428-490f-b87e-537d6e2e9bdb,77e21ed9-534c-49ff-bf3a-6c81910050d5,,22e8fa38-2c1b-4639-8e7d-d245269424b7,2026-06-14T09:23:14.832324Z,146.99
7b799b9a-fa7d-4e44-917f-517ff86f3bbf,09e7e9c9-083d-4a69-97de-18d21411c6c9,,8998e993-9ba7-4ede-965c-cee7af7a4457,2025-12-14T06:26:20.832423Z,110.76
fccc7abe-0ef2-4549-bb4c-3cefb115270a,,ee510540-64a5-4f3b-82d3-6dd88ec77213,c85fdb82-bfb8-466b-8587-2c4a96321250,2025-07-03T01:28:03.832475Z,149.53
6a017dc9-e2f2-4b63-b845-39200f7bd10f,,3c3c8ed1-a864-4edb-827d-b92b8f293f56,9234bb80-ceff-4626-9cc6-fc6f757ee0d6,2026-06-02T21:39:34.832734Z,134.47
1860dd8c-e2ea-496c-823d-aecd307ae9bc,5b93b1a0-fc4c-4e7f-96a2-129b496d6d40,,f08ab47d-3ff6-49f4-ad4c-b00fe9042589,2026-05-18T10:50:38.832877Z,84.04
cc75cc96-36f8-49e6-9981-7dfc34eefeb9,,28dda223-ac8b-4ac9-bf34-7cd56af3957d,ad5fcac7-aeb1-477e-b4a7-962a3e8bd739,2026-02-20T16:43:01.832922Z,88.25
11d3773b-dbc5-499a-bcc4-56579814d5e5,4795de92-1574-442c-8f86-3aa6de2c7391,,63b5e370-7388-4536-8ed7-a21a4a41d06f,2026-05-02T18:05:16.833276Z,84.95
a92e53c0-8fde-4b84-8db6-aa7e9ef77983,1836c007-409c-47a2-9203-866db173b751,,22a51531-4be1-45dc-9e5d-2c9c0df0de82,2025-11-22T11:56:22.833586Z,108.7
6b7a0e6e-334d-4bcf-be1c-a97030b83ee8,18c3e1da-6877-487b-8648-3e489b693c24,,ad5fcac7-aeb1-477e-b4a7-962a3e8bd739,2025-08-31T13:47:07.833684Z,62.2
3092d520-b8c4-45c1-a736-1514429a0176,85915b46-8b06-4b62-b14e-5ca425e27bdf,,e4f08e85-289e-40c7-ad90-983f186d02dc,2025-12-10T12:34:49.833788Z,27.11
f9f629a9-6dc2-4785-8b96-860787eea5a0,,9fbd1994-7348-4864-ab7d-6ba0d85fa81c,c6fa1138-4ec2-4637-9504-2749bc13e06f,2025-08-25T15:14:16.833874Z,43.12
b68ff494-ec9b-481e-a197-21a9908dc852,,4871022d-916b-41cd-b32f-2f5d2d941c32,c0dc7454-44d3-4bda-817b-d31875e44201,2025-09-03T16:08:43.833891Z,26.77
7a14f7c8-925a-48d9-a16f-4b2404ceae17,,63e93b2f-69e7-4b17-a666-019260a3ef19,e17a19cd-8381-40b6-8771-702f3a282e0c,2025-08-20T22:17:24.834090Z,51.02
52a063a5-7d09-4b5f-acd4-6b93bb9ea032,,631fc80d-c921-4d02-9a8f-24f48c059a49,63b5e370-7388-4536-8ed7-a21a4a41d06f,2025-09-20T13:33:46.834270Z,12.13
3b30d9f8-2967-481b-8352-56f8d07010cb,f7651a82-e7fb-4ce3-a273-b0bb7853f529,,6b85123c-b94f-4258-9142-0599eff0a787,2025-11-28T15:23:11.834644Z,73.46
54d28692-8493-4dbc-bec1-6e6b86b6a775,,17238484-078a-40fe-9668-85d134f76c3f,a7af19b9-f0fe-40b8-9d1a-c7fcda914ea2,2025-07-29T03:04:29.834761Z,90.71
e4e75c84-ce05-4810-93cb-57d449134502,,12b77d02-7078-487a-8a63-b6acfd81543c,ad3fe337-ec17-4244-8e4e-9f2e174215e4,2025-09-16T12:13:57.834778Z,18.13
2bca31ec-8af4-4de0-90d3-9c6b8612567c,0d229103-cd1b-43ce-8b78-f16fda8cffd5,,8245b2fb-a8af-474b-8d23-4304a5e9a19f,2026-02-19T05:02:59.834806Z,57.73
8c600c1b-f243-4675-aabf-9f02d41c4a48,d4c83d62-c639-4f4f-8a7c-9b381bd8a396,,e4f08e85-289e-40c7-ad90-983f186d02dc,2025-12-23T10:42:02.834993Z,122.37
6e187b8a-5268-4264-812a-4fb6187da27f,,e1336c61-7642-4c78-8cc9-5c5e0c0ce3e9,31a62e0b-956a-4338-9c88-02b3f7ede7b6,2026-02-12T10:03:07.835114Z,69.7
184a00d1-a331-4357-a629-ada1077d75d9,c13c3f9b-c525-4034-bd65-30290e0dce41,,3198b1d3-c10a-433e-946a-be88a2f22060,2025-12-30T15:00:28.835224Z,110.74
8b33ab4f-5bf5-4b29-a1a8-52f1b710edc2,abef59d4-32b8-4336-b7dd-9f375c1ce473,,80a4d750-7c17-4c78-b91c-5b63cd80c7eb,2025-10-26T16:11:44.835349Z,43.39
b96de13d-8f74-4a68-a79c-662078905d95,,62e5d795-cf1e-4acb-bd98-1b05c981fe8b,a2aa5c5f-237b-4acf-bd4d-896ec1b7d815,2025-09-01T19:32:58.835365Z,142.69
03faffa9-5903-4d76-a7a0-7d6036e45684,,628f829d-29d3-4a4a-95a7-c444eb5ed0da,7f6a74aa-f09a-4f60-a39c-a0c68ccf7ddb,2025-11-19T11:33:24.835413Z,33.47
2575183a-da95-4b22-97c4-27e222aa0182,51101ebd-4663-4ba3-983c-ad63b9500824,,1209a847-3e6d-4ef1-a2ac-448ae204babe,2025-12-17T17:41:43.835482Z,13.11
c9461ae8-beaa-4229-b0f6-89dc676644df,f5be1c8d-ff9f-4a97-82e2-da26824cf742,,f980ab87-d699-456c-a96a-e362bfd00c92,2026-03-07T02:09:41.835498Z,38.69
105ddca2-68fe-4072-b774-73572aecb4e6,d71106b5-3273-4106-ac12-4eeaa74508a1,,f08ab47d-3ff6-49f4-ad4c-b00fe9042589,2025-11-25T09:36:22.835515Z,90.32
9857f4e1-ed66-475d-8062-a22b495d18b3,,4f30b98f-f6e3-458b-b413-ff2f6b1c7a55,9183c4c5-47db-4e6d-af05-9eafe1f586a0,2025-07-28T08:48:29.835573Z,27.05
0c25b5b7-2ac2-4065-97be-581a202d2697,,67193804-e292-46d8-b79e-64ea2add776f,d98ac824-b1cb-493c-b4dc-fa735d579080,2025-09-14T10:42:17.835669Z,71.47
7bb2238a-c711-451c-beab-c426f3384118,,e5c81c86-6043-42a8-bbfb-53db00f3b157,f08ab47d-3ff6-49f4-ad4c-b00fe9042589,2025-08-21T20:48:06.835698Z,62.11
ae761844-8e2f-4da5-bf61-f548a43f9677,0abd6459-65a2-4d0f-b922-bf86580aa91a,,39e9c2c9-901f-499e-8c46-57804a2f9255,2026-05-25T06:45:15.835732Z,88.42
0fe1e632-b735-4ddf-8258-ea01e63f1c9a,8ccba92d-abe0-486c-9d3e-ecb98e769766,,e5990352-abf4-4954-bbe9-48ef19db84b7,2026-02-01T20:35:49.835806Z,27.74
f95e58a5-dab8-49b2-82c1-30af414d4359,0e0fe04f-f176-4fb6-8d0a-82fe1691ccd7,,cf9874d1-705f-46b6-b3e9-cbe1e58e3847,2026-06-07T14:50:18.836002Z,90.08
d1a30ebf-4c52-4de0-892e-7d7e01b4f81d,,7dbce325-f97d-4d7b-bf86-af85853d9e42,8ac69fa0-f2a2-4e7e-8d20-db1696a88a49,2026-02-06T06:45:17.836037Z,144.53
a9545f3a-cadb-4d62-9bd5-8ae76c65495b,65b2fd80-bfcd-4e0a-830c-eb9ce266ceb3,,9234bb80-ceff-4626-9cc6-fc6f757ee0d6,2026-06-13T12:29:30.836054Z,81.32
31696841-db9d-4d28-a238-2774809169be,ea7271ad-0371-4f1a-afc1-a8b5b1dc5f12,,2e4f561e-34fc-4f84-969f-fafa2cfe8587,2026-04-21T10:14:24.836244Z,51.11
c4ef560f-c888-46ba-9b75-e6b16d8f38ab,c343dfee-5c83-4696-b3a0-0f340278fb7a,,80a4d750-7c17-4c78-b91c-5b63cd80c7eb,2025-07-19T11:56:36.836442Z,40.99
31e6ff6c-af20-4229-a692-3a0aa2a5e6eb,58c748e0-c1e8-4279-8eb2-b7af473589e2,,77016229-03e7-4ace-860b-79ee16b3f42b,2026-04-28T09:09:28.836481Z,45.95
44f0404d-ac30-4c14-b9af-f6b3ac231d84,,2acdb0c6-a4b9-43c2-bcb6-df1ed5a6090e,24a56de7-f7f9-4a74-84ac-6ee7f5d63eeb,2025-12-20T01:16:04.836555Z,87.58
f80d9b7a-7495-496d-b768-92424132d03b,7c597f42-1483-4cc3-958b-ca273841ee1d,,eaf75b03-369e-4f19-9773-1a8ed15cec34,2026-02-01T12:20:57.836613Z,16.82
7003777a-04a6-4abb-8c2d-5f777ae6a1e4,,e2fe3f14-65f8-4777-8955-8f138d705358,8998e993-9ba7-4ede-965c-cee7af7a4457,2025-07-31T17:07:09.836658Z,38.67
225016aa-9a56-4dfe-a152-dd7e19407248,9645001f-849d-4a94-ace1-bf5bff8ff829,,63b5e370-7388-4536-8ed7-a21a4a41d06f,2026-03-31T15:34:05.836675Z,95.01
99418665-7500-44fe-aab2-ae5b13e50427,,be07f3a7-a5de-4105-9b52-bb7d5c914362,a81b33a7-ba53-452c-8801-04aabe7f038f,2026-02-12T02:25:36.836739Z,88.61
0ab4bdbb-c855-43d4-9802-a1a9d6cc229f,,e910335e-59fb-49c1-997c-134497d718a8,22e8fa38-2c1b-4639-8e7d-d245269424b7,2025-11-26T22:37:00.836791Z,89.88
06e368fe-4cb0-4eb5-9fcf-5591707a1e27,,b3fca262-1bf2-442c-8199-5c3bec5cda08,f6f56971-131f-45a6-8e96-4504bb012c40,2025-09-05T03:32:26.836860Z,107.97
ea30e9c9-347b-445b-95ee-88ee59d7bb96,,0161f0ec-7d14-4a50-b8db-3ce9c91ada1d,37727a64-f037-49a9-bcf8-086215ecb7fd,2026-04-08T04:24:36.836958Z,76.61
10246de3-39c6-42c2-a7b8-7d86f3fad276,974edd2c-30d3-4ac5-a7c8-9414caca96a4,,80a4d750-7c17-4c78-b91c-5b63cd80c7eb,2025-10-30T16:34:27.837061Z,65.93
8c220b24-af8c-4e98-9024-ea4d141a8dc0,,aa6bc019-cd8b-4173-80c3-c3116217b6ce,c8692397-bab9-445a-90ae-7439cc46cd74,2025-11-26T11:57:27.837288Z,76.17
4ed61670-de8d-43fe-bb5b-207e23eaba41,e48601f7-7854-4f5c-90c1-a5b4e61cbbc6,,8ac69fa0-f2a2-4e7e-8d20-db1696a88a49,2025-09-27T06:53:52.837479Z,116.63
f475e11a-8443-4ae3-93b5-04d74db2f43b,b3b1e070-a7c2-4c04-83b3-8c13ba8ed013,,370920ed-3f8d-46f5-b78d-f4d5c426c5e2,2025-12-25T16:43:45.837622Z,149.8
82f34c4a-0edd-485c-8828-fe87852adb50,,745d32c1-b89e-4540-b32e-ca72cbdbfc45,2e4f561e-34fc-4f84-969f-fafa2cfe8587,2026-01-10T05:54:02.837759Z,74.29
28c87d9d-d058-4e8b-b46e-57ea4525d6f6,d4e85052-2f91-44f1-a8da-24efc3a6e3e0,,1e19d020-8de6-4885-b1d8-2b9aff3f3d33,2025-06-29T13:00:25.837776Z,32.9
3b6a452a-82d5-4744-a8a7-4cfb2e36df48,bc2d7a33-bbbc-4c57-bc09-10e08146f5da,,0eea6ab9-a379-49ec-9c3a-9e38263db7f9,2025-09-24T09:55:27.837855Z,141.61
2d900981-687a-4b73-bea5-24fd44b4b785,f483e088-2c1d-4574-add1-03aa91bfb55b,,7f6a74aa-f09a-4f60-a39c-a0c68ccf7ddb,2025-07-01T03:54:54.837970Z,22.36
53100138-977e-4a6b-a2e0-fd9e9641396a,,10e72269-6caa-4201-89e3-aaabc5007a53,ea11794b-9211-4543-87ff-999e6bd73cef,2025-09-14T09:25:09.837987Z,5.55
4781a7d3-0bb7-4ad5-af87-b87be39e3d6d,b8309d59-5dff-43ad-861c-05c59ffc736c,,6b85123c-b94f-4258-9142-0599eff0a787,2025-08-31T12:21:15.838313Z,68.86
0e9f8963-d246-4dc9-8404-025fedaef754,,d6bb0bfe-8a5e-4479-8dad-748e4643f088,8dd60692-d201-4c50-a580-7850c1e95f00,2025-07-10T11:10:56.838481Z,21.5
c24d7a65-a02d-408c-a0a7-1b3012b84823,284521e2-1408-4fa0-9578-492efc8edfe3,,a2aa5c5f-237b-4acf-bd4d-896ec1b7d815,2026-02-03T09:37:01.838725Z,127.93
ce67e547-3241-406c-a34b-65bb1bd48258,a89515f8-54e4-403e-be5d-efbf5b7790ca,,12e3fbe3-5387-41d3-b055-ed6b543f5f0f,2025-10-29T10:53:16.838900Z,45.46
71670755-1da5-4240-86d3-ca53ab97367d,,38073fa7-f5c5-4f06-b956-ccd103d8540c,e5990352-abf4-4954-bbe9-48ef19db84b7,2025-06-27T02:39:20.839412Z,141.93
0ca3a4c4-5a4c-4cbb-9c88-bfb16f40ad26,,cbfd9cba-5ff9-4129-b131-065ce5f328c3,8998e993-9ba7-4ede-965c-cee7af7a4457,2026-04-09T10:30:39.839486Z,137.36
bdc148fa-d697-4218-afb7-fecb34587a1b,,db88450a-eafa-44de-853f-fd11fddb3b2a,25370a5c-dc1e-4a10-bfdc-ad1bca8f7981,2025-10-12T08:44:08.839732Z,123.4
fb060ac7-0668-4e75-b097-73d64f4c7957,,47a94c2a-298c-45f0-bdb5-0a509a1a41a4,bb3acd74-a761-49bd-b7bc-fbf35502e696,2025-07-28T23:57:34.839780Z,82.22
87c91907-6087-47b2-9e76-8a8e7ea9e2fc,3c6441ce-67a8-46b9-b675-f9256bed7b29,,f0bc20ac-801d-4401-bafa-1a2d45fdf2fd,2026-04-20T00:22:18.840376Z,131.39
3d8b2397-0ff3-431b-9afd-8bfd648e671b,65b2fd80-bfcd-4e0a-830c-eb9ce266ceb3,,5e2bc8e4-1797-4c5f-82a7-e5f343789acd,2026-05-18T07:57:33.840393Z,83.57
6193339b-3d1e-4837-91ac-6450de8c648f,8a835d35-1f35-419c-834b-35705197208f,,22a51531-4be1-45dc-9e5d-2c9c0df0de82,2025-12-02T16:32:19.840438Z,74.22
a9516112-ee44-45d2-8f2b-9dd8f2c4d1ac,2dbec69d-c150-49ba-abf5-8a6c195ddc31,,c85fdb82-bfb8-466b-8587-2c4a96321250,2025-07-19T13:10:02.840489Z,134.34
ef096334-8c2e-4fb3-96fa-772b22c7d2ff,4c56e24d-31c5-433e-861b-a265429a86eb,,ad3fe337-ec17-4244-8e4e-9f2e174215e4,2026-04-02T03:50:54.840581Z,121.06
9777db68-8b84-42e9-911e-29faa7ca8dfa,,73191e6b-355c-4371-9373-85ae98c68a2f,96164111-3295-4ecd-9696-77c13aa1e9c6,2025-08-31T14:18:08.840777Z,113.15
c643b4dc-582c-4c6e-935d-15be248703f7,393e8242-9d2a-4f22-904c-c851b62d9ff5,,8dd60692-d201-4c50-a580-7850c1e95f00,2025-08-30T09:49:13.840854Z,45.26
2b58b8ef-1d5c-4fb1-a186-28f81a09d948,,2e3ac91a-bcce-4173-ad81-0d9a50464760,39e9c2c9-901f-499e-8c46-57804a2f9255,2026-01-12T03:16:44.840940Z,19.89
6e085901-1adf-44bc-80e8-16bd4dda2891,37941564-4b66-4bd7-8364-d9dbc497d4d1,,464065f2-15f0-4a2e-b25d-516dfff9dcca,2026-03-15T05:55:28.841018Z,29.44
f3f39993-45d5-47f5-98b0-6311e38837c7,7f4df1df-0114-41c6-802f-75d44ed99b5e,,242a17b5-0a2b-4177-a01c-b2d07b8435df,2026-05-18T09:43:58.841074Z,64.73
97066640-a49c-4145-9c90-0af87acfe172,,6d081633-623a-47c9-93c5-9d232296d956,882325b0-d544-426c-b74e-9b64ff3ef4cc,2025-12-08T21:25:23.841248Z,51.7
2b4d9a3f-c83d-4932-8482-9bbc5872669d,556103b6-69df-46b1-9c1b-4d9cc3dad857,,17d8280d-5414-49df-ac1c-db72a02c6e18,2026-05-26T06:59:28.841281Z,134.73
9be9fe6b-8a4b-4c25-afb0-38986c81f5d3,,15aff758-cc16-4b78-a7f4-914584a7846e,3198b1d3-c10a-433e-946a-be88a2f22060,2025-09-08T11:05:52.841347Z,102.38
3f43b6ba-41f3-4f5a-878e-2d69ea447210,df9838e0-30bb-4d6c-b2d2-43afe601b918,,145417d2-0475-455c-bfdb-23ddc2020330,2025-06-28T10:24:32.841380Z,25.42
e1d2c968-5268-4aec-aee9-33aa2a4dcfa8,98ec0111-44ae-4720-87e9-60480410691b,,181c0491-9549-4f06-acf3-4e0bf1af8724,2025-10-11T20:44:49.841404Z,66.9
0b873789-bfd0-4ad7-ad8d-1f992d132db5,,e7cc69cb-f983-4367-b53c-0c992215007e,c3163de1-b9cd-44a7-93e9-588433a1e23f,2025-06-21T12:54:21.841558Z,128.28
c2fbb169-2a72-4dc4-a619-8beb7bf021f6,d0b967e6-0fcc-4824-bef1-ec58206e3b50,,ea11794b-9211-4543-87ff-999e6bd73cef,2025-11-30T17:37:25.841774Z,64.99
fb664163-a502-4e6d-8721-cd9c39b29418,3292e7e9-c6d1-4783-997c-970b0c1b6061,,c8692397-bab9-445a-90ae-7439cc46cd74,2026-06-01T09:49:51.841860Z,61.84
d6cb4303-ecf7-4487-be0c-e351db898f21,daaafc21-ddee-4be2-acc9-cb35709e0993,,4f829757-7e33-48b8-9950-69136f62b668,2026-01-16T08:56:25.842019Z,68.28
12789ffb-622a-4660-a251-14862463fe07,7f4df1df-0114-41c6-802f-75d44ed99b5e,,c8692397-bab9-445a-90ae-7439cc46cd74,2026-05-19T14:23:45.842105Z,29.28
97c3f71e-57c3-4fc0-825c-7a3f30466414,85915b46-8b06-4b62-b14e-5ca425e27bdf,,174b1816-01c1-46c2-8a46-6e6ad57e5965,2026-02-19T00:43:40.842173Z,103.4
c7a81d66-f7ec-4c42-ac06-48c8a69dd487,,7deac932-c1b6-4f53-8b10-687e1926786a,39e9c2c9-901f-499e-8c46-57804a2f9255,2026-05-17T21:52:23.842323Z,15.67
b24eaf52-ddb7-4ab3-b1e0-d1bbffcbc5f3,dea9dbd4-b682-42e4-960b-16720b4619a3,,4249ce6f-0248-4265-950f-9f03188f5497,2025-07-11T18:05:04.842454Z,95.09
9145b8d3-0da4-49aa-8ad7-98dfa399cc7c,9aa887fb-4e61-4433-bd0b-92df34349a29,,f3339075-6de3-4983-84ef-c23595b30f1c,2026-04-13T19:34:46.842511Z,20.32
112b7394-caf5-4818-bcdb-cbea6957a5b4,,02231b5d-c08a-4039-a433-b8530ca9229f,181c0491-9549-4f06-acf3-4e0bf1af8724,2026-05-19T08:17:58.842672Z,27.1
3d733d8b-33d9-4afb-8728-df9bcb1b1bf2,,2d37a2da-4392-4730-8494-a4f2964fa0f7,25370a5c-dc1e-4a10-bfdc-ad1bca8f7981,2026-01-25T10:32:51.842731Z,103.02
f8c7729c-7c9d-4520-8f5b-dfc74a800e76,c2316bda-b2f7-4a2f-99f3-4564d9259f5b,,7f6a74aa-f09a-4f60-a39c-a0c68ccf7ddb,2025-12-18T16:15:30.842955Z,102.06
dc0017fc-ef90-4923-884e-12f825d079a2,1746998c-acb5-427a-9787-30c373602d57,,c0dc7454-44d3-4bda-817b-d31875e44201,2025-08-16T00:34:07.842994Z,37.45
7ed97ee4-8673-4702-8e70-02eef4aec6ce,86dae7cb-dd0d-4196-8d1c-7b64e1ca0393,,34b6ae28-67da-41cb-83b1-c97b33dfdb64,2025-08-28T17:58:04.843075Z,111.32
7cdc7b48-b9b7-457d-88e1-c16f6961c83e,4d5f2ae4-e818-4357-9aef-dcd67614186e,,cf9874d1-705f-46b6-b3e9-cbe1e58e3847,2026-02-16T00:17:53.843193Z,30.92
491d689c-fe45-45b4-88cd-0992c34aacd9,98af55a9-dfcc-4ad3-bdf7-dd969404ddfe,,5bdd189c-8321-48aa-bae9-e2962031a00b,2025-07-24T03:03:26.843222Z,42.04
38b24dfd-98df-41d5-baa7-7187796929a7,32641d01-608a-452b-a81e-79931539d759,,8dd60692-d201-4c50-a580-7850c1e95f00,2025-07-21T06:16:43.843316Z,96.5
387a62bd-9b2c-4ea2-b9ec-f8257ce682b1,fbd89528-fdcd-4c1a-9b89-b6f6b0055aeb,,59d6d6c9-1940-4e0a-a3ed-ca04666e89b9,2025-11-25T21:18:39.843334Z,77.13
03b366d4-faf8-4236-9cb4-820c569b65c3,0603da0c-982f-4154-9e47-2e31851e6029,,25370a5c-dc1e-4a10-bfdc-ad1bca8f7981,2026-06-08T13:40:03.843369Z,56.47
4f4c0a7d-0c25-47f3-ac00-43d7fa8a85b8,,08d9c62a-70ad-4943-a77d-1afb27ed179d,6b43d3b7-aca8-4905-9318-b1c3fbed419e,2026-05-11T18:22:36.843411Z,11.15
91208464-2ffe-4ab3-8f03-855b3c2993c8,fc734de3-f02e-44d9-b400-98a8f542d580,,1e19d020-8de6-4885-b1d8-2b9aff3f3d33,2025-11-11T17:27:57.843445Z,29.07
232767e8-2b2a-4012-87f5-ceed2f984e15,c19b95f5-3a9c-4cd3-b5f7-dd277fa82f4c,,f980ab87-d699-456c-a96a-e362bfd00c92,2026-01-20T15:39:35.843545Z,128.01
36c822bd-73ad-4356-9605-d10cfd6b8840,,80b06f02-7d00-418b-8ab4-f79bd562d779,a7af19b9-f0fe-40b8-9d1a-c7fcda914ea2,2025-11-27T07:56:58.843643Z,109.43
035e81b5-9b74-49df-b840-65ad443d60f6,,e28cf971-5307-40b6-8c4f-0541747e94f7,eab47c6e-60d0-411e-ade2-82fc0a973fef,2026-01-09T07:54:08.843684Z,128.21
89ea716f-d6b0-4234-8b89-c6d752e32f00,,e2fdd446-30a1-45f0-ad15-d43b7b354cbf,c8692397-bab9-445a-90ae-7439cc46cd74,2025-07-22T17:20:40.843747Z,115.67
4a0e6d8e-28d5-47e1-a6b5-c468fba8b921,,75f8aba8-0822-4355-97f3-62f9e6d05c66,24a56de7-f7f9-4a74-84ac-6ee7f5d63eeb,2025-12-04T00:37:25.843821Z,58.5
039d6e45-3e81-423e-b532-295058914b0c,6971669a-3acc-4929-a81b-51116d8188ad,,19526f67-9ddf-4aab-b411-0bee51cec320,2025-09-01T06:01:34.843997Z,62.12
99cd49de-b92a-459a-85d9-7bae9013610f,ca0da774-1aab-4c48-92be-298e5115308b,,a81b33a7-ba53-452c-8801-04aabe7f038f,2025-12-24T20:46:00.844103Z,139.67
3cdf32d3-704f-4083-a150-04a224e7e589,37941564-4b66-4bd7-8364-d9dbc497d4d1,,9183c4c5-47db-4e6d-af05-9eafe1f586a0,2025-12-18T20:17:11.844143Z,96.2
8dea1a4c-933a-4635-8014-b61b7c430c8a,76a1556c-80e1-41e0-b989-1e0c1d6057b5,,5e2bc8e4-1797-4c5f-82a7-e5f343789acd,2026-03-30T02:09:11.844160Z,58.1
d8b89ada-257a-430c-9792-fac4531f2e2b,,05ecff73-720e-481b-afb7-5326dc78971a,cf9874d1-705f-46b6-b3e9-cbe1e58e3847,2025-11-26T06:54:53.844247Z,87.24
bb7cd9bd-9a3d-45c9-9f93-d3bf4202680c,,2e3ac91a-bcce-4173-ad81-0d9a50464760,ec97e4e8-1dee-4099-85b0-85d167c59b15,2026-05-18T15:03:48.844382Z,126.22
1c714d89-c1e9-49a6-b3f4-d0f51a357674,,17b73225-96f4-49e3-ad41-728a4cc6d91e,8998e993-9ba7-4ede-965c-cee7af7a4457,2026-05-17T00:23:45.844422Z,17.74
7e2c5832-0474-4212-9350-c86e3bc95d69,,a7adb510-7590-4192-8cea-4b1f99f8a460,145417d2-0475-455c-bfdb-23ddc2020330,2026-04-01T00:59:20.844624Z,40.95
c0359ce9-5a00-498d-950c-2dadb3aab79f,,9de1c16f-6d47-48bc-96a9-662797130687,dc65cf1c-922f-4f2a-be7d-7f596ab58867,2026-03-14T04:55:38.844674Z,38.3
dfbd352b-6e5c-42d4-bc0c-1d4f3d3680ee,cf75ceab-4dcd-4aa2-9279-0521a0488f40,,54c76350-7f69-4f75-b451-d79351462bca,2025-10-26T05:39:40.844703Z,44.43
3af7a036-8b5d-4f8c-90ed-8b4b5c3c5171,,fcb3bac0-6c08-4f7d-b8ea-5399cd075752,9183c4c5-47db-4e6d-af05-9eafe1f586a0,2026-02-25T09:42:18.844843Z,113.2
1bede016-487c-40e9-8a3c-4691bd98b60e,f402778e-5da5-4f36-a834-a374c21a1106,,1cac4b7d-9687-4005-8aba-406a7a82bb35,2025-07-18T08:34:04.844886Z,99.01
2e599c69-07d9-427e-8b6a-c5d4b70a8383,9ff27fc3-11b2-42d1-92b1-3d4931281312,,d98ac824-b1cb-493c-b4dc-fa735d579080,2026-06-09T02:47:38.844903Z,149.75
f3c02ab5-6894-4027-8cab-f69b1998f667,25132108-bb6d-46c2-87b3-c00023e596af,,95176c1b-f8b5-4499-af67-49f7732c6c68,2026-01-26T21:42:44.844977Z,71.81
603faa55-7d9d-46b5-a8a3-5ea29c12af2d,,354c42f9-5639-4152-b715-6fe54af04486,8245b2fb-a8af-474b-8d23-4304a5e9a19f,2026-01-23T11:49:33.845057Z,30.6
458eedd5-c2b2-4c9c-9a41-85b6bdccd44d,,1a189a23-0191-436b-a66c-c7a6261e0ad3,ffb35e8a-7d50-4fb3-b500-d6e2b0d928a7,2025-07-11T07:50:06.845127Z,59.67
a58b4e4d-f271-47b5-b666-4213738b0711,,64e990ed-4450-406d-b057-6ba722d6a278,370920ed-3f8d-46f5-b78d-f4d5c426c5e2,2026-02-25T12:00:09.845150Z,83.17
f008ef67-b6cc-4fa1-ab81-f21ae836c677,,a92569ef-7551-46cf-9644-8b885da72bf4,c9d3792c-59ed-4d20-b80d-de9e5af11e7c,2025-10-20T07:10:37.845190Z,22.86
8f068cd2-1628-467d-a4b4-aa3dfc62262a,,ee03354f-c8be-40b0-a917-6e5d7cf47d5c,17ef5cb2-dbbc-4423-a159-fe66957fb5c2,2025-11-11T17:12:49.845281Z,139.69
46e5b51e-549e-47cb-86ae-e3ea8f8708dc,77e21ed9-534c-49ff-bf3a-6c81910050d5,,464065f2-15f0-4a2e-b25d-516dfff9dcca,2025-10-28T23:10:31.845380Z,87.99
c413bc92-8b2b-419a-8286-3fa9fd910fd2,,3ea1de10-7a79-4e05-b690-19b2e601abeb,ea11794b-9211-4543-87ff-999e6bd73cef,2025-07-20T16:27:57.845477Z,136.73
4a38e468-ae70-46b2-9be7-347e1c7a121a,403b076d-ff6a-4817-a4d4-1f8505ece11d,,262281ca-9da1-4f48-bcc9-dac7c497ca85,2026-04-10T19:54:15.845505Z,120.91
f26ba9ce-4a2d-4c72-a66f-f80d3afce1fb,,efc3efea-686a-49ee-9e94-6aef69d7785b,cf925fde-e447-40d6-8073-e23c6f551820,2025-09-14T02:57:58.845666Z,109.68
86689abc-dcf4-4b10-8944-eebb292f149a,0dbfd0e1-7616-4ed4-9b03-6f43d2f4fb40,,882325b0-d544-426c-b74e-9b64ff3ef4cc,2026-01-20T21:03:47.845724Z,128.62
20d22a99-68bc-4f6a-9fbf-6b30333b5fb3,,b24bfaa8-202f-4d0a-9e2f-93269f5ffe13,181c0491-9549-4f06-acf3-4e0bf1af8724,2026-02-17T15:44:19.845813Z,129.58
3b1d56a5-00a7-47ac-8c42-a3a2bb04c98b,c034b804-6b68-4938-8964-98f10b1bb2fe,,262281ca-9da1-4f48-bcc9-dac7c497ca85,2025-10-03T22:42:01.845830Z,87.2
43a70c26-ae69-4d9e-b738-fa7a5b3a8b4b,bc8b90b5-216f-40b4-9d6c-704d1a65a06e,,0eea6ab9-a379-49ec-9c3a-9e38263db7f9,2025-09-27T00:05:22.845870Z,131.01
4e389a96-6d45-4da1-b193-62e4f2983eb0,,be906805-aa43-4c8c-aafb-23636aa1cf14,a2aa5c5f-237b-4acf-bd4d-896ec1b7d815,2025-10-23T08:29:01.845939Z,108.16
b1c37113-fdaa-4b96-afcb-d883a68508fd,03c2229f-51c6-4ea1-86c2-73383ab89428,,b4cf6a02-8d8f-4f2a-a7d2-b552fe2cffc6,2026-06-01T13:58:51.846064Z,89.85
fb7f14cb-46b2-4003-9b5f-54ab61a0df8a,7f2fc0fa-7e88-46d9-9367-bea32902ae90,,4dbf9778-98c0-4446-9ec8-916ba556fdad,2025-08-19T07:59:43.846562Z,108.5
c98712f8-132c-43cd-8722-8e4d1ca7a34c,,eb2b0678-e952-46f8-93e4-9f1ba8cf05f7,262281ca-9da1-4f48-bcc9-dac7c497ca85,2025-07-02T22:53:58.846648Z,148.87
8b2cedd7-5c63-4dcd-8147-2ad5ead42d2b,8c6e883e-fda2-4512-b521-4d5e4f1a24cf,,805d0c82-7625-40a2-ac29-8f766fc3f6ff,2026-04-20T18:59:35.846769Z,118.56
331ab3d6-9f87-412d-aaaa-556ea9ccc1bf,74839d8f-ff2c-4461-8ee3-42f8d15aa679,,6b43d3b7-aca8-4905-9318-b1c3fbed419e,2025-11-12T00:19:18.847018Z,117.05
b9b87f4a-ff83-44a1-9dc5-a3c29fcc9ca3,,67fbd868-2346-4274-9b99-9713c3fcf423,7f6a74aa-f09a-4f60-a39c-a0c68ccf7ddb,2026-02-18T03:44:51.847115Z,101.69
48babe02-eb27-48bc-b343-221434262898,e4a5abab-3a30-411c-a2dd-9f3454034f16,,e17a19cd-8381-40b6-8771-702f3a282e0c,2025-07-13T23:19:10.847145Z,36.57
0c7b713b-84d4-420a-9c94-31b2892575a3,,6847ceb7-ca4f-410e-8255-a7bc0c8867c2,19526f67-9ddf-4aab-b411-0bee51cec320,2025-08-22T04:11:34.847162Z,8.78
33113c5c-0411-496e-95e9-43e085e0ff6d,d0dcd297-956a-488a-84ad-f0c2b8bfac27,,6f6d558c-4b40-4c66-a4e6-e46524190ebc,2026-05-21T07:25:17.847350Z,146.59
949ef6f7-feba-4de0-a985-f035edffb05c,ea59da10-ccd4-421d-957f-d3efcefbdaa0,,28c08598-0919-4ad4-a544-1e20d0d0dc44,2026-01-27T22:54:51.847389Z,35.79
3c0fad05-80c8-402d-9fca-6efff2329cc1,,40c0c37a-0a3b-43eb-ba59-e9ca0824d6a5,27366ea9-7d9d-40ad-ab66-17f827a45e78,2025-12-11T18:44:04.847417Z,89.28
7984ff6a-7b13-4eeb-ba53-fe8861a86f60,,98270779-bcfd-43b9-a93e-57214a0486ef,e5990352-abf4-4954-bbe9-48ef19db84b7,2026-05-16T08:19:25.847521Z,62.1
a588c9bb-b4ce-413b-a394-b281c8e23eb6,,73191e6b-355c-4371-9373-85ae98c68a2f,59d6d6c9-1940-4e0a-a3ed-ca04666e89b9,2025-11-27T09:15:59.847635Z,82.58
9404901d-92bf-4ea3-aea9-b820195d585c,71cf88dd-1865-4277-ab6d-2119241d4757,,8998e993-9ba7-4ede-965c-cee7af7a4457,2025-12-16T06:57:33.847718Z,12.75
ffbf4d21-878b-448f-828b-1c4b458432d2,9b6ec221-b19a-48ce-939f-743ee6796d8d,,eaf75b03-369e-4f19-9773-1a8ed15cec34,2026-06-07T00:44:12.847758Z,15.07
379b2c1f-b67f-40e8-8ad2-e79059349eac,db40b9cc-dfdf-4211-8db7-d4949c9eff7d,,f980ab87-d699-456c-a96a-e362bfd00c92,2026-06-14T10:47:08.847922Z,89.77
8872b3c7-d17c-4892-8e9a-0065dc8b0e43,,96dc79e4-a340-4c2c-95b0-ba8925612a6b,02310335-8d93-4be9-af7d-55de45097af6,2025-08-15T20:13:51.848065Z,115.44
0022e6ea-4343-4ace-ae68-177696c693d5,,fc9a0e0a-94c7-430d-83f5-71e532b0a6cf,ffb35e8a-7d50-4fb3-b500-d6e2b0d928a7,2025-12-20T16:56:25.848105Z,90.98
b4917b74-045a-4662-be7e-4e7d3e829b33,ef9cd077-1222-4ebb-8809-c0d061d6e69f,,4dbf9778-98c0-4446-9ec8-916ba556fdad,2026-06-12T08:54:26.848250Z,54.55
292ebea8-7342-4638-a09b-9415e61a38ec,,31b8f6ae-edbc-4c43-b9c8-e2e7d8d497ce,31a62e0b-956a-4338-9c88-02b3f7ede7b6,2025-09-22T03:01:39.848319Z,38.33
7573445c-c9e2-4793-b046-d1ce66f87645,0aa41ccb-4639-4115-989f-cb299da7289f,,19526f67-9ddf-4aab-b411-0bee51cec320,2026-02-25T08:47:55.848342Z,103.22
250b85d7-a7ce-42d8-a6ee-ef4c2fe7ca0d,,68089c96-af0f-4e9e-bb88-ed60ff00e970,31a62e0b-956a-4338-9c88-02b3f7ede7b6,2025-10-06T06:50:21.848474Z,35.63
e1dc0038-e4d0-4081-a86d-a4606f92fee9,2d769b37-49d8-4e0b-90e4-8c6eb088a502,,f08ab47d-3ff6-49f4-ad4c-b00fe9042589,2025-12-14T14:38:38.848567Z,140.31
be994a92-e1e1-47ec-ba79-ee4e4052e7ab,8081212b-78a4-4eb9-82b3-8e7915e2efea,,17ef5cb2-dbbc-4423-a159-fe66957fb5c2,2026-01-03T07:56:58.848624Z,8.11
aa20acbc-a32a-4656-9aa4-b5c702a69f04,70d6fa5d-dce8-49be-b012-d0b91638fa22,,372ded30-38b9-4299-bf0d-124cb3f95d09,2025-12-16T18:02:11.848738Z,23.95
175a8934-32aa-4d76-aa62-bf40f7ea3033,69cae572-5dac-44b8-9774-94bd8be10195,,c85fdb82-bfb8-466b-8587-2c4a96321250,2026-01-27T05:02:30.848796Z,140.11
