asset_id,type,title,topic_category,duration_mins,content_embedding
2ec20776-234a-448e-83a6-6daa119b91d5,Article,The Ultimate Grilling Guide (Vol 2),Nutrition Tips,12.8,"[0.4302346920229356, 0.05082366952672668, 0.7081703625416563, 0.5085578700642651, 0.39317521465837757, 0.11067189434681379, 0.5201758025978451, 0.2132352874388117, 0.8551706660431577, 0.8804288503435241, 0.8170480189544219, 0.6582237625750084, 0.5946170630813107, 0.3325302622293913, 0.017626434229783827, 0.5683764757013213, 0.7887838367026341, 0.31274402828915315, 0.8417784276939924, 0.7042861982360854, 0.28846327514676695, 0.35573069126740475, 0.2605850195764755, 0.9923496237296362, 0.40696545166879516, 0.18678265182160636, 0.9836073397275057, 0.740472987359673, 0.6987720186682497, 0.6521469953309893, 0.1419071801615498, 0.6078645299349037, 0.13602329579616612, 0.06515763583255463, 0.028355289329501487, 0.809623636624925, 0.5179559149376605, 0.6784830303547629, 0.7626427233462217, 0.4625717825850032, 0.6884168671686755, 0.0031855820504680388, 0.5590571136776066, 0.5717227715921268, 0.7878237556563003, 0.054190829850300104, 0.9288745506519218, 0.1820668174159199, 0.11127135389779652, 0.1330371911841689, 0.3573478648300932, 0.5565465883290612, 0.1280596297444493, 0.8581628547268835, 0.01556577094340128, 0.5021100623184067, 0.8761727867647711, 0.5580116987045528, 0.8398308563384691, 0.2992548199831494, 0.1760481613832079, 0.0048744595224506915, 0.2649947373463113, 0.1055158719823488, 0.39556637699541175, 0.3982363365788072, 0.7596024415494251, 0.6195316841612283, 0.8202862832494593, 0.5968196167232355, 0.12049998938925233, 0.03802280898834898, 0.6438465981918201, 0.39689019169765805, 0.894542312831179, 0.2679083091640774, 0.7460905044178557, 0.27160903672977443, 0.018879623831946968, 0.8558026033025898, 0.4249521331433951, 0.5032555521905256, 0.44520330278168196, 0.29964144962715955, 0.32204228011300484, 0.09274136202684935, 0.07834553932225274, 0.7552361211004004, 0.8201340737582751, 0.29733910742451686, 0.4718860274237012, 0.7760698547798096, 0.11244231260890036, 0.7609274623455948, 0.8121850538808981, 0.9900665264043738, 0.5362046925402447, 0.7335475813948666, 0.10666877848788969, 0.46005816667751653, 0.5552989034350132, 0.887498388471515, 0.24092168436841654, 0.40647121926160024, 0.4701940673202615, 0.10285465872793653, 0.2463760335824069, 0.07958205121398243, 0.751114211772685, 0.9397310259839026, 0.8563931422811626, 0.9014691643638659, 0.4447116795854421, 0.4390240913515008, 0.5304272857226137, 0.9743535717702311, 0.9285501747205661, 0.027698390969430164, 0.33491391463393505, 0.282565782881102, 0.7794048019168666, 0.20379812283307897, 0.006237168427620676, 0.78999301757821, 0.06954520741418246, 0.3540198121769643, 0.8743738072511049, 0.7669239739820956]"
fc53ef67-8073-4424-9fa0-581d940ea416,Video,The Ultimate Grilling Guide (Vol 1),Family Life,3.2,"[0.3786549403410212, 0.9928845474521301, 0.5039552671998153, 0.8647918158872552, 0.721614998739429, 0.9702354399175329, 0.36708236246584625, 0.4400864621413947, 0.4582899682912853, 0.6856013979868011, 0.7330296373913336, 0.7081193012929822, 0.46739799216590483, 0.3955449846119029, 0.38494073459574984, 0.9017922799229452, 0.4702957383407621, 0.8165208720067061, 0.5260751126932013, 0.9357446159915319, 0.04340317728732168, 0.10616517190311525, 0.32304956699772003, 0.8682148883511952, 0.5262487211583594, 0.16238475680311493, 0.5196635945285861, 0.7144098943400863, 0.993244075989862, 0.7851069614813442, 0.16214015250575453, 0.8344650817009637, 0.5116141501160325, 0.12961557497966725, 0.44633094135065954, 0.38223517193985534, 0.2764949517930234, 0.5023423521985495, 0.5465517801732424, 0.1628684987033, 0.18141621021628718, 0.30037730384362615, 0.24172585328289586, 0.9612438487994612, 0.13817995135350047, 0.920268013619228, 0.5710853428027952, 0.9259982786333546, 0.8079985408950415, 0.8083469614546073, 0.8303003619199358, 0.3698775739187784, 0.7808017300192792, 0.17150696790062414, 0.1644647427305379, 0.4377638246736464, 0.9267992769043835, 0.3580269589386543, 0.20082286132114502, 0.9152659990179767, 0.47968074766498636, 0.472174920187441, 0.9131286861130984, 0.18686891016258167, 0.01725396918337141, 0.23334470215268965, 0.7202000930176734, 0.3931882328726589, 0.14118121283903962, 0.4225015697141683, 0.25236717934889796, 0.5868627696500566, 0.4254107991478614, 0.9254085010525323, 0.828664074379569, 0.9448683744318559, 0.7490635579060035, 0.16884329254839092, 0.6393275348373295, 0.7447284189181167, 0.6606990840691248, 0.23052127996521732, 0.6249308483250996, 0.25159336928292786, 0.819455724956596, 0.6897566499649237, 0.5846577380942733, 0.6112199330653627, 0.16045302708531983, 0.786615320133572, 0.6831601786870438, 0.412215675091935, 0.13275965719226124, 0.8956713609519958, 0.9176937520576625, 0.1821397456181627, 0.6398067849229836, 0.8445291498840615, 0.36129576008135766, 0.4118723984238014, 0.2052188378890316, 0.5177387017666161, 0.78486953507908, 0.8760977353367753, 0.811154087885625, 0.9225587562425372, 0.472200153568326, 0.1851347462376709, 0.7106991948757181, 0.8517072651648949, 0.9311806081579552, 0.4225322442323287, 0.6241900188890986, 0.5130653229789992, 0.32707454825568916, 0.26839433168622606, 0.27426025122930964, 0.5644170672725366, 0.8778710021472904, 0.4489039136271151, 0.4565635831687882, 0.8288446640710938, 0.8488726490584719, 0.5975681286475127, 0.6777760442582517, 0.03991975253306801, 0.8952157162822731, 0.2633765965884485]"
72e2b618-33d6-4fea-b592-332de659d463,Article,Whole Milk vs Almond Milk: Which is Better? (Vol 6),Sustainability,9.8,"[0.5009532779919124, 0.03260146983300727, 0.5968796191655126, 0.981303201431076, 0.8078031292143177, 0.07261033137470208, 0.24056287241043073, 0.8577439576878956, 0.26086647212441205, 0.288331313194806, 0.5831566238347132, 0.11442672061358672, 0.484709468598545, 0.36445326498810493, 0.24057036898908402, 0.18343342313163202, 0.17318834741135436, 0.6180292584596894, 0.31055254814889144, 0.8754202237949381, 0.09192171919328396, 0.43325802905028443, 0.45464565086261743, 0.6174142888374999, 0.5235033821037869, 0.06027381657900277, 0.41483661469577393, 0.8050433457590148, 0.5066533805835627, 0.9644115798621528, 0.6598397106299468, 0.931406123076632, 0.8713432289840154, 0.9616939266416022, 0.8999022349785949, 0.3540173353872478, 0.6800607212373235, 0.7338439042959202, 0.8923328216676178, 0.09643025617281997, 0.9074299640074743, 0.3132210299950454, 0.0007162947049433877, 0.13444307823626866, 0.9179219262193897, 0.3046604920237387, 0.3625973803402265, 0.5991477304490959, 0.36232552433556, 0.29893874744300086, 0.6693074547039118, 0.2855747924954066, 0.4993378856366507, 0.08971846458843691, 0.05930425394927141, 0.35759893145280075, 0.08857026175444949, 0.3270015076658648, 0.5180282896581144, 0.38642818244226074, 0.9077659277235864, 0.5557604593640562, 0.879075144135339, 0.9096007153323443, 0.6803188864715695, 0.1562080787709279, 0.9651690001744555, 0.9680856277765574, 0.4464394775739342, 0.7980401342341544, 0.9231015995414905, 0.8042103542950702, 0.49546873908339095, 0.6739011023918384, 0.15333254004400088, 0.5210255162520016, 0.22003206900406025, 0.9948323812152332, 0.5193466731400763, 0.03929819391978395, 0.3288779650271143, 0.32078923277581184, 0.9234888539489255, 0.37100875155141544, 0.36708437998978904, 0.13738541706516816, 0.5522695111151003, 0.2458076814067368, 0.2364304409611372, 0.42462906512111587, 0.48115142900565666, 0.6236093742015654, 0.820108005311848, 0.750212655466443, 0.3768673668313657, 0.5221744013712022, 0.13753025326860824, 0.7435199760982012, 0.7907918574628309, 0.8924440565770464, 0.6981627745316487, 0.5240004223372113, 0.7172008666331353, 0.1144818210914329, 0.8649971590613388, 0.11904114057561577, 0.030255306741647336, 0.4541676434839548, 0.8889571194666211, 0.7572112701939759, 0.009953044728261307, 0.3020799389041162, 0.9900404115889767, 0.4120386168197141, 0.33023637309327714, 0.8789069857418232, 0.4730694921623033, 0.24607234732034244, 0.12260262895250718, 0.5888034200557553, 0.21754712484011562, 0.8962261242962536, 0.3781160701145818, 0.6397152659635473, 0.6293832589173911, 0.8575537477240784, 0.701597697700859, 0.23210041052601282]"
e18a6475-9f83-4074-98a6-6e29bae9ee31,Article,Baking Basics: Flour and Sugar (Vol 3),Nutrition Tips,3.0,"[0.06312986649313213, 0.09893367323805524, 0.6728927044370543, 0.5197952211024167, 0.2628265966203478, 0.20827913561682, 0.6590747700769323, 0.20947484359263135, 0.47184960863285574, 0.5580917775128454, 0.5092564988972521, 0.17322644253131347, 0.34425016065283454, 0.8905430183597952, 0.21803580284140767, 0.86110338431818, 0.020931136282108742, 0.9334268743343057, 0.45263921921905714, 0.02234309231092002, 0.16875075947052376, 0.828538713444883, 0.1495231115207285, 0.561180609863544, 0.010843907560708743, 0.8344097014209555, 0.6296990425335266, 0.6120375560811083, 0.09288487820735247, 0.06971290733315594, 0.8935516048286589, 0.5100382072758562, 0.9897770971220136, 0.03323027622701891, 0.9047137605375759, 0.8558700316798751, 0.7219232521658024, 0.654643077186482, 0.8839694630672107, 0.22282384804830424, 0.4202909261769221, 0.5957921176125818, 0.735745801131739, 0.2964592429010874, 0.7216827130429074, 0.19644839721665275, 0.18199477602131853, 0.520854888345138, 0.35760945993025506, 0.8920298016186788, 0.6941294840344893, 0.9601593941995943, 0.8133476682988788, 0.11373421180128018, 0.07076603129482617, 0.2450039465921806, 0.5615991784827546, 0.6668155209304012, 0.27627690123424287, 0.49363541312995474, 0.08454618524207269, 0.5029324835227094, 0.4587531183865263, 0.40829636861227103, 0.2740441632592683, 0.875333743469975, 0.11162573091574035, 0.9673326508921746, 0.610003363311908, 0.699272031662249, 0.6089839984205784, 0.610906919522166, 0.4712835171549964, 0.43050692952203684, 0.9395047154076647, 0.6701771120959095, 0.4424451480256868, 0.9585936952698986, 0.7279996350434514, 0.2088886295278788, 0.4115348406477142, 0.5017321915453407, 0.1984360865311554, 0.03968319703643375, 0.14834420521193825, 0.9125966843012568, 0.9782498139119916, 0.7514311986976989, 0.6921885303319405, 0.3216110731560804, 0.9851598225564697, 0.39472937968076227, 0.8709817672872282, 0.9655288902796004, 0.5290850106435339, 0.8805422580373466, 0.9245715259474618, 0.5257644683651108, 0.6616070021635305, 0.8807211930211052, 0.577862955374475, 0.16162736123397559, 0.278190121784321, 0.9011345433515217, 0.8806843765619489, 0.7212003357848722, 0.3288249559579606, 0.3299891142382577, 0.8525962421770499, 0.4727543571260522, 0.7072724504628342, 0.5250442359423023, 0.8622459506134765, 0.41083282580452196, 0.4409357901771018, 0.24922889737388199, 0.16105113320844777, 0.8599618279880096, 0.7718257582777232, 0.458660662337665, 0.7229408678665729, 0.2452759304249874, 0.2227102166672792, 0.9630599915551779, 0.5923844642750049, 0.584028348033949, 0.5197577177364315, 0.6723640077449232]"
485ba548-bfe7-4482-82be-f46e613250e5,Article,How to Pick the Freshest Seafood (Vol 9),Recipe,14.0,"[0.10565945590105486, 0.186520675858177, 0.10154645683107466, 0.3466638434384428, 0.9557726933882406, 0.13704111204479652, 0.24276479212309876, 0.8278548697790721, 0.8812568234392736, 0.7567408798909915, 0.41709583453236976, 0.5862452077827827, 0.9937277705416764, 0.2971025016803046, 0.30924242383447353, 0.5014678593329994, 0.3633907735835612, 0.12790104839965855, 0.30291047956559003, 0.39655354366128215, 0.7975264064816806, 0.312880286614863, 0.8721370949479589, 0.4780906638007538, 0.6687459210069254, 0.646299513345964, 0.3626591848877768, 0.5247193024544581, 0.6000339899331855, 0.7758016831162503, 0.3659498623775951, 0.5982604740349474, 0.7468803286970946, 0.6248102025069933, 0.36752616196597887, 0.6619117397982459, 0.13380524345171696, 0.42467759815807915, 0.3856019423474497, 0.2447556494380152, 0.4748746131274363, 0.16221816693720337, 0.8430849183948077, 0.07718938858807556, 0.32254645512744773, 0.9975549960817581, 0.3826899395893587, 0.6007325869454296, 0.7184845382205247, 0.06270334344806172, 0.7513154224158354, 0.5241617087109153, 0.37567653543320434, 0.5061730385283586, 0.05072037559593334, 0.34642316646685045, 0.6176498434077232, 0.1717970576464789, 0.5229257735806602, 0.1429791267172379, 0.3614410888723567, 0.14211279239513774, 0.26966150045224335, 0.682095989998495, 0.2370406344441398, 0.5978001798478132, 0.9057457043295598, 0.9904548388150614, 0.7343241455865367, 0.06093353554791903, 0.21621069524019088, 0.07864608038123655, 0.04014776259802677, 0.3596658037916284, 0.3291393545536999, 0.8346032135504338, 0.055056967215803, 0.5851711429420714, 0.4381741301142771, 0.497432507311656, 0.23120959702387534, 0.3646183885446489, 0.8462356876787505, 0.6577646252167734, 0.8890762779028502, 0.7798716035369346, 0.5097962289580478, 0.42655775871099, 0.28907173344660764, 0.09416083097492489, 0.04136286256063515, 0.8338793228973074, 0.7425478326692277, 0.2476236127728264, 0.08611805631678016, 0.17865155348829542, 0.25519588195261067, 0.5803819142349822, 0.8538627350157008, 0.9763797681974109, 0.28114535824468057, 0.7214664491010979, 0.9058034316811066, 0.44153924963113156, 0.2631620551135636, 0.29114791357739345, 0.12407872692692967, 0.5370210893103998, 0.826199515321589, 0.564820463492354, 0.24593479480613545, 0.5316834909801967, 0.5768917096104328, 0.45310819029090954, 0.08957429113518289, 0.20007032715882667, 0.23611707041877472, 0.9694198791692296, 0.8823558751785725, 0.6567111972768459, 0.30362282151032927, 0.717358106388838, 0.23635436661876885, 0.5768128609031886, 0.8826684909492424, 0.1229540818060949, 0.36769765375741115, 0.21396876985993463]"
3b5b6530-cd28-4ccc-9f4a-9acc0cfd3c3a,Blog,How to Pick the Freshest Seafood (Vol 6),Sustainability,14.0,"[0.779586461664199, 0.9781602437832277, 0.24279125721178474, 0.9655438428149065, 0.3322033647581977, 0.5989760311634141, 0.18644188457392075, 0.6636884141954634, 0.6609814102120459, 0.6366646740335662, 0.020795153293991397, 0.5993189293363272, 0.5732986171435326, 0.9268028086623938, 0.18058371170736476, 0.875669404563598, 0.931337345069451, 0.6338216113808509, 0.5644052632827844, 0.22273699868014518, 0.6250271791235591, 0.4653869091711287, 0.25074883775412116, 0.8650430466115127, 0.8322228867773522, 0.9258506510835111, 0.5693999528570333, 0.5461803466820464, 0.5042691845908378, 0.8966279827987739, 0.7078535366425257, 0.4236593860424417, 0.37094775003640734, 0.35555979826947826, 0.7609366466682189, 0.06727605638347733, 0.7771358474773427, 0.4886247246851714, 0.6050495815774435, 0.5122065344233929, 0.36043867800201845, 0.5295710037451488, 0.8965601759158993, 0.38592452717009007, 0.8960286030401089, 0.822012327309104, 0.11812702090199623, 0.5670633173270587, 0.37737306018721717, 0.8816066063353452, 0.9452229929467848, 0.7104695362504945, 0.42650690050205553, 0.05696575491583944, 0.5549598059597772, 0.12528808663182922, 0.9173129209213771, 0.10691451692661158, 0.029913630752652964, 0.7555634477892279, 0.4745875425886503, 0.6092170567246009, 0.8804148198218168, 0.5314898799631541, 0.6092949121794359, 0.07731770148730577, 0.3982318659186297, 0.9484309196684407, 0.15156934641912012, 0.6626137931252652, 0.6321661092466827, 0.9840093002357008, 0.04107120195189817, 0.3035814693156649, 0.024206023989551628, 0.13544101166569555, 0.2297285671401128, 0.3621626920775406, 0.4135539188430791, 0.7416535081407688, 0.21556590209526127, 0.8602189057939186, 0.9953026355260721, 0.09001247232449616, 0.5126993830250234, 0.9470234096877705, 0.5492307625902034, 0.6535408676827029, 0.7841272517881944, 0.5301850078968489, 0.4461363425185486, 0.8503359626665048, 0.44882462540257095, 0.05831326762565303, 0.6942708853778908, 0.5360298613802574, 0.46360779957782716, 0.9171414508121174, 0.9049990952694018, 0.9678949266583786, 0.5634102792224649, 0.28265198491485655, 0.13665070579604843, 0.19665670277277503, 0.6461760759214105, 0.5055306507245698, 0.7502230955974885, 0.9043989133233976, 0.9951008238680936, 0.06514695677579341, 0.32639489182540227, 0.08920599907347604, 0.6265607908836782, 0.1709899317109611, 0.0925935504029386, 0.25422271991112566, 0.9834659129118768, 0.19433275234380032, 0.18877063177846187, 0.18320833294057748, 0.606295759554851, 0.8650420203610861, 0.11264918953903613, 0.4359410071367359, 0.534355321164693, 0.3172630628823413, 0.640221000174903, 0.7853196966729368]"
71315b3c-ba7c-46ea-b1a6-645f81630664,Blog,Healthy Alternatives to Soda (Vol 3),Nutrition Tips,15.0,"[0.9205976087170465, 0.9396386002469026, 0.6949712209911112, 0.540256758612782, 0.9335679399336726, 0.07604054438860319, 0.8309735835205958, 0.5869651646650953, 0.447752578507263, 0.9924995680853853, 0.8545292355576415, 0.24484274256044591, 0.5998579593544694, 0.6755444114802691, 0.5679783457573723, 0.21851998577353682, 0.976535052015339, 0.5781938992228821, 0.24750535840898413, 0.4922221965430458, 0.6145937396607329, 0.8286132404048895, 0.4527675213211122, 0.6048043318590934, 0.3799648404931516, 0.16784590894660056, 0.710776414634337, 0.9698227544900891, 0.5342733141645143, 0.03439849786829907, 0.2168286749292977, 0.31043349748495375, 0.7134640819067215, 0.6036437715061654, 0.6064972616469922, 0.8628345240793425, 0.30696169542469587, 0.24545222276671474, 0.6307229842440146, 0.5807462136108804, 0.4511469216168046, 0.8520845998957339, 0.41852164160303107, 0.9574542241215539, 0.56570363385818, 0.5858236322452528, 0.1846486962220707, 0.2527937780374586, 0.708435102927358, 0.13513279360052344, 0.7010736490617592, 0.5747187773036618, 0.0714051661993853, 0.5477595660960916, 0.7701479998489885, 0.46224446694130716, 0.0049914345456897324, 0.16222166327921583, 0.46836378918487354, 0.9515119929767747, 0.7228626859622236, 0.5846540527047007, 0.485521190113289, 0.44544904379408456, 0.409740013820297, 0.2809020814083465, 0.6620470780397971, 0.20382809771168187, 0.09534245833489308, 0.1394996195615983, 0.19734753664247218, 0.10871956980401598, 0.8542384863082895, 0.9234897056672023, 0.740766306371555, 0.3758731443094817, 0.18083960914893016, 0.4075045989704682, 0.5759863574263349, 0.011265296235407951, 0.36101245352057665, 0.7009190726455079, 0.15825652931112655, 0.6420256562661039, 0.9037087345310343, 0.4990260354692554, 0.08125282828997915, 0.16709313780045132, 0.8369530162790666, 0.2951776641826125, 0.4665524422273394, 0.09082591351973657, 0.9503969287522525, 0.8963680416278015, 0.1504253531745099, 0.8923946816327526, 0.7625272498179219, 0.8767832261134217, 0.8440440626427888, 0.6713192023678802, 0.6681363606400906, 0.34075418126163404, 0.03333544111371767, 0.9812598173724423, 0.19271184352133397, 0.7352528528670491, 0.5820086093847461, 0.3740537179468676, 0.0314805896272955, 0.041148196697705974, 0.963824315715718, 0.3952454012649457, 0.9490874054113893, 0.12520197139020695, 0.7643988005262801, 0.5394268265188088, 0.7447207426059977, 0.40104835402463934, 0.33728999002064075, 0.6983461690459464, 0.7793166023141094, 0.671493708940601, 0.57300511995406, 0.20240290191485877, 0.8808006009858426, 0.09130217105439598, 0.1931464342436513, 0.30352529799677364]"
58add021-ffc8-4498-b344-6f07f547a59f,Article,5 Quick Breakfast Ideas for Busy Mornings (Vol 10),Nutrition Tips,7.6,"[0.7156752208361882, 0.8777026346458007, 0.48922336296548874, 0.5240374473010845, 0.11637052373340262, 0.7139391111033674, 0.02872904026416434, 0.6003521879427082, 0.8457090947711374, 0.7484237480858571, 0.9916401693722215, 0.5629036648903512, 0.311391914145718, 0.1565960324446578, 0.3232092750543285, 0.6298164891799818, 0.7614375092117324, 0.48362027223263804, 0.46598343902469774, 0.7253461460012459, 0.5428010538724676, 0.28924042139838435, 0.1953304448584443, 0.4321429726581515, 0.12155006867253271, 0.6089069802863254, 0.04840121020845056, 0.9388140585530043, 0.9315506704905752, 0.8795386549204635, 0.025434797016101518, 0.14646345640730007, 0.6532716465931501, 0.5766610461762445, 0.32385714370628715, 0.14640236023672426, 0.9366534057157632, 0.3407491284885684, 0.6020873062315373, 0.9980580701233068, 0.9997019422564153, 0.8438987691627916, 0.8384334919062599, 0.4690180641547428, 0.9344883281524428, 0.11081213588038463, 0.6673462769332291, 0.8589740411304171, 0.9291855307954381, 0.5715138028170663, 0.48706812851704306, 0.5225447284362584, 0.42440338315867143, 0.8609458769361993, 0.3902880523659049, 0.47308858883030347, 0.14163394496124182, 0.627583784283724, 0.6381121281058405, 0.6421521874719339, 0.5601225467865645, 0.8531331893266153, 0.440234297413604, 0.04424074289125268, 0.9880454263509006, 0.17381853907305433, 0.34315290323130077, 0.43715486396999415, 0.6395712571460467, 0.8420828785465145, 0.16926495506983408, 0.6521999856189318, 0.7942281260453421, 0.3730170451142545, 0.6763672961960773, 0.8862529483613729, 0.012352547387158852, 0.8660140053230199, 0.022970768836116817, 0.3434673913355897, 0.6869760729884286, 0.22897327313284566, 0.5189161759544557, 0.24215651586861775, 0.945859491542433, 0.1493181917455183, 0.20709077894603511, 0.3531996311059993, 0.900821074788398, 0.9839064667687828, 0.7017643039884721, 0.7053201814229345, 0.6654448396774534, 0.5775271228771626, 0.9842741058615088, 0.5188460382459658, 0.5332303763732879, 0.40049175027129547, 0.06315632004697191, 0.26957978590375986, 0.7330014780252799, 0.5253749650513891, 0.38760008073215557, 0.9545427268993227, 0.49028069095071325, 0.8490775944339519, 0.37729139528184774, 0.32230499086381226, 0.32290813394352236, 0.10182501688128276, 0.888771924849165, 0.41794319443275685, 0.9798167670417749, 0.03771110601308836, 0.8370361890408748, 0.6425009113673678, 0.2661282568983818, 0.4066123699961828, 0.06438971795869264, 0.8161289754456498, 0.3568324396657825, 0.4468802273725486, 0.1865609050039323, 0.2737284564495892, 0.3764078756216539, 0.2691738719486714, 0.051256912905865204, 0.14334295635201288]"
08e1bfca-3e43-4fa6-91e3-1108109dab56,Article,How to Pick the Freshest Seafood (Vol 5),Family Life,12.2,"[0.1409987794483526, 0.6491716506988606, 0.5529330994872991, 0.582699837799418, 0.740225432999792, 0.8494426749552381, 0.30011795952232423, 0.24057351022220574, 0.058766636620539936, 0.5725568004386873, 0.4594379240780959, 0.880784887319906, 0.49814699995967815, 0.7100816049665648, 0.06473500131288557, 0.03953839333787035, 0.8315900499065724, 0.8387958492301245, 0.5663325281093735, 0.022502884009687918, 0.9570819970355702, 0.28954108499821585, 0.44186083375039453, 0.828272293566766, 0.10558307635552033, 0.7862922808312787, 0.4841075905510025, 0.8468390456628617, 0.6824673933678626, 0.33340493939000293, 0.006617548635841186, 0.2108078162478192, 0.949743294382364, 0.9562963794096182, 0.589317099909948, 0.42680833205446334, 0.44443260630064874, 0.34429352451998796, 0.24651732033774854, 0.7124572002253241, 0.26377505116766686, 0.7834248703838764, 0.026460657917049768, 0.99612694751746, 0.5354239406443597, 0.31980600819235616, 0.1507618451570366, 0.8333420252525314, 0.47789792401927356, 0.5399446253128929, 0.0800844147304175, 0.049285467812398176, 0.7251481108362781, 0.26701321819190715, 0.46884982792275764, 0.7499256162352927, 0.3215552978911558, 0.2047933738087696, 0.17662373819400368, 0.47208345548552644, 0.48781149575279414, 0.8007576753448481, 0.00789276040986564, 0.6566184737791465, 0.34339238032747055, 0.8334680316753308, 0.18922095979442988, 0.8498556565587478, 0.31189564238250456, 0.2650393675057967, 0.30877555831093284, 0.9820506482235377, 0.03248666336738959, 0.5205116575131873, 0.927061296042463, 0.7042126925807771, 0.7824380909176121, 0.33817150013872943, 0.06714311249510219, 0.00980986542032758, 0.5901529070611752, 0.38865058021851395, 0.7433576992768262, 0.9531018918470261, 0.742448744346952, 0.19610933968559063, 0.3867095512137655, 0.6022151081718288, 0.8964575878456182, 0.012382957752743562, 0.43606514156439113, 0.895546306596866, 0.7356344121277405, 0.07532693075928765, 0.3338553057297381, 0.4231811523693402, 0.056094849983085227, 0.5372933058027707, 0.4437761480334279, 0.5083115428962933, 0.5314742796085411, 0.42245443088084045, 0.10628230413483497, 0.9372119747065555, 0.02078715234398687, 0.2916081535343138, 0.4774092964997225, 0.402380434449365, 0.7894873408872892, 0.5258020950827308, 0.037683858999704056, 0.40647721858276675, 0.2381171533858547, 0.623720659805651, 0.08229717892296418, 0.1761224839396368, 0.11233978678700496, 0.7099108238619667, 0.4553072160945263, 0.4511597725666644, 0.2562865286126065, 0.3898394206450494, 0.7206008437906699, 0.13518088049696142, 0.714596901865118, 0.9720503004166584, 0.033173396492290896, 0.8581043157639547]"
a425a8be-5295-40b2-8692-0ea12fa1cb77,Blog,5 Quick Breakfast Ideas for Busy Mornings (Vol 4),Home Organization,6.0,"[0.08576090678580539, 0.6350340094767568, 0.4121932948403947, 0.7473345210554632, 0.184864126798434, 0.943306176727316, 0.7352256572509955, 0.8594173053203874, 0.7447953366922022, 0.7186676456131285, 0.3028348075908701, 0.6235681027903923, 0.762746520774632, 0.44774994434771587, 0.5621392824422843, 0.04211618802855477, 0.6421026084049746, 0.006170824161378152, 0.6214782511085452, 0.4984439184154422, 0.23981236804606, 0.9492473252559868, 0.8290578919240674, 0.6795709514069614, 0.12031159076071507, 0.4085486055105483, 0.1902115776851515, 0.5092279951693381, 0.09550943555469771, 0.22723491322141176, 0.2731173508240725, 0.08013850389311206, 0.062685190318986, 0.3617254182523849, 0.5920369965500245, 0.10161936464543175, 0.05086408168714185, 0.03552701804016534, 0.061897110664766664, 0.27796337545375005, 0.8502950177226265, 0.07629813297893606, 0.7621672454528304, 0.7477746840039814, 0.13446336040375872, 0.9711201111138473, 0.8969064785610407, 0.03328629503376124, 0.6732467420331242, 0.8454307850558149, 0.647961771645769, 0.2836959360132315, 0.9963335123657668, 0.6341118995809492, 0.5917227288382578, 0.6228544573105458, 0.5403965951648055, 0.30267565009680397, 0.018334288085985806, 0.7351022923697329, 0.9127865072945051, 0.13565641676086293, 0.7044078261171323, 0.3052701318246033, 0.5839715419964983, 0.1964432084674389, 0.7879317253714674, 0.1916851587407037, 0.7443771378205388, 0.5006624792362755, 0.3877305120668326, 0.30280412109986354, 0.051616625988320064, 0.8804426456195349, 0.3135310839036638, 0.21309916330884182, 0.33279465063459357, 0.8474087143713822, 0.9945468655359878, 0.5390757686357099, 0.2726423603574508, 0.9454868209725288, 0.49771930831568767, 0.9889893582804058, 0.08949040253833329, 0.05409243813646003, 0.8813511181921359, 0.2650028828803632, 0.43862460121475955, 0.3487592942871951, 0.1735698432554298, 0.3470156218678042, 0.7153462843127749, 0.18385550478964707, 0.8712264641936955, 0.34231389090408004, 0.3766585839836486, 0.2207791358984622, 0.4266856045958587, 0.13718711961863872, 0.44850470606001047, 0.07862770415702935, 0.6361483122818841, 0.043866664890791496, 0.9079472198382067, 0.16738005243323584, 0.8838095585243556, 0.3532580481178367, 0.9142428538503663, 0.6304430992354112, 0.4355043717416738, 0.33851538686041116, 0.11359979485328608, 0.6061215442567776, 0.18031348716486473, 0.27657747515194475, 0.2494615461329054, 0.6066283306995284, 0.2527038973959851, 0.3972456694824221, 0.948726173329572, 0.4131081297968422, 0.5095398461116759, 0.3418692725796749, 0.36626738338483633, 0.03719930049775255, 0.1325603111304191, 0.05171043836382283]"
6b8129e8-20e9-4be7-86ee-84f404e513dd,Article,5 Quick Breakfast Ideas for Busy Mornings (Vol 3),Sustainability,4.9,"[0.7905269372248194, 0.6291067360965545, 0.8220607386886117, 0.6218968533682068, 0.8182371582348994, 0.6513833630268925, 0.16871820750067146, 0.35259844824275166, 0.9105459995776733, 0.017612256525738057, 0.005214543192676668, 0.9988132305200397, 0.2078400035075414, 0.4649116336510297, 0.4704661996420795, 0.7223511086778204, 0.7339423707543641, 0.621891345066348, 0.20801365460543453, 0.3084185257870601, 0.35014939325322336, 0.5459691120090623, 0.454565208387984, 0.2513458360486652, 0.7612990739084043, 0.23423349350916645, 0.7086573752713262, 0.17294404605249625, 0.3392826420098727, 0.8730516033272191, 0.9879531794323654, 0.5251203480937422, 0.841893072159933, 0.19019135965535727, 0.923351114020671, 0.1728393179247314, 0.32497118101778755, 0.07182387196665607, 0.9664878467190495, 0.42232175855156784, 0.9665945896115345, 0.9073686182407893, 0.00932643489870666, 0.6978323455515065, 0.05191600864173196, 0.05468706675172985, 0.3124438903071486, 0.16470292836578537, 0.5407515603940914, 0.8802482144323472, 0.5753222338452196, 0.9772514182207, 0.2803518930310108, 0.018694523690271803, 0.3010063781144392, 0.5207880169618773, 0.9463712723066504, 0.2562766646561945, 0.9519097338325202, 0.9208097637143907, 0.08791122178489363, 0.663517659421261, 0.4531553321998215, 0.1445532868870577, 0.6115330795045159, 0.15716801008870895, 0.27558133973625465, 0.7539209198186091, 0.07913372000924268, 0.08051724317667464, 0.7643434887195456, 0.42960627814470165, 0.7527722284998175, 0.9688875570307899, 0.13985770850258328, 0.8799305425846834, 0.6235566468153362, 0.4406706205138702, 0.3052699104310984, 0.7331349468041389, 0.6101885096085917, 0.5393877779949535, 0.46801304516579767, 0.22101216743839724, 0.331222217628807, 0.4050894771553758, 0.2712633938223241, 0.324218567335817, 0.8006094426920175, 0.9576331008174648, 0.46619882799619616, 0.5481007873728553, 0.3992673675392763, 0.43149932971799343, 0.9731253377831072, 0.8705728035592667, 0.41820467498099456, 0.8148471275224762, 0.9240515667138138, 0.03301137230386997, 0.5480550299721164, 0.8309143840035205, 0.5592307060188596, 0.9869366079510022, 0.32225340200090036, 0.6584110421507019, 0.49389038790036155, 0.49728850920622814, 0.5178718940043335, 0.09389987665954447, 0.550365415356772, 0.35173161150849597, 0.9148366667086633, 0.21597821449970833, 0.050004114218057505, 0.5604650269225576, 0.3476425501265189, 0.18987408449418552, 0.6412989959134752, 0.15463098971539413, 0.7058045271708193, 0.9683766375633189, 0.20763017073387968, 0.7312573845127966, 0.8277982054429487, 0.24153664604640102, 0.5242470608724771, 0.7798830862306392]"
1c0f4f5f-9370-4a63-b703-ad82df5fe4f9,Article,Building a Better Sandwich (Vol 6),Sustainability,11.7,"[0.6750056479301234, 0.9014844770518627, 0.11685601520577038, 0.6674080294190877, 0.7678486122522221, 0.25742502924716293, 0.622607953962866, 0.14001461294784256, 0.9125873025401557, 0.31627276262736803, 0.13016009301557396, 0.9046855706696149, 0.346491247421185, 0.11839891454542573, 0.29919510206898425, 0.011335821690820258, 0.3230265549541399, 0.046023435394547785, 0.3203662464841468, 0.15808045952012706, 0.9725848613087889, 0.7161696178106781, 0.24467466797400195, 0.8334368464331068, 0.20743305459992412, 0.9352697888183736, 0.10728116827243106, 0.3730570383058769, 0.6336049640315605, 0.3340795038958847, 0.3684250575720083, 0.4584596434817626, 0.3736990826560118, 0.9763832556406068, 0.5069490449976606, 0.5887749401001606, 0.44750176150118015, 0.40782062185562207, 0.9030648533539674, 0.7928422028739884, 0.42118232794707533, 0.8295913222310718, 0.46399804418959056, 0.8677828892704773, 0.47482456200659073, 0.563558231480967, 0.574443936287434, 0.8570273043071799, 0.7725476489134809, 0.4235265156070278, 0.8530013116540679, 0.18962245746476236, 0.5144719670769847, 0.017310402082033716, 0.9667555382266831, 0.8674184629969935, 0.4606516811444742, 0.11740325279385622, 0.20377467307094443, 0.3396561681083802, 0.5508375086937065, 0.4186574038185925, 0.14884228035353508, 0.26872648825063106, 0.7551189845255805, 0.2258742809806331, 0.3363064896096245, 0.1517361456323626, 0.8068559014253839, 0.9329749358937498, 0.12502335464777314, 0.27148139636574564, 0.21402295937041127, 0.6481339237973144, 0.10554301190130377, 0.9797715883031928, 0.2570893051755073, 0.8907599468305627, 0.044409377919614856, 0.5650136197549157, 0.05157016719578145, 0.33756319042412697, 0.2383679042555069, 0.9065384152179161, 0.6212979256345965, 0.8595986646667814, 0.7023601041468625, 0.36502702676073684, 0.5326142422069063, 0.7468165644184949, 0.561295600923191, 0.9250418039489658, 0.7906579879193507, 0.6737223993003943, 0.6021302657562443, 0.2083822587873475, 0.04387665004103203, 0.8234178459067448, 0.9051173518404757, 0.5699667129318096, 0.03284324080251966, 0.6497667990281766, 0.5828487879244917, 0.7475794780911011, 0.1617323085016713, 0.14963155604420886, 0.230390115529176, 0.9003452619458712, 0.41409310074439987, 0.7005007252961711, 0.032104192753454996, 0.3214455341899666, 0.6911640571678628, 0.04055608456148796, 0.0029431934401562554, 0.8272480041293743, 0.7799168223052382, 0.7801212523621186, 0.3472314882675521, 0.02739301138280903, 0.6587839122409851, 0.31469725714780417, 0.4794062778691299, 0.28975875214481217, 0.9325935361325985, 0.7916280330571136, 0.9363388538381943, 0.3844905227317287]"
ad1ef65c-d6ff-4ede-b745-a641ca11e9af,Blog,Unexpected Health Benefits of Olive Oil (Vol 8),Recipe,9.5,"[0.6918369009947225, 0.6132738720530436, 0.9056095607183041, 0.3252420894411686, 0.5532433276428959, 0.5132792264822383, 0.4380881446718452, 0.3521228625394188, 0.31824500649439946, 0.20261262610742758, 0.034863965001346586, 0.6813271217773701, 0.8450371386823252, 0.7312801631166655, 0.8028886940610246, 0.7320216268990353, 0.9333650072183522, 0.13822443749682112, 0.52121874415137, 0.8507282448806989, 0.43228025051852303, 0.3146167739175999, 0.48551807950566983, 0.593136581205607, 0.9889777118379125, 0.6327267172223698, 0.39787743300935374, 0.6925780964089646, 0.5700701971188767, 0.4269983010074707, 0.6320703994268675, 0.8601703602028795, 0.2812924339705073, 0.7232091270968106, 0.3076762882180041, 0.621148879970787, 0.0022359759772464516, 0.8508308637874746, 0.310418804419503, 0.3550595185554216, 0.8882779478808718, 0.0900465408321327, 0.6987288764698363, 0.6706582129776121, 0.08827932569178665, 0.6695924818846946, 0.7633521360169258, 0.16257733116723183, 0.7497968943338021, 0.5291317614884766, 0.46510612923034345, 0.9635949709649444, 0.5475284602853397, 0.44017089081521477, 0.6141428442234339, 0.6102882049421391, 0.43219942060023464, 0.9888278073423493, 0.46528398678053406, 0.5305466671420472, 0.3853799511979822, 0.5536935818561032, 0.7505700351072988, 0.8423089738750659, 0.39032772573362995, 0.14073513522810221, 0.44771090196118046, 0.8736913198486104, 0.39414667845389184, 0.3394926898383619, 0.8212552491823532, 0.7782315203632171, 0.14136359768527718, 0.9364595565698951, 0.9758029113457064, 0.3146439911609412, 0.7640308879687501, 0.6181715114256575, 0.6796949167873978, 0.5474667016596343, 0.1505830805044608, 0.058823755138336264, 0.4610880523311667, 0.26564815259015406, 0.4840117722895736, 0.04933972275775156, 0.4164891129550343, 0.38022118197279275, 0.11350916925689303, 0.10324585574892675, 0.9924684929415704, 0.612062837828665, 0.9759184680271635, 0.24094858838848354, 0.5394877003042224, 0.3613437946208423, 0.4169947744451795, 0.5319351797532211, 0.8977031076097284, 0.2321973899963925, 0.828488285976369, 0.1614061944199261, 0.3880945165135039, 0.926912208165126, 0.05689095745466988, 0.5777391566050175, 0.8900049188022044, 0.22352996201317588, 0.2946424380318705, 0.046830987462548324, 0.7272041844544703, 0.20316765144766535, 0.49152478128091714, 0.6964652836403673, 0.6562476494115169, 0.6971295864105753, 0.6166129290680741, 0.3752465740641844, 0.24537960285934224, 0.6782623940775343, 0.02054628957151894, 0.8532542818341542, 0.5071740444370942, 0.8220849544801141, 0.7283179269235145, 0.5488719698862963, 0.9615149203673442, 0.37065994456379736]"
57f3c493-c177-4243-87d4-2f58ccdced5f,Blog,The Ultimate Grilling Guide (Vol 8),Product Comparison,5.6,"[0.19992150032774347, 0.6758280917753153, 0.35550568329450594, 0.17943453257880904, 0.5532334757714715, 0.7591753735514692, 0.3395380757570632, 0.329638185188016, 0.9416936162561441, 0.1874552020561594, 0.8582378899193057, 0.6505492524365345, 0.41415194470616523, 0.4034883768444937, 0.3634308680243651, 0.5895364433057947, 0.43613235718589005, 0.9518477210558218, 0.9868913991995409, 0.6825674287527952, 0.26128273802427826, 0.8735880967527896, 0.5921611616342937, 0.15954446289951618, 0.6325353640672464, 0.4222027918105028, 0.7104878474534285, 0.06628621045694383, 0.6838862280353489, 0.28361441138062604, 0.5707664069357574, 0.5463113303870939, 0.9980278362023259, 0.10487114131198438, 0.8715449851241731, 0.31890995131984046, 0.5058724411066566, 0.7952898459638814, 0.3066235563929455, 0.9430346730300656, 0.8327184443420638, 0.030784003779292024, 0.24811274504328273, 0.7243867297470734, 0.7012966758216566, 0.9608028927432876, 0.11533695786073606, 0.9463440943934006, 0.6342431620467477, 0.9626541038578655, 0.9361480673072866, 0.4116110169656275, 0.4619373077007042, 0.08634913671946409, 0.19531462650183584, 0.20974274741631904, 0.42825395506648, 0.6300738540588042, 0.8695381193083259, 0.48561928302425583, 0.5749343388503726, 0.7505295413311679, 0.12380391461058893, 0.6796579996103222, 0.7635763332576199, 0.19323017557503264, 0.9950737232331964, 0.45446051122087106, 0.5511286515907657, 0.4692669340222224, 0.12105517087027284, 0.04245202440594553, 0.32373878769117115, 0.5809168218960128, 0.8799429430673821, 0.04210116141118436, 0.10019459888419668, 0.17852444142913415, 0.42350659603898533, 0.89317946707232, 0.7938212194138383, 0.7980033247307752, 0.6028917700906642, 0.5558385786287932, 0.0648904991511916, 0.7322301143852042, 0.5623361538667931, 0.12035969025379267, 0.9271727080116022, 0.5985900579002643, 0.6400381324787973, 0.6872712772895253, 0.9416241964815719, 0.7097803439422656, 0.4680713680507793, 0.5841330040488646, 0.5870835002145396, 0.8902833313303227, 0.12637680567811194, 0.7780308887975179, 0.6968471614124768, 0.04105961528883517, 0.8453037599240788, 0.6309965009401509, 0.7886844124441191, 0.49939258603375747, 0.7170913212927947, 0.01062835421490882, 0.22224996552114507, 0.7606457831324004, 0.9439465698613269, 0.1745043417222838, 0.397691069062835, 0.5464532962779454, 0.4773796790567424, 0.6369124301294455, 0.11883765364212884, 0.17978607056799245, 0.8146651797894437, 0.6810544238909397, 0.0974731558457399, 0.012321611348226846, 0.24898943564128195, 0.9422095120043912, 0.632299893682624, 0.2817918195677136, 0.6241260301934312, 0.7492428059642793]"
a8ec38de-e859-4d77-a3cd-cf1d04121dee,Article,How to Pick the Freshest Seafood (Vol 4),Family Life,4.1,"[0.699546177460671, 0.021756454969072858, 0.2712301971848662, 0.9356797374907169, 0.39571057271369103, 0.6942727765588151, 0.2212111231433358, 0.8514003494346432, 0.939089166591546, 0.5410160217021914, 0.4478259617300364, 0.31272364261881624, 0.17383352018968257, 0.20443411172846138, 0.09818212853256136, 0.03974715445958077, 0.7087550367528817, 0.8686061247730881, 0.1880549671706634, 0.18506260124676688, 0.04140786307310196, 0.645821590591367, 0.628906384542224, 0.7309220006882408, 0.5955175839389488, 0.6663081654620787, 0.16314357241232857, 0.2310195800977608, 0.18260384651122452, 0.6558350876310575, 0.4810644996403528, 0.31820526666785165, 0.43332402762246847, 0.8386830322981478, 0.3548339465792639, 0.8946347212971136, 0.06410014789914242, 0.5942109606890201, 0.22202061799812833, 0.8896616098661616, 0.2618153994303589, 0.9196816469949816, 0.9267932176199788, 0.2594119102988801, 0.9364996931036869, 0.05428081709624988, 0.9424143662705265, 0.6899121338035875, 0.24269452115264745, 0.900843630078823, 0.44556966351068206, 0.7776760410824807, 0.047811216274288304, 0.02529795904095622, 0.30513997883643773, 0.9754900846229004, 0.7754533938230651, 0.7591645922880036, 0.7100347310213835, 0.3195923935272086, 0.8711924153414531, 0.562353124319283, 0.8626333064117929, 0.003137637487700129, 0.9090390221260579, 0.1364822442739525, 0.7185744985163747, 0.2195758084536642, 0.5112590971997644, 0.050829883618369154, 0.6321307824160713, 0.6233002116789799, 0.0959038527147239, 0.5871468808217722, 0.8676546634464156, 0.08652997956907515, 0.48906725639139104, 0.43175203309314436, 0.8938007433748163, 0.35339859599111456, 0.9366162089520322, 0.047419882157667015, 0.9752247041511161, 0.4342520739261384, 0.5554172442735537, 0.9393872400518496, 0.27166573442479114, 0.916634844826674, 0.19970440613211393, 0.06960375636866434, 0.5768648635145696, 0.7854500874960848, 0.6315018448183883, 0.655013187211366, 0.6379341735675014, 0.8450965153582927, 0.6206770969586467, 0.9048575037152647, 0.12321523249599786, 0.24730474697634297, 0.6040854790563811, 0.9266135071223323, 0.5702267340937823, 0.49091458606836225, 0.22676884448393286, 0.6367414455009873, 0.7868066546888253, 0.11658105015611286, 0.9604127598284986, 0.2969204613852524, 0.7099397410289308, 0.9967934113716231, 0.008430813228428868, 0.23373689783563523, 0.3058311367246265, 0.8836840404781642, 0.07976686293720459, 0.06699016538561753, 0.4674613227481129, 0.8248479113168576, 0.28604562779375353, 0.7878446813498008, 0.5805615924187337, 0.32808519099718336, 0.9112903954081543, 0.3936418745922573, 0.17448396389786025, 0.9690142479565196]"
6bedecac-8b3f-4515-8677-d8b161c0f94e,Video,Baking Basics: Flour and Sugar (Vol 7),Sustainability,6.5,"[0.70438020632999, 0.4217924453170767, 0.5847930477332894, 0.8603323465828013, 0.6382647584421255, 0.2065999389939155, 0.5280751213918314, 0.5068691184277676, 0.3800031700973191, 0.43300342762206157, 0.3609661421746644, 0.7508423183892854, 0.814930727633504, 0.22493122075281335, 0.699848895414711, 0.5092834931995512, 0.06408577316955422, 0.5795858529737006, 0.778492369459591, 0.3763808064337498, 0.027569148103022356, 0.5637865597063284, 0.6692627981050476, 0.31744654515603954, 0.5864113041457659, 0.22875087489872947, 0.9817416907219617, 0.7900592414056283, 0.10941654972929804, 0.09600006065883637, 0.8391777174946624, 0.5641673038521897, 0.013762547328266983, 0.28723421617759315, 0.7190822413877526, 0.976661334134921, 0.13252860563631552, 0.5995322116971705, 0.5737826653344338, 0.716951795216076, 0.9679971115697714, 0.9668698276549168, 0.4917368958643409, 0.48861137218411355, 0.23303522699538393, 0.835781642113497, 0.3057707481932739, 0.14611335532231273, 0.2278344367023143, 0.3828286981330913, 0.9890061309188769, 0.2425188709261995, 0.352302652390189, 0.28881490646653585, 0.3480394192340931, 0.4998115185772589, 0.4110622948292135, 0.32368764928267646, 0.6797320576557601, 0.38796238065998323, 0.9104404634338076, 0.6342347116244639, 0.7077806865877317, 0.6132305875795078, 0.8864199235320758, 0.6969512685025308, 0.7869382566745841, 0.39668458576602283, 0.050828370877262885, 0.5970880476607489, 0.6176207291471153, 0.2934338387900711, 0.5918736272257514, 0.014910911123329429, 0.15135420393503196, 0.7273149576537028, 0.220411927657035, 0.621969782822071, 0.9403250412075203, 0.34886671569259353, 0.07413280747541884, 0.6827824159993559, 0.09202656188446434, 0.025855540237878394, 0.9016495218604208, 0.7078957732895823, 0.5382443839035403, 0.5302422415908536, 0.4382721159543389, 0.6171824848072143, 0.5005675407016552, 0.16669806613478233, 0.5147225247479665, 0.7218500887547525, 0.49836085391888674, 0.5087699662705243, 0.9746744716078097, 0.3977728305515361, 0.5213252183815195, 0.725125836615108, 0.571865735679728, 0.9630156196041455, 0.9341340452690655, 0.6763541104093892, 0.9026866952174037, 0.7346123793216718, 0.4004874315752315, 0.8330395356450833, 0.7404755044658863, 0.33606692482646394, 0.6823026146769761, 0.565963279116575, 0.2018257069826621, 0.5783080142990628, 0.1243068752663734, 0.7194986654001871, 0.29567987848400035, 0.07529042940493036, 0.10918958100282417, 0.48571510686160113, 0.6336907175001634, 0.1757192554448278, 0.24901007369789663, 0.22593411407613506, 0.6220883807478426, 0.9824587633564853, 0.5790203344031726, 0.4978408557605488]"
c5712f9a-1089-4242-b68d-28a26591b9ab,Video,Coffee Brewing 101 (Vol 3),Nutrition Tips,14.3,"[0.3174252913606207, 0.8955948340275673, 0.3407996608064844, 0.7471243873680341, 0.9859903805697393, 0.8704562574726984, 0.36957675157756564, 0.7798734723575148, 0.927941763193875, 0.6985909555872909, 0.32018061105680873, 0.06731615841951133, 0.17817248015254028, 0.5935957175558537, 0.7018677087674255, 0.7468138001569689, 0.027605783487226976, 0.6633683132599293, 0.530529424797146, 0.9463018492773483, 0.715893911457026, 0.09737596303216145, 0.22982353793741328, 0.27662632121596153, 0.5954244992969362, 0.7239170668767256, 0.09983483487664369, 0.7679945573306326, 0.11938616497821086, 0.05383204959281529, 0.09516762738786155, 0.6014356645196776, 0.29612269737304275, 0.36756580484210066, 0.919271165424702, 0.3647637729692472, 0.06488077709824713, 0.48937388024208917, 0.8611528728599442, 0.03005635446806254, 0.2784718237717352, 0.03695015797810197, 0.9253474487183242, 0.4690812077496995, 0.16525843960983766, 0.0004640383614236132, 0.5438152352142337, 0.4615907361022378, 0.666041427263575, 0.22832260583324304, 0.8761463769292688, 0.9909356634896731, 0.4849550205119396, 0.43420224402755214, 0.9867320036981994, 0.6944497333955026, 0.873741353067673, 0.4432908618083231, 0.2144137493926409, 0.8015523991574814, 0.41821102478573646, 0.29166920044317934, 0.5722486823276837, 0.22394072887664485, 0.4030283147713587, 0.8986864964834154, 0.3883818345352097, 0.08060903021743182, 0.5187419541850147, 0.3483415063984895, 0.02097711804510749, 0.20955079031130786, 0.4804018975254418, 0.9831010379707527, 0.4531017878080469, 0.9477847872610885, 0.5959070964349775, 0.6138763564833523, 0.08221205894578354, 0.9300061976723056, 0.5513910100678133, 0.9204397267095273, 0.2618122671684292, 0.6326490023756609, 0.696393798356659, 0.9257952915845515, 0.6837359118638743, 0.6739456214594203, 0.9693101224340811, 0.28227839029883395, 0.05571501942670265, 0.4569250625447213, 0.44245203264888233, 0.8175982238449506, 0.6103316246201264, 0.6613994385082045, 0.2086096764591655, 0.9100849243484167, 0.005035618601146985, 0.14165518532016463, 0.7839554528116784, 0.2081065953552036, 0.10557441186749905, 0.23233663759889955, 0.7556149013616227, 0.9656505585197555, 0.4062524566015072, 0.5054531728630558, 0.25285589767861916, 0.6768828848292449, 0.8069351632407918, 0.8202029791057098, 0.03133246326699546, 0.010001920154262045, 0.9994453317625509, 0.588245516585002, 0.1922291999790826, 0.4055910790663362, 0.11971395088475822, 0.19304038673842283, 0.3794794010669009, 0.878930385236864, 0.3166666252317252, 0.1234949103614813, 0.5411116478705643, 0.6153482504034756, 0.26660421776733456, 0.6599161436259806]"
ff1b5ef9-af67-4ee0-81e6-b2d6fda56303,Video,5 Quick Breakfast Ideas for Busy Mornings (Vol 3),Family Life,14.0,"[0.003920963566725666, 0.6261660432824923, 0.9796777989615263, 0.9441487868624544, 0.06071375979907789, 0.5139180911093045, 0.08383601548672537, 0.05814367604721049, 0.6774880011244808, 0.7578051724481417, 0.5702473053655766, 0.24500348844235353, 0.171908663647797, 0.4176415084764531, 0.7901559325713026, 0.6559058586366016, 0.7306413028762193, 0.811009882358624, 0.7529782356343536, 0.674287991158572, 0.5350890114621836, 0.30732987697016045, 0.5452451072136018, 0.21479232987077101, 0.5862885901838436, 0.04224316551342444, 0.0021163985354504256, 0.8483221022254221, 0.05750455789918241, 0.17243054502105315, 0.8464126545444975, 0.8305268881435071, 0.5052811980250667, 0.19582906815378676, 0.5494190075627712, 0.5373454315157433, 0.20782470784486728, 0.08947175679275843, 0.47001854463122217, 0.4674706413830274, 0.652658650740405, 0.6250698954461853, 0.37340812419599245, 0.9379706832028731, 0.4195020709865449, 0.10755298436464811, 0.6576522155042016, 0.26445445289571434, 0.6019433424861168, 0.7396756362204888, 0.7495049430417622, 0.2579480765236031, 0.8695927309417669, 0.6298052106392191, 0.22945397919729937, 0.6746013830857704, 0.12935503681367044, 0.7860606761702289, 0.7158024524323776, 0.48907011363971664, 0.912522751181346, 0.9648486447699258, 0.45346682826360574, 0.2395713306239372, 0.08712459768860259, 0.9224267744601862, 0.17345542420198834, 0.20582434491978774, 0.36688892912994975, 0.15258459477093878, 0.1001443329927224, 0.3917957618344935, 0.7299664640318425, 0.7686373135213487, 0.4504717848507086, 0.3258942357927066, 0.8461711022311299, 0.7647621124512738, 0.6711924245910454, 0.7729048683997825, 0.6333377726062392, 0.5533057893269808, 0.3894175005891446, 0.45839507879333563, 0.8435065791628885, 0.13015401933102033, 0.3425583327954852, 0.021461396131403077, 0.1049283006345747, 0.03788194525929367, 0.7218634743304521, 0.8412917812806128, 0.38868086143668823, 0.6164665353345924, 0.710209368421635, 0.8191742900569549, 0.8153529173077135, 0.17760853814968003, 0.9315756599160754, 0.47294672465550114, 0.048801589972619075, 0.5652347749977863, 0.4582333772386503, 0.0992618609205671, 0.10054883320344343, 0.1317413220572491, 0.06642320321181516, 0.11930870688026252, 0.6690086832008965, 0.6749740364297488, 0.38189484172193655, 0.33515077296065177, 0.7449086933756739, 0.264212025104262, 0.8423209448210146, 0.8406599738952099, 0.019689749609650642, 0.3123076186788827, 0.3516328871781734, 0.6047745135868727, 0.18848121157401698, 0.7844748380612666, 0.5671248278002754, 0.2501578495829183, 0.9436269970966115, 0.37951556641402295, 0.6113304805411255, 0.029784158966733032]"
ac5071c5-6bf2-4777-99d2-23f93510925e,Video,How to Organize Your Pantry (Vol 8),Product Comparison,12.0,"[0.7179831070233832, 0.6455652510810406, 0.8311822101561673, 0.041774425443300456, 0.49578767401143775, 0.6181905226445059, 0.7566383275918087, 0.8842990723887424, 0.8708582429179992, 0.7579619498114721, 0.07943769499187525, 0.19560355322043987, 0.5395380713981784, 0.46052184488762027, 0.58529523427255, 0.5174162055195134, 0.1879003429670849, 0.460030372527525, 0.48195770609036603, 0.7057845275558973, 0.7883438045417483, 0.37871986122167534, 0.6963756916545256, 0.11909269344949525, 0.0019738202514287817, 0.6714331558932948, 0.46754918802943446, 0.619012763178888, 0.6494346780922704, 0.18662651906593353, 0.7937586842194301, 0.6527155825269005, 0.8048316221328868, 0.9199939237331995, 0.9688123174288867, 0.26183888999797866, 0.43588629874446805, 0.5961329250782726, 0.7553046277775236, 0.4683656278007231, 0.06018498735130362, 0.5869211179439067, 0.4528616433039109, 0.6595965513132336, 0.28381095552763425, 0.47090430915953785, 0.10447523541066239, 0.8931045907165023, 0.3155255895300825, 0.4061807846675064, 0.48718878378049224, 0.6408545336927479, 0.2085726443499063, 0.9226159975519843, 0.29527256609884944, 0.7090796801231388, 0.1432534625798817, 0.40138708095560616, 0.4659956635051964, 0.2816604618359613, 0.28413432751978296, 0.9068967478936817, 0.25588052959489427, 0.7389233702589253, 0.7015813682989008, 0.16168498684486532, 0.6548811276151714, 0.06555199492150388, 0.734575300038957, 0.4117947306436921, 0.4690317610614838, 0.05066654779544855, 0.7641352810982366, 0.8026711935985714, 0.8829090139507785, 0.5695904806322062, 0.13542366413246654, 0.5115349665184658, 0.3968029552749036, 0.296367795080844, 0.8271127829892867, 0.6670254165882936, 0.11606344972078819, 0.37911904867135615, 0.882065752210459, 0.6232468171709037, 0.673931136564357, 0.8699554802045794, 0.29573210637680536, 0.6037146614776662, 0.32492356073917805, 0.9706522296900487, 0.4971269633147324, 0.2561469724102321, 0.9980037409403948, 0.9532496039902836, 0.2730233309711737, 0.1917989236129879, 0.46332949039628535, 0.7350319789972343, 0.15156082371148039, 0.03681036884980726, 0.24867711000215031, 0.9646620989146036, 0.23666832594130838, 0.2454608041851939, 0.3411488067421595, 0.789458015489953, 0.427841342882899, 0.575935534440821, 0.8720735676134108, 0.8773374862290569, 0.027845407024934987, 0.7418435914577802, 0.7926184814274956, 0.37587389314016717, 0.39706375288920537, 0.46807216522912987, 0.4496786161677283, 0.6614644202620472, 0.1304430302339602, 0.2933203531831171, 0.8227297689661434, 0.19457741615389434, 0.48093276680589025, 0.266252379178773, 0.14847985220347537, 0.6439777839353946]"
e8b1308a-6730-43cf-bbb5-aeed92e14a91,Video,Healthy Alternatives to Soda (Vol 10),Home Organization,7.1,"[0.7443792888863008, 0.08697822407559441, 0.6568141229014071, 0.8108888089653266, 0.73416728866612, 0.08982308064517608, 0.9400665574352355, 0.8125108361776078, 0.7984261489013966, 0.02913326250005721, 0.35366659530704103, 0.1745689241998687, 0.44120240587858994, 0.9959176217649065, 0.2447413025445888, 0.563149207313569, 0.5710722311622044, 0.6785291756667953, 0.5493942233229452, 0.020897411994968862, 0.8299733901527436, 0.7233385700702497, 0.9903776297678597, 0.1365992357761313, 0.46279392807535225, 0.8804688652595887, 0.07603344664193579, 0.6408432204773857, 0.4070202810662569, 0.10202927416910335, 0.8506565088023506, 0.1604893923068974, 0.9384075126308167, 0.3824011229274509, 0.01929140207068447, 0.6475461498124869, 0.916210389240615, 0.5534413018395197, 0.28256732096993464, 0.11020086714447197, 0.47808444464397803, 0.6003172485731209, 0.363862146402553, 0.6298756300112068, 0.2000649984257039, 0.9050485064813732, 0.18422548255594373, 0.5979438470165561, 0.48264601386169903, 0.19723839064307125, 0.2332162060612044, 0.4634282220363076, 0.71118392223655, 0.5736460476366844, 0.6138985902500745, 0.9943048028380539, 0.043412416716132385, 0.3939355167024494, 0.47312294886775796, 0.2769132211194182, 0.4789369399461456, 0.5093443378237671, 0.4419464397357794, 0.1260174152738166, 0.8683841351573053, 0.499684251649982, 0.8342009243380959, 0.6851116345391572, 0.8832502311200047, 0.7389845596378357, 0.08863093016558088, 0.07910428471678344, 0.46939559935128206, 0.7605058447394091, 0.8733505457188364, 0.03915039437081125, 0.08793179584600919, 0.11286606116432762, 0.970343040442117, 0.06393500151491471, 0.6495061740271302, 0.4413106649960321, 0.9155302937580245, 0.009397389467261319, 0.9376631524063541, 0.6705512479892033, 0.7238760978386273, 0.9188165827667942, 0.30872748706396735, 0.13903261759349217, 0.7898269624445884, 0.5583821484480397, 0.053257212192298065, 0.07295141645677894, 0.7922022732343342, 0.4357429940499389, 0.0978770683132435, 0.5544344534506811, 0.32420492644078736, 0.3628569277966158, 0.6461280490765826, 0.611930555811569, 0.1664221682325514, 0.4395174614700261, 0.1436844792900388, 0.11000582002637205, 0.6768292784858246, 0.46110889228262186, 0.2877296524202988, 0.7772176732451287, 0.6278483577121395, 0.07800909934622613, 0.6090662006994171, 0.7710540294455627, 0.1166525397055993, 0.43838413611598925, 0.004436818123598307, 0.6811021427915058, 0.4430137602728893, 0.09357554831265025, 0.7428136537185597, 0.4709964037521909, 0.2645595487258282, 0.42649540403343, 0.7273585482749433, 0.1426332814991409, 0.6567935091570513, 0.15463799044327498]"
c31bab07-7d46-48ec-a14e-ad398771a1f1,Blog,Whole Milk vs Almond Milk: Which is Better? (Vol 9),Family Life,10.0,"[0.2509021095726176, 0.32038874199911027, 0.1790028870282323, 0.5815590774363588, 0.6543127977400819, 0.3053592622017707, 0.38880318174667783, 0.19141573320854388, 0.9165257813153656, 0.31252898482811675, 0.8583548767195266, 0.45586507072553173, 0.4055630086229759, 0.24482482356019442, 0.9694695054475851, 0.9370809391686078, 0.28125100743614184, 0.38367700646003566, 0.8453681398856457, 0.010740745895194248, 0.04473816694988275, 0.36791630927181707, 0.11487841225566287, 0.8409701981849086, 0.6903297124002724, 0.2995881328952503, 0.138134325687866, 0.26949604370058655, 0.2781083612792138, 0.9586257113058468, 0.06413060110237012, 0.41296213181636354, 0.6597240622304036, 0.4835480547014449, 0.24269130213847012, 0.4101894431952179, 0.29256005257134565, 0.6098000730354556, 0.982882457399675, 0.05534037892769761, 0.39342638697739474, 0.7857770557519375, 0.5035257600646215, 0.5151572047832091, 0.3615269303010108, 0.8916667762534002, 0.1950398700702739, 0.06432144393560835, 0.6079815439498718, 0.6781581076187733, 0.10008945042239947, 0.46204227701835254, 0.5689595995373786, 0.30500757991642735, 0.8376098887366789, 0.07040309178619075, 0.4064305981065154, 0.3100423090825699, 0.0854448306520249, 0.6046541085645691, 0.003921218129740334, 0.9707613532948057, 0.14599030296688542, 0.7393809434612392, 0.8250487886489659, 0.9403692401816568, 0.4679854328066553, 0.4588776561370095, 0.35630675195747386, 0.565142656555688, 0.533057668830242, 0.5204180980452198, 0.25557398810421306, 0.937995298389172, 0.5530193618612096, 0.017268974720847652, 0.6191137696828511, 0.21793669555024964, 0.08510603265490169, 0.3613203189957408, 0.1845740594446612, 0.8626574478696121, 0.2946907708326212, 0.8672124694585521, 0.6903778839073185, 0.7317751290900879, 0.24194716873108357, 0.37360034204027937, 0.9752323313006721, 0.4500012593702659, 0.2212465224768423, 0.6755999484232577, 0.9733874281793788, 0.04007280740595831, 0.18591627975998737, 0.9977282075244667, 0.8779901632844511, 0.5011398032409926, 0.3340394866210836, 0.9767062232716672, 0.6181072096795611, 0.3415651011483609, 0.8325150021039509, 0.012612070839094991, 0.5236922873862628, 0.6577427184008539, 0.1038790386499695, 0.11965650644467585, 0.5496460989078849, 0.0641363524155143, 0.024882553634488325, 0.7027815768020774, 0.5817566363081648, 0.6437411504335299, 0.9724840809992062, 0.712715670228402, 0.12218940692833324, 0.8163567356340697, 0.5044250100739349, 0.4323940600396051, 0.7180512100946942, 0.44815088251136825, 0.23006346166020308, 0.3046858235391523, 0.9048124628603864, 0.7040854024953254, 0.5109191067805565, 0.1479852198653634]"
e183a241-5a74-4b19-b39d-f91164826cd6,Video,Eco-Friendly Home Care Tips (Vol 8),Sustainability,11.8,"[0.02784321825833469, 0.8871760976461724, 0.4397547558216487, 0.21410453658715223, 0.8170112968728837, 0.4175220153260595, 0.7226446793718374, 0.13458947935765575, 0.7006588913542765, 0.8593397078518218, 0.4459607961584138, 0.24475685776312295, 0.22929958286122387, 0.8119035840992384, 0.3146234249245974, 0.36959994153274944, 0.7279920084978788, 0.9996010464384975, 0.5468272152295633, 0.6831211041056828, 0.02082545708131367, 0.2604418010114087, 0.679786206098346, 0.6656711281109599, 0.10868068096479166, 0.8250719978475837, 0.2603814403735544, 0.16894077489405845, 0.128756515327072, 0.15935574900580507, 0.3752801154523001, 0.30435650530953384, 0.40866527193144475, 0.3391478558035338, 0.8646969598855265, 0.366290485699878, 0.7468674618114066, 0.5353220351014678, 0.4542822536358233, 0.49769312463516846, 0.24102215088324985, 0.9220775623693904, 0.4060783641856449, 0.08464999005879947, 0.616210809176351, 0.9675722558645494, 0.40267478647127, 0.011283699137080161, 0.8959400650829845, 0.4221756697671294, 0.5807397730757413, 0.8954332758293926, 0.5040760432227299, 0.3844892090503005, 0.20599888871327, 0.44471121163242466, 0.7646874658537807, 0.261221288946636, 0.22375997575006334, 0.0952648424623248, 0.3199813225660566, 0.9359417709840336, 0.9500117630548388, 0.9984350694768155, 0.3701326149290878, 0.6816041742812979, 0.7924169335989247, 0.32183161728794574, 0.8103386285643821, 0.8601810237485066, 0.9391165961573599, 0.9765939968504327, 0.3047850522396356, 0.8510793639820784, 0.15192857856095732, 0.8886668258543063, 0.2916479868006865, 0.5927916134031326, 0.02518563131312601, 0.9717894988653409, 0.7289576803529092, 0.4121177709862359, 0.8652265118324725, 0.7412223429875378, 0.4738513649207069, 0.45863983171687384, 0.586637235716793, 0.7994841442338231, 0.9124628301539915, 0.8645750763121813, 0.4754038020163951, 0.8544556674725199, 0.9823378458344445, 0.706356942556569, 0.582252145795653, 0.48713455024083374, 0.7992685664202521, 0.02435931672893321, 0.20992790136704143, 0.11741610879663722, 0.9543926262231671, 0.5131005145468097, 0.9769181959872076, 0.3520859911198083, 0.45618433190194896, 0.6964076593925675, 0.6729568496371995, 0.4507260650280943, 0.12144681234354415, 0.6302292560124578, 0.5489475296320101, 0.39749792844662213, 0.21525734399218754, 0.579393889256588, 0.2696480563170992, 0.38219361175151767, 0.9208719448752591, 0.9444166639272288, 0.8877970153376105, 0.6970147053372876, 0.14347695215224965, 0.2545622151279351, 0.6391551012228911, 0.794511991208231, 0.7362091550574333, 0.2644224591369806, 0.6067782276739958, 0.5507030205853716]"
a015d919-89bf-4eba-a168-4aad0d14a41c,Video,A Guide to Decoding Nutrition Labels (Vol 3),Wellness,14.3,"[0.6292842263652766, 0.41384108691539334, 0.12017625059886039, 0.002660501947830407, 0.238647839893522, 0.3159752253605981, 0.6203744056894853, 0.4683165805345305, 0.8958683477192705, 0.29932063650452656, 0.04731030363940092, 0.29968786516524115, 0.10001482549175567, 0.906019211629442, 0.9093666737312984, 0.3488823396877466, 0.2825949600958907, 0.35475573304503605, 0.07997304470758415, 0.29930129918393866, 0.4544823643092962, 0.20380379112526714, 0.020279257836695708, 0.7143322199294871, 0.5472778193475675, 0.25297437458952043, 0.8631043412977684, 0.9709167464332449, 0.6306472726350159, 0.9587320682782463, 0.2051956423428949, 0.4145115547942766, 0.7376704559400199, 0.9943266298409961, 0.8117143118997348, 0.7386027529234358, 0.01507856105298988, 0.9966036459548685, 0.45833411986777806, 0.1781564403113438, 0.02574549517547764, 0.7980409109579019, 0.2398736957903984, 0.6439655388057604, 0.3574024074653058, 0.7627097675043332, 0.14108713408618667, 0.05767876229022284, 0.41560533753702933, 0.8104001742872325, 0.7493938736119442, 0.997389403624283, 0.9166537517529294, 0.8697964602636505, 0.44525227305314774, 0.042038999480330075, 0.6453844796206665, 0.2863949094871875, 0.8402091330873719, 0.2781327325487819, 0.01758084956280448, 0.7067477064031384, 0.4969284654105346, 0.754016173807552, 0.15160020351846404, 0.8446656693346234, 0.73340032579673, 0.08362771901419075, 0.8896805251929042, 0.8973040667865743, 0.20100413708790976, 0.711654322089703, 0.8841733141836086, 0.07273697485264563, 0.5634725815404384, 0.16476662850184887, 0.45079381402147245, 0.7543257283156767, 0.593040508590059, 0.6478720042081122, 0.8876039133372826, 0.17613291136943043, 0.22499365130602533, 0.9550984799765462, 0.38460705157595365, 0.27639972854843153, 0.809295476942232, 0.6127334494510478, 0.489008663222153, 0.9037320563852973, 0.3815883363615624, 0.8150187775633974, 0.49144572484205185, 0.4078072808379717, 0.21010997382587515, 0.42347012038679, 0.27675760764487056, 0.10485680017112875, 0.7786864300092693, 0.5919959231290606, 0.4501294238651157, 0.2916045551113975, 0.09189240859089565, 0.804665896366609, 0.3683043826685829, 0.8441905055648763, 0.3642497014382311, 0.17945686180150955, 0.8695122327627941, 0.186172353101558, 0.012696639595605186, 0.2907729596683224, 0.7605086325608568, 0.2875726722850297, 0.33972961026777615, 0.5870525178410542, 0.6114440398392039, 0.4726743859682708, 0.13287701853072265, 0.09155971094664583, 0.23175390378231853, 0.23729344371560568, 0.33781223426670626, 0.262727579460599, 0.10229794894959732, 0.6004067819350138, 0.5204751649035702, 0.641306221209534]"
c3d36f3b-f75d-4c3f-8ce4-56f714179a64,Article,Top 5 Snacks for Kids' Lunchboxes (Vol 6),Family Life,9.5,"[0.11525886233602867, 0.08299215293432383, 0.9227142355723301, 0.11598888058646006, 0.09416099046716353, 0.3483618979690619, 0.511745985120169, 0.9723263678965508, 0.8209498634062916, 0.4654874958097487, 0.17342500857546628, 0.15176783405214622, 0.24917213702020558, 0.7287026499915371, 0.3889872557836713, 0.5595489404885203, 0.3342984186113005, 0.7587150102473453, 0.9398730047152773, 0.18540608842459472, 0.5577211060102492, 0.26086734869951744, 0.1992455312055541, 0.735917257079533, 0.012391039863050568, 0.7743408421942196, 0.6090850357489829, 0.45006240964719824, 0.8655895231522535, 0.7907219874991172, 0.5436176927507543, 0.1638797989038866, 0.7945946772705865, 0.12575765578256315, 0.1330649455784113, 0.062148217684561136, 0.5479902800073051, 0.22126852432408706, 0.5973121791067384, 0.4966795020767786, 0.122904544357054, 0.10035315889852858, 0.3588860841388706, 0.39401207246916636, 0.13485655715282763, 0.6116547072129086, 0.7323340525034782, 0.44101647943808564, 0.7662535973950116, 0.37346149986369526, 0.5917352132593732, 0.8726460109830225, 0.16441848538927528, 0.8026629072904748, 0.7140333715606018, 0.8672775979095402, 0.2423540175690838, 0.4249667389375026, 0.5111341075704177, 0.6120452654072084, 0.6825657587182443, 0.8569181283792533, 0.5059205176818159, 0.10673368983176179, 1.1649294140436695e-05, 0.43281380104985534, 0.7422843732395299, 0.7666775303512237, 0.38083138622022306, 0.5310623546765011, 0.8202787574889872, 0.2361523198329173, 0.9490477542928724, 0.5189630279305897, 0.9747392499328402, 0.7237060575477329, 0.6217467569776977, 0.1733112186025214, 0.6727755651562225, 0.4572634590468343, 0.11155810185863424, 0.6536406558695051, 0.6455033555042787, 0.17697921117672266, 0.5969695168769932, 0.31756582558294855, 0.652701003005205, 0.6063705255905872, 0.14544754108537983, 0.39202017784845467, 0.9064895367413538, 0.23294159571846573, 0.7872930651908661, 0.3611927084580622, 0.4666294869653499, 0.8429280488623724, 0.5269741062391995, 0.5230841316500552, 0.4207040510218816, 0.04269167506782212, 0.7158289716119345, 0.416675349568559, 0.5397966852113386, 0.2258222310747965, 0.4423688444090106, 0.3730042960692147, 0.9743627152654695, 0.16610213131704088, 0.05594688279631499, 0.051227135951099845, 0.1683216507354468, 0.6630736110068157, 0.7553478069611462, 0.67139037000445, 0.9750419717986661, 0.34273344338384515, 0.1031193765867281, 0.8296309908789773, 0.49350827861853264, 0.2035166923942825, 0.45680506999451864, 0.9669659375668846, 0.4300129432664552, 0.5768891498893, 0.13676753164250632, 0.572501204704004, 0.7394062003382124, 0.5013153367672241]"
e89f2880-69f0-4352-9e3e-4304376a0ced,Video,5 Quick Breakfast Ideas for Busy Mornings (Vol 9),Family Life,8.7,"[0.9728986498958836, 0.8052178686175285, 0.6262711686456612, 0.16494763674134516, 0.8454747377435144, 0.4932696417934467, 0.8156739366091972, 0.7498478692479519, 0.7565347733799475, 0.18714460734697613, 0.9578213818011886, 0.4887801500137492, 0.953826321610162, 0.6125552894422639, 0.6825782170822202, 0.7827561002146125, 0.4240853528686689, 0.9219713477534955, 0.9645035186943395, 0.015442550371212338, 0.12398739985102836, 0.3017953979908782, 0.5717891972010285, 0.6491190685583966, 0.316488031052258, 0.5554302692074057, 0.6320435257061581, 0.45947705582683873, 0.7773070079838974, 0.6960060047551117, 0.9394970839925276, 0.16334452842950287, 0.02210413367643549, 0.8455962665355297, 0.35133164038614295, 0.5264107785851465, 0.5934444155155744, 0.21517033545808373, 0.8552582172735272, 0.7569600176721424, 0.5012554023200778, 0.6946524292530398, 0.7906070443072571, 0.06817107226338703, 0.6440667275899582, 0.6823824789447169, 0.4705181782539949, 0.5504112689115032, 0.41086615888098765, 0.6130554033965125, 0.9733620796107489, 0.31854460466296064, 0.42240165264904406, 0.7755205342392189, 0.5713547276524924, 0.11619962867777567, 0.9086920759566249, 0.6891740341549407, 0.6017078110580355, 0.7726992074434532, 0.8626813215769666, 0.22906595657622442, 0.7479361387871002, 0.9497869579869562, 0.4518015289220231, 0.14995223007642677, 0.5035467461162261, 0.4898646168940298, 0.8347114108794216, 0.9814063232863575, 0.1226118707907159, 0.040887787985924295, 0.6234553847643572, 0.902649124609447, 0.5090479440982967, 0.7944443806410815, 0.4725283230060354, 0.8740660810057992, 0.021348021386723315, 0.48904415956874314, 0.5237731639241805, 0.5652553529311859, 0.24112744207909054, 0.5932198082265404, 0.730984929447155, 0.7392985081998522, 0.2554325768446588, 0.698703016760332, 0.6677914758342811, 0.5004587998595924, 0.12109672422883522, 0.6366732516273446, 0.8345482712887858, 0.5126104332852498, 0.9580491440005113, 0.06321589106579384, 0.6385512777712784, 0.8154762758056454, 0.9086344354487992, 0.4914225599965115, 0.261351683216307, 0.8985005484821466, 0.6043180959605967, 0.3968079454373038, 0.8773826501581234, 0.2939746858988487, 0.3802729134918392, 0.8622434325345149, 0.6259544840876603, 0.35373133285132086, 0.5570520996626714, 0.9391561964028009, 0.8439768271537506, 0.006943438536819335, 0.5408082640151661, 0.41473056137712694, 0.6115245185743428, 0.33759665960353613, 0.7857542277816568, 0.834697490767861, 0.3310920921509647, 0.12743083127456156, 0.00020880917102694685, 0.1271513658454294, 0.17567102785539246, 0.8059338364116223, 0.802172371796073, 0.4252836583204135]"
aeb55086-553a-4274-a178-17bf904ec2be,Article,5 Quick Breakfast Ideas for Busy Mornings (Vol 9),Product Comparison,10.1,"[0.801864911215529, 0.7368410360074809, 0.6752418013031587, 0.39292778891401736, 0.33262828441654024, 0.9338943021349366, 0.29390965755079523, 0.7445882091051395, 0.9667516716697494, 0.4140420140205272, 0.7718379827421308, 0.9240958824889453, 0.5005159132792206, 0.16243859479162104, 0.14236204742090852, 0.5390986683307004, 0.1437822384914762, 0.8465031335078558, 0.9085099064915689, 0.08534323421692303, 0.9187777611626694, 0.4996382030425939, 0.7115630556742144, 0.1411073979128209, 0.8023638490511136, 0.6132494300411839, 0.8267627181199805, 0.4848642618148954, 0.4572167579116374, 0.42586382944749146, 0.8366964894401799, 0.6368566609399527, 0.3208326410843495, 0.5724027715154403, 0.6664404935195368, 0.21053313169363486, 0.4854764126854709, 0.30440588631127163, 0.25512925640774187, 0.4896145881913425, 0.789456209368583, 0.5560635501017582, 0.9383933376530922, 0.29702846582397335, 0.9390804746165345, 0.3852981778693909, 0.6506630122177238, 0.47602282655892225, 0.7596255819251782, 0.5222508560542836, 0.591132011033532, 0.920949328925346, 0.9113713010732332, 0.2613932882309079, 0.07126499324544222, 0.24352807766741225, 0.3186339730535116, 0.7792033986858077, 0.5480610749310902, 0.3330033707136938, 0.07269106580106488, 0.5902444224148128, 0.5322336235456075, 0.6732027314343374, 0.5729445615797538, 0.779592750726903, 0.6232677378707557, 0.9967232988905842, 0.34234174289434816, 0.35023676859971564, 0.8104070980797501, 0.22286244174842074, 0.8056305585953337, 0.6875428777865591, 0.9219207503513245, 0.9317303872718026, 0.19074577428115913, 0.004040182863497721, 0.8285819406725848, 0.796027483883708, 0.8552431168882733, 0.23998846890399828, 0.9540279915881301, 0.010743776362027946, 0.3785361161190183, 0.9174567880322113, 0.6179431336344915, 0.5937682212502491, 0.7984918299737254, 0.2354763635664654, 0.03197601924039151, 0.37185740433786985, 0.11490593483935363, 0.07645470152603895, 0.993222685459037, 0.058758996378643236, 0.923402936094113, 0.03112065752019344, 0.1330127893534342, 0.5333457223724003, 0.38121972641075563, 0.8219995025771493, 0.4066364887626507, 0.4287230842727414, 0.21975000520098698, 0.4824330862571651, 0.6233921259174428, 0.14768161442078975, 0.7374043477094823, 0.4227867015835328, 0.4077950804334094, 0.10287060117929892, 0.6937211771501162, 0.5978182900796347, 0.9326054744971429, 0.2618760073620785, 0.38666312989386653, 0.3897377191261143, 0.23734308346099064, 0.42093574982761184, 0.37828906335359436, 0.17176571079727065, 0.8893956097688309, 0.16482010427022886, 0.6780835338126172, 0.7436443708162853, 0.683512083803806, 0.27984990165897183]"
5c483e26-5648-4d03-a4cd-f795a014400c,Blog,Whole Milk vs Almond Milk: Which is Better? (Vol 3),Recipe,3.6,"[0.852965768897059, 0.0990460003878324, 0.7072081897802043, 0.1924682819684448, 0.3920877462844077, 0.2589212507039458, 0.2511044745577844, 0.625339881104093, 0.7937191164430685, 0.89624384698957, 0.13737768785053994, 0.6985534330614922, 0.16053141184613273, 0.016349929913174632, 0.21833064743101072, 0.1460256710331318, 0.673394173082639, 0.04500410928277143, 0.2518536175449748, 0.6892547169997592, 0.17620067203302936, 0.5316128131438222, 0.7609008845966493, 0.1185870068497733, 0.30637008525458687, 0.6185499393673481, 0.8323613618626047, 0.3346119140251317, 0.8402484063334814, 0.2985085559705358, 0.2278214014724399, 0.3383750849333953, 0.32235195459730703, 0.3165435309072415, 0.07833277852755816, 0.8269168205019015, 0.3048988587498561, 0.28624417641489486, 0.7968002155843847, 0.2560776568729678, 0.20418622115070018, 0.43286805353912416, 0.9423238708693424, 0.17228436317629303, 0.5581921369364929, 0.16358329586600706, 0.8749898112361023, 0.7631972477189167, 0.7426889675612095, 0.7958234829003729, 0.5869660302936788, 0.7696675780016983, 0.8129201192445592, 0.10797669151683731, 0.9391354791358252, 0.2993505106645341, 0.7190622312527373, 0.3823757156602896, 0.9079944697812745, 0.41008421038632237, 0.805378656813011, 0.43211727622572293, 0.9259191241343716, 0.8363785793610911, 0.2947205051215367, 0.7334418486408114, 0.2300759731932609, 0.880499646818967, 0.08556393504644078, 0.7012390515249888, 0.7776024995580962, 0.4048704128771735, 0.2978270409383458, 0.6967883048138199, 0.38664838406871205, 0.6344615954747773, 0.37332661484613916, 0.9845046104162553, 0.37289966013129916, 0.335217927104407, 0.5279252368886056, 0.43098790769115414, 0.91540299774065, 0.7504380589373971, 0.5089981358466318, 0.8287612162427013, 0.9599976021683185, 0.7049967815757909, 0.2637655686067564, 0.08819587284155961, 0.7805119230167319, 0.33999880131798577, 0.5783771466120288, 0.5761698148112316, 0.8373680488352716, 0.6684054648131773, 0.47810517524262075, 0.511353684552315, 0.9782851137590559, 0.34315492782109325, 0.6294094901916683, 0.18686659670889716, 0.5949345968891453, 0.9680418525792917, 0.5198682959040088, 0.3356135056163513, 0.2986582555300479, 0.6460032480618283, 0.9237273363454098, 0.6121832189278197, 0.25177692740155133, 0.10640614717060659, 0.1737452908378584, 0.10502906271869827, 0.8017277523165676, 0.77289264000829, 0.2077691729057355, 0.22821255438428323, 0.42913835702055136, 0.6143122113793404, 0.8511530327666323, 0.7273491191825106, 0.7035632555080398, 0.9630802088012134, 0.6241393994334364, 0.7985152176242497, 0.23876864522139263, 0.7435757418513217]"
9c7fe954-10a2-462e-b765-16e839b76de3,Article,DIY Cleaning Hacks Using Household Items (Vol 5),Wellness,12.2,"[0.5549857871667306, 0.8000488863789691, 0.4534931182747588, 0.05743065009216208, 0.38701440235147944, 0.22442734778195095, 0.21512122280525459, 0.41417168804130267, 0.18284508238650343, 0.0805267028351444, 0.8806034370882773, 0.3567948835200594, 0.6427596937564666, 0.5862935241314394, 0.6498238133454057, 0.33478372646534327, 0.09915518384183031, 0.6360184965922024, 0.9713841385228411, 0.3673194564758475, 0.07744936168855276, 0.1407692096103892, 0.8839290896558163, 0.1356892905403667, 0.07934937991836633, 0.9049289814500582, 0.8979530257319552, 0.5896655498083369, 0.32780791937639797, 0.015107528676755133, 0.8169465553233303, 0.6870365603447529, 0.7101121154292966, 0.5103790316934255, 0.5472136997255966, 0.9833214053483903, 0.1544967759059479, 0.2722963505012027, 0.1260859157716483, 0.9585572265760195, 0.8325980759944288, 0.8754872920921158, 0.058859997942424025, 0.724902879165444, 0.809781998371857, 0.03265250564390354, 0.874313403875803, 0.6383264309635315, 0.5029842883123101, 0.45509940252891534, 0.7346250711210335, 0.5731725082068531, 0.4714028901452121, 0.485247767913737, 0.1132686659340485, 0.31497205966230835, 0.9496042841978096, 0.9853572519337962, 0.4161130168362791, 0.5178082042622009, 0.34998024364492775, 0.08624226906963728, 0.8010572025878688, 0.13380244877144665, 0.46034741071994256, 0.4874364948405979, 0.40465121155844863, 0.8496950720473548, 0.3302412321380733, 0.6604383849622407, 0.2987205627795628, 0.4408015764948723, 0.6155010439105439, 0.9732431479597903, 0.16573092212279406, 0.6770541642569149, 0.22600780514755425, 0.2770246233248943, 0.8481897314952273, 0.7339649820796761, 0.7022182269287227, 0.09750149644324013, 0.7927866522428266, 0.849375613170495, 0.6934052754066399, 0.2633985353127236, 0.8489358789228549, 0.18829247378387137, 0.7523750936668535, 0.2955983522350857, 0.6338405933236431, 0.9864126077498941, 0.36170843598444047, 0.5868824597686396, 0.9572619411493521, 0.635928472523199, 0.2596739995658689, 0.5827215547465592, 0.0586228700038921, 0.5354915653623916, 0.9756293685753494, 0.1816061467090967, 0.8775063704393454, 0.20020564460288348, 0.9513496968500882, 0.9402398237001534, 0.6909525983022394, 0.22179496554292277, 0.47546756674363566, 0.9342826931073372, 0.9441054471768511, 0.8541655164046741, 0.5399026355158919, 0.7844547832226412, 0.483922983773621, 0.7527126836146266, 0.5741793796339181, 0.2722673403453153, 0.32357046807831413, 0.28283477774804366, 0.30922241142795315, 0.9735993057992988, 0.19778191613071405, 0.7083201502559049, 0.9791415312899395, 0.16778155877935375, 0.39217801308665756, 0.22838424120399714]"
7c970e8d-96c3-4ab9-805c-16d5698e75ed,Video,Creative Uses for Greek Yogurt (Vol 4),Sustainability,9.5,"[0.37304362383946255, 0.34537937026147936, 0.40844722970887537, 0.9646023511404995, 0.709659941228766, 0.9223804458960766, 0.8237356452834972, 0.16732292192870124, 0.997776334492432, 0.54617257440028, 0.14470488197429698, 0.8373240431636969, 0.6792064574941432, 0.8505664226292738, 0.0033746306218872535, 0.02251710569057852, 0.5803263312002063, 0.9483721972026941, 0.27290925180835657, 0.9756608153472068, 0.9093152275018047, 0.7979199776920508, 0.44545445635433945, 0.9225501364215921, 0.9411960726208473, 0.9421477387950169, 0.6016363809461489, 0.6725544953453192, 0.2351530898997395, 0.734521718696946, 0.5359559673960693, 0.3908234879642314, 0.3792774335122039, 0.2816015372677724, 0.8077597453941183, 0.2690068035029153, 0.14681954436225997, 0.48899553841806787, 0.3378291419754761, 0.9670135869108121, 0.728985684962963, 0.7495366664266754, 0.2974444044676684, 0.33051412120359325, 0.49564863585775665, 0.7540437861836357, 0.25971618030232835, 0.7888968045706664, 0.24888528384447572, 0.5918297383231159, 0.7524724344171269, 0.39913324899313896, 0.7952146292714094, 0.16980483160152804, 0.5527205802000579, 0.29274809796174883, 0.2196787841284158, 0.46360442915894884, 0.5622230173787937, 0.6778968617714396, 0.4319971166766291, 0.22138797336093374, 0.07409565552964437, 0.03125918629993141, 0.07328455390401534, 0.19298132741050766, 0.7488589870818074, 0.3336743164117052, 0.4811133932821672, 0.8669168286623584, 0.4732757736187905, 0.9392072365576998, 0.8010871269313463, 0.5729042457324156, 0.6007766346779039, 0.772377741139419, 0.8757222857972201, 0.07946621972044887, 0.7339486891253338, 0.6843279785387103, 0.14023582411718438, 0.2963256540257785, 0.6749325182850933, 0.06907184831677815, 0.344643175848815, 0.4871400815632615, 0.43954591246459274, 0.8962985145016851, 0.44573359438689675, 0.957729141391725, 0.9419912357162812, 0.42795468991717134, 0.26787772439039403, 0.13205358531990674, 0.3075482344124473, 0.5321075402244196, 0.0849754527731923, 0.9336925923237556, 0.9957689319437499, 0.7076859570786798, 0.26304231281944523, 0.39745818546430567, 0.5333888336511894, 0.9654902349275121, 0.9375782112298608, 0.06932647866337449, 0.8338019933468834, 0.15514577240197203, 0.12286411552714782, 0.7053852717992032, 0.7233710905824481, 0.05022373347137432, 0.47918599135310336, 0.6817871606198189, 0.6240196113281214, 0.9969437907273374, 0.2833985050658837, 0.7010475530037337, 0.8896541657021174, 0.9647483886299165, 0.25385189912334727, 0.6949511911118086, 0.8270900225289619, 0.9462856024701992, 0.15939757415694034, 0.8120977352488074, 0.27391951366198175, 0.039281620324523314]"
97bca885-f312-4a11-9e0e-e4c53818b89b,Video,Creative Uses for Greek Yogurt (Vol 3),Product Comparison,11.6,"[0.24861991191734956, 0.6863634149971519, 0.8963339694380676, 0.6165815681842751, 0.342095177838887, 0.37369219294226497, 0.9291403809272574, 0.26643235812091726, 0.6278558208614249, 0.694541686400978, 0.7283747217349882, 0.2796724822368156, 0.19139914385179146, 0.38998171476127297, 0.399696602859544, 0.5145569609470783, 0.6972785506002125, 0.5968616973719261, 0.7468968085462729, 0.5130869737274791, 0.9178315722737617, 0.2653500557810867, 0.7383612330328401, 0.2508018785762185, 0.5451027259229676, 0.3504185662375723, 0.6104834444736178, 0.7041263533778234, 0.35719384396521925, 0.46596477602565445, 0.2169419609557809, 0.9587058038363623, 0.6850436399540923, 0.3809556709911268, 0.41687103161226746, 0.3874006319906821, 0.46441601942913013, 0.8635862116548487, 0.43355546791005883, 0.5481893616519694, 0.7538107885362129, 0.5433065141507346, 0.028102809958192032, 0.7340711839658631, 0.779483673239307, 0.32569513298078767, 0.1045046464985665, 0.8712569434831821, 0.8136728566598411, 0.6064266506525334, 0.7683952370133216, 0.7295266423942417, 0.4145945373831901, 0.5039745601751366, 0.7956097941312997, 0.34579306431646384, 0.7816238554724987, 0.24931364105243936, 0.8343968507326227, 0.25670936258479415, 0.6384660941809702, 0.19952863492307227, 0.8743596461241742, 0.4109336316908241, 0.34235870296922666, 0.8025837793420441, 0.8019428581978161, 0.30174115170507976, 0.6197875746332189, 0.25376522924949907, 0.2072911554129344, 0.08084960231124583, 0.12046537291295267, 0.667195560088018, 0.4827532576393593, 0.6748768710189538, 0.044553618887866575, 0.33174765402447226, 0.07273579272655661, 0.2460054147494659, 0.8818326735610464, 0.7887492653249357, 0.4733259442074298, 0.2870111330107499, 0.4577938734695509, 0.12277341799972608, 0.382625812534622, 0.044645259941617166, 0.06303118831834942, 0.10939221226442386, 0.9180373478026098, 0.6895011437214804, 0.8149518832701893, 0.034690702658485506, 0.5585765515385648, 0.013652251607214394, 0.686124177044005, 0.39409476354702444, 0.685086123785746, 0.042832979896137324, 0.3070094137555045, 0.3842314331596224, 0.5140182210226445, 0.15623918596034414, 0.04661558796102305, 0.3070894893574686, 0.5660305617611489, 0.04360740581911382, 0.41339562619734826, 0.5001158268046237, 0.22266643651796425, 0.7135227170870769, 0.6308786705304026, 0.00551994201259276, 0.6085418936416837, 0.737818889889217, 0.7545230730934064, 0.5136279144712204, 0.6490293001102919, 0.7487862321858997, 0.7456304188242482, 0.5602156308885564, 0.7213107431255693, 0.8092337371054865, 0.0504957528944332, 0.31360423040321284, 0.2664182396009047, 0.20086536365537]"
096b05b2-0ef2-48b0-a108-9c813b9e9cab,Video,How to Pick the Freshest Seafood (Vol 2),Recipe,5.1,"[0.500260566794817, 0.9925185390493005, 0.5300688757179588, 0.648077945712537, 0.8275227310159896, 0.37682414325681457, 0.8477810674607824, 0.5958521849606363, 0.8779121742812551, 0.8743076880140207, 0.8836514051124615, 0.47828520779857564, 0.6005366382738185, 0.575978412026, 0.3982798238380072, 0.6725300299627012, 0.5894441334571494, 0.9499446985543653, 0.46572820036375184, 0.6683923337344543, 0.34010587780110724, 0.6774319034216638, 0.9894938496375084, 0.8871352547333283, 0.9874954741534361, 0.22014231793464056, 0.2574217301660343, 0.4834999623442796, 0.6688607033986861, 0.5373452550034371, 0.7002246227171692, 0.8545334961564187, 0.024731967453791026, 0.7632299128394536, 0.9931387736597536, 0.040567114896124634, 0.5921533931954849, 0.506306428356384, 0.3885594640125941, 0.9094683304311053, 0.771121780606173, 0.6094516121756979, 0.9033826235095639, 0.5084792468676744, 0.37968466700859316, 0.8907851797294672, 0.4133535790618186, 0.4634261198366083, 0.435200339205147, 0.5526668042986626, 0.1331658110872148, 0.14277063783867439, 0.24576831938644805, 0.049538336830201146, 0.7882135570471602, 0.7099238400742812, 0.981678370168099, 0.5155050447547168, 0.23768561166769864, 0.7324313642723951, 0.9664938194014469, 0.6215928109255834, 0.5718263627349742, 0.09388930976882259, 0.13906386691915862, 0.5168931543737302, 0.00980178579650659, 0.5343393924669825, 0.4441279840889859, 0.09530327890840495, 0.07902040469673788, 0.7698734738464577, 0.594921073036791, 0.7022601276551838, 0.21908409875725088, 0.1956140947266215, 0.29291396058677377, 0.5540870726878548, 0.580772733116609, 0.6620287478980269, 0.9955266704673337, 0.6258707581669535, 0.9170621591606845, 0.7371869932182256, 0.7289149978724959, 0.33454227549909143, 0.16843169394474633, 0.9490750427727781, 0.889417242574105, 0.29397105423168113, 0.23579021888794227, 0.834926689646821, 0.25485794521788185, 0.9970140572965496, 0.2873659895126277, 0.6786716640600515, 0.6334216507074478, 0.5347271888016221, 0.38960024307877916, 0.8820199988890908, 0.376536677972347, 0.668747868332223, 0.9017306390889975, 0.941568963545214, 0.5965144978811879, 0.4538677431477517, 0.3213321577567865, 0.2870685260692155, 0.62006502107398, 0.7624714660070095, 0.8946908239110833, 0.30278856128695986, 0.3287487477330041, 0.9729639163458382, 0.06729631941774583, 0.41216782827203724, 0.42390636977967955, 0.14788401243910432, 0.8792068787528391, 0.28674035562079114, 0.8123162262882386, 0.31109045301204075, 0.22308809644146033, 0.43801524106963485, 0.09399422394364843, 0.28935714066746643, 0.5188423637051949, 0.2614723006141949]"
b084feda-6ae8-46ac-b137-9bbb9cc47c99,Video,Baking Basics: Flour and Sugar (Vol 8),Home Organization,12.4,"[0.8493767709319366, 0.5812657280875524, 0.3597110069556534, 0.891912579027367, 0.16764750834057562, 0.17948871099460517, 0.8132181778920357, 0.9529703299021708, 0.9798028993172746, 0.5078601249103826, 0.1302185960350214, 0.896135714161304, 0.1621826307866141, 0.4613936483766413, 0.08771106852415878, 0.043479079776027274, 0.36355493790191606, 0.9403510043380605, 0.2454216643784013, 0.8553785004811407, 0.7009339998187724, 0.5530370502124987, 0.751053650804273, 0.15946015079472198, 0.3752954684854719, 0.6562249910992887, 0.03668840843874921, 0.9128963816408001, 0.3159738823895365, 0.987133449510492, 0.04937962218618941, 0.7613890281685946, 0.4336889285973369, 0.18248104526954756, 0.8762519703914499, 0.9766016353661178, 0.38469654082212146, 0.23053887628394065, 0.7109600732198034, 0.4135646554430469, 0.40394949495682786, 0.20530045592390345, 0.37807312593375775, 0.0868547384750823, 0.9112838250759123, 2.9826165937829607e-05, 0.00966183753360672, 0.28005311354226436, 0.4238493254675022, 0.5347863070035059, 0.9435901850621814, 0.26203366995516186, 0.9661217653198346, 0.6704364750842388, 0.26730962324543617, 0.3219770211691636, 0.6818236253479637, 0.8415051137517235, 0.13406845647570298, 0.1576589868426903, 0.8487361600652771, 0.9205522643894654, 0.07935944286980245, 0.9905373054999559, 0.176029965274211, 0.622828133457178, 0.6508501617318558, 0.434040302611703, 0.5835771925434536, 0.027876147428675613, 0.5932320171670693, 0.9694744795304219, 0.7959880043859826, 0.5120445074365371, 0.16893944991187626, 0.3686166953063632, 0.7546699555244766, 0.3443087564297045, 0.7514263427195301, 0.8006270188689464, 0.2598409058756128, 0.34777827812946516, 0.761172564334825, 0.09685499890051508, 0.7286919517329212, 0.36549147495821677, 0.9517110443567226, 0.6717473832780743, 0.5163198652936258, 0.6867264046328246, 0.041146836950104904, 0.15238967514922508, 0.7144055679547671, 0.2427846912762408, 0.7748479607753788, 0.5604855334221678, 0.16059453620658215, 0.456720065449563, 0.08452701271089302, 0.092901152976676, 0.24906455776770953, 0.10653591289188669, 0.2784332270377292, 0.8298432966545555, 0.06529730637135933, 0.27324294534673454, 0.45624283028683876, 0.759333725277075, 0.27160948176963484, 0.6858782180136114, 0.07936506742562233, 0.9561059808729473, 0.16814926099998928, 0.5619006652887395, 0.3498814660481495, 0.17435270405902892, 0.13191715988954944, 0.6454685560423984, 0.8044759343411696, 0.5001337651164869, 0.8591479696960401, 0.46082263723392913, 0.5205978006802471, 0.0829254093503935, 0.7715927445541552, 0.6597200007983526, 0.18404056125698265, 0.5072235775174264]"
fadce39b-a3f3-4f9c-825f-27898ca6a78a,Article,Mastering the Perfect Steak (Vol 1),Product Comparison,13.1,"[0.004679164331061858, 0.3031165088978035, 0.4501704008013554, 0.10584800794296045, 0.8310333092766565, 0.7354539477969301, 0.7940777605585474, 0.6471790386248331, 0.7161042007742815, 0.7374274538399144, 0.3788392463199952, 0.7016485758838787, 0.5132080591096233, 0.03259341642713376, 0.4195944414959135, 0.6363497929974031, 0.6203367646381923, 0.9311070031672538, 0.7556533173868631, 0.8595785604300392, 0.21427280144108207, 0.294804695023382, 0.8807437201424649, 0.3302883831664183, 0.7180592386203891, 0.9131581003173765, 0.9189630893430027, 0.698529898496972, 0.0972886102745234, 0.6344278056027824, 0.49056068076419845, 0.13659659000983615, 0.4542661427903222, 0.5769803873807428, 0.840193208831237, 0.3348101174785647, 0.8067269380126784, 0.9345429278882197, 0.0006540657802484029, 0.2636520366700399, 0.9973007805420073, 0.19229963806021733, 0.6853517532382245, 0.9302628413602405, 0.7937322964961473, 0.8803952243367832, 0.11845903083659193, 0.6375761832382898, 0.8561487559422638, 0.13438941316536768, 0.29589688602705144, 0.28531050203819597, 0.34719451037150784, 0.8225262224612344, 0.710194220215265, 0.518810711327278, 0.7326399887861915, 0.2331587297347727, 0.26088102253857637, 0.26803870236350136, 0.4311940511059278, 0.5640177340745007, 0.8106649493857783, 0.99754664186774, 0.3750789941932533, 0.939332755474396, 0.6297735686667721, 0.17466987997536176, 0.8382939944294362, 0.5754143814615257, 0.12236651844783164, 0.43028964576926454, 0.7391989358929801, 0.4335348516235016, 0.17593717293391242, 0.06413825511428317, 0.2692235806671962, 0.8548145131903648, 0.7601536758729945, 0.3149693599340829, 0.6653485569064653, 0.60684976263652, 0.27026507644514486, 0.2545623572082286, 0.7078845052628573, 0.15350474613062748, 0.14201964457840444, 0.9740932759629876, 0.19401536514937456, 0.7648921583101104, 0.7423776662150974, 0.36901322251645907, 0.8558712473482329, 0.4660922992881644, 0.7370383476823883, 0.07538027650578316, 0.4068639345826536, 0.11471052533696369, 0.907137722056732, 0.4963719199687179, 0.20860940485193724, 0.09392191737866806, 0.2605499225354281, 0.8432412957488448, 0.7947425731934518, 0.9294617521877674, 0.4956305806706873, 0.6930313773469176, 0.566079817430619, 0.6240875814795892, 0.9338987829739952, 0.03101575912654375, 0.3773480367595171, 0.6299696580299983, 0.8645266233724055, 0.12714345981856445, 0.4067722695227204, 0.9603935430067247, 0.7655612548654248, 0.3564884447060165, 0.32260552084594774, 0.04418522691289639, 0.3123962288918908, 0.05268664253510302, 0.7719865910813092, 0.34459371302962083, 0.9590299866641516, 0.46166694790716256]"
90db3155-7d30-477c-a9b0-22be0a56224d,Article,Whole Milk vs Almond Milk: Which is Better? (Vol 5),Sustainability,7.4,"[0.6305890914788843, 0.7231694204339815, 0.32552379347151994, 0.3415239542062638, 0.30041987610033594, 0.808687647114293, 0.4753634101106369, 0.737567718124939, 0.3205204283614089, 0.6564526038395148, 0.11512358525093247, 0.897587360392803, 0.37410485231043467, 0.7710597189187636, 0.36446574481924654, 0.5027345474883771, 0.7713131681882665, 0.21530840351136638, 0.6646460539857652, 0.2572563096996173, 0.08502262044591313, 0.369124235477862, 0.09085976620479053, 0.4067725265920641, 0.8545238665019211, 0.7512732806300062, 0.4281101817435641, 0.7629827171521315, 0.7754071024240718, 0.9191753570725789, 0.6834218884192902, 0.42350990680271305, 0.065062851480999, 0.8318164355280816, 0.019486079658180055, 0.08156811600259828, 0.8895205835260583, 0.6360800560765003, 0.0926635889434071, 0.2518079739580188, 0.18334512664259528, 0.4184396919858355, 0.7822254670819815, 0.48446907542601614, 0.4518708417465984, 0.290063179324456, 0.4458215064834905, 0.7802444853931136, 0.8364278580154717, 0.2811721104433238, 0.31114837507115234, 0.42646535086096005, 0.4307211040850164, 0.5975525911346238, 0.39010356198863316, 0.5436890475710274, 0.6438563439455779, 0.47299831094481837, 0.13879721178246518, 0.3136654698920178, 0.5881717970575774, 0.8816817256372738, 0.6748480322592197, 0.993757114137844, 0.29805416503855986, 0.4677717337903734, 0.03046198108479925, 0.10429212163091806, 0.5007670983515292, 0.5363456938638296, 0.032420323851143795, 0.8007437949234103, 0.5982305872885418, 0.44918472122876485, 0.24585234957699253, 0.929116377547495, 0.6993531741896434, 0.6847476403603157, 0.249438621576204, 0.4138529919328009, 0.07491350972411182, 0.6088852497344102, 0.061768436110409275, 0.5914473843826558, 0.8705953802478885, 0.20834607972571606, 0.2632172085104323, 0.9668011110513518, 0.5818036518166393, 0.43179949135823736, 0.4495123352492617, 0.3396847746675177, 0.8209392784078744, 0.1820051864333655, 0.11659907178132234, 0.40166434312639787, 0.8138096876989028, 0.04012792158128464, 0.7557835862580268, 0.1222275537973293, 0.9994556642244626, 0.6949605458176541, 0.8902496667172549, 0.8766447476853365, 0.6445461035138468, 0.6626533074877717, 0.5303105469500389, 0.10420735058383601, 0.12819828968719327, 0.17402324341281994, 0.45751990486950567, 0.22801256735025266, 0.8381197381829045, 0.9229376895071651, 0.4164012140648511, 0.44264756462533517, 0.41726380182560985, 0.5118323924412431, 0.13843614194555054, 0.8154964699037326, 0.43417602094152785, 0.3913151354194312, 0.06174285396281909, 0.8810869798140106, 0.9398069773998391, 0.29613216777179363, 0.28927513360218604, 0.24750641866641654]"
728775b4-4080-47a2-bcb3-d8bfa70e09b7,Blog,DIY Cleaning Hacks Using Household Items (Vol 10),Family Life,7.9,"[0.09022179430585708, 0.6058785966338334, 0.8074839162264752, 0.2402792201908699, 0.9769161237972468, 0.015316840963325529, 0.7551182797158642, 0.7236415974953597, 0.23283850937747308, 0.7829650130001946, 0.27736845390681575, 0.8976855751920427, 0.3191239794951134, 0.8896856405459658, 0.5958753074822444, 0.6117522960988994, 0.35320917670623797, 0.035509687133939094, 0.21719234773048024, 0.8083804461331211, 0.47095421271409277, 0.0225388770186421, 0.9090194911205711, 0.5090089539765591, 0.05882728703238704, 0.4617687950344779, 0.3710337247030663, 0.6979140035235475, 0.04973619279052477, 0.7669296897931768, 0.8980976805038065, 0.8950162437248487, 0.6810026882277144, 0.5593455701828138, 0.3339677175828786, 0.05479666521014692, 0.156413133932081, 0.9698605113007696, 0.7788062815698288, 0.3197303049194231, 0.9423242371219785, 0.6510429487430733, 0.3721350588958787, 0.806883608636992, 0.020807698270125963, 0.7856358634242743, 0.05995831794630646, 0.8317195510356674, 0.9677925988982231, 0.8019505067260351, 0.22767618167940673, 0.4348863227873041, 0.3749037583810516, 0.5115734379215326, 0.9251973966616036, 0.8791736061787869, 0.9288265358595913, 0.0866620833464542, 0.762100579423981, 0.2632884583067775, 0.604695459291291, 0.22810333224391033, 0.23572020507405222, 0.36719175010344585, 0.1632296894378562, 0.8958775846488475, 0.23236210188606543, 0.9834390767662083, 0.817230602265972, 0.7921493619961606, 0.5054645358315898, 0.7309142972463327, 0.28821816693883706, 0.3119576682786315, 0.740452897632476, 0.777166900914958, 0.2279318883391266, 0.5425272795374645, 0.9316948074223705, 0.30445749091386365, 0.4468382395383256, 0.48786367597211966, 0.1088069830630527, 0.04997829790000741, 0.19550887177097465, 0.5825658759286458, 0.6333406314978522, 0.6321738491688284, 0.2979680212741995, 0.33710050177311457, 0.6082066693626724, 0.7089676748808393, 0.17428946181124272, 0.5017484792110841, 0.3598986149363367, 0.8780800853975396, 0.042262706266265715, 0.838228088492696, 0.4151689926747061, 0.010607678195021064, 0.42471561113055445, 0.3351885203085494, 0.9139041102865865, 0.8240612487105352, 0.39548929750049766, 0.755621882087784, 0.04935977098472011, 0.4098238325548489, 0.11116111878376933, 0.8025320884662687, 0.5729218156895971, 0.7813018935298763, 0.7653577641233106, 0.8151831701441992, 0.632934683305276, 0.38691726666568205, 0.24121359105055162, 0.942676515336608, 0.594998529275306, 0.6919249646346881, 0.5649558624815224, 0.9848076945163395, 0.962030502098521, 0.02390980253065811, 0.2113494023638226, 0.9413079944028557, 0.6826999627279177, 0.8325522913920861]"
bab327d3-d0e6-4659-9310-8b7ba9bb7803,Article,Baking Basics: Flour and Sugar (Vol 1),Family Life,2.5,"[0.7251332567534493, 0.8063531447964067, 0.6122781244280165, 0.847033490768695, 0.6816495415484737, 0.800085350524566, 0.7892556504078946, 0.5234176297780528, 0.18317087714165636, 0.03166984120453231, 0.5267387890962885, 0.2174605036925067, 0.38956163042344805, 0.9437624967999039, 0.9189127664961919, 0.9075174988662994, 0.688516654008657, 0.35827635633783517, 0.5082001276214874, 0.4105220372354731, 0.3723983679229963, 0.02123604152694414, 0.9922828036289632, 0.3442651940349638, 0.24116972386254287, 0.6098911113678127, 0.6763354518490284, 0.6763307306417999, 0.5298500072857129, 0.5715881508108919, 0.09341869383747681, 0.31933969595979306, 0.6480338118476084, 0.5632901823236153, 0.5587940323158053, 0.7831846983947698, 0.29799882136727196, 0.8022139058217814, 0.587695849579225, 0.9870097090480472, 0.3728549389503626, 0.36839689074438564, 0.6999190050318552, 0.30037979819067095, 0.8487486537080522, 0.7358953703952575, 0.4686274052567976, 0.6850750939806685, 0.583492955346567, 0.21030863285795087, 0.17097325557982757, 0.4820877541893186, 0.41339659969865605, 0.7906438543640367, 0.4059990816367629, 0.4840540179360795, 0.4133369994831876, 0.1852378726749293, 0.48621545418475565, 0.4841760677738831, 0.38626128608846133, 0.010988986098918074, 0.97558033267903, 0.751501416990661, 0.06291280375107122, 0.8703567532439423, 0.19138200043336473, 0.03978109724424983, 0.8986547660062131, 0.6533823465431898, 0.038542776117526434, 0.5847230760690467, 0.5444995084519496, 0.550887552419292, 0.8374013984589517, 0.338622692643331, 0.18343750987102292, 0.7003589561763996, 0.37564917793083574, 0.7365998235090366, 0.6118353359345243, 0.8283931292383299, 0.4324672098899647, 0.6782150335322771, 0.34640654855476605, 0.5772779903046057, 0.9669088245253047, 0.5872926595894107, 0.1273973384805569, 0.9697378019759282, 0.039277550951664186, 0.7328509134815577, 0.16090115864936694, 0.49555132175980665, 0.5718512550635475, 0.04450679607721131, 0.13964029323191318, 0.4557542061444698, 0.7671712334120507, 0.7783372283490371, 0.4341984249927422, 0.6286896209907967, 0.12432132891859038, 0.7139503492944907, 0.12063402448198957, 0.8296840678342644, 0.598841814964887, 0.14233539432825215, 0.06902208231277496, 0.13327279580574702, 0.05229853220542524, 0.20557726568098034, 0.2871287607729557, 0.8325033258438922, 0.9354610504142413, 0.7154666059065724, 0.6152507214340237, 0.8199435335970823, 0.7531030676949405, 0.8593969483034184, 0.8728508262115423, 0.7775311108200563, 0.8743360136416745, 0.19765803600948506, 0.43693125797263055, 0.015355802717240352, 0.9158316834135697, 0.24387719900053806]"
aea5f358-f0f7-447a-813e-f8045f48288c,Video,How to Store Fresh Produce (Vol 1),Family Life,14.9,"[0.2661806000094723, 0.6755538199960822, 0.4127300744319251, 0.35264346894901133, 0.7280864481314477, 0.8785195881180295, 0.5431712605543856, 0.7291097595072065, 0.25348105918169395, 0.9109614062173169, 0.20461887678732205, 0.01074245551577191, 0.545594928161803, 0.8247245740460715, 0.57490059389599, 0.5762889909811792, 0.26802941979234407, 0.7980357061855626, 0.7288291338013394, 0.5067698235252394, 0.6511226257749848, 0.04924119597135301, 0.21180381912605384, 0.9511121674232232, 0.14364410897078628, 0.97751742995834, 0.46316746050635915, 0.12179679079619954, 0.31988030095058484, 0.4810847638740978, 0.1952134287410222, 0.11021333488477714, 0.12904565507034427, 0.48791792884468344, 0.30574207207276793, 0.7891445665353832, 0.753017273359176, 0.8719251132165217, 0.40482536660569435, 0.23890293439952204, 0.7339657509328983, 0.8321303432528566, 0.9409321403789345, 0.268871066975341, 0.12303981181548473, 0.44299663170511705, 0.051403513649031174, 0.4280016050528265, 0.9762069811287111, 0.27760004905663316, 0.08420905920238653, 0.8414313075548666, 0.32495194910686664, 0.1385934527343562, 0.5768435251482583, 0.6658225767115309, 0.8021558163498101, 0.774258267046227, 0.9209852322236183, 0.3442360122681438, 0.28848819705045137, 0.6355997666523905, 0.4521365164849914, 0.3281119983946975, 0.9125897525916319, 0.20554568346445756, 0.3363651163822797, 0.033983097966673426, 0.6779414636886498, 0.9042784133163219, 0.07665192275745647, 0.03566579013787052, 0.4759427923546983, 0.15818932956056053, 0.15616899354682767, 0.5644196444175452, 0.04068703611142699, 0.9442354537774241, 0.8628037758187677, 0.13392559443616558, 0.6435089270179319, 0.41527941929346535, 0.36343213106648253, 0.7327407227315818, 0.20208677272163866, 0.042431667563408215, 0.48524662859673706, 0.10485853359162822, 0.45146839592190835, 0.5094070822308805, 0.5731763801187846, 0.1429366084996907, 0.4034580623214339, 0.8485502676780128, 0.3609341775537277, 0.9079382971814328, 0.8129446527845772, 0.5896363097646558, 0.8484372397371254, 0.36144587388055516, 0.3418101986747216, 0.4762062444585118, 0.8083805576824318, 0.5916441499323991, 0.5123269775558528, 0.8615775460037142, 0.734080968370873, 0.29999109757383746, 0.7805354603108416, 0.8629755475502315, 0.6228228814965289, 0.6598195602395389, 0.7156246374715302, 0.057082350058124676, 0.13840243095422122, 0.4268953169280929, 0.9288455019638886, 0.07860651579421174, 0.4839207661080097, 0.2264901218018175, 0.8793752307844991, 0.400355971782285, 0.342592982646297, 0.08095819114687564, 0.459919574376617, 0.49468160612685075, 0.7940353037350162, 0.6539729533488947]"
c9a1d571-e8c0-4659-a3e1-80863e870035,Article,A Guide to Decoding Nutrition Labels (Vol 7),Wellness,11.7,"[0.4344696392278594, 0.46834700486143865, 0.9636600199560333, 0.9111362383622869, 0.7791898365289901, 0.08772313646772478, 0.4724847399192246, 0.034852400123002725, 0.20426643223894614, 0.7384649274149524, 0.8159770626652529, 0.7091477886587537, 0.12311700743550902, 0.2449528477055849, 0.2288616667619251, 0.9215825413000249, 0.20170962529364123, 0.09926428188053893, 0.252357803825751, 0.5517158485158558, 0.2786207356151482, 0.21478377967112727, 0.7549664721644489, 0.5389341155391375, 0.012864659730639216, 0.33177680430345, 0.9265953560700068, 0.811596791598145, 0.976513129875004, 0.10959130456037935, 0.3446957906991729, 0.9131818571886748, 0.2913604488687468, 0.15494132186213994, 0.22858228760998556, 0.7269465827294576, 0.6772234590085897, 0.9033740418001444, 0.19795131722722492, 0.8314547792641958, 0.9673855673545102, 0.3528723580488766, 0.8948852758175081, 0.8238897927245399, 0.23361421707882035, 0.6587545798808758, 0.12118506863248657, 0.18657701209683253, 0.6158674788214666, 0.02914760190175325, 0.19964958329170457, 0.9647525214267283, 0.7994857048774923, 0.005248904319306691, 0.08675234722343861, 0.8293097667114897, 0.0680110268621742, 0.06853827877292207, 0.0888902771416138, 0.7271014597215159, 0.8535609083455209, 0.4673446107168264, 0.7883222813781838, 0.6677015808838355, 0.4265950234594743, 0.12292386756392093, 0.5006884940006506, 0.1330111425311774, 0.19954539121720416, 0.2153588830641403, 0.14208084126453857, 0.2924720478128391, 0.6635099525926521, 0.7638949701183549, 0.3259677430023675, 0.990012164525238, 0.14538646709042102, 0.8589074851157493, 0.8985328855209166, 0.46916937783816803, 0.72939111676148, 0.7810284849952254, 0.8286936564489559, 0.7663311204528691, 0.04683150541644743, 0.5576600807057968, 0.10967176517486177, 0.24382993518042162, 0.18335813648959787, 0.9919927794726413, 0.6943368516302256, 0.8584828369666042, 0.29664643371776567, 0.9980004502456784, 0.6646987411082814, 0.9263291775536335, 0.13944015995300263, 0.7225395071723842, 0.8084889948496456, 0.30718999468840447, 0.3922721661477183, 0.277585507328148, 0.282876198719316, 0.6872889198729832, 0.12731159347557575, 0.13205578480442914, 0.9406524543118003, 0.49027630017931, 0.7062879329405228, 0.36016735315319726, 0.9210380203849003, 0.27216137364542725, 0.2295118584989122, 0.42671535160729157, 0.9134690141523082, 0.1766635821581043, 0.10979124625907233, 0.838147208958475, 0.49592391419817916, 0.42072667249218443, 0.36940094393508616, 0.9103347451853454, 0.9910007066874394, 0.470366774601761, 0.34547467294653855, 0.3371608048542195, 0.6638416097589784, 0.11889118104581331]"
d1a0a666-32aa-489b-9463-06b6e6a60aad,Blog,The Ultimate Grilling Guide (Vol 10),Wellness,2.7,"[0.04064997558850947, 0.9302160174578618, 0.019838299276008664, 0.7018100038071232, 0.3523246868413803, 0.003598039073698711, 0.09716381533294594, 0.5828465227563931, 0.8273142401462251, 0.647117902435257, 0.06566835462119736, 0.07946990346633431, 0.6255484666867613, 0.2133226658827274, 0.581279756879665, 0.9768340626979289, 0.10824669026499101, 0.3298185493785083, 0.7782755300662655, 0.6832749993968334, 0.008767316524685653, 0.6723046752232347, 0.9608101799882109, 0.30575722603017286, 0.8844790021158863, 0.5574475473523395, 0.8249128724752615, 0.4645188894776071, 0.40283212781525957, 0.7300821665778408, 0.3855767277807528, 0.7336284206303659, 0.5256763651313692, 0.03705438972617403, 0.36108230303896494, 0.9348351720317543, 0.15608983687863054, 0.43576201401027226, 0.7503693990106121, 0.916404630768795, 0.16330292622681597, 0.8678867865202061, 0.4401823197525957, 0.4451813137579054, 0.1117574288263875, 0.9004663822278387, 0.8680998239093122, 0.851356268777409, 0.10469401014446555, 0.3521713225582128, 0.6696568803275589, 0.239669758799959, 0.27608733471160174, 0.7251648381904341, 0.8472998457386945, 0.8449126768092615, 0.9770153024881895, 0.30743147981109187, 0.6383131232280124, 0.9060946691842414, 0.293354904088716, 0.6866472799954918, 0.23808553591602444, 0.32512211783262157, 0.18791415393647604, 0.23293311255471083, 0.2882901193674684, 0.6703433497001994, 0.11862270838602063, 0.922287767176788, 0.14165079239098566, 0.7056502326708404, 0.7173909807702199, 0.1428248459004563, 0.7946721379034062, 0.779948557680389, 0.420357516970982, 0.17081156163021682, 0.7780600801172088, 0.7687263856525023, 0.7676838570787561, 0.6360456782319085, 0.391900129740965, 0.483137714378998, 0.8450467306211086, 0.9019856408978494, 0.2136765465739734, 0.24967070070432995, 0.36118857990305153, 0.9713910140333399, 0.9857227026717734, 0.8876193223898422, 0.48007142754160603, 0.48001897617682343, 0.7954523437437457, 0.25472538184448246, 0.7977088777664876, 0.30503831985032726, 0.05713399391990648, 0.9665161881554056, 0.8588828746813407, 0.8193137130316526, 0.49543004460298, 0.9198395776088616, 0.7248367302776395, 0.7935575060682338, 0.6575694969232483, 0.3491928694970343, 0.35354019843698103, 0.7180677420573796, 0.36752666812631407, 0.10607965608045311, 0.2612505096980079, 0.24611930278682403, 0.39076197528772705, 0.5709643993939949, 0.22242941392500615, 0.7383990961007851, 0.2621976071105405, 0.7599297647324685, 0.655966578021431, 0.3721051306816824, 0.8330926506432674, 0.11717432064480016, 0.9924921546794786, 0.8221999003965932, 0.4211122354388974, 0.9987971398530985]"
0c3323db-582c-4345-9a77-eb450cb88de5,Video,Healthy Alternatives to Soda (Vol 1),Product Comparison,3.2,"[0.18586028788926645, 0.8777002726317528, 0.5639188981350511, 0.4429399518338891, 0.08050055402501555, 0.5253602979749624, 0.16755546866950755, 0.7370183418912285, 0.20462635756526815, 0.0180070112768963, 0.5552283466424868, 0.03633765065666161, 0.8068739575127615, 0.3160257934239731, 0.5842965126914202, 0.1954283426353146, 0.46789303272807714, 0.10989044909420154, 0.9520733481317981, 0.26868085900894834, 0.042133140986886586, 0.4003579848145743, 0.5320716123555834, 0.8031446276982879, 0.9311854973896205, 0.9627063350663537, 0.006219690104313225, 0.9216600665838034, 0.1903007150046545, 0.7417404679575038, 0.9810085076094036, 0.7412922784225326, 0.35903457582848075, 0.8977556248663086, 0.3508304508395077, 0.9196054152645153, 0.2286096086441175, 0.051105641858908535, 0.9711688176958689, 0.6403796172512864, 0.7789986270571857, 0.9375509199863693, 0.6134300972970966, 0.9417596498653134, 0.248916675795402, 0.693829801871152, 0.48089918254555164, 0.7968404436460875, 0.2263706768304553, 0.09321672375695489, 0.11525617860177484, 0.016919672342108782, 0.014871708196821487, 0.41043396606374505, 0.7545886440328554, 0.4788966742340095, 0.39324590092402056, 0.6306456013012702, 0.8384364555599418, 0.2281155596193578, 0.9232951420125654, 0.1691844639049893, 0.8685002883677294, 0.1551122677846224, 0.37228925387858514, 0.6206711758781193, 0.5840265891215027, 0.04126584956332391, 0.22837674912741623, 0.8126088041412665, 0.2780174678629319, 0.5166549580242151, 0.08603979887589397, 0.6594399508314983, 0.3724114106613059, 0.8594579058740772, 0.7269205919064667, 0.2995425366129101, 0.4029823800024015, 0.6836898752890964, 0.6662274668344477, 0.32600817741885546, 0.3454882688862563, 0.8150142153472839, 0.1303299215246061, 0.17480004954854544, 0.9349782764455554, 0.8856747588352192, 0.17982907414168003, 0.03586406453559943, 0.8440359299578606, 0.8129061338230218, 0.5105404333374283, 0.6256170461165519, 0.4205692305198313, 0.9273588849110912, 0.004502730649560305, 0.22913018731560253, 0.7728684576462815, 0.7751209732938016, 0.180810369551472, 0.04280163164414452, 0.6304853622416896, 0.3474071482866864, 0.5935713840250978, 0.5330265141203396, 0.07671182992638625, 0.8370833627203028, 0.37774277287799485, 0.03318898860153474, 0.09160749214688824, 0.5214361251864267, 0.5986939176878432, 0.4178241097957207, 0.11300596714882882, 0.6664489360945054, 0.2566006359037174, 0.008951354449881377, 0.6077765897543214, 0.21025775227907628, 0.2655882357219804, 0.12802391953389824, 0.46024040194408977, 0.4792205855660202, 0.07929286812193659, 0.3294968061702618, 0.13225928435458734, 0.4721703529271324]"
3d1c2fc0-b200-478d-9add-81d7e39e0570,Blog,The Ultimate Grilling Guide (Vol 4),Wellness,4.1,"[0.9682759347597831, 0.028435077273243237, 0.5631775795691779, 0.1143175479883497, 0.425475121667937, 0.24724505202052738, 0.43598265601857, 0.351211957552378, 0.25746969961661414, 0.18944452875852702, 0.39764447093992883, 0.04161737395004472, 0.8516701132783048, 0.6938774312375516, 0.6089173537422152, 0.808361517468555, 0.38454019023635766, 0.5260516650520692, 0.9719711798580543, 0.8236140506243346, 0.9385452101816574, 0.558469161859476, 0.1802435572715806, 0.06487686717439634, 0.7586586646213371, 0.07648331186789725, 0.30623140768256985, 0.7743706847195215, 0.6745304526728073, 0.056413324054628844, 0.8085239613765203, 0.6449121323570175, 0.18904099605115032, 0.6585962597771583, 0.4381427244017305, 0.9013252319461907, 0.33701597473316336, 0.6576497656151253, 0.05923736497412235, 0.8509906390444122, 0.8331010306281266, 0.31143473011923595, 0.6110319800609496, 0.37509305873773235, 0.6303656329117705, 0.4211159782216205, 0.45315338280474826, 0.8624134814747171, 0.13188487261673554, 0.8659776543042443, 0.5853587901074665, 0.6122412146125564, 0.285201052849103, 0.03924449195494972, 0.541476296532433, 0.18668505215432574, 0.936778464339439, 0.3196098749089109, 0.6355578030806162, 0.8924218057681885, 0.8548100339382771, 0.35504948412799264, 0.29096493818918334, 0.9273259043759189, 0.4766561272427755, 0.5267956747749738, 0.8150587989262781, 0.3998649874165353, 0.432300754216012, 0.986829229387489, 0.7836522344415436, 0.2629460314029407, 0.043205122909130034, 0.13718288746874374, 0.6624412517103742, 0.3016542162476278, 0.43132858781238437, 0.3790223908266611, 0.930909367617396, 0.06871211804459298, 0.46140972225524435, 0.3910554812767596, 0.19144869691875932, 0.5646202867110972, 0.9901584181102991, 0.8088634264195707, 0.5164978968902942, 0.3129454093932579, 0.14726124812117414, 0.6218830637234624, 0.0974827273574288, 0.9680287657330482, 0.21622657879567053, 0.6792440116271955, 0.37083361889282984, 0.25490059162079515, 0.5784004294142434, 0.8153789788250346, 0.5985544705132828, 0.7035158647898379, 0.5594643304567821, 0.8628245311353825, 0.03378699547321373, 0.9977224132288864, 0.5333988031378433, 0.10461736102457952, 0.011830369618464287, 0.35294091254267135, 0.024088067591765072, 0.893423210254094, 0.3863693175311037, 0.48371466492846804, 0.82758188696785, 0.5435089778803429, 0.37946117194986384, 0.577402912627122, 0.2708305548597062, 0.1992331613791295, 0.9414656919285831, 0.9998169723817518, 0.32243260363345116, 0.5886323023414053, 0.206730027405719, 0.4452968826178604, 0.015992577298646893, 0.20441715192025045, 0.5862629309359413, 0.9590943962817787]"
333d09ab-19eb-48fa-a39e-675a8e48c364,Video,Top 5 Snacks for Kids' Lunchboxes (Vol 9),Wellness,8.9,"[0.1615221726285373, 0.9833297468409234, 0.847680571805253, 0.07919899333608238, 0.3134233479408979, 0.1439829231773856, 0.29324492844969763, 0.8677879770686685, 0.06615687761681321, 0.07113139257909584, 0.9402137608386733, 0.33681667358198697, 0.6517006073763368, 0.362343028544438, 0.19649934365274457, 0.08641523355212577, 0.829253164742734, 0.3849348560062832, 0.4128277103365754, 0.2379790865001623, 0.2370798906864281, 0.09516777150649747, 0.5012664085598463, 0.6019514649234674, 0.8318512540264175, 0.9873067234092867, 0.41883079572403203, 0.8248279782920438, 0.04655968687987888, 0.32786106731981735, 0.7459562206995061, 0.5054392549039115, 0.18548782478222436, 0.4760382371565369, 0.7069153430705282, 0.9044003286567657, 0.5171961077864123, 0.6139415017771381, 0.916919488916927, 0.3572089308372378, 0.10477367582943786, 0.5487782287061905, 0.009246591458133668, 0.5162295613217032, 0.7794342119851896, 0.5113254622196007, 0.3164024313334064, 0.7604437177044067, 0.579475314917864, 0.3114798458447965, 0.6882394159094581, 0.6595324401648426, 0.27302913846834675, 0.07562564178082187, 0.33553733833463173, 0.39725778702421066, 0.8360987269188467, 0.1869056697588538, 0.7256034600718182, 0.444018507866614, 0.5768893769545183, 0.20427462132321672, 0.09512622760430134, 0.041777360782087936, 0.8467227343702687, 0.004909756210163763, 0.6343528367905771, 0.45153862536792955, 0.7987747688266745, 0.478624146738883, 0.8874104386982917, 0.2168894208832466, 0.8714631409477628, 0.5115101707373639, 0.7172014879877942, 0.14534719299217724, 0.4116879435645171, 0.2966569131051402, 0.07335688857889289, 0.7528851481210155, 0.6959301100879576, 0.5129811646015111, 0.0979070218159005, 0.1017020701130591, 0.9389902479833209, 0.9358858012504893, 0.15783026135516287, 0.8968301684013357, 0.26048904621894553, 0.025014334828455054, 0.38861898320874366, 0.9237604098097492, 0.9636043823078211, 0.9355826570105699, 0.9607457407222533, 0.5067332284413277, 0.8731640215388378, 0.5865744171077252, 0.4949626372128727, 0.7808159606719453, 0.7988968606089465, 0.9644154171976427, 0.33717178070249987, 0.656532263461771, 0.8775297756932428, 0.3192108279155106, 0.8182808743693069, 0.7618926522148238, 0.5300014859210215, 0.09206435581232231, 0.2806534290960937, 0.8208903436525051, 0.11455679784066186, 0.6727741165013295, 0.7220785559990159, 0.7795359122774114, 0.31482421308514685, 0.5302045254795746, 0.04974984962344753, 0.3305271985725746, 0.46479854508560103, 0.5753664867489323, 0.7023686700436409, 0.004089887997765662, 0.9996117147402177, 0.7481762851896171, 0.2711495725119255, 0.8720940383820339]"
b2a7496f-b3b9-4263-895c-640167766eaf,Article,Creative Uses for Greek Yogurt (Vol 9),Nutrition Tips,11.2,"[0.8093364904447274, 0.8128474940443942, 0.3555858286521848, 0.0485331427092166, 0.27017170167705573, 0.7960169047909745, 0.05659292077810196, 0.9927560926838741, 0.9239254268201601, 0.3910558021491758, 0.8308349661323677, 0.46029116404680825, 0.6697734101892503, 0.9156745105214908, 0.3329960401422767, 0.28522414089088133, 0.4965445603558808, 0.4820385211165106, 0.42449521886853836, 0.42005611042033975, 0.5629611348087985, 0.4275857300365392, 0.29015216093698093, 0.9632069008895354, 0.4201799558360524, 0.44053123366174063, 0.9202714655054498, 0.7532629016208299, 0.45100956384194746, 0.34349838060606164, 0.09612208348783391, 0.3898385619275343, 0.13815974434581746, 0.17825225037607606, 0.6023593988459708, 0.8175908005707334, 0.6362927603190989, 0.861566007000578, 0.8617871168288386, 0.79735785265836, 0.927954458932914, 0.941274847479595, 0.7760694340830286, 0.11619819156456179, 0.986605218815698, 0.26028077369954783, 0.017666990542260952, 0.1314469656769064, 0.35243229910575313, 0.49722455959725276, 0.5066561780292007, 0.392452126967511, 0.18771900985758871, 0.7636085251136101, 0.8255806383477374, 0.49472118596077264, 0.3108969932483686, 0.9654692340386302, 0.6173425072427953, 0.465726922947559, 0.7650833115757613, 0.4383866735699179, 0.513528186727831, 0.9253457587266489, 0.714408294406832, 0.13770353998213358, 0.5689542601857949, 0.09726820124841817, 0.2749416164773639, 0.20977580081122427, 0.8364338697958515, 0.07703878724291613, 0.7648538541942578, 0.1352170261037574, 0.879722861811956, 0.056427782522548875, 0.798291277749824, 0.7057896215282755, 0.4361535558353844, 0.5168353001289037, 0.011332566945521094, 0.32099793458157877, 0.6139188346750211, 0.6325057155652237, 0.35338369325673136, 0.5493736725996682, 0.3101657206946704, 0.03561777572760294, 0.30973277212521944, 0.15601958433404262, 0.7902854663120992, 0.5048661674541227, 0.8286055361709055, 0.9405022687449569, 0.6264961300732692, 0.01755957043538714, 0.11375586798710868, 0.38533453634468806, 0.6096534987092566, 0.196112214300185, 0.19163762735714573, 0.366039532909312, 0.6216026435065282, 0.4416803066306201, 0.22695691115364025, 0.616610941860728, 0.8087758124603036, 0.6404211728886944, 0.1252230750290626, 0.8154859111093047, 0.5073678276686973, 0.7518476848776636, 0.7501782760286289, 0.10057802887606171, 0.03287524947659326, 0.1924844600276273, 0.4153626898579379, 0.20189245529338484, 0.8285806542819921, 0.9987198211638333, 0.9086391017533008, 0.810508048958539, 0.7230562287460683, 0.12151093153184123, 0.6558125800035062, 0.8871973919083599, 0.3458508255152489, 0.21164844422032258]"
9ee414b1-02a1-43ea-a0cc-94995ea6e1e1,Video,DIY Cleaning Hacks Using Household Items (Vol 10),Nutrition Tips,3.9,"[0.9025860306197923, 0.3710070208199724, 0.9753370171323825, 0.2925081258658251, 0.6821726003235206, 0.5017333631507268, 0.8890804934443842, 0.006565093999045923, 0.1664873719640343, 0.14825753691515553, 0.48606797780407585, 0.6595081515030105, 0.5171676586089579, 0.12279916262095325, 0.11282538674239873, 0.6957851202168963, 0.7264589992184729, 0.6715912863886669, 0.07514215443177019, 0.10873069778390454, 0.24245021684215806, 0.05605680453427331, 0.4425647170380277, 0.526983442372403, 0.1478771214397081, 0.09193674691878606, 0.36676916872284626, 0.1382213689976347, 0.21327262511307754, 0.6688425442468298, 0.8016184538930925, 0.41557543484019643, 0.10893939750053827, 0.4722890043093114, 0.1752607530993715, 0.7232015174619465, 0.16453902700033107, 0.8222192641039673, 0.4726997979777595, 0.8452450985427493, 0.45696900511390726, 0.400704261186722, 0.6479394719395611, 0.8086002016536427, 0.7409967997021054, 0.6946092872197875, 0.21336390549998285, 0.9729513328304492, 0.9423623552596937, 0.7784199128700091, 0.5388178063856566, 0.7972478094607047, 0.862325026789659, 0.4307921891093971, 0.735213583605374, 0.7033370870355128, 0.982690215759085, 0.8780026390278642, 0.8043612052201706, 0.11162600672887979, 0.4811286847294999, 0.07405328812475254, 0.25220271615217826, 0.3061814129467352, 0.9177388728716688, 0.966070216294281, 0.745425647837762, 0.8924574201384996, 0.23651183580594848, 0.020274890904512954, 0.4195710886152897, 0.12304862611260836, 0.28469110438377987, 0.6740922991103392, 0.07488173362025596, 0.4435043973868421, 0.21620136959170433, 0.672976772119102, 0.5254290976334877, 0.03136693952436742, 0.16891840545667225, 0.6823773371919181, 0.5227778430494135, 0.624445324300863, 0.7349158077573799, 0.4604926944998673, 0.6686334155411102, 0.18718538029220244, 0.8103479763686368, 0.9036890686498166, 0.013970854028521384, 0.697361357857788, 0.494592963213742, 0.6348689315733271, 0.9527640339141419, 0.9452401822936893, 0.1561905107048115, 0.35794349736113606, 0.5378994283032545, 0.04074282073956581, 0.1957842809760303, 0.009000949997020391, 0.9551331015662727, 0.5553040150738136, 0.8774382315911702, 0.8339635828655554, 0.36760042617454136, 0.5738343380381398, 0.004740408957241371, 0.8722798459195203, 0.5049599938504696, 0.7489866662102228, 0.30822835724089415, 0.4612158129037499, 0.1755809287278135, 0.9838283812097243, 0.600069110944137, 0.7541952808695855, 0.8353521676465089, 0.05224149108898102, 0.9657846890617164, 0.7333574605783161, 0.9188844610549745, 0.31894440659254375, 0.7866000299352238, 0.025026412707148893, 0.29078490199852314, 0.22935202979919733]"
5e7e328a-c31d-410a-b322-e3e9c3383b0d,Article,10 Best Chicken Breast Recipes (Vol 10),Product Comparison,9.9,"[0.8856190185553839, 0.27769406313517586, 0.31281724139993505, 0.48021145858791847, 0.7660047527985188, 0.455186100473169, 0.41699489166564596, 0.26942611165140273, 0.9380306036066843, 0.6681561550648886, 0.23596261293406628, 0.04119704106603872, 0.02006785019160362, 0.38889501715477204, 0.610310222746981, 0.5313075993972065, 0.5891591042308497, 0.23871029900317953, 0.9803261160579692, 0.905901890354171, 0.0664451087939163, 0.5784677581566344, 0.28492862994694657, 0.8024258541658867, 0.8386876075944809, 0.3177751006493388, 0.920314849444997, 0.4392244706220825, 0.9804158922100312, 0.060176550329912426, 0.49497876254787243, 0.7968959085076487, 0.9733386114583601, 0.1271065333945698, 0.39160071046682876, 0.5256984184389145, 0.21998537371990157, 0.1495379501764057, 0.6765416508067571, 0.3749392588354544, 0.08021067060091835, 0.19887298222992456, 0.8248518215316959, 0.2217393048703381, 0.5070522510227709, 0.24329412556050378, 0.16040009880267503, 0.4261129410849066, 0.14683656635000164, 0.40023398857708825, 0.3109247262167355, 0.03380907273148026, 0.2928418301015554, 0.43591938798050434, 0.6880156938971309, 0.9134087421886492, 0.33131528267516364, 0.030383372154025534, 0.34568761879758103, 0.1513681858880015, 0.7287127051249908, 0.6651448177272891, 0.23554529663709045, 0.6796527201317489, 0.9327437077684556, 0.8030934394746637, 0.3595312963997298, 0.07094019430182608, 0.16577394955417502, 0.6879185255694216, 0.8245621405982003, 0.9638945734886873, 0.2123929855911435, 0.24295568545988033, 0.41884955967397475, 0.9710375374530428, 0.9107269780943241, 0.6984581471526913, 0.7185601351028172, 0.32175475895208794, 0.8293408783498254, 0.5421081146408079, 0.7316242227268417, 0.3273831217340223, 0.1840371157882812, 0.2009448818523225, 0.5150093934488265, 0.26003833239704355, 0.23178802352662287, 0.9316300464714854, 0.16829964413335852, 0.4682337058516075, 0.9191430836206418, 0.5229221710275876, 0.2129194508396014, 0.8594615394386089, 0.21811921138723567, 0.6113993636231473, 0.5552513430084285, 0.4494791223974174, 0.13516022587073218, 0.7873185436700492, 0.36568982906431113, 0.5785194068556991, 0.09387992421729563, 0.9198401102182395, 0.5956587676869173, 0.9100872242182757, 0.21738008048455093, 0.47281881459383623, 0.5781214515840544, 0.8152855762250112, 0.5239355474670903, 0.31294730645485125, 0.668735328525689, 0.001911591905425225, 0.5093123688738603, 0.46059596609199827, 0.08894309714568616, 0.10625100409203381, 0.49172697111330765, 0.36164478698964064, 0.27744945272486676, 0.823511363507478, 0.8002517354107707, 0.8177653081793406, 0.6140728115118874, 0.5384826140252047]"
031d49df-55df-4c88-b17b-1df200c7d2fe,Article,DIY Cleaning Hacks Using Household Items (Vol 9),Wellness,8.9,"[0.8471772474380722, 0.25914508185679686, 0.573471993508035, 0.33479943090950015, 0.8792198648376752, 0.7699758706336062, 0.003925642620576375, 0.12317005596389785, 0.11452350175036141, 0.18459830316932846, 0.638364483474932, 0.7827047245871224, 0.7879079995343891, 0.12288522972456406, 0.9518279400127976, 0.62474053317917, 0.12427367825211022, 0.4194325949001122, 0.05440364674554121, 0.15969362309356927, 0.9871732708448722, 0.34004196381765806, 0.9605271790845393, 0.09164523887225151, 0.20805401292749282, 0.5178071823709889, 0.9480651049559187, 0.549925841531465, 0.5393408689729635, 0.4411240350534291, 0.8397900825762495, 0.6189906314497904, 0.6835521566283569, 0.05919106803346419, 0.6186913012298189, 0.017803752634589665, 0.6486511388997127, 0.31098029766629554, 0.5901323704307239, 0.5448760865471997, 0.6865265749033647, 0.03334993264276065, 0.9397701001148832, 0.8876407625170697, 0.6192482311075495, 0.15688833973943828, 0.49295921810701937, 0.1294347155122848, 0.03946651238040011, 0.279499535678733, 0.9619157523107267, 0.16882507822482407, 0.5035391455797102, 0.24246543914467655, 0.17069577703906824, 0.8987762609777549, 0.9996125671691183, 0.7101984762961572, 0.14828471726439474, 0.5626770907270076, 0.2629237354156435, 0.9427622601437826, 0.19801207789821362, 0.6657091085150323, 0.4499293321975947, 0.35159421105874633, 0.267577446587844, 0.6529112660569951, 0.38767087862007144, 0.7545100669680511, 0.8729425674686666, 0.34710195479136097, 0.24551636275998545, 0.6705092073359907, 0.022415529895548514, 0.7484127786370343, 0.6979094980523836, 0.24422501124795548, 0.6881120481377397, 0.5628282020757892, 0.8613944554944014, 0.10244690282764646, 0.44744850719551266, 0.8675345966399488, 0.210873476549022, 0.6620684766452917, 0.8560362868677179, 0.32135421504441253, 0.826492299708242, 0.3316380694256048, 0.22388372629310338, 0.017473618186725326, 0.9941422151750516, 0.4556380433961752, 0.14372784370162928, 0.6614361997393524, 0.44974055814141656, 0.2568898332093702, 0.36348269705195946, 0.8590500398574409, 0.6363281465330265, 0.4462718085397993, 0.6544118143001405, 0.3203173921057034, 0.540984640184776, 0.24081017825139572, 0.44256813169069154, 0.9003267039592829, 0.33787717136808815, 0.5123680729458864, 0.23939570781529818, 0.421112596133857, 0.30194533160194326, 0.7713800850312917, 0.8123814673789376, 0.26936375685441916, 0.10578843218777334, 0.5606860589431464, 0.2174322305458244, 0.1272049607116862, 0.29651681898573035, 0.8523433071449996, 0.3561382804050155, 0.1933438540220881, 0.9595050442580457, 0.6369725503319349, 0.5968016086297474, 0.25837569415701833]"
572b9af0-1db8-4408-9aaf-68b90c0e7313,Blog,Eco-Friendly Home Care Tips (Vol 5),Wellness,12.9,"[0.9873886199276976, 0.017645805691265948, 0.41746807238868333, 0.5178220228330941, 0.28813371825877043, 0.4862516803007685, 0.171206970762401, 0.17068869298342693, 0.414123423818449, 0.443133485537228, 0.30002069434903067, 0.5321381748925378, 0.6025379650115079, 0.4566460796557299, 0.40051839518860766, 0.09828166735270571, 0.7358653446217673, 0.2246533989347469, 0.15652937912703635, 0.961549394576099, 0.3880623073002636, 0.03387253816290525, 0.7476005343510964, 0.8547737847527217, 0.017188559570114226, 0.9402045436684762, 0.6943316699431358, 0.3062985859768843, 0.7185366305281722, 0.5068006513480222, 0.3975112143037671, 0.2718282916529634, 0.2902805251623185, 0.4601215107983785, 0.11981894658939729, 0.1885921598221707, 0.6068915579933083, 0.8773638273852188, 0.9295200644294349, 0.13420392641430234, 0.05688693897195096, 0.01115881956168685, 0.46254174973598083, 0.9098232218880332, 0.5987104660877316, 0.036059968146833876, 0.19009416358480213, 0.9383849499238684, 0.8662640167900797, 0.4014685002742542, 0.45170433617538, 0.5566427583735081, 0.4928312894544643, 0.32570240068825795, 0.3364808846328331, 0.7449662638451449, 0.6836101147271321, 0.14707095164597006, 0.37046532384503084, 0.593802704228763, 0.2874845890836166, 0.8631218106071412, 0.7768905753148377, 0.11979383413772948, 0.40017865892476434, 0.01811452113653922, 0.4802776994936706, 0.3111146246835118, 0.6894770063432079, 0.07643975200114628, 0.7760678586759538, 0.026424961899722432, 0.9751950683701248, 0.7532771400340132, 0.4665773894331172, 0.8796094574164364, 0.30899702027067033, 0.7685423649260662, 0.5449007409637247, 0.37654053318229785, 0.3940438428510835, 0.5775001158393398, 0.5392335834329584, 0.9575473703607361, 0.93204754225006, 0.22211886737546738, 0.30814051086027905, 0.6927993655646126, 0.1754053874757302, 0.5416156029943529, 0.00031589885227245595, 0.7464551478091522, 0.5715182121652091, 0.07298684675286327, 0.5346765513904251, 0.8957450385208714, 0.5126914051436531, 0.8437986993722543, 0.7595740836307608, 0.6731025524825851, 0.2532439617391655, 0.5978616469664533, 0.8270643718648268, 0.6464022542563971, 0.44593605941529857, 0.18362526780847666, 0.8952951442141063, 0.24103749483393944, 0.9673568654687653, 0.5643872894110836, 0.7832213166407955, 0.9472387069297462, 0.6400734608807052, 0.7812683296174997, 0.7645712224135195, 0.29116109929107237, 0.026714947907561237, 0.6171200273629, 0.5278612063226383, 0.8521195327386295, 0.9484658911940702, 0.07614781884138977, 0.3100101027870026, 0.7865575865222512, 0.03734366964746805, 0.3563566310176073, 0.7824779291712655, 0.39062149900576837]"
50f8a978-0dab-4475-b3cd-143656ae0a67,Article,How to Pick the Freshest Seafood (Vol 4),Home Organization,9.4,"[0.20602531112677624, 0.7643763970221702, 0.3231833306653372, 0.5810285554135484, 0.8577569382472575, 0.5911727931680401, 0.041813764467145464, 0.12743761260325281, 0.17106229068457224, 0.8471196680219858, 0.7934900107658902, 0.49370129973767474, 0.7783354781050026, 0.9141411002054671, 0.6125834161305187, 0.3795446144707464, 0.6354060046757485, 0.3180685994792313, 0.283424291392097, 0.7163252221495595, 0.248989976987966, 0.6359554301842262, 0.9584543906831102, 0.7467580984575041, 0.5463910249563559, 0.7662730856547507, 0.8204477967000865, 0.31496253726653045, 0.8462960608041772, 0.020031630283233293, 0.5302670284769566, 0.9359132252497336, 0.15272950427001686, 0.011936484848783069, 0.04778083772756836, 0.2349559205448175, 0.14140718154216092, 0.5307100972854579, 0.37745755794739455, 0.6781032394149465, 0.7218556181306302, 0.8749259469441908, 0.7638632258100894, 0.11445074063665428, 0.9705702552062646, 0.10800527844098295, 0.8711182753876562, 0.04647442156236126, 0.39807512771541587, 0.4758502468357664, 0.9779767413856408, 0.23319337419843844, 0.49486774938402833, 0.4746825395210771, 0.8931913002007996, 0.5835938347745265, 0.0010672572737879804, 0.03042364099894168, 0.6501453369544167, 0.2733782285873193, 0.5659317326110052, 0.1272368208861704, 0.5244877578368736, 0.6413630998890288, 0.9060107875428159, 0.27587911853155533, 0.6813149445230813, 0.48283014919687284, 0.8151845436669022, 0.16353424220553592, 0.6427502871342684, 0.19851208008040944, 0.5001142853057333, 0.5372549595766619, 0.8172079036252949, 0.2904114549304079, 0.42859766917442443, 0.47782084812301007, 0.5074580842557801, 0.2813185237313467, 0.6871716510642686, 0.42520308917937666, 0.27343111093977446, 0.2906634467200553, 0.9716584714303238, 0.9956197119882991, 0.12241945639253471, 0.8454306988510758, 0.1894348596442066, 0.718476036081998, 0.7587305555932995, 0.9185707980522093, 0.7587267457571353, 0.5780380897479379, 0.4614407432830647, 0.5213797631658303, 0.5634571929989172, 0.21168962508104983, 0.013887322861650842, 0.31555629887074876, 0.5841174253088182, 0.8255722762582368, 0.7687310754049786, 0.4290276892067353, 0.5057492216765086, 0.018647502610549482, 0.6395560303798219, 0.2374900519248, 0.3886027485341258, 0.14858026912314304, 0.6479366139911662, 0.2055640662626701, 0.14666916728173152, 0.9927239810889621, 0.6971252570543103, 0.3845884798998376, 0.8366783380838, 0.6960207262565079, 0.4145190758263778, 0.343907062531599, 0.8977152325682312, 0.21095343489059648, 0.06873117550125851, 0.9780613836332553, 0.5650699743541612, 0.5687328158663661, 0.8842996315858547, 0.7631384717183948]"
cf474156-64be-4874-a070-a040fc6a6e27,Article,DIY Cleaning Hacks Using Household Items (Vol 6),Home Organization,3.1,"[0.40829446172215034, 0.971711747479096, 0.4368612395284446, 0.43193383381315753, 0.49472617108055417, 0.3215239064227663, 0.3749360057846364, 0.6111298184844786, 0.1033673406559531, 0.04840700532787334, 0.07246064141418707, 0.2987219190006598, 0.3185558238927897, 0.9534008443945725, 0.2209047791450972, 0.05715469661225392, 0.5504789155516456, 0.05040782895344542, 0.22569885889057084, 0.6489939750985033, 0.28314290346299487, 0.9043702767651027, 0.5886933583479071, 0.48852450760721755, 0.5535189727689482, 0.7693599260354228, 0.3941878076749611, 0.1649287048023239, 0.6191718376604218, 0.037663900040690756, 0.5836421778239043, 0.4250476578423851, 0.6494228050403092, 0.06897668940458668, 0.38257218321352915, 0.8196246628638453, 0.08195510706633047, 0.6178486714283938, 0.999861846388961, 0.8048516356231005, 0.4797673525969216, 0.8373179804793726, 0.03650966859127425, 0.022099264340283087, 0.4671065920141999, 0.0705904729556871, 0.3868974135861072, 0.2032112088709609, 0.4274604408051267, 0.06776699243157502, 0.577706752307781, 0.13808817107727756, 0.631220179705535, 0.18968251346929732, 0.3881149860890186, 0.7147651154624495, 0.5748072901756, 0.9059872582128893, 0.9565493191063433, 0.3955354609131416, 0.2807388727435681, 0.31713803238983496, 0.19228426311603686, 0.8185977669689852, 0.6850230716712554, 0.9127271701958882, 0.8785555373125732, 0.026151619090514777, 0.02646739310205637, 0.3397958999758738, 0.03786129262081395, 0.7632908486630653, 0.5902518444743549, 0.48370555108998836, 0.34474205538313174, 0.6326087854015161, 0.2675733029926296, 0.19423925903914985, 0.9734223912584687, 0.5250250586292817, 0.8247785204705311, 0.8326695784329715, 0.9714319301888228, 0.20941352832217075, 0.8902740224616802, 0.0014744924757694733, 0.39903001437071883, 0.17790816857655278, 0.4260625983103338, 0.9099895243609457, 0.9112026957396321, 0.16117142443412436, 0.8497848103359916, 0.7010335928918032, 0.35012511837330795, 0.45269795651665956, 0.120710914924131, 0.46191096044966506, 0.29062865940367644, 0.756372172746826, 0.04811739417065053, 0.7469368213167613, 0.9614118805377848, 0.3410935493545576, 0.12908530931783424, 0.5155766317183235, 0.5915290137004172, 0.5362682271581365, 0.32433623352724783, 0.7148708660571588, 0.351850344952228, 0.6182062796952613, 0.9020755356056788, 0.5073963845443713, 0.04525787981075602, 0.27847409317837135, 0.49512261155923554, 0.7471070393762536, 0.06448195580243599, 0.5812146506709631, 0.23377961892674337, 0.022470649289429656, 0.26840547872047227, 0.7182121955285439, 0.3358636046528499, 0.16883537936103754, 0.27340983372421557, 0.05806811593529693]"
1f5d7095-cf97-4750-92f0-64a294edd5fb,Article,Creative Uses for Greek Yogurt (Vol 1),Wellness,12.0,"[0.8388381611159412, 0.5929502902252226, 0.2921235288320696, 0.6322401488171326, 0.901240022774759, 0.7281314996966901, 0.5371040149073693, 0.6018478319933667, 0.44878432264762347, 0.47271335702718764, 0.984526096125234, 0.5717817848840597, 0.1851797848502541, 0.5294021388083424, 0.6401456592567929, 0.8505473623695141, 0.3466036902636783, 0.6111153994729838, 0.35361107422977833, 0.6608412095916881, 0.30572184300350846, 0.3935270024083216, 0.3604019778902765, 0.37964579014221933, 0.46669181563545215, 0.10933542738175206, 0.9688243055844259, 0.7601876118481837, 0.5840569355014579, 0.5287900294842848, 0.18718368218976844, 0.3264549453300045, 0.14394681525437247, 0.48251500466648367, 0.6573076185159372, 0.38896855300806676, 0.10577216604756134, 0.9765895344843556, 0.8070955229805048, 0.18486337683858844, 0.6612208346096793, 0.4315703551910406, 0.9357771267782549, 0.826213746220344, 0.3158460522618354, 0.8377939045333165, 0.9026554372364729, 0.0314527787385388, 0.7112872590338646, 0.026771662256482753, 0.8529368809455269, 0.2317812503405372, 0.06949517944817252, 0.38829242256762275, 0.6236103478687979, 0.3135908523611486, 0.3778662916924598, 0.5950342458043495, 0.44480832758229394, 0.37784089785978603, 0.6912794227310779, 0.31262595993994147, 0.7049856286590687, 0.042165633340669806, 0.8345693417949126, 0.22125677719860903, 0.873647982550444, 0.9978217805425835, 0.3955482664303621, 0.6948321135536589, 0.38030070635923074, 0.48407807989426943, 0.8528245532602237, 0.9866590506540303, 0.3258416184578907, 0.07563670572378434, 0.1986277720189169, 0.9326513107664678, 0.5644401675621741, 0.47316201843283934, 0.6597864172561483, 0.10389349447635277, 0.6101764817578357, 0.8103329590649382, 0.1301877098237657, 0.2670042086833053, 0.8743644974144087, 0.9830209470719357, 0.7016520747558195, 0.6970290227077317, 0.5180650238908682, 0.0989634135237406, 0.679151301059214, 0.7007852818726936, 0.8253028129047351, 0.9348042702018308, 0.48704530066088914, 0.8586001633919369, 0.33951871805643885, 0.8642506186369483, 0.6577939577959576, 0.7719606397904051, 0.8379247690691194, 0.9492763218469847, 0.09905752376088117, 0.9628455845066242, 0.37938626993320557, 0.35014582701461505, 0.32141926940305343, 0.15029777508948416, 0.713136207532515, 0.5330379071341924, 0.8383344206981288, 0.9475125336998762, 0.9994430066467277, 0.4416473897034363, 0.16965474840565187, 0.29172771403834574, 0.2576180163627946, 0.7051246155214572, 0.22057443597670034, 0.8922437329959779, 0.2121576586657007, 0.09880476534788962, 0.2029915046836227, 0.7517376056790591, 0.932681799327306, 0.7610596789920157]"
