interaction_id,customer_id,campaign_id,interact_timestamp,action
6f5551dc-c50d-4df8-b094-f1bcc6b16028,77e21ed9-534c-49ff-bf3a-6c81910050d5,acc96de1-b5a9-4a0c-944a-6644d8486600,2026-02-06T13:20:05.848809Z,Opened
fe931323-61ce-4929-88b1-e8223ed58d46,48c3b50c-eb8e-4708-a496-988f45e79034,bafbf00d-7cad-456e-bfd0-0d8fc60045f0,2025-08-26T04:23:23.848815Z,Clicked
81fc6337-011c-4d62-8895-280102d92258,aa643d96-ef79-47e9-a367-5a03dbda3bec,d262398c-8ac9-4474-8f1d-0ed804abf7cb,2026-01-09T13:56:16.848821Z,Clicked
b51c98d6-dcf3-4c0b-aab2-0ad9b75bc8c6,7228b3d7-ca33-490a-b2e0-810ee8eb72a2,52f74d2d-4a6c-4a87-bc92-2ea46e0f6fb8,2026-01-14T22:18:56.848828Z,Ignored
d59592d8-8dfc-423b-92f0-a5c80f67cda8,53adf45c-8f72-4878-b332-c6cc1d892989,bafbf00d-7cad-456e-bfd0-0d8fc60045f0,2025-12-12T02:36:48.848834Z,Clicked
3c400cdb-101b-441c-bce3-f4f64867ccd0,723d20ef-52e1-4d8d-8e5c-c99424c3b0be,f34e887b-3b97-404f-8d78-ad0afc507961,2025-08-24T04:45:27.848840Z,Opened
eca3e8db-0e82-480f-815b-2c0aec9178b1,e48601f7-7854-4f5c-90c1-a5b4e61cbbc6,d262398c-8ac9-4474-8f1d-0ed804abf7cb,2026-02-05T12:47:46.848846Z,Ignored
a3c24929-b1a6-42bf-9dca-b3403e0879a9,d4e85052-2f91-44f1-a8da-24efc3a6e3e0,acc96de1-b5a9-4a0c-944a-6644d8486600,2026-04-11T11:25:30.848851Z,Opened
87f4523d-97a7-446d-ae06-2784df4d7eea,43ff3680-1dd2-4bca-a724-cabfccea5385,f7409bb6-0eda-4cbb-ac82-f019a4ca505a,2025-10-29T18:03:30.848857Z,Opened
ac82ac2e-6e0a-40d9-8df3-c436b3035bc4,79674428-f04f-4f7c-a90c-5e1747d54c5e,52f74d2d-4a6c-4a87-bc92-2ea46e0f6fb8,2025-08-29T06:02:00.848863Z,Opened
07555613-87e8-4a79-b243-8dfd5c589f5b,8c5395eb-5111-40b9-9742-80230f944c91,23055d04-c67c-4d6c-9691-00192bd576fa,2026-02-08T06:17:39.848869Z,Clicked
38c6754d-433c-4772-b078-45332287078a,b5b918af-3492-451b-a8ef-799b0615a9a5,23055d04-c67c-4d6c-9691-00192bd576fa,2025-08-17T08:03:40.848875Z,Ignored
d279948c-a479-43eb-bc74-dd21b61d255d,4f782818-803d-4494-86b0-18c174d4f6df,f34e887b-3b97-404f-8d78-ad0afc507961,2025-09-30T14:34:25.848881Z,Opened
9088384b-3e61-40c3-a7eb-a16f84e619d8,9fa106c7-15c8-40ec-b1b2-024fbda49ebf,23055d04-c67c-4d6c-9691-00192bd576fa,2026-06-01T15:23:05.848887Z,Opened
f4c35fb4-62f6-4538-9041-c2326dedf7e1,dea9dbd4-b682-42e4-960b-16720b4619a3,f34e887b-3b97-404f-8d78-ad0afc507961,2025-10-22T16:13:36.848892Z,Clicked
38c96c73-d2ca-4731-91ad-2a1c1d6b1e1e,74839d8f-ff2c-4461-8ee3-42f8d15aa679,f7409bb6-0eda-4cbb-ac82-f019a4ca505a,2025-10-11T02:25:12.848898Z,Opened
e82eab44-5fa4-42e1-abe3-c205549685c1,403b076d-ff6a-4817-a4d4-1f8505ece11d,f34e887b-3b97-404f-8d78-ad0afc507961,2025-07-04T13:36:45.848904Z,Ignored
4af8d450-f4ab-4a49-8e4d-53e5712a33b2,a2f6c856-ba56-4db7-8e64-9a40a6260e98,acc96de1-b5a9-4a0c-944a-6644d8486600,2025-06-20T17:28:06.848909Z,Opened
06e424a7-fb60-4686-8610-7f100c97600b,0f2672d3-0d1d-4747-9e71-a91ada364540,d262398c-8ac9-4474-8f1d-0ed804abf7cb,2025-12-23T09:57:50.848915Z,Ignored
0b96df54-fe47-4d1f-903a-2f78dadc800f,09e7e9c9-083d-4a69-97de-18d21411c6c9,f34e887b-3b97-404f-8d78-ad0afc507961,2025-11-17T01:07:04.848921Z,Opened
d350e5e0-962e-4221-a250-0ea77c5e85f2,718f45a3-0876-40bc-9e9b-c8f9c8d94e7a,d262398c-8ac9-4474-8f1d-0ed804abf7cb,2025-10-13T20:27:51.848926Z,Clicked
17e3763d-1611-452a-bf53-218af3832405,fa036ed7-3003-40a6-bdc3-bd30c1d630be,bafbf00d-7cad-456e-bfd0-0d8fc60045f0,2025-08-22T21:53:27.848932Z,Opened
a7db15bd-faa9-4cfe-baff-a2e7a25aa722,cf4581a9-e1d2-4d79-881c-1e784839d621,201afec1-2724-4348-9d4e-7bd1455ff916,2025-07-21T16:48:26.848937Z,Clicked
3743f2fa-f9f2-413a-89c9-94c41006ea2a,3c9287c1-4ef4-407a-81f2-02e47f73245c,acc96de1-b5a9-4a0c-944a-6644d8486600,2025-11-22T11:12:53.848943Z,Clicked
e01a0dcf-7d4e-4eb0-ba00-e60d26e129fd,89141f47-c044-4854-ac21-c420d821b33d,bafbf00d-7cad-456e-bfd0-0d8fc60045f0,2025-07-17T08:31:56.848949Z,Ignored
31087872-9a33-4af6-bea7-0702087219a5,a2590639-6168-4882-9f9e-122d8a03909d,e3485424-d8ae-4456-9f29-1d9f616a9b84,2026-02-18T15:20:11.848955Z,Opened
528041e4-42a0-41e9-9912-0ee42ab933f2,d6658dc0-e7c3-4d26-b720-f6d584b6c2a7,52f74d2d-4a6c-4a87-bc92-2ea46e0f6fb8,2026-02-17T02:28:02.848960Z,Ignored
8bd52510-023a-47a0-963b-f6e3b9d72d88,ab66ca5d-04cf-47b3-9716-8a39a8619a98,201afec1-2724-4348-9d4e-7bd1455ff916,2025-08-02T19:13:55.848966Z,Opened
ecaaa1fb-bedd-4290-87d7-452eb5a8dbfd,6e9ecfa7-a760-4957-9f8f-1d0d40244d43,201afec1-2724-4348-9d4e-7bd1455ff916,2026-03-20T13:11:45.848972Z,Ignored
56f41825-11af-474b-8aeb-ecb2bf24a85d,ea59da10-ccd4-421d-957f-d3efcefbdaa0,d262398c-8ac9-4474-8f1d-0ed804abf7cb,2026-03-06T17:06:20.848977Z,Clicked
31c50529-d4c7-48f6-9a91-0671ca4cd283,b3b1e070-a7c2-4c04-83b3-8c13ba8ed013,e3485424-d8ae-4456-9f29-1d9f616a9b84,2025-08-17T08:56:48.848983Z,Clicked
4bff3654-af83-45d8-9dbb-d313be9dbbc7,4ad475d5-c043-4e0c-ae5c-8a87a3d11b14,f7409bb6-0eda-4cbb-ac82-f019a4ca505a,2025-07-08T09:48:35.848988Z,Ignored
ed900b47-d4cf-4db5-ad31-0cde8b355157,bc8b90b5-216f-40b4-9d6c-704d1a65a06e,201afec1-2724-4348-9d4e-7bd1455ff916,2026-03-07T01:07:49.848994Z,Opened
273ae657-ac20-408f-9ded-481eab336473,9fc326a9-8edb-4aa9-a7e2-bf8cb807fe31,52f74d2d-4a6c-4a87-bc92-2ea46e0f6fb8,2026-03-28T04:29:13.849000Z,Opened
5b5284ec-2199-4a53-8e31-fa9fe3d4c1b4,246a8fbe-760a-4f3a-a8e1-8a9c5f39aeca,e148960b-0a5c-47df-886e-8bad521c67e3,2026-06-16T08:41:05.849005Z,Clicked
33ca68f0-8545-41b9-ae25-4b2f76c7e136,3be95b54-f629-40a0-81b6-bb547819ffff,23055d04-c67c-4d6c-9691-00192bd576fa,2025-12-22T20:43:01.849011Z,Ignored
67405363-d956-4eda-92db-26ba2c0e7117,c65b973f-eb2c-4fc5-ae18-0a8a921e7693,bafbf00d-7cad-456e-bfd0-0d8fc60045f0,2025-10-07T06:15:53.849016Z,Ignored
1c499a1d-1715-4111-ae3a-13e10d9701d3,b160209b-16a2-48d9-abfb-6eb2de7e37bb,d262398c-8ac9-4474-8f1d-0ed804abf7cb,2025-09-16T16:27:51.849022Z,Ignored
6248d921-c03c-4f40-b777-be05b7336000,0f2672d3-0d1d-4747-9e71-a91ada364540,e3485424-d8ae-4456-9f29-1d9f616a9b84,2025-10-30T19:55:21.849028Z,Opened
ae8ceabc-eb25-4433-a851-cfe73c2d2ac5,53085b4b-a2df-449a-95d7-1bddc6a0b1a0,201afec1-2724-4348-9d4e-7bd1455ff916,2026-06-03T00:54:02.849033Z,Opened
76502a7f-555e-42df-98e9-8525b02f452f,b71d0401-7b0c-47ad-92f3-6e124731b75d,23055d04-c67c-4d6c-9691-00192bd576fa,2026-04-04T10:26:25.849039Z,Clicked
1e795852-1493-4317-a737-bfb48f1c6ffd,2dcca842-c403-4924-9c19-def81bc4244b,f34e887b-3b97-404f-8d78-ad0afc507961,2026-04-30T18:17:24.849045Z,Ignored
22612b64-1851-46ea-9a57-0e87894ce8dd,f7651a82-e7fb-4ce3-a273-b0bb7853f529,d262398c-8ac9-4474-8f1d-0ed804abf7cb,2026-03-07T12:05:33.849050Z,Opened
1c3239ed-b842-4735-a19c-1b5ed55d4aa3,704ed6b2-33df-4a7c-9e2f-e37d650c515e,e148960b-0a5c-47df-886e-8bad521c67e3,2025-11-29T18:05:32.849056Z,Ignored
d75e39ce-64f3-4b61-83f5-be778ef97bd4,865e2c7b-71bd-4f2f-a9ef-009d99d29e7e,e3485424-d8ae-4456-9f29-1d9f616a9b84,2025-10-10T14:00:13.849061Z,Ignored
c2f5ac69-6afe-4e16-b758-08675d359494,24629382-0184-4ee9-a7ae-6b330bde3774,bafbf00d-7cad-456e-bfd0-0d8fc60045f0,2026-03-28T01:54:12.849067Z,Clicked
dac31899-7225-4439-ade0-9b5b6ef2562c,66ea7225-0970-4ca9-bedb-0ff2dc6bcde5,52f74d2d-4a6c-4a87-bc92-2ea46e0f6fb8,2025-10-06T04:37:07.849072Z,Clicked
f06fbcb2-0974-41c1-a5aa-ba57562245d9,f483e088-2c1d-4574-add1-03aa91bfb55b,bafbf00d-7cad-456e-bfd0-0d8fc60045f0,2026-05-24T15:21:07.849078Z,Clicked
c33bc228-c714-4db7-905d-8b208b5592cf,0ea90ca3-a784-4797-b21a-d4c7e8c97a0d,bafbf00d-7cad-456e-bfd0-0d8fc60045f0,2025-09-21T12:32:33.849084Z,Opened
e070d4b8-31e4-448a-8a36-ecdee05f14d0,6971669a-3acc-4929-a81b-51116d8188ad,f34e887b-3b97-404f-8d78-ad0afc507961,2025-10-01T02:20:55.849089Z,Opened
285dc706-a4ae-443f-a3fa-59e2d2b9cac5,98ec0111-44ae-4720-87e9-60480410691b,f34e887b-3b97-404f-8d78-ad0afc507961,2026-06-10T02:31:16.849095Z,Opened
97c59f16-eb56-45c2-9490-463b638df8a0,494cb9fe-5864-4f3f-b573-d75fc31ba28c,e3485424-d8ae-4456-9f29-1d9f616a9b84,2025-06-20T05:19:24.849100Z,Clicked
ac834e34-3fa5-42f8-8be7-fe1219c7e327,04f36282-fbff-4c18-b7e3-c386d0acdabf,e148960b-0a5c-47df-886e-8bad521c67e3,2025-08-19T19:59:30.849106Z,Clicked
47ed37c1-55df-4d20-afdf-4ec519e2d215,a7fd865e-9a7e-4c20-b38c-844ea50f001f,bafbf00d-7cad-456e-bfd0-0d8fc60045f0,2026-05-16T16:02:04.849112Z,Ignored
d1e4ef3c-fc67-4dbb-949d-746c56266f60,e96b0330-2bf2-4221-8c83-a0321dc564fa,acc96de1-b5a9-4a0c-944a-6644d8486600,2026-05-07T17:57:12.849118Z,Clicked
a09294e5-291b-4d76-94df-f8363771ea8f,65b2fd80-bfcd-4e0a-830c-eb9ce266ceb3,f7409bb6-0eda-4cbb-ac82-f019a4ca505a,2026-02-14T12:55:17.849123Z,Ignored
8bafd1f3-0454-4911-8c95-e762abd8b1cb,2af61357-846b-47b7-be27-d9b81db693b3,52f74d2d-4a6c-4a87-bc92-2ea46e0f6fb8,2026-02-05T07:41:14.849129Z,Clicked
f1132981-b012-465a-9cd5-84c97f4c3514,581fd8a1-3a0c-4a31-8988-badcc80e5cd4,23055d04-c67c-4d6c-9691-00192bd576fa,2025-09-18T15:01:35.849134Z,Clicked
121a0937-133f-4ed2-8b1a-c7d0f534ebfe,66ea7225-0970-4ca9-bedb-0ff2dc6bcde5,f7409bb6-0eda-4cbb-ac82-f019a4ca505a,2026-04-06T09:59:28.849140Z,Opened
e6154f73-8219-4ebd-ae7e-b5938942fca6,e2c19037-780e-403e-ae6e-b883146ae778,23055d04-c67c-4d6c-9691-00192bd576fa,2025-11-03T20:58:52.849146Z,Clicked
9241b4f4-b396-45c7-8558-0d4938a5f75f,7ea93906-6ed1-4ad9-98d5-82056a985ded,f7409bb6-0eda-4cbb-ac82-f019a4ca505a,2026-02-20T10:35:21.849151Z,Ignored
60a6466f-e088-4b6f-9a77-7ebe0e22cd39,839bcda0-bab9-4237-9419-c8ee1adeac90,e148960b-0a5c-47df-886e-8bad521c67e3,2026-03-23T15:33:29.849157Z,Opened
7ae634b6-81b6-45ca-a980-fe4020b7dd37,a4e2e6dc-9c0b-4fa2-8763-56f3ee281e63,acc96de1-b5a9-4a0c-944a-6644d8486600,2025-08-07T16:22:00.849163Z,Opened
55128d02-ded6-4c3d-b9b9-93ddae4a6f4c,6a8a00cc-399a-48f6-8f49-a94501292444,e3485424-d8ae-4456-9f29-1d9f616a9b84,2026-04-27T20:48:50.849169Z,Opened
c24029f6-0e54-4e45-9f14-e70fe8b9a424,e28014e6-9c3a-4f42-9b5e-bfc82f9bb9d7,f34e887b-3b97-404f-8d78-ad0afc507961,2025-07-21T15:37:52.849174Z,Ignored
97ca724f-fdb6-469f-9f70-38bfd2774622,b534e6a8-e709-438d-ac30-da91cd5872cb,d262398c-8ac9-4474-8f1d-0ed804abf7cb,2025-10-20T11:44:06.849180Z,Opened
d8fc7709-b747-4f1f-b463-9ae710680e41,62fa8cfd-924a-462b-9362-8a50b950a6f2,52f74d2d-4a6c-4a87-bc92-2ea46e0f6fb8,2025-08-15T23:50:00.849187Z,Ignored
605fa135-3ccc-45ce-b71c-5a8d2e99043e,46b2e2f2-9440-4e0e-9e81-15ba9bc82d20,d262398c-8ac9-4474-8f1d-0ed804abf7cb,2026-05-15T01:19:10.849193Z,Ignored
e10fc8f4-d5fd-48ea-aaf1-f27740efa54a,48d4d733-056a-40c1-809e-9644d46961d2,201afec1-2724-4348-9d4e-7bd1455ff916,2026-03-10T06:46:28.849198Z,Opened
92a24649-b4b5-4c45-8ab9-88c8f0ff567f,e9679519-56ba-4007-bae4-1cd922e9f605,201afec1-2724-4348-9d4e-7bd1455ff916,2025-08-05T21:44:03.849204Z,Ignored
f5946159-5b08-4693-8edc-523b326f0f86,5a92d07e-709a-441f-b121-4dbbf77b51ed,201afec1-2724-4348-9d4e-7bd1455ff916,2025-08-01T20:37:32.849210Z,Opened
90a698f3-a905-4f25-a7a1-2c0cb7e1f2c0,42debc32-6b5a-43ce-9ed8-e833104e5d9a,52f74d2d-4a6c-4a87-bc92-2ea46e0f6fb8,2025-11-22T00:55:03.849215Z,Ignored
f9ff8982-36a6-47f8-97c6-a2ea891ce99b,3be95b54-f629-40a0-81b6-bb547819ffff,bafbf00d-7cad-456e-bfd0-0d8fc60045f0,2026-01-29T15:49:50.849221Z,Clicked
d30fb538-cb88-44f3-b004-7299a243b91a,8434f13c-5325-46a3-b0ac-cf2cca283d95,52f74d2d-4a6c-4a87-bc92-2ea46e0f6fb8,2025-11-26T18:59:57.849227Z,Clicked
58d37e9a-f957-4cff-bdec-6ed9a206eb2d,e28014e6-9c3a-4f42-9b5e-bfc82f9bb9d7,d262398c-8ac9-4474-8f1d-0ed804abf7cb,2025-10-28T20:18:11.849232Z,Clicked
bb6aaaa2-ea73-40bb-81ab-77c8683197a2,b8309d59-5dff-43ad-861c-05c59ffc736c,201afec1-2724-4348-9d4e-7bd1455ff916,2026-05-17T19:25:28.849238Z,Clicked
56392fac-d6db-488a-8c50-da6402327c33,16ac8660-6f0a-4386-8175-51ad254548cd,e148960b-0a5c-47df-886e-8bad521c67e3,2026-06-08T15:13:25.849243Z,Ignored
599ae06a-9cdc-45c7-ac3d-47f73b1b4a96,a89515f8-54e4-403e-be5d-efbf5b7790ca,d262398c-8ac9-4474-8f1d-0ed804abf7cb,2026-02-06T22:13:02.849250Z,Clicked
c1cb8b26-e225-4230-bc19-48535e4d7254,35618dd2-3ca4-421f-91f7-eb51cf894807,f7409bb6-0eda-4cbb-ac82-f019a4ca505a,2026-04-26T01:46:27.849255Z,Opened
97074c60-67c8-42a1-a512-714745ea3945,f39c2618-4169-4953-a205-2049fc8b422b,f34e887b-3b97-404f-8d78-ad0afc507961,2026-05-30T13:27:43.849261Z,Opened
451ca89e-b44d-4b6f-9778-89473ba8c80d,9ad9c95d-58ae-4bb8-b54a-be32daead40a,acc96de1-b5a9-4a0c-944a-6644d8486600,2026-05-24T20:54:48.849266Z,Ignored
f0ef65f2-6311-4b7a-9d14-95ca09c63bc2,b5893277-2b7b-475a-8b85-665f277f6976,d262398c-8ac9-4474-8f1d-0ed804abf7cb,2025-10-24T06:10:32.849272Z,Opened
2fb1b324-a2df-4c76-bd20-b3c059a4317d,9ba86c77-70e4-49e8-8844-812e9a849822,f7409bb6-0eda-4cbb-ac82-f019a4ca505a,2025-12-28T16:53:01.849277Z,Opened
e8dca5b0-cde9-4793-a3a7-96e95cf72823,8c5395eb-5111-40b9-9742-80230f944c91,52f74d2d-4a6c-4a87-bc92-2ea46e0f6fb8,2026-06-18T08:19:53.849283Z,Opened
0b6c8591-b393-4b45-a33c-d8c9621abb44,4965914d-e32d-46ce-8abf-92f44d7cc7f8,201afec1-2724-4348-9d4e-7bd1455ff916,2026-01-10T01:33:38.849289Z,Opened
6501630f-7eeb-43b0-9aad-4299ef9580e7,f5be1c8d-ff9f-4a97-82e2-da26824cf742,bafbf00d-7cad-456e-bfd0-0d8fc60045f0,2026-01-18T22:42:28.849294Z,Clicked
edc95578-293e-4e45-9966-5f7b177da989,d28797f1-8438-4636-babd-2af66742afde,201afec1-2724-4348-9d4e-7bd1455ff916,2026-06-10T21:19:17.849300Z,Ignored
56b6a399-5be7-45f6-8a49-fb72e746e4ca,65b2fd80-bfcd-4e0a-830c-eb9ce266ceb3,d262398c-8ac9-4474-8f1d-0ed804abf7cb,2025-11-10T08:26:35.849305Z,Ignored
f690f6c6-78ba-4b1d-a31d-b71cbb9fb5d3,12025cf1-478e-43fa-8764-fd0a670b1dd0,f7409bb6-0eda-4cbb-ac82-f019a4ca505a,2026-05-16T09:34:58.849311Z,Clicked
b844c8b6-49e8-4fe9-befa-846d406b2a70,67df7533-da3b-47a5-b15d-2717f1105e80,23055d04-c67c-4d6c-9691-00192bd576fa,2025-11-13T01:23:52.849316Z,Clicked
3dad5f37-e316-4d04-a1a4-b53540817ffd,7c597f42-1483-4cc3-958b-ca273841ee1d,bafbf00d-7cad-456e-bfd0-0d8fc60045f0,2025-10-03T11:08:20.849322Z,Opened
7739ccd5-7a89-44bb-9a51-f458eaaa376c,65b2fd80-bfcd-4e0a-830c-eb9ce266ceb3,f34e887b-3b97-404f-8d78-ad0afc507961,2026-05-18T08:09:46.849327Z,Clicked
f457447d-2a20-40c8-b85c-ff36cb5170af,35c10b5b-773c-4ae2-979d-7a7d3fef1e48,23055d04-c67c-4d6c-9691-00192bd576fa,2025-08-09T20:25:09.849333Z,Ignored
a4883de4-e4b5-4a23-938a-3e58958212d7,b6d674f6-ec60-4c63-b066-7a1abfda2276,acc96de1-b5a9-4a0c-944a-6644d8486600,2026-04-27T07:17:36.849339Z,Ignored
1ca29b4d-4945-4221-a1b6-2e3abb523da2,84715c32-0e2b-4aa5-8d91-b1978f817bb2,acc96de1-b5a9-4a0c-944a-6644d8486600,2026-04-10T06:55:41.849345Z,Clicked
f864bfce-d0bb-43e0-bcaa-e8c039322ed5,71cadc83-5a63-4e9d-96fd-9f43805fa035,e3485424-d8ae-4456-9f29-1d9f616a9b84,2025-12-22T07:04:35.849350Z,Clicked
44b45f5f-f5aa-4050-b23f-6926ca8a6804,2dc4e34e-479b-4900-89c4-b6f717ee896c,f7409bb6-0eda-4cbb-ac82-f019a4ca505a,2026-03-04T12:11:44.849356Z,Opened
ccc9ed81-b186-4f8e-b671-c727e4bb311f,8c5395eb-5111-40b9-9742-80230f944c91,201afec1-2724-4348-9d4e-7bd1455ff916,2026-01-24T15:55:03.849361Z,Opened
9d6113fb-0728-4063-b209-3f8ccae0fe1f,89141f47-c044-4854-ac21-c420d821b33d,f34e887b-3b97-404f-8d78-ad0afc507961,2025-06-18T11:40:34.849367Z,Clicked
f012ceff-3772-4d3a-8c0f-337d53a5e4a9,b71d0401-7b0c-47ad-92f3-6e124731b75d,d262398c-8ac9-4474-8f1d-0ed804abf7cb,2025-09-23T00:45:08.849372Z,Ignored
053ebfbd-205a-4ff0-9b08-f84631250787,a0056f36-e02b-4281-91c2-1d9501fb9645,acc96de1-b5a9-4a0c-944a-6644d8486600,2026-01-29T08:50:10.849378Z,Opened
d0999168-6a32-4422-800b-fd1f1b904569,294a2906-edce-4866-bd26-edd6c8155aa2,201afec1-2724-4348-9d4e-7bd1455ff916,2025-08-12T18:02:07.849384Z,Clicked
bd0fe98a-ae4f-4835-875e-94cf19bc9d33,71c6e6d7-4017-4867-addd-e41f63141a8e,bafbf00d-7cad-456e-bfd0-0d8fc60045f0,2026-01-08T03:25:34.849389Z,Ignored
6bed2a98-4ca3-4e77-ad59-0755dbf1fd04,1f210a6b-e1a4-4c39-93db-4d5b7da526e6,23055d04-c67c-4d6c-9691-00192bd576fa,2026-05-12T19:33:49.849395Z,Opened
92ac10a5-aca2-45bc-b8fd-841363496ec2,584dce34-f543-4297-a4aa-0427585c5c9e,23055d04-c67c-4d6c-9691-00192bd576fa,2026-05-16T14:16:18.849400Z,Ignored
a4719332-e3bb-44ef-8a6c-2d118f829b7f,2020cf92-33bc-461a-bc2c-dcf46acc0da8,f7409bb6-0eda-4cbb-ac82-f019a4ca505a,2025-09-24T18:33:30.849406Z,Opened
9af7b5b3-d313-46f8-bc9f-4b5d2e48066a,b6db8d1a-217c-47a2-a209-d08ec9cbf2d0,23055d04-c67c-4d6c-9691-00192bd576fa,2026-06-03T17:38:03.849411Z,Ignored
8ae72976-633b-43b1-b0a8-1c91bc07ceb3,ca8098fd-2626-4a76-8c55-d1fc5ab50d0e,e3485424-d8ae-4456-9f29-1d9f616a9b84,2025-12-03T05:54:28.849417Z,Ignored
ff7f2905-6160-4471-9baa-aadfa895542a,6e9ecfa7-a760-4957-9f8f-1d0d40244d43,f7409bb6-0eda-4cbb-ac82-f019a4ca505a,2025-08-03T04:17:56.849422Z,Clicked
6b50acf7-0449-4860-b02f-03c0b6589ea5,c8aadad9-9b37-4350-a20b-928e2cab5566,e148960b-0a5c-47df-886e-8bad521c67e3,2025-12-31T05:59:28.849428Z,Ignored
d0390360-91c1-4307-bff7-12492c4b5020,f89fae14-33e7-4399-a1d2-ea86bbb16485,f7409bb6-0eda-4cbb-ac82-f019a4ca505a,2025-10-13T10:55:14.849434Z,Opened
92c7ca61-f6b0-4d28-be85-97ca7df02eb8,a89515f8-54e4-403e-be5d-efbf5b7790ca,bafbf00d-7cad-456e-bfd0-0d8fc60045f0,2026-01-13T06:30:36.849439Z,Opened
198591db-69cb-4665-9382-ffe83161e5e6,b70d275f-0293-459d-9f8d-0c69d539a5a1,d262398c-8ac9-4474-8f1d-0ed804abf7cb,2026-03-02T18:23:55.849445Z,Opened
d99bd0c2-a821-478e-ba07-98a0c466c2c8,a7fd865e-9a7e-4c20-b38c-844ea50f001f,52f74d2d-4a6c-4a87-bc92-2ea46e0f6fb8,2025-06-29T08:22:41.849450Z,Opened
eed4bc63-d5e1-4f62-b245-a338622617a2,bc2d7a33-bbbc-4c57-bc09-10e08146f5da,23055d04-c67c-4d6c-9691-00192bd576fa,2026-06-13T17:15:25.849456Z,Clicked
367bdd28-6501-4017-ace2-f6d1a66ad035,5029723c-a5c1-41c9-ad47-61b044552811,acc96de1-b5a9-4a0c-944a-6644d8486600,2026-05-27T23:55:45.849461Z,Opened
d2eef5ac-862a-4b98-a0a2-e8f80b8d43fa,8fabb7f6-21d5-42ad-8884-7862ed0432d9,23055d04-c67c-4d6c-9691-00192bd576fa,2026-02-14T17:06:32.849467Z,Ignored
667accde-f6b3-48ee-9276-4827c06f6efb,b8e2751e-fc2e-48b3-b71b-572335d63302,bafbf00d-7cad-456e-bfd0-0d8fc60045f0,2025-07-20T18:39:41.849472Z,Ignored
8f2aab49-d543-4d53-bd94-19dac4071703,3d8ff089-8a4d-48c5-b3b2-a9c45afc4a3c,e148960b-0a5c-47df-886e-8bad521c67e3,2025-10-17T11:28:15.849478Z,Clicked
12c7d1be-f36d-4b8c-8e4e-d80162b1ac96,70de7a55-61f7-4dc3-a849-259b83d39e6f,e148960b-0a5c-47df-886e-8bad521c67e3,2026-01-09T08:30:55.849483Z,Opened
74c9bdcf-6425-4531-a7ec-34f2ffe12cf1,a5e46659-50d8-4c42-8c58-8add9c8b7a16,bafbf00d-7cad-456e-bfd0-0d8fc60045f0,2026-03-09T08:00:06.849489Z,Opened
f0f30fd9-6790-4c47-9e89-85c1afde274d,a89515f8-54e4-403e-be5d-efbf5b7790ca,acc96de1-b5a9-4a0c-944a-6644d8486600,2025-07-16T11:09:25.849495Z,Opened
98639375-7b70-45ca-aca7-125996b748d0,a2a34423-28fc-47a7-a92b-1958542a76b0,23055d04-c67c-4d6c-9691-00192bd576fa,2026-04-04T09:13:33.849500Z,Clicked
8dca8ed2-4436-488f-b28d-e39ef676a72c,6971669a-3acc-4929-a81b-51116d8188ad,23055d04-c67c-4d6c-9691-00192bd576fa,2026-01-03T10:20:00.849506Z,Opened
f555e543-d2b0-4b9f-88a3-69959473e658,a7fd865e-9a7e-4c20-b38c-844ea50f001f,d262398c-8ac9-4474-8f1d-0ed804abf7cb,2025-11-26T14:30:23.849511Z,Ignored
42685428-f720-4912-b5f0-a5e939fe67d8,7d4ece89-fbaa-4a33-9ba9-ac8638c62fe2,23055d04-c67c-4d6c-9691-00192bd576fa,2026-03-11T05:52:38.849517Z,Clicked
5ca35c76-a9ca-4648-9733-382a074e4adc,7ea93906-6ed1-4ad9-98d5-82056a985ded,52f74d2d-4a6c-4a87-bc92-2ea46e0f6fb8,2026-03-13T21:09:05.849522Z,Ignored
eaf11e33-a76b-4c47-92cd-f9fd9f15c241,b71d0401-7b0c-47ad-92f3-6e124731b75d,acc96de1-b5a9-4a0c-944a-6644d8486600,2025-12-13T01:15:11.849528Z,Clicked
5428c2a7-1827-40f5-b95d-ad4b4815d091,b160209b-16a2-48d9-abfb-6eb2de7e37bb,e148960b-0a5c-47df-886e-8bad521c67e3,2026-04-21T20:56:48.849533Z,Opened
994fcc8f-ff2b-4805-ab36-7264687c60e2,3c4a49d0-0345-47ad-9fdb-0b866e7c150c,f7409bb6-0eda-4cbb-ac82-f019a4ca505a,2026-01-23T03:47:58.849541Z,Ignored
bdcb0b1f-bc3e-48d6-87df-3a5785fd37ec,9c24f243-a19e-4357-b723-87e4060ba492,e148960b-0a5c-47df-886e-8bad521c67e3,2025-11-24T09:19:49.849546Z,Opened
ed2354ba-3654-4267-82b0-48642e34708f,6358be1c-0d97-4b91-8cce-61d53681f9e6,f7409bb6-0eda-4cbb-ac82-f019a4ca505a,2025-11-29T16:47:17.849552Z,Ignored
6d6b8521-db45-44e5-8948-b46aa818454c,8b072a3a-d751-4d8d-826f-0afbaa855d64,f34e887b-3b97-404f-8d78-ad0afc507961,2026-06-15T17:08:07.849557Z,Clicked
41ea3556-856c-42d2-b34f-41753a34f1bc,481c40c1-251e-4c17-a7c2-579d467c47d6,acc96de1-b5a9-4a0c-944a-6644d8486600,2026-04-30T16:14:32.849563Z,Opened
f2acf924-045e-420a-bdb2-23522eaf9ff2,9922e5c2-3b8b-45f2-a78d-2bc1e56e7ad6,f34e887b-3b97-404f-8d78-ad0afc507961,2026-05-31T07:11:19.849569Z,Opened
c60154e8-c224-47f1-8f2b-8b66e943640f,34e3713e-527b-4a61-bb6b-5cdd9a46816d,e148960b-0a5c-47df-886e-8bad521c67e3,2026-04-19T06:22:26.849575Z,Ignored
06ef0c32-9748-45f9-a559-fe890e9efa2d,5fcc0ff6-8a51-44c9-9561-6dcaef032e29,201afec1-2724-4348-9d4e-7bd1455ff916,2025-07-20T03:14:27.849580Z,Clicked
2eb1ac0a-2e60-4176-a927-16109f3c2030,02f35316-5bdb-4e65-a662-954a019a8af8,52f74d2d-4a6c-4a87-bc92-2ea46e0f6fb8,2026-04-26T07:51:10.849586Z,Clicked
cbbd496d-cf67-45fc-9ae9-ca3e982dfd0d,06d4ac74-90eb-4aae-a2f9-1c9f8ff66438,f34e887b-3b97-404f-8d78-ad0afc507961,2025-11-03T05:54:47.849591Z,Clicked
378de47b-0ded-4ee9-9fcd-8de8b414add5,46442619-5731-479b-b8ed-c5f7c91e56a5,d262398c-8ac9-4474-8f1d-0ed804abf7cb,2025-10-02T15:38:27.849597Z,Clicked
46f2b42d-1aa4-451f-be9e-a45cc168f996,5029723c-a5c1-41c9-ad47-61b044552811,e148960b-0a5c-47df-886e-8bad521c67e3,2026-04-04T11:57:19.849603Z,Opened
2650630f-f2e4-4103-9aed-b378011b13c1,66f4385b-9519-4c6a-981c-c650a69bdb4a,23055d04-c67c-4d6c-9691-00192bd576fa,2026-06-15T23:44:43.849608Z,Ignored
a8ae0bc0-a85c-4642-891c-f6dfda9a8fee,183d2d98-7770-4f3b-a983-60dccae03ca5,f34e887b-3b97-404f-8d78-ad0afc507961,2025-12-25T01:30:29.849614Z,Opened
4d6b9c1d-d51e-495a-b559-d7787ca16979,d3fff17e-888f-4772-8bd4-7c6176a53af0,bafbf00d-7cad-456e-bfd0-0d8fc60045f0,2025-11-25T09:34:59.849619Z,Clicked
92972323-dac7-4a22-9d18-7015d98ed294,c2316bda-b2f7-4a2f-99f3-4564d9259f5b,e3485424-d8ae-4456-9f29-1d9f616a9b84,2025-10-23T06:12:02.849625Z,Clicked
ec8adb4b-6fea-4cf6-8112-58f991fcb154,4d5f2ae4-e818-4357-9aef-dcd67614186e,23055d04-c67c-4d6c-9691-00192bd576fa,2025-10-31T16:41:46.849630Z,Clicked
9abf2c6c-f57a-41ad-968d-05f00a4043e4,6b8b786b-4f1d-44dd-bec0-f25a4f6c7654,52f74d2d-4a6c-4a87-bc92-2ea46e0f6fb8,2026-02-20T22:58:23.849636Z,Clicked
f7bb7fcb-da6f-4fb9-ba23-fb693e4d0369,f67dbfa0-ba5f-459d-a062-6f1f31dec761,e3485424-d8ae-4456-9f29-1d9f616a9b84,2025-08-21T03:17:03.849641Z,Ignored
0a63af31-2def-4641-92fe-b5cb1a5ee15c,7f4df1df-0114-41c6-802f-75d44ed99b5e,f34e887b-3b97-404f-8d78-ad0afc507961,2026-06-15T21:02:34.849648Z,Ignored
9cd8bd9b-f573-45f4-a0f8-4e25e86faad9,9ff27fc3-11b2-42d1-92b1-3d4931281312,f7409bb6-0eda-4cbb-ac82-f019a4ca505a,2025-12-31T11:29:10.849655Z,Ignored
908b24bc-5992-415f-8ed8-9b54346afe4f,ca8098fd-2626-4a76-8c55-d1fc5ab50d0e,e3485424-d8ae-4456-9f29-1d9f616a9b84,2025-07-13T17:07:11.849663Z,Ignored
b53b1fbc-142c-42de-ba6a-643694221545,c69d5036-4969-4c18-9ee0-1b739e5235a6,acc96de1-b5a9-4a0c-944a-6644d8486600,2025-12-13T14:44:31.849671Z,Opened
dc294f91-b8e5-492b-a53d-4974814e5224,8434f13c-5325-46a3-b0ac-cf2cca283d95,52f74d2d-4a6c-4a87-bc92-2ea46e0f6fb8,2026-01-11T16:31:30.849678Z,Opened
0965e70f-6126-4cbb-b77d-019ed7b5e1d7,462bdce4-5d31-496b-9f72-65901779f309,23055d04-c67c-4d6c-9691-00192bd576fa,2026-05-23T04:08:52.849685Z,Ignored
8d1135a2-2fcb-43b5-9e78-b1e95665c6a6,8536f9d0-488c-4adc-b097-c3bb5ab429d0,23055d04-c67c-4d6c-9691-00192bd576fa,2026-01-16T18:01:34.849691Z,Opened
22ea1545-d604-4aad-a8e8-9848fc85a428,0455b293-7f74-4930-8c56-a6f15d8d1fe3,f7409bb6-0eda-4cbb-ac82-f019a4ca505a,2026-04-30T20:50:45.849698Z,Opened
5e19f0b1-b595-4148-a88b-89e5562cb16b,d0dcd297-956a-488a-84ad-f0c2b8bfac27,e148960b-0a5c-47df-886e-8bad521c67e3,2026-03-11T07:49:13.849705Z,Opened
d23009e0-e5c6-4289-a460-18db850ad7bd,0abd6459-65a2-4d0f-b922-bf86580aa91a,bafbf00d-7cad-456e-bfd0-0d8fc60045f0,2026-02-21T07:34:54.849713Z,Opened
2b1b743e-1818-4f78-95b0-8978793b6f52,f402778e-5da5-4f36-a834-a374c21a1106,acc96de1-b5a9-4a0c-944a-6644d8486600,2026-01-06T22:46:37.849720Z,Ignored
8bb1f042-b18f-4e13-80d3-d79d7bda1fd6,6fc891a0-e87a-4a77-b887-1abee0839df8,52f74d2d-4a6c-4a87-bc92-2ea46e0f6fb8,2025-12-12T12:06:43.849727Z,Ignored
67e7a1c2-7f4e-4bbb-83de-1b02cd24fdb8,d8a7239b-0dda-4d60-a52b-152115c39c3f,f34e887b-3b97-404f-8d78-ad0afc507961,2025-08-16T10:40:56.849733Z,Ignored
3e984bbb-ba2f-4398-bd9d-92d56e30c793,ed5c9587-cd11-419d-b0ff-65baa1f5d372,e3485424-d8ae-4456-9f29-1d9f616a9b84,2025-07-01T02:53:26.849739Z,Ignored
d397967e-c649-49d0-b6bc-eeaed3878848,03f08c66-cc70-44dc-a662-3ac42bcc9c72,52f74d2d-4a6c-4a87-bc92-2ea46e0f6fb8,2025-10-06T02:24:40.849746Z,Opened
38849565-e9e2-46dc-a959-2d19948dfe7e,ab6bdc58-afa9-4848-b893-6647e617de37,23055d04-c67c-4d6c-9691-00192bd576fa,2025-07-12T06:12:29.849753Z,Opened
f24bc1d0-56ff-4e6e-b9fe-ef8bcd4df106,9645001f-849d-4a94-ace1-bf5bff8ff829,52f74d2d-4a6c-4a87-bc92-2ea46e0f6fb8,2025-12-02T16:48:46.849759Z,Clicked
a81c7f5b-ab4d-4c61-8040-072c7a6a34f6,bbacff3d-da6e-4bc0-a25b-80425273eeff,f34e887b-3b97-404f-8d78-ad0afc507961,2025-12-02T07:54:02.849765Z,Ignored
89ef937b-5a27-4e30-9ff8-11a982787dbe,8380deca-4ea4-449f-a1d0-ed1e4ab52e59,23055d04-c67c-4d6c-9691-00192bd576fa,2025-11-06T06:59:14.849773Z,Opened
6e051cd5-d1e7-435b-bb6b-e42744898a6e,081dd653-126d-48c5-8df5-309a2eb542f2,f7409bb6-0eda-4cbb-ac82-f019a4ca505a,2026-04-14T15:00:25.849780Z,Opened
1a8922d6-52a5-4df3-ac99-dfc97f7b6bc2,35c10b5b-773c-4ae2-979d-7a7d3fef1e48,52f74d2d-4a6c-4a87-bc92-2ea46e0f6fb8,2026-01-06T16:57:20.849788Z,Opened
f07511dc-e457-4bc6-88c3-a53dde2a0d1d,6ae7eef2-2e62-49f1-a747-5f874ddc67ec,23055d04-c67c-4d6c-9691-00192bd576fa,2025-09-21T12:48:18.849796Z,Ignored
5210c6d3-a6da-483d-b7c2-d4dd8d55b140,7f154fb8-3f46-4cc7-af4f-d6665b2ed14b,acc96de1-b5a9-4a0c-944a-6644d8486600,2026-03-10T16:56:55.849804Z,Ignored
0f4c0d45-dee1-423e-a149-a0247b98ac2d,be0e6f76-50b0-41fc-b767-65029d5bd15b,f34e887b-3b97-404f-8d78-ad0afc507961,2026-03-07T03:15:22.849811Z,Clicked
c43aa9f2-64ca-42b3-aa4f-6963511bac68,dd418441-35ed-4dda-b7dc-362b7db96c22,23055d04-c67c-4d6c-9691-00192bd576fa,2026-04-24T06:22:47.849819Z,Opened
2f133d43-2eed-4b0e-8a75-019bb42c02a5,e2c19037-780e-403e-ae6e-b883146ae778,e148960b-0a5c-47df-886e-8bad521c67e3,2025-08-26T09:27:00.849827Z,Clicked
8a3cb81d-217c-4f65-82cd-e0cd7d2e8ac1,1fe9a4fc-5f35-4aa3-9406-fde8490f740b,f34e887b-3b97-404f-8d78-ad0afc507961,2025-06-18T20:07:21.849835Z,Ignored
5417d282-603b-4b93-a686-51587576fe08,3c1f0252-67db-4fc6-a57a-5a311ff5453b,e148960b-0a5c-47df-886e-8bad521c67e3,2026-03-20T03:08:08.849843Z,Opened
0efcf7dd-e224-400a-936c-dd6a69155fd3,3e44a27c-9bd1-4833-be31-5443fd5f30da,52f74d2d-4a6c-4a87-bc92-2ea46e0f6fb8,2025-07-30T23:00:26.849849Z,Clicked
66e33f30-dda3-44b1-aada-8167e5b105ae,06d4ac74-90eb-4aae-a2f9-1c9f8ff66438,f34e887b-3b97-404f-8d78-ad0afc507961,2026-02-28T17:20:37.849857Z,Opened
88534c73-0dca-4975-a282-972a5a35738c,7b7bb4b9-c3f4-42b1-b1b7-c36758da9223,23055d04-c67c-4d6c-9691-00192bd576fa,2026-04-01T13:36:05.849864Z,Opened
aea3b4ef-7cf1-4560-b562-a1d0e8565539,7044a1e0-9121-4698-bd37-2447ded18546,f34e887b-3b97-404f-8d78-ad0afc507961,2025-12-23T06:06:58.849872Z,Opened
54dac043-322c-431b-bfb5-73b8d7b01523,46b2e2f2-9440-4e0e-9e81-15ba9bc82d20,e148960b-0a5c-47df-886e-8bad521c67e3,2025-10-20T02:45:14.849879Z,Ignored
0c32cba3-c108-4d0f-83ed-9dfacf89e4dd,755dc9d4-d2b1-46e3-a1c1-b06013ec4b71,201afec1-2724-4348-9d4e-7bd1455ff916,2025-09-17T23:47:21.849887Z,Clicked
c210368f-eae8-44a7-826b-708836f75f17,ef9cd077-1222-4ebb-8809-c0d061d6e69f,f7409bb6-0eda-4cbb-ac82-f019a4ca505a,2025-10-28T14:15:11.849894Z,Ignored
23b874f6-9422-4149-ad88-1da5e0a29b09,fbfdbb51-843d-411c-9496-2d9fc6aa2df5,acc96de1-b5a9-4a0c-944a-6644d8486600,2026-01-22T06:36:22.849900Z,Clicked
edc6dc4b-0133-4334-905a-2a4eb50085ad,3be95b54-f629-40a0-81b6-bb547819ffff,f7409bb6-0eda-4cbb-ac82-f019a4ca505a,2025-07-23T15:00:26.849905Z,Opened
6af66382-8c90-427d-9f34-94d2b0230e5e,35c10b5b-773c-4ae2-979d-7a7d3fef1e48,e148960b-0a5c-47df-886e-8bad521c67e3,2025-09-16T19:41:39.849911Z,Opened
caa37bdc-136d-4277-afaf-c6ada44d8816,bb57e5b7-892f-4015-b5c5-9165eddab54b,f7409bb6-0eda-4cbb-ac82-f019a4ca505a,2025-12-06T03:47:25.849917Z,Ignored
219743d6-26cf-4382-8328-88a789a1e304,a2a34423-28fc-47a7-a92b-1958542a76b0,e3485424-d8ae-4456-9f29-1d9f616a9b84,2026-02-19T17:21:52.849923Z,Ignored
d7e44786-9580-4ca7-b429-c1a37ffc3a9a,3d3414a5-5924-48b7-bf59-2a55f272b48a,d262398c-8ac9-4474-8f1d-0ed804abf7cb,2025-12-16T15:25:14.849928Z,Clicked
c335a095-8edf-4860-a3ec-60d8597ca9d4,839bcda0-bab9-4237-9419-c8ee1adeac90,acc96de1-b5a9-4a0c-944a-6644d8486600,2025-08-19T02:23:38.849934Z,Clicked
023b48db-6cc7-4fcc-8f49-275d768017ab,aba7749d-e726-4e61-bd1d-315a01fee8bd,acc96de1-b5a9-4a0c-944a-6644d8486600,2026-05-10T11:21:14.849939Z,Ignored
f2df41bf-fe66-404c-876b-477da4ffece9,58c748e0-c1e8-4279-8eb2-b7af473589e2,e148960b-0a5c-47df-886e-8bad521c67e3,2026-02-21T14:33:59.849945Z,Clicked
8c99381b-66b0-451d-8c56-937fe36e5a76,82e8ec34-69aa-4a0d-af68-b58cf5cdf3d2,d262398c-8ac9-4474-8f1d-0ed804abf7cb,2025-07-15T22:17:33.849950Z,Ignored
96a4c106-41a9-4a9e-9249-3f8eaba97869,0f2672d3-0d1d-4747-9e71-a91ada364540,acc96de1-b5a9-4a0c-944a-6644d8486600,2026-04-07T10:40:55.849956Z,Ignored
7ba33f1c-d267-4c23-a35b-aaf4e60b6fd1,b89e0e45-6a5b-47c2-ad49-14d87e32a08c,f7409bb6-0eda-4cbb-ac82-f019a4ca505a,2025-11-15T03:52:45.849962Z,Clicked
69fc92ee-e780-45eb-b5b2-7103bca06276,6d540b7c-65e8-400b-9b9c-300fec44f955,f7409bb6-0eda-4cbb-ac82-f019a4ca505a,2026-05-07T00:53:18.849967Z,Ignored
604ea019-4004-4f7d-b7ff-624821eb4ae1,d8a7239b-0dda-4d60-a52b-152115c39c3f,23055d04-c67c-4d6c-9691-00192bd576fa,2026-04-12T01:32:30.849973Z,Clicked
5defe8b5-8a82-411e-9dd0-f7eedbf9bc50,bbacff3d-da6e-4bc0-a25b-80425273eeff,e3485424-d8ae-4456-9f29-1d9f616a9b84,2026-03-27T17:56:23.849979Z,Ignored
9d7923af-55d9-4499-bf71-e3eda05b9d4c,9c24f243-a19e-4357-b723-87e4060ba492,e3485424-d8ae-4456-9f29-1d9f616a9b84,2025-12-01T09:51:01.849984Z,Ignored
33def922-e36f-445f-9de9-586ed4ee9298,ada08aee-5c6a-496c-ac31-9874d65fa9e1,acc96de1-b5a9-4a0c-944a-6644d8486600,2026-06-03T07:56:29.849990Z,Clicked
78b5f6ba-7483-4042-ab63-1dce0a4ff446,66f4385b-9519-4c6a-981c-c650a69bdb4a,52f74d2d-4a6c-4a87-bc92-2ea46e0f6fb8,2025-12-28T13:22:54.849995Z,Clicked
341ff913-07b9-4857-aa7d-8ba0cd72bacc,f39c2618-4169-4953-a205-2049fc8b422b,f34e887b-3b97-404f-8d78-ad0afc507961,2025-07-01T13:00:50.850001Z,Opened
7a12a35b-fb99-45ec-90b6-44c9fdaca0c9,46442619-5731-479b-b8ed-c5f7c91e56a5,e3485424-d8ae-4456-9f29-1d9f616a9b84,2025-12-10T08:40:06.850007Z,Ignored
1276bf9a-6dea-43d2-8e94-d85e26fc1082,d61841d6-2c66-4132-87bb-6efc7dc20ff7,e3485424-d8ae-4456-9f29-1d9f616a9b84,2025-12-13T09:35:54.850012Z,Opened
2c3b8d63-e333-4f2e-b9e9-97d9af99b7f4,c369c565-e988-4e6e-ae54-accbd9d640fa,52f74d2d-4a6c-4a87-bc92-2ea46e0f6fb8,2026-02-19T21:15:20.850018Z,Opened
2288fbac-e0b4-4c43-966a-10977931c9b3,fbd89528-fdcd-4c1a-9b89-b6f6b0055aeb,e3485424-d8ae-4456-9f29-1d9f616a9b84,2026-05-08T21:06:24.850024Z,Opened
d4b5d420-e3b9-4937-b378-cb3d8a94f322,c65b973f-eb2c-4fc5-ae18-0a8a921e7693,201afec1-2724-4348-9d4e-7bd1455ff916,2026-05-11T00:18:29.850029Z,Ignored
20b724fb-60b4-40cc-b02c-5a22fce8f55e,cf7376b3-d0c3-482a-814d-903b6aa9e8b8,f34e887b-3b97-404f-8d78-ad0afc507961,2025-08-20T13:17:32.850035Z,Ignored
726a35d6-a79b-44d5-8d06-72e9b0a689d2,31ca2d81-c9af-4d2e-aff4-0d25f8280112,acc96de1-b5a9-4a0c-944a-6644d8486600,2026-05-08T06:57:07.850041Z,Opened
717a1d24-f036-4862-b3a7-5b79a8c3043a,0527c122-6b13-4e96-ae89-bc3896d71c58,f34e887b-3b97-404f-8d78-ad0afc507961,2025-12-17T23:47:07.850051Z,Clicked
6c1f2a8e-2ef1-4f65-a3df-d479d3d67e19,37c52c6a-bf4d-4fda-8e8d-8d74f697fb2c,acc96de1-b5a9-4a0c-944a-6644d8486600,2025-11-20T13:54:09.850056Z,Ignored
5cbce739-4f05-4240-a9d9-14c8f091ff35,4b8e88b5-4f44-4fa3-9976-b217c8553071,bafbf00d-7cad-456e-bfd0-0d8fc60045f0,2026-03-04T08:12:37.850062Z,Opened
2ed22f74-b389-4976-97ad-f73188a2fc0a,c308b09a-5f2f-411a-ac74-86fa8d58f3a3,e3485424-d8ae-4456-9f29-1d9f616a9b84,2026-03-27T14:07:00.850068Z,Opened
26f29637-d766-424b-901c-4625698ce85c,83e48783-daeb-493d-8c48-229e2c47c5f1,f34e887b-3b97-404f-8d78-ad0afc507961,2025-10-20T23:45:44.850073Z,Opened
4bd83adf-a421-476d-9aa0-761c1587efd9,5c317db8-eada-4482-8e89-ba5590a15d7d,d262398c-8ac9-4474-8f1d-0ed804abf7cb,2025-09-15T09:06:27.850079Z,Clicked
132fd9c2-7526-4aed-8054-f7225f204baa,e2c19037-780e-403e-ae6e-b883146ae778,52f74d2d-4a6c-4a87-bc92-2ea46e0f6fb8,2026-03-22T07:23:52.850085Z,Clicked
b8b3528c-b9e2-4a8d-9418-ecd97c7b26a5,1989e8da-1fa0-40cf-bb0a-9b4001784526,52f74d2d-4a6c-4a87-bc92-2ea46e0f6fb8,2025-12-11T06:36:51.850090Z,Clicked
2fbe18ac-54a8-456d-be19-fcedc824328f,82e244b2-87a6-48ad-b9c6-ab291657e7de,f34e887b-3b97-404f-8d78-ad0afc507961,2025-12-19T22:34:43.850096Z,Opened
03d91d83-ae42-460c-b92d-e9eda22f21c6,32790fb2-51fc-4e80-89a0-49842a98d5f4,bafbf00d-7cad-456e-bfd0-0d8fc60045f0,2026-02-07T20:38:30.850101Z,Opened
4b08fbcf-f552-4a37-9d49-e15846dcbeab,d4e85052-2f91-44f1-a8da-24efc3a6e3e0,201afec1-2724-4348-9d4e-7bd1455ff916,2025-07-30T03:17:17.850107Z,Ignored
04eb9f95-b67b-4dd8-8858-ad6e68135032,3c9287c1-4ef4-407a-81f2-02e47f73245c,d262398c-8ac9-4474-8f1d-0ed804abf7cb,2026-01-28T14:20:31.850112Z,Ignored
f6cbf8dd-236f-4b24-95ce-8ef5afa2cb00,393e8242-9d2a-4f22-904c-c851b62d9ff5,e3485424-d8ae-4456-9f29-1d9f616a9b84,2025-07-15T12:06:58.850118Z,Opened
af2ef201-714b-4f1a-bf30-de99713420e6,581fd8a1-3a0c-4a31-8988-badcc80e5cd4,bafbf00d-7cad-456e-bfd0-0d8fc60045f0,2025-07-06T16:17:46.850123Z,Opened
bff1f964-5f77-4e47-b333-dc4d33bc1837,11e428d8-4b61-487a-a217-540a50451587,f7409bb6-0eda-4cbb-ac82-f019a4ca505a,2026-01-24T02:07:27.850129Z,Clicked
f70f24ba-fbd8-4743-8d4a-8a4f410fa791,3e44a27c-9bd1-4833-be31-5443fd5f30da,acc96de1-b5a9-4a0c-944a-6644d8486600,2026-05-15T11:42:12.850135Z,Opened
392316fd-ac72-47d3-98f5-4c1a0e9149ac,27b7a965-5245-4af3-9aa1-cea6862290ce,acc96de1-b5a9-4a0c-944a-6644d8486600,2025-09-11T21:27:59.850140Z,Ignored
c5f93bb8-fdfe-4937-b4de-bb5dc9c41e81,1fad1639-98e8-496f-a1f9-ff4a86b312a5,acc96de1-b5a9-4a0c-944a-6644d8486600,2026-06-14T06:18:58.850146Z,Opened
2db84f64-2d20-4d6a-b0db-6e1ff92774e4,c034b804-6b68-4938-8964-98f10b1bb2fe,f7409bb6-0eda-4cbb-ac82-f019a4ca505a,2025-10-22T17:07:13.850151Z,Opened
1e783417-6a51-42f8-ae57-fd275383d54c,58c748e0-c1e8-4279-8eb2-b7af473589e2,bafbf00d-7cad-456e-bfd0-0d8fc60045f0,2025-11-18T13:07:13.850157Z,Opened
b5e371ba-fa38-4910-9b5b-f91b4d2dcae3,daaafc21-ddee-4be2-acc9-cb35709e0993,52f74d2d-4a6c-4a87-bc92-2ea46e0f6fb8,2026-02-25T08:18:46.850162Z,Clicked
6220fd34-16d0-43ce-965b-db2438e2148a,d8a7239b-0dda-4d60-a52b-152115c39c3f,d262398c-8ac9-4474-8f1d-0ed804abf7cb,2026-05-19T09:35:01.850168Z,Ignored
1bc9b766-768f-444c-8bb5-b47986479334,6358be1c-0d97-4b91-8cce-61d53681f9e6,201afec1-2724-4348-9d4e-7bd1455ff916,2026-04-19T20:30:45.850174Z,Opened
43ac5871-8011-4b8f-94c1-092416080b93,be8983c7-ccac-42d2-b835-b4c8ed1999f8,e3485424-d8ae-4456-9f29-1d9f616a9b84,2026-03-30T22:01:17.850179Z,Clicked
7aa2f0f1-5303-4608-a68e-629a0c1aff77,336fe19f-6533-42e4-9889-9f123cfc4a1c,23055d04-c67c-4d6c-9691-00192bd576fa,2026-02-17T04:11:03.850185Z,Opened
bea7ecd3-7fc8-423a-989d-7c3770a7ea8e,c55aa929-b10a-4f91-82f1-c021e296b608,f7409bb6-0eda-4cbb-ac82-f019a4ca505a,2025-07-17T18:33:55.850191Z,Opened
b7442102-f888-4685-b564-c15cf14c0ec1,9ad9c95d-58ae-4bb8-b54a-be32daead40a,bafbf00d-7cad-456e-bfd0-0d8fc60045f0,2025-10-29T08:43:31.850196Z,Opened
e52307c4-0ffa-49b8-b2c7-c40d2656600b,7ffcfcf4-36a5-4ed3-b007-1d25d64f030f,23055d04-c67c-4d6c-9691-00192bd576fa,2025-11-14T04:11:59.850202Z,Ignored
2813573d-adfa-469d-b2e6-b53b274b7d07,d73af61d-0a94-4835-b3ea-fe140d26a2a6,f34e887b-3b97-404f-8d78-ad0afc507961,2026-04-16T22:02:39.850208Z,Ignored
84f190ec-99e3-479e-bf92-18d6828d5153,7f154fb8-3f46-4cc7-af4f-d6665b2ed14b,f7409bb6-0eda-4cbb-ac82-f019a4ca505a,2026-02-17T13:26:08.850213Z,Clicked
7687eac6-9480-400b-8012-897cc69888e5,689d93b9-c200-4cc7-80f3-135992e0494b,d262398c-8ac9-4474-8f1d-0ed804abf7cb,2026-01-21T15:52:12.850219Z,Clicked
fb6a44ba-5d90-44ef-9032-f18d651be830,71085110-5006-4d53-be81-586c708f2ee4,e148960b-0a5c-47df-886e-8bad521c67e3,2025-10-04T18:09:45.850225Z,Ignored
15d267fe-c279-4ab9-a6f5-a3aec2794f86,94c2eb26-5544-46e3-81c9-7c10ba8d378d,d262398c-8ac9-4474-8f1d-0ed804abf7cb,2025-11-30T06:40:40.850230Z,Clicked
1730bfd0-6823-4365-a1c2-2972ec398359,adfd8947-c7d0-4fd9-828d-4e92a2731969,f34e887b-3b97-404f-8d78-ad0afc507961,2026-02-07T03:46:44.850236Z,Opened
22b80b18-2363-4cb4-8e72-b685337c46d9,3558cc97-2c6d-49d3-9625-4b5239cec886,f34e887b-3b97-404f-8d78-ad0afc507961,2026-02-28T07:53:37.850241Z,Opened
cce6472e-b792-4a37-8586-d59344947517,31ca2d81-c9af-4d2e-aff4-0d25f8280112,d262398c-8ac9-4474-8f1d-0ed804abf7cb,2025-07-13T11:22:48.850247Z,Ignored
562f0bcd-49a9-4204-85be-530d4279020d,84197273-d738-468e-ae5f-34937988f908,d262398c-8ac9-4474-8f1d-0ed804abf7cb,2025-12-18T01:20:19.850252Z,Ignored
8c7c6af3-feb6-4ad5-b722-8bcf7d531b97,85915b46-8b06-4b62-b14e-5ca425e27bdf,f34e887b-3b97-404f-8d78-ad0afc507961,2025-07-16T13:40:18.850258Z,Opened
49c07e7c-a909-4127-93c5-3da6dd7505dd,0bba498f-6dcc-4664-8190-31d80f9542f4,e3485424-d8ae-4456-9f29-1d9f616a9b84,2025-10-20T21:32:58.850263Z,Opened
5d8b746d-78a0-4c8a-87d4-376bf646e167,ac74d504-fc8a-4598-ab45-fe9b0c52e06f,d262398c-8ac9-4474-8f1d-0ed804abf7cb,2025-10-06T01:27:33.850269Z,Opened
10638320-92e7-4b7a-a819-2deb77e37bd4,aa643d96-ef79-47e9-a367-5a03dbda3bec,e3485424-d8ae-4456-9f29-1d9f616a9b84,2025-07-19T01:40:14.850274Z,Ignored
51cf86c0-2c77-475c-b332-cd30ad1ed91d,419dcecd-203f-4ded-8c96-1e9e717204a8,acc96de1-b5a9-4a0c-944a-6644d8486600,2025-08-24T01:17:36.850280Z,Clicked
6bdc6f89-7f7a-47b8-a5b2-bbf188cff943,f0659668-166b-41a6-a6fd-647e2247c1ce,e3485424-d8ae-4456-9f29-1d9f616a9b84,2025-06-19T01:33:58.850285Z,Opened
91dcea1d-0aeb-4218-876f-90bc9fcc65f5,704ed6b2-33df-4a7c-9e2f-e37d650c515e,f34e887b-3b97-404f-8d78-ad0afc507961,2026-04-20T04:03:12.850291Z,Ignored
31c0ec19-f311-4d82-a50f-d329d7c4d948,3e8e9ea9-9dde-42f5-945c-e0b482a2c6b4,f34e887b-3b97-404f-8d78-ad0afc507961,2025-12-02T10:25:27.850297Z,Opened
a1f4cd11-4435-4f77-99be-0bc341ea8ba5,d61841d6-2c66-4132-87bb-6efc7dc20ff7,201afec1-2724-4348-9d4e-7bd1455ff916,2026-01-12T16:04:53.850302Z,Ignored
2f0ad489-a2c4-4eb3-b37a-a6cd39385062,3e4f756f-9d46-4c31-9341-4bde73d0a6eb,e148960b-0a5c-47df-886e-8bad521c67e3,2026-02-01T04:17:08.850316Z,Opened
218ec8d1-8bb3-45e6-8fd3-3375024254be,fa87fd8a-ea02-44b5-a167-6857b0fbbd31,f7409bb6-0eda-4cbb-ac82-f019a4ca505a,2026-01-25T19:54:01.850322Z,Opened
cd0ebabd-c963-47ed-88d6-b0a46093c89c,2d9804c7-95c0-4fba-95b6-b77e839f2b6a,23055d04-c67c-4d6c-9691-00192bd576fa,2025-06-28T04:27:38.850327Z,Ignored
66801468-9fb4-4417-8f70-3afb4a8f86c9,5feb281f-ea4e-4262-abc8-15a2b7d3b865,bafbf00d-7cad-456e-bfd0-0d8fc60045f0,2026-04-16T20:08:15.850333Z,Ignored
ce9bc902-5c17-40e5-b9ba-21cad07d383a,5e89ceb0-bd8a-405a-8f41-585ff513939a,bafbf00d-7cad-456e-bfd0-0d8fc60045f0,2026-01-12T12:17:49.850339Z,Clicked
7ba692e2-a593-42db-9cb4-191ddbb36945,41a23ecd-369f-4a07-bd2c-bd9fe12a5377,bafbf00d-7cad-456e-bfd0-0d8fc60045f0,2026-02-18T11:45:11.850344Z,Clicked
c9139909-a812-48de-b25c-285c99079458,d1cf4810-eeec-4674-835f-53914a8c2859,f7409bb6-0eda-4cbb-ac82-f019a4ca505a,2026-01-08T14:38:29.850350Z,Clicked
9f5e2c3b-9a05-4a3d-8f5c-82ed4040ea84,829f65f0-86a9-4c16-a506-828486931569,d262398c-8ac9-4474-8f1d-0ed804abf7cb,2026-01-25T00:09:26.850355Z,Opened
6bdea84f-ce07-4f15-b3b2-b34217459783,dc1d41c3-d7d1-450d-bd18-94f5210f6806,f34e887b-3b97-404f-8d78-ad0afc507961,2026-04-17T13:59:05.850361Z,Opened
badf4ab5-c208-4d2c-9236-2232a33e735b,77e21ed9-534c-49ff-bf3a-6c81910050d5,bafbf00d-7cad-456e-bfd0-0d8fc60045f0,2026-05-20T04:02:40.850367Z,Clicked
2cecc8ab-048d-4e9e-9901-a571f93e0ae1,32641d01-608a-452b-a81e-79931539d759,e148960b-0a5c-47df-886e-8bad521c67e3,2025-10-19T00:33:55.850372Z,Opened
41e8311e-0719-4c7a-a54b-095a2d949dab,8c6e883e-fda2-4512-b521-4d5e4f1a24cf,d262398c-8ac9-4474-8f1d-0ed804abf7cb,2026-03-23T14:43:30.850378Z,Clicked
d993c67a-18d0-4647-8dbb-7263715a0ddc,98a4efdc-02c5-4ef0-b245-b3407d06f276,201afec1-2724-4348-9d4e-7bd1455ff916,2025-10-14T12:00:47.850383Z,Opened
6f3e5718-8f8e-417c-8bc1-a4526cb7a923,6b8b786b-4f1d-44dd-bec0-f25a4f6c7654,acc96de1-b5a9-4a0c-944a-6644d8486600,2026-05-24T02:04:21.850389Z,Ignored
d3f3fcf5-bd2c-45c1-bdde-6b139e61c21b,0fbeb056-602c-46ba-a213-7ec10f840393,bafbf00d-7cad-456e-bfd0-0d8fc60045f0,2025-08-17T01:57:35.850395Z,Opened
cb278d01-b8cb-4a0c-9f45-3188e5a27a3b,9fd924d9-2133-4f73-8a39-53f919fb9d64,bafbf00d-7cad-456e-bfd0-0d8fc60045f0,2026-03-04T17:44:58.850401Z,Clicked
92dacee9-81ff-4156-b727-66c4c85b9b86,3564fa96-6625-4163-9923-5151b392d64b,e3485424-d8ae-4456-9f29-1d9f616a9b84,2025-09-05T16:31:08.850406Z,Opened
f63a984a-1ea2-4ce0-b2e0-c50ed45067dc,24629382-0184-4ee9-a7ae-6b330bde3774,e148960b-0a5c-47df-886e-8bad521c67e3,2025-11-22T09:13:57.850412Z,Clicked
045e8df9-b3d2-4a49-b72a-d98a347c58a2,f483e088-2c1d-4574-add1-03aa91bfb55b,bafbf00d-7cad-456e-bfd0-0d8fc60045f0,2025-10-09T12:25:49.850417Z,Clicked
db1a0eea-43e9-451d-a398-bd67e9ea0b9f,eb6c7f47-465d-48a1-af4c-03c78e322f9c,acc96de1-b5a9-4a0c-944a-6644d8486600,2025-10-13T02:56:59.850423Z,Opened
63855b43-17f4-4884-8d7b-d27f73d90481,2d769b37-49d8-4e0b-90e4-8c6eb088a502,f7409bb6-0eda-4cbb-ac82-f019a4ca505a,2026-06-09T23:33:39.850428Z,Clicked
a086eff9-cd65-40a0-a512-bddd57aa95aa,a2590639-6168-4882-9f9e-122d8a03909d,d262398c-8ac9-4474-8f1d-0ed804abf7cb,2026-06-03T16:38:35.850434Z,Opened
543bb660-84de-431f-857c-dfba0f9e5bb6,36de30b3-a22d-4ae9-9186-ada9f09838e4,201afec1-2724-4348-9d4e-7bd1455ff916,2026-02-08T17:43:57.850439Z,Clicked
f4338b3a-a66d-4e11-8d7c-005420482af6,f9c74ef5-91bc-469b-8105-a085f2ad1fb8,201afec1-2724-4348-9d4e-7bd1455ff916,2026-05-10T02:20:45.850445Z,Clicked
115108b7-4a5e-4d67-bbbc-40972925e8c8,6ea8ea9b-65e2-40e2-b1bf-17f6e7e339da,acc96de1-b5a9-4a0c-944a-6644d8486600,2026-01-14T17:21:24.850451Z,Ignored
b68427f7-c606-4708-bd55-43f0a2442473,135f492f-201d-422d-bb56-4cb4fbb56371,201afec1-2724-4348-9d4e-7bd1455ff916,2025-10-14T06:29:59.850458Z,Ignored
8d429235-0ddc-4777-8e4a-f91dd2ef0a41,27cc181c-2196-4226-bb41-96405f7b58ad,52f74d2d-4a6c-4a87-bc92-2ea46e0f6fb8,2025-10-17T02:57:35.850463Z,Opened
33805c53-7515-4d7b-9c4b-4e269561de59,e8971440-d739-4ca4-b25b-828f73838247,e3485424-d8ae-4456-9f29-1d9f616a9b84,2026-02-06T01:24:38.850469Z,Ignored
712a131d-d146-4c02-9e87-eb7ef3b690fa,fe856c16-d5ca-4879-a7a0-52cdc72b0ab7,d262398c-8ac9-4474-8f1d-0ed804abf7cb,2026-02-07T21:30:57.850475Z,Ignored
4b04887a-9273-4bfc-a499-45328a38d8e6,c0a2405d-9218-40f9-a44f-20aad0bcdb61,acc96de1-b5a9-4a0c-944a-6644d8486600,2026-03-27T11:03:49.850480Z,Clicked
a0ac4a9d-7fb8-472e-b92c-9d630b11ba86,49da153f-b4fe-4c8c-80bd-3929f8491250,52f74d2d-4a6c-4a87-bc92-2ea46e0f6fb8,2025-07-02T23:21:25.850486Z,Ignored
99868a80-8df5-4cb4-a665-66102a3f59c0,c8aadad9-9b37-4350-a20b-928e2cab5566,23055d04-c67c-4d6c-9691-00192bd576fa,2026-01-11T21:31:51.850491Z,Ignored
1f5754c3-252e-4d35-8f02-4ed98747e053,e9679519-56ba-4007-bae4-1cd922e9f605,201afec1-2724-4348-9d4e-7bd1455ff916,2026-02-15T17:32:16.850497Z,Opened
42ee0ae5-ff7f-4cf9-a4bd-5c672447c293,42debc32-6b5a-43ce-9ed8-e833104e5d9a,acc96de1-b5a9-4a0c-944a-6644d8486600,2026-04-26T07:48:47.850502Z,Opened
7f7ded26-3f72-4583-968c-130fd89a2546,2cd62bc0-da0c-43f5-8eb1-e0cb90d0bd12,201afec1-2724-4348-9d4e-7bd1455ff916,2026-05-25T03:17:24.850508Z,Clicked
0db7206e-aa89-4e82-a9af-8d240e3b6b23,462f73b1-9c2d-4365-a6cc-d8749f314bee,e148960b-0a5c-47df-886e-8bad521c67e3,2025-08-30T03:55:50.850514Z,Opened
754598f1-ba55-4621-8e46-41f00a5e7461,f7651a82-e7fb-4ce3-a273-b0bb7853f529,d262398c-8ac9-4474-8f1d-0ed804abf7cb,2026-03-23T19:24:09.850519Z,Ignored
0879860e-12d7-4113-8249-c66dc4d33112,530aa762-33a8-4dbf-a3ff-44ca36e0131b,acc96de1-b5a9-4a0c-944a-6644d8486600,2026-04-15T05:41:48.850525Z,Clicked
9454caa2-b4c1-4940-a0f5-a08ba7bf530b,5c0e4a4c-94c5-4d17-8c5e-6b14ac5fa19e,d262398c-8ac9-4474-8f1d-0ed804abf7cb,2026-02-13T03:35:49.850530Z,Ignored
76349b2a-23ce-400c-86cc-ac0bf329f008,9fd924d9-2133-4f73-8a39-53f919fb9d64,201afec1-2724-4348-9d4e-7bd1455ff916,2025-11-22T19:42:15.850536Z,Opened
5f514ec2-e9da-4714-848a-8482a14ef691,c8aadad9-9b37-4350-a20b-928e2cab5566,e148960b-0a5c-47df-886e-8bad521c67e3,2025-07-25T15:47:28.850542Z,Clicked
af77d966-86dc-4970-9328-3bf1fa94f49d,2f7934c3-a58c-4260-92f3-05c4d15d3f3c,e148960b-0a5c-47df-886e-8bad521c67e3,2026-01-30T09:23:39.850547Z,Ignored
75c23ca7-464c-43f7-9676-89fb49811c59,4a5c6de9-e24b-4808-a544-9bd7c3cb8fed,f34e887b-3b97-404f-8d78-ad0afc507961,2025-08-04T19:11:11.850553Z,Clicked
6fad8693-8485-4edd-bdcd-5477d268d088,f402778e-5da5-4f36-a834-a374c21a1106,f7409bb6-0eda-4cbb-ac82-f019a4ca505a,2026-03-31T20:14:35.850558Z,Ignored
e127f580-61a5-40cb-be64-22986adb1597,bb57e5b7-892f-4015-b5c5-9165eddab54b,23055d04-c67c-4d6c-9691-00192bd576fa,2026-05-27T17:27:15.850564Z,Opened
279e343b-c7dc-4cd5-bcc9-2194c960b54b,e198e982-441e-4186-b2a7-6509354bc0f2,23055d04-c67c-4d6c-9691-00192bd576fa,2026-06-07T17:45:04.850569Z,Opened
f62bcc7f-e811-44bb-a8a1-2e6b6ea21dd4,df9838e0-30bb-4d6c-b2d2-43afe601b918,52f74d2d-4a6c-4a87-bc92-2ea46e0f6fb8,2025-09-14T04:29:56.850575Z,Clicked
f97e2ec5-f7c5-4719-95e7-f71e56c014f3,49da153f-b4fe-4c8c-80bd-3929f8491250,acc96de1-b5a9-4a0c-944a-6644d8486600,2025-12-06T12:37:57.850581Z,Clicked
dc7f72cc-933a-4974-9bbd-44dc682c257f,fc734de3-f02e-44d9-b400-98a8f542d580,52f74d2d-4a6c-4a87-bc92-2ea46e0f6fb8,2025-10-14T07:58:26.850586Z,Opened
900430c5-6908-4cb5-99b4-61d7e2b6f9f1,b89e0e45-6a5b-47c2-ad49-14d87e32a08c,d262398c-8ac9-4474-8f1d-0ed804abf7cb,2025-07-26T15:22:37.850592Z,Ignored
f3b89161-b9d8-47d1-96bf-f12a12b383f9,fe856c16-d5ca-4879-a7a0-52cdc72b0ab7,e148960b-0a5c-47df-886e-8bad521c67e3,2025-11-18T04:15:35.850598Z,Clicked
68ee48ed-1da6-47d1-956b-77bd110de190,f0edb850-bb09-4ec3-9a80-d80a81143035,23055d04-c67c-4d6c-9691-00192bd576fa,2026-04-08T12:17:36.850603Z,Opened
727c95e6-c32b-4bc4-a60e-98f2572e1389,bb57e5b7-892f-4015-b5c5-9165eddab54b,f34e887b-3b97-404f-8d78-ad0afc507961,2025-12-08T15:52:45.850609Z,Opened
b631e049-60fd-4264-ab90-c1036c0f91bc,c343dfee-5c83-4696-b3a0-0f340278fb7a,f34e887b-3b97-404f-8d78-ad0afc507961,2026-04-04T23:11:44.850614Z,Opened
0119ac94-e7b7-4f12-8a0d-d153ea95f5ee,421a1ef0-8e44-420d-a55a-8ce080fd193f,e148960b-0a5c-47df-886e-8bad521c67e3,2026-02-09T10:03:15.850621Z,Opened
a9e6070d-9817-4ca2-b52f-255d8183e14c,5926d593-9a55-4c12-8e05-e795a7ca689d,d262398c-8ac9-4474-8f1d-0ed804abf7cb,2025-08-09T18:32:50.850626Z,Opened
9fc425e7-afc3-4bb7-934d-0cd7ae8a79c4,a87daefe-39b7-464f-a645-517d1177cd68,52f74d2d-4a6c-4a87-bc92-2ea46e0f6fb8,2026-04-23T17:30:02.850632Z,Opened
0a658641-6ade-42c1-b31b-7b92090f3072,c0a2405d-9218-40f9-a44f-20aad0bcdb61,e3485424-d8ae-4456-9f29-1d9f616a9b84,2025-11-30T12:59:48.850638Z,Opened
90081b47-d425-414d-b107-6334906a108d,ada08aee-5c6a-496c-ac31-9874d65fa9e1,f7409bb6-0eda-4cbb-ac82-f019a4ca505a,2025-08-12T21:30:26.850643Z,Opened
a6aabd71-c8a8-4079-9380-176612bc4fa8,48d4d733-056a-40c1-809e-9644d46961d2,52f74d2d-4a6c-4a87-bc92-2ea46e0f6fb8,2025-10-20T06:28:54.850649Z,Ignored
6c6b3129-d190-460c-8abb-536dd849d65a,153cef29-7398-4266-8bbd-74a82a53b0eb,acc96de1-b5a9-4a0c-944a-6644d8486600,2025-11-19T17:00:32.850654Z,Clicked
b16cef29-485c-46e3-9972-2b655909bebc,5029723c-a5c1-41c9-ad47-61b044552811,f34e887b-3b97-404f-8d78-ad0afc507961,2025-10-31T03:49:17.850660Z,Clicked
004ded72-86c2-4928-b513-1a62d2ac0763,c343dfee-5c83-4696-b3a0-0f340278fb7a,f7409bb6-0eda-4cbb-ac82-f019a4ca505a,2025-08-28T23:27:43.850666Z,Clicked
bc4d7e11-2cfa-4596-9f38-6e3ea99d92f3,d8a7239b-0dda-4d60-a52b-152115c39c3f,e148960b-0a5c-47df-886e-8bad521c67e3,2026-01-28T18:21:32.850672Z,Ignored
46f10e64-ee69-49a6-b676-e09c513444e5,4d5f2ae4-e818-4357-9aef-dcd67614186e,e148960b-0a5c-47df-886e-8bad521c67e3,2025-10-21T15:28:28.850677Z,Opened
bf2b87e3-0443-4da0-9500-b4f5342d8076,8b0653cc-f0d2-4f32-bbb9-0ed4754f9153,52f74d2d-4a6c-4a87-bc92-2ea46e0f6fb8,2025-07-31T01:33:57.850683Z,Opened
c1ef5981-1b70-4a4c-99d0-e6b57cd83613,9645001f-849d-4a94-ace1-bf5bff8ff829,23055d04-c67c-4d6c-9691-00192bd576fa,2026-03-26T23:42:47.850688Z,Clicked
9053d1a6-5ec1-44ce-89e5-ad593ac0ecec,cf7376b3-d0c3-482a-814d-903b6aa9e8b8,e3485424-d8ae-4456-9f29-1d9f616a9b84,2025-08-27T15:54:00.850697Z,Opened
6957f08d-60ca-4f6c-a4d7-eccd24b0f72a,518f6089-7637-4b06-a632-afa91eeb04b9,52f74d2d-4a6c-4a87-bc92-2ea46e0f6fb8,2026-05-25T07:36:51.850702Z,Ignored
639aa456-04fb-49bc-84dd-95964010d600,a2a34423-28fc-47a7-a92b-1958542a76b0,e148960b-0a5c-47df-886e-8bad521c67e3,2025-07-09T22:15:03.850708Z,Clicked
0d36be02-948c-4aa6-b1b3-3c499e1da472,5ae1f454-5ad6-4bbb-9ece-4d9266d4fae4,f34e887b-3b97-404f-8d78-ad0afc507961,2025-06-25T08:51:01.850714Z,Clicked
c78e426f-ab18-478e-a7e7-80f02d0026ef,c55aa929-b10a-4f91-82f1-c021e296b608,52f74d2d-4a6c-4a87-bc92-2ea46e0f6fb8,2025-08-08T07:07:11.850719Z,Ignored
45f814a6-6c84-4be0-93a8-3a547df04235,46442619-5731-479b-b8ed-c5f7c91e56a5,201afec1-2724-4348-9d4e-7bd1455ff916,2025-12-19T03:48:01.850725Z,Clicked
9a3342c0-14aa-46d2-b584-e3160aa53ae0,3ecae672-5af1-46e1-9a0e-51072774bdb6,bafbf00d-7cad-456e-bfd0-0d8fc60045f0,2026-02-05T04:42:35.850730Z,Clicked
c24a5ffa-5434-42c4-9f52-76b2286cf860,8380deca-4ea4-449f-a1d0-ed1e4ab52e59,201afec1-2724-4348-9d4e-7bd1455ff916,2025-07-05T23:08:54.850736Z,Clicked
898a64f8-140d-457a-b5de-05dda91627f3,461d8dd5-69e0-4291-8d01-6c96ff5d5b98,52f74d2d-4a6c-4a87-bc92-2ea46e0f6fb8,2025-07-22T08:05:36.850742Z,Opened
291d4d80-22ea-4d58-ad38-18f718e2a49b,cf7376b3-d0c3-482a-814d-903b6aa9e8b8,e148960b-0a5c-47df-886e-8bad521c67e3,2025-10-13T03:45:35.850747Z,Clicked
064e721d-4198-47b4-9b47-5057274560c7,462bdce4-5d31-496b-9f72-65901779f309,23055d04-c67c-4d6c-9691-00192bd576fa,2026-01-10T16:52:37.850753Z,Opened
851be979-9c7e-4c9a-84f5-ba92c39f593e,f0659668-166b-41a6-a6fd-647e2247c1ce,201afec1-2724-4348-9d4e-7bd1455ff916,2025-09-10T08:58:33.850758Z,Clicked
a1f7bc0e-407c-44a4-8e14-fec0c7594216,7c0bba81-fc80-4e18-ac26-123b81363c49,f7409bb6-0eda-4cbb-ac82-f019a4ca505a,2025-10-09T01:47:35.850764Z,Opened
5b3e6676-79dc-422b-a44b-2ec8705513d1,3c6441ce-67a8-46b9-b675-f9256bed7b29,201afec1-2724-4348-9d4e-7bd1455ff916,2025-07-26T22:34:05.850769Z,Clicked
6943ae3b-291c-419d-a066-abbe42c75449,f05d21fe-1d01-46da-81a2-d4afc8637211,201afec1-2724-4348-9d4e-7bd1455ff916,2025-08-27T07:04:05.850775Z,Clicked
f2a972c9-609c-46a1-9761-65ac0cc8c5c1,81ce4717-4b0e-4e4a-8084-2cefe8eadf9e,acc96de1-b5a9-4a0c-944a-6644d8486600,2026-05-16T14:43:33.850780Z,Clicked
e5b16eaa-e9ca-4963-ba1b-5b534985819b,8434f13c-5325-46a3-b0ac-cf2cca283d95,bafbf00d-7cad-456e-bfd0-0d8fc60045f0,2025-07-29T18:40:39.850786Z,Opened
30972394-5490-43ba-becb-bb987859fcba,f227bdba-cb26-4fa4-9d1b-6b5eaedda4b9,201afec1-2724-4348-9d4e-7bd1455ff916,2025-08-25T13:08:52.850792Z,Ignored
3d76b473-d704-454e-8c46-12076293d7bf,961a1c17-3d19-446f-8ffc-596991feabde,acc96de1-b5a9-4a0c-944a-6644d8486600,2025-08-01T21:25:02.850797Z,Opened
9fe6044d-e06a-44f9-8af0-91b2cec36aa2,3c110ecf-6874-4c5f-90eb-a26406b99733,f34e887b-3b97-404f-8d78-ad0afc507961,2026-01-28T13:52:07.850803Z,Ignored
62c32e53-7795-4288-a9fb-71f95730d427,bbacff3d-da6e-4bc0-a25b-80425273eeff,e148960b-0a5c-47df-886e-8bad521c67e3,2026-02-22T05:21:29.850808Z,Clicked
48eb112b-02cb-45e7-9372-6af74401e7ac,43d060c2-5881-49f0-b75d-5fa5aa35d1d1,acc96de1-b5a9-4a0c-944a-6644d8486600,2025-07-24T01:04:18.850814Z,Ignored
47b2c35d-2e46-4117-9de4-f1b8e88a3523,48c3b50c-eb8e-4708-a496-988f45e79034,acc96de1-b5a9-4a0c-944a-6644d8486600,2025-08-04T14:34:28.850820Z,Opened
18f14fcf-8681-4de4-968e-fc2ebc34eb77,9438779f-1292-4d84-b39f-fc1e728535f6,bafbf00d-7cad-456e-bfd0-0d8fc60045f0,2026-02-06T02:11:09.850825Z,Ignored
9e1b5671-9503-404d-a54c-db1174210a53,43ff3680-1dd2-4bca-a724-cabfccea5385,bafbf00d-7cad-456e-bfd0-0d8fc60045f0,2025-07-03T23:34:16.850831Z,Clicked
05a1027c-1a1a-4bdc-a1a4-c4dd0df266e4,86dae7cb-dd0d-4196-8d1c-7b64e1ca0393,52f74d2d-4a6c-4a87-bc92-2ea46e0f6fb8,2025-07-11T04:14:22.850837Z,Ignored
2fb4b2a2-370b-4ac5-a67d-8f478feaff4a,2f7934c3-a58c-4260-92f3-05c4d15d3f3c,52f74d2d-4a6c-4a87-bc92-2ea46e0f6fb8,2025-08-02T15:50:07.850843Z,Clicked
3093431a-7940-4b0f-b5d5-57a4e3f54ef8,0455b293-7f74-4930-8c56-a6f15d8d1fe3,f7409bb6-0eda-4cbb-ac82-f019a4ca505a,2025-08-08T22:20:17.850848Z,Ignored
310f4393-6c4f-42e8-a41d-14f1818e5c01,0f2672d3-0d1d-4747-9e71-a91ada364540,e3485424-d8ae-4456-9f29-1d9f616a9b84,2025-11-20T19:56:45.850854Z,Clicked
0484b2bd-b676-41ab-8ef2-ad7595d26cdf,075c9b58-ca2b-4b1e-85cc-c56602c4ab69,d262398c-8ac9-4474-8f1d-0ed804abf7cb,2025-12-03T09:35:10.850860Z,Clicked
548e3176-fd66-4b19-b6c5-e119e942ac82,c55aa929-b10a-4f91-82f1-c021e296b608,e148960b-0a5c-47df-886e-8bad521c67e3,2026-03-24T15:54:30.850865Z,Opened
5d840fa9-5212-4064-afa3-910324613d23,3dfe8aff-e5db-4d6c-9b31-11b683ecca34,bafbf00d-7cad-456e-bfd0-0d8fc60045f0,2026-03-21T01:28:17.850872Z,Ignored
ad383809-db71-45e7-8bfb-0f9d19a80e9c,ed5c9587-cd11-419d-b0ff-65baa1f5d372,52f74d2d-4a6c-4a87-bc92-2ea46e0f6fb8,2025-07-06T15:47:23.850879Z,Clicked
98503540-681a-4585-bef3-84573135e2ff,a0779ab5-9b64-4317-b5c8-133b7c1d625e,acc96de1-b5a9-4a0c-944a-6644d8486600,2025-09-30T17:14:58.850884Z,Opened
9dd46bc8-67e8-4bfb-a9cc-a67ceef887a3,357433fe-34fc-46a7-997b-0255019a71a7,e3485424-d8ae-4456-9f29-1d9f616a9b84,2025-07-24T12:31:34.850890Z,Ignored
d466ce31-237e-4342-b81f-e73560d143d5,4e25a264-6ccc-46db-a66c-7060def6d1f1,23055d04-c67c-4d6c-9691-00192bd576fa,2025-08-07T08:21:09.850896Z,Ignored
a2f3b579-b4ab-4799-b31b-752be56a4bd7,a228a116-7208-4e78-ba55-07ea9379e992,e3485424-d8ae-4456-9f29-1d9f616a9b84,2026-04-24T17:43:32.850902Z,Ignored
9e1fcddb-8b58-434e-a221-eb91c36ea639,689d93b9-c200-4cc7-80f3-135992e0494b,52f74d2d-4a6c-4a87-bc92-2ea46e0f6fb8,2025-09-02T13:00:28.850907Z,Clicked
d7646113-d557-4be9-8720-89632f672fea,9cccee8d-dae0-44b4-890d-e8804ed2ba6a,52f74d2d-4a6c-4a87-bc92-2ea46e0f6fb8,2025-10-24T17:28:35.850913Z,Ignored
8f328521-e312-4644-a84a-e4375e0c1928,4cff4e20-7ce9-456d-b799-4fed7c534f0d,f34e887b-3b97-404f-8d78-ad0afc507961,2025-11-16T09:05:00.850919Z,Ignored
e5ff1e99-5f59-4792-93a9-24f8a4a98e18,c19b95f5-3a9c-4cd3-b5f7-dd277fa82f4c,f34e887b-3b97-404f-8d78-ad0afc507961,2026-03-17T20:34:03.850925Z,Ignored
b94f0d0e-83de-4558-91f6-2ed524e906b7,5029723c-a5c1-41c9-ad47-61b044552811,201afec1-2724-4348-9d4e-7bd1455ff916,2025-10-19T22:09:04.850931Z,Clicked
d6f6f305-1f47-49d8-8c47-9fa0aa5b1ab6,dc0459cd-ce9c-4088-b3d7-7027c2849d9e,f34e887b-3b97-404f-8d78-ad0afc507961,2025-12-30T04:09:41.850937Z,Opened
d51763d9-90e6-4828-a131-3f1153099c55,dd418441-35ed-4dda-b7dc-362b7db96c22,f7409bb6-0eda-4cbb-ac82-f019a4ca505a,2025-10-07T23:19:21.850943Z,Ignored
d96186e7-400e-4ec8-9f7a-9fcaccd6469a,b4ae784b-3905-4589-8158-4c344b0cb907,f34e887b-3b97-404f-8d78-ad0afc507961,2025-09-27T20:49:12.850949Z,Ignored
c044aaf4-d5a8-4675-90e0-01c67661ad89,0603da0c-982f-4154-9e47-2e31851e6029,52f74d2d-4a6c-4a87-bc92-2ea46e0f6fb8,2026-05-30T23:43:27.850954Z,Opened
0869400c-944b-4564-b7c9-64186782089d,03c2229f-51c6-4ea1-86c2-73383ab89428,acc96de1-b5a9-4a0c-944a-6644d8486600,2026-04-20T11:29:29.850960Z,Ignored
42b3f371-7d42-494b-8032-2fcd033c04e9,4700a73a-4de3-4612-9093-c2a0fb394c77,201afec1-2724-4348-9d4e-7bd1455ff916,2026-04-26T00:08:57.850966Z,Clicked
21d18cc1-9226-4fe8-a20a-ed552b62de7f,2444ce78-0654-4804-8a6b-886935b44474,f34e887b-3b97-404f-8d78-ad0afc507961,2026-04-17T22:12:24.850971Z,Opened
2ecb9ecd-1e86-4a0c-b7dd-0594d4c71f64,2cd62bc0-da0c-43f5-8eb1-e0cb90d0bd12,acc96de1-b5a9-4a0c-944a-6644d8486600,2025-12-24T14:45:31.850977Z,Opened
ab2beada-c643-4145-b3d3-c35350a2fe5c,9645001f-849d-4a94-ace1-bf5bff8ff829,e3485424-d8ae-4456-9f29-1d9f616a9b84,2025-06-24T04:56:14.850982Z,Clicked
3da54b67-0762-40f7-960d-e6ab25c0fcda,3292e7e9-c6d1-4783-997c-970b0c1b6061,acc96de1-b5a9-4a0c-944a-6644d8486600,2025-09-13T10:13:25.850988Z,Ignored
2ff89607-b636-46de-9f78-111897f52c0a,cc9847ee-737e-43ce-af61-502b51ed3f76,bafbf00d-7cad-456e-bfd0-0d8fc60045f0,2025-08-09T19:48:14.850994Z,Ignored
40da433d-e5f1-4669-8b7d-d242ee89b9ab,d015b03c-9cba-4774-821a-3cc992e1c7f4,23055d04-c67c-4d6c-9691-00192bd576fa,2025-10-26T06:02:08.850999Z,Opened
a3c01cc1-5ef1-426b-a22e-b65114607b6a,94c2eb26-5544-46e3-81c9-7c10ba8d378d,d262398c-8ac9-4474-8f1d-0ed804abf7cb,2025-06-22T10:49:16.851005Z,Clicked
c1630259-c2ca-4391-a88e-e9c730ee2c0e,865e2c7b-71bd-4f2f-a9ef-009d99d29e7e,e3485424-d8ae-4456-9f29-1d9f616a9b84,2025-07-25T22:44:59.851010Z,Clicked
da5bb9ec-c9a9-438d-ac1e-3c511896e2cc,ea59da10-ccd4-421d-957f-d3efcefbdaa0,d262398c-8ac9-4474-8f1d-0ed804abf7cb,2026-03-26T08:23:45.851016Z,Ignored
3bb4994f-7618-412e-9123-0ff76f6c6758,023f5f9d-6014-463d-ac64-608fe6b8324f,e3485424-d8ae-4456-9f29-1d9f616a9b84,2026-05-14T20:17:34.851021Z,Ignored
80f28ff8-8cb3-4199-b548-499816320e45,65b8cc2c-6959-47d5-812a-dfef903e4baf,f34e887b-3b97-404f-8d78-ad0afc507961,2026-01-23T09:42:40.851027Z,Clicked
e5463fdc-358c-41bc-bba0-f0477be6c077,f0edb850-bb09-4ec3-9a80-d80a81143035,23055d04-c67c-4d6c-9691-00192bd576fa,2025-10-11T01:00:11.851033Z,Ignored
72437d36-1bf1-4caa-8276-e641e7bc43f6,51101ebd-4663-4ba3-983c-ad63b9500824,f7409bb6-0eda-4cbb-ac82-f019a4ca505a,2025-11-19T18:42:53.851038Z,Ignored
1c767483-d0ee-42b8-957b-36f4067f8bc7,b160209b-16a2-48d9-abfb-6eb2de7e37bb,acc96de1-b5a9-4a0c-944a-6644d8486600,2026-05-25T02:32:14.851044Z,Opened
d46ee686-f44b-4857-b30e-55cb5d5bea62,2d9804c7-95c0-4fba-95b6-b77e839f2b6a,bafbf00d-7cad-456e-bfd0-0d8fc60045f0,2025-08-19T01:14:35.851049Z,Clicked
3671d948-6117-44b7-bdd4-d4b5a0b6c351,4406244c-4c87-4e43-85a6-2779eee4575d,52f74d2d-4a6c-4a87-bc92-2ea46e0f6fb8,2026-01-26T22:39:59.851055Z,Clicked
0bac9b5a-4788-408f-8e3f-fcf81d160847,884c46e3-4d4a-4827-aa63-74a8f9bd7f20,f34e887b-3b97-404f-8d78-ad0afc507961,2025-07-05T07:14:31.851061Z,Opened
db9db2c5-0015-46a0-9d5a-504eae0d177e,c3d6c171-e6f9-4db2-8214-a48fa58f05e9,23055d04-c67c-4d6c-9691-00192bd576fa,2026-05-23T16:23:11.851066Z,Opened
086a0775-821f-4d9a-9080-1265b97c9d4c,85915b46-8b06-4b62-b14e-5ca425e27bdf,201afec1-2724-4348-9d4e-7bd1455ff916,2026-03-05T03:08:59.851072Z,Opened
57fb307d-10d6-45b5-be2c-c697f0adf16b,dc0459cd-ce9c-4088-b3d7-7027c2849d9e,e148960b-0a5c-47df-886e-8bad521c67e3,2025-08-12T16:10:20.851077Z,Opened
5788d4c2-c60f-408b-b969-1b8e3b145425,86dae7cb-dd0d-4196-8d1c-7b64e1ca0393,201afec1-2724-4348-9d4e-7bd1455ff916,2026-01-29T07:53:13.851083Z,Opened
e314adce-91d9-411c-acc0-307df19e4334,8982aeda-dab6-4b29-9e0c-e66c5d96fce7,bafbf00d-7cad-456e-bfd0-0d8fc60045f0,2026-05-27T14:05:23.851088Z,Clicked
515c4080-c37a-4653-b423-c0a27bbddf35,76a1556c-80e1-41e0-b989-1e0c1d6057b5,d262398c-8ac9-4474-8f1d-0ed804abf7cb,2026-04-03T17:18:10.851094Z,Ignored
4ee40496-3e80-4127-9223-8461c107be45,4406244c-4c87-4e43-85a6-2779eee4575d,23055d04-c67c-4d6c-9691-00192bd576fa,2026-02-07T21:35:41.851100Z,Clicked
61af5eff-c7a4-4858-896e-74aa72fabe1f,3b4b1183-dc97-499b-89d7-1cca99d8fb7a,52f74d2d-4a6c-4a87-bc92-2ea46e0f6fb8,2026-02-20T17:25:37.851105Z,Clicked
fbf0b7eb-bb6c-423d-a897-df423fb1ee09,5b93b1a0-fc4c-4e7f-96a2-129b496d6d40,bafbf00d-7cad-456e-bfd0-0d8fc60045f0,2026-03-29T22:34:11.851111Z,Ignored
010f88cf-d3be-45d3-984b-7cef7cac0d44,faf6ac1d-0c14-46c5-8f40-6042d353a0c4,23055d04-c67c-4d6c-9691-00192bd576fa,2026-01-11T18:25:38.851117Z,Opened
717c3b81-7312-4a4d-b617-2d0cf0162424,9fc326a9-8edb-4aa9-a7e2-bf8cb807fe31,e148960b-0a5c-47df-886e-8bad521c67e3,2025-09-01T15:03:42.851122Z,Opened
d0787000-02e3-41df-9190-60cc4099a331,53adf45c-8f72-4878-b332-c6cc1d892989,f34e887b-3b97-404f-8d78-ad0afc507961,2026-04-10T21:01:26.851128Z,Opened
013cf007-dd20-49ad-bc7e-e9e8fbe51111,03c2229f-51c6-4ea1-86c2-73383ab89428,e148960b-0a5c-47df-886e-8bad521c67e3,2026-02-16T01:24:40.851133Z,Clicked
b77e4aa5-a859-4c36-9664-e0fe3f8e2a8e,71cadc83-5a63-4e9d-96fd-9f43805fa035,d262398c-8ac9-4474-8f1d-0ed804abf7cb,2026-04-05T14:38:05.851139Z,Clicked
dcdacbca-afb0-4937-8cc2-21e950dc7780,c2316bda-b2f7-4a2f-99f3-4564d9259f5b,e3485424-d8ae-4456-9f29-1d9f616a9b84,2025-06-29T13:09:06.851144Z,Ignored
89225df2-f2db-45d1-8f92-edc2eff3a0fe,f67dbfa0-ba5f-459d-a062-6f1f31dec761,23055d04-c67c-4d6c-9691-00192bd576fa,2025-07-13T07:09:41.851150Z,Opened
7d5f36b9-33ac-4271-aa51-31c5154f668f,9aa887fb-4e61-4433-bd0b-92df34349a29,201afec1-2724-4348-9d4e-7bd1455ff916,2026-02-25T08:37:39.851155Z,Clicked
7ebfd8d1-7a89-433e-bb5d-dadc5655107e,16346993-23ec-449d-8f4b-c7d0d31cf7ba,201afec1-2724-4348-9d4e-7bd1455ff916,2025-07-05T17:08:59.851161Z,Opened
6e99e70e-3cbe-4d53-9268-fe399ad3ffc9,284521e2-1408-4fa0-9578-492efc8edfe3,f34e887b-3b97-404f-8d78-ad0afc507961,2025-06-28T14:53:28.851167Z,Clicked
714a77c6-1e94-4ecf-9af5-c44b2d06de2b,584dce34-f543-4297-a4aa-0427585c5c9e,52f74d2d-4a6c-4a87-bc92-2ea46e0f6fb8,2025-09-10T09:36:26.851177Z,Ignored
35f4cf2e-bebb-4e9e-b1d9-39acfe206e85,64c7bfb1-aa9c-4a62-a649-a09c9024ab8b,acc96de1-b5a9-4a0c-944a-6644d8486600,2026-01-31T18:03:21.851183Z,Ignored
15edab9b-c592-47dc-91ff-4a81b0f8e7ff,357433fe-34fc-46a7-997b-0255019a71a7,201afec1-2724-4348-9d4e-7bd1455ff916,2026-03-06T12:10:10.851188Z,Ignored
da943d2b-d190-4fd5-96c1-37a3aa90b4da,ea901c19-c2b8-4d83-a4ab-c601e53eea75,52f74d2d-4a6c-4a87-bc92-2ea46e0f6fb8,2026-03-07T20:00:15.851194Z,Opened
44da3cdf-a04f-455e-8072-5a0f127b9fc6,adfd8947-c7d0-4fd9-828d-4e92a2731969,e148960b-0a5c-47df-886e-8bad521c67e3,2026-02-19T07:31:03.851200Z,Opened
3fd1ef58-246c-4400-9b86-6922428943d9,81745aea-08e5-4021-a4ad-5139b256656c,acc96de1-b5a9-4a0c-944a-6644d8486600,2025-11-13T21:32:47.851205Z,Ignored
8f50caa1-56f3-463c-8ddd-242b9cc3ab8a,1f210a6b-e1a4-4c39-93db-4d5b7da526e6,52f74d2d-4a6c-4a87-bc92-2ea46e0f6fb8,2025-06-22T09:43:50.851211Z,Opened
1eca7e43-f706-4efc-8841-6f940d89a041,8c6e883e-fda2-4512-b521-4d5e4f1a24cf,e3485424-d8ae-4456-9f29-1d9f616a9b84,2025-07-21T12:10:07.851217Z,Ignored
6101596f-64ef-4a57-ac55-6b3237d96693,86dae7cb-dd0d-4196-8d1c-7b64e1ca0393,f7409bb6-0eda-4cbb-ac82-f019a4ca505a,2026-01-28T21:20:00.851222Z,Clicked
02e4be07-99ca-47ec-bed3-4235ec08e3e9,6cc74c31-3b13-4328-b41e-f177a553357b,201afec1-2724-4348-9d4e-7bd1455ff916,2025-07-05T19:18:51.851228Z,Opened
02993e6c-7cbf-447e-8d81-b59ce59bcbbc,69f9feb8-477f-4572-b4be-8e1f91e52de0,d262398c-8ac9-4474-8f1d-0ed804abf7cb,2026-01-08T03:16:41.851234Z,Ignored
caef8e71-6854-4f94-9e7e-98a011a11d14,c034b804-6b68-4938-8964-98f10b1bb2fe,bafbf00d-7cad-456e-bfd0-0d8fc60045f0,2025-12-27T23:31:41.851239Z,Clicked
d20af461-25e5-4a29-a608-fc1afa35aabc,fc62a22e-03ce-44e3-8328-fb87332f8a1f,acc96de1-b5a9-4a0c-944a-6644d8486600,2026-01-15T02:46:08.851245Z,Clicked
cb75871a-5baf-4f28-a10b-3e67aad34133,abef59d4-32b8-4336-b7dd-9f375c1ce473,acc96de1-b5a9-4a0c-944a-6644d8486600,2025-07-03T03:53:21.851250Z,Ignored
75d043a9-d71e-42f9-8200-2f9c259733f1,507e7c35-3a3b-498a-8cb9-fdad839946f1,52f74d2d-4a6c-4a87-bc92-2ea46e0f6fb8,2026-03-03T02:03:29.851256Z,Opened
a80acfdf-ae7e-4f89-b4b8-d52da887d5a4,36de30b3-a22d-4ae9-9186-ada9f09838e4,52f74d2d-4a6c-4a87-bc92-2ea46e0f6fb8,2026-01-09T01:27:46.851262Z,Clicked
d49e50e1-c5be-4ad3-9aa4-8bbe865b4809,41a23ecd-369f-4a07-bd2c-bd9fe12a5377,e148960b-0a5c-47df-886e-8bad521c67e3,2025-07-21T14:41:43.851267Z,Ignored
ef01efd6-e110-4103-840d-3f7d41ceeb0d,48d4d733-056a-40c1-809e-9644d46961d2,f7409bb6-0eda-4cbb-ac82-f019a4ca505a,2025-09-20T13:32:27.851273Z,Ignored
99d062c5-cb4e-45e4-991b-acd0bdcaeb8a,780ff89b-58ca-46f6-9018-36030c7a6627,f34e887b-3b97-404f-8d78-ad0afc507961,2025-07-15T16:17:41.851278Z,Opened
66aa9f5e-176a-4efd-b09f-6bcccd72df5e,750e3190-9384-4e97-9b12-b67b0e25a9ac,bafbf00d-7cad-456e-bfd0-0d8fc60045f0,2026-04-23T08:38:19.851284Z,Clicked
daf64af7-caf1-4777-8c14-0103d79539fd,7d4ece89-fbaa-4a33-9ba9-ac8638c62fe2,acc96de1-b5a9-4a0c-944a-6644d8486600,2025-10-05T22:07:41.851289Z,Opened
6b844d76-e148-4e75-a93a-70cf2ee24539,dd263c9c-e558-4bca-8114-66d0fa78cee6,23055d04-c67c-4d6c-9691-00192bd576fa,2026-03-05T18:48:14.851295Z,Clicked
39807d28-ca37-42ba-863a-26de9a7daaee,6e088c5f-39b5-44fb-97db-fb9f5abd57ff,52f74d2d-4a6c-4a87-bc92-2ea46e0f6fb8,2025-10-16T17:26:22.851300Z,Ignored
d7b1a78a-f6fc-4b0e-9798-694399f3dba8,135f492f-201d-422d-bb56-4cb4fbb56371,f34e887b-3b97-404f-8d78-ad0afc507961,2025-12-22T03:43:38.851306Z,Opened
19ce4095-7fcd-451f-9f47-73b940b4f90c,780ff89b-58ca-46f6-9018-36030c7a6627,d262398c-8ac9-4474-8f1d-0ed804abf7cb,2026-01-18T09:13:47.851311Z,Ignored
4c11da37-daed-4816-9eda-3bb4065fab9c,7ea93906-6ed1-4ad9-98d5-82056a985ded,23055d04-c67c-4d6c-9691-00192bd576fa,2026-05-19T00:36:07.851317Z,Clicked
2655dc11-3425-4d9a-8ac4-d04d0b038d14,7ea93906-6ed1-4ad9-98d5-82056a985ded,bafbf00d-7cad-456e-bfd0-0d8fc60045f0,2025-11-08T09:49:01.851322Z,Opened
fa350c76-ffbf-4aa8-ad9c-5c368e0a4aa6,42debc32-6b5a-43ce-9ed8-e833104e5d9a,201afec1-2724-4348-9d4e-7bd1455ff916,2025-09-23T00:22:26.851328Z,Opened
04b63a1b-3d51-4436-86cd-098b75953680,aba7749d-e726-4e61-bd1d-315a01fee8bd,f7409bb6-0eda-4cbb-ac82-f019a4ca505a,2026-01-20T09:22:05.851334Z,Ignored
6fc122e3-0089-4dd7-a370-b131281d4a5f,71cadc83-5a63-4e9d-96fd-9f43805fa035,d262398c-8ac9-4474-8f1d-0ed804abf7cb,2026-04-05T21:58:36.851340Z,Ignored
9ec8e645-149c-421c-95ad-cf9591831838,b6480a4f-e22e-4044-abb3-b492359dd3c3,acc96de1-b5a9-4a0c-944a-6644d8486600,2025-08-05T00:36:44.851345Z,Clicked
22addd31-17c1-46bf-804f-b75e95be87ab,bb57e5b7-892f-4015-b5c5-9165eddab54b,23055d04-c67c-4d6c-9691-00192bd576fa,2025-06-25T22:21:33.851351Z,Ignored
95931bd0-3d3e-4f06-ba35-443c19f69232,a228a116-7208-4e78-ba55-07ea9379e992,201afec1-2724-4348-9d4e-7bd1455ff916,2025-10-07T18:27:44.851356Z,Clicked
3e8d0412-42e0-4b00-b88b-b3d0c8fb50c0,bc8b90b5-216f-40b4-9d6c-704d1a65a06e,52f74d2d-4a6c-4a87-bc92-2ea46e0f6fb8,2026-01-25T03:03:51.851362Z,Ignored
9a7b9f8e-d857-4858-9da0-b7c2c6e9c44b,7c0bba81-fc80-4e18-ac26-123b81363c49,52f74d2d-4a6c-4a87-bc92-2ea46e0f6fb8,2025-07-09T04:51:50.851367Z,Clicked
a2a96712-4aea-46ea-a77a-399027519a4f,00ca2b1f-8a0f-4552-bd32-c770a13c2b62,201afec1-2724-4348-9d4e-7bd1455ff916,2025-08-18T21:02:50.851373Z,Ignored
996c9db1-5cad-40e1-a15e-bac1024efabe,bf2b13a2-8bd7-45ba-9a26-4840a59aa128,e148960b-0a5c-47df-886e-8bad521c67e3,2026-02-22T16:25:10.851378Z,Ignored
54b8b36a-a022-4b14-99db-e17d19887401,8c5395eb-5111-40b9-9742-80230f944c91,23055d04-c67c-4d6c-9691-00192bd576fa,2026-05-16T15:53:50.851384Z,Clicked
6de2411e-b75b-42d5-b99b-d981e119bf06,3856e26a-50d5-4112-aa9f-912be4b2d983,bafbf00d-7cad-456e-bfd0-0d8fc60045f0,2025-07-25T04:13:28.851392Z,Clicked
a55bf8e8-8b86-4ea5-a3ee-e78f64e27af6,961a1c17-3d19-446f-8ffc-596991feabde,e3485424-d8ae-4456-9f29-1d9f616a9b84,2026-04-25T23:10:10.851398Z,Ignored
cecba063-e5de-4b5b-9bbe-7c597bd4a094,3c4a49d0-0345-47ad-9fdb-0b866e7c150c,e3485424-d8ae-4456-9f29-1d9f616a9b84,2025-11-16T00:47:21.851403Z,Ignored
a9a49266-0ff9-4587-9885-56dab1b92021,f5be1c8d-ff9f-4a97-82e2-da26824cf742,acc96de1-b5a9-4a0c-944a-6644d8486600,2026-06-13T05:49:09.851409Z,Ignored
9d0ce815-cbbe-4bc1-9e58-2c869d450f08,0bba498f-6dcc-4664-8190-31d80f9542f4,f7409bb6-0eda-4cbb-ac82-f019a4ca505a,2026-01-23T17:04:00.851414Z,Ignored
803faa07-a60a-4cd8-8999-4345dbadaf8d,6d540b7c-65e8-400b-9b9c-300fec44f955,e148960b-0a5c-47df-886e-8bad521c67e3,2025-11-09T09:23:07.851420Z,Ignored
d7bfdc4d-d3ba-48e6-9b90-066d979e2858,c13c3f9b-c525-4034-bd65-30290e0dce41,bafbf00d-7cad-456e-bfd0-0d8fc60045f0,2025-08-20T17:31:50.851426Z,Clicked
6ded681b-15fa-4657-bfb9-9102aa18eece,075c9b58-ca2b-4b1e-85cc-c56602c4ab69,e148960b-0a5c-47df-886e-8bad521c67e3,2026-05-12T17:58:22.851431Z,Ignored
fe1e11a6-93a8-431b-b8a7-3f4ada360325,3564fa96-6625-4163-9923-5151b392d64b,201afec1-2724-4348-9d4e-7bd1455ff916,2026-03-26T16:49:57.851437Z,Clicked
de66f04f-d35a-4cdd-9237-e5d6770f0b16,32790fb2-51fc-4e80-89a0-49842a98d5f4,52f74d2d-4a6c-4a87-bc92-2ea46e0f6fb8,2026-03-18T00:00:08.851442Z,Clicked
0d8cebbd-9f72-43eb-9a42-7aa816804551,393e8242-9d2a-4f22-904c-c851b62d9ff5,d262398c-8ac9-4474-8f1d-0ed804abf7cb,2026-03-19T20:14:28.851448Z,Clicked
89ae2b98-7e53-4fb7-b277-acdab7c40def,69f9feb8-477f-4572-b4be-8e1f91e52de0,f34e887b-3b97-404f-8d78-ad0afc507961,2026-02-04T13:28:51.851454Z,Opened
b47b0ae4-7982-497d-84c2-fb22b678317c,d7377450-ddcf-461c-a571-e7ba4c034892,e3485424-d8ae-4456-9f29-1d9f616a9b84,2026-03-20T04:56:00.851459Z,Opened
3bc83a6b-ce25-42a5-b60e-d47fe8feedd9,403b076d-ff6a-4817-a4d4-1f8505ece11d,201afec1-2724-4348-9d4e-7bd1455ff916,2026-01-27T19:07:19.851465Z,Ignored
53312171-da09-497c-a386-a73a59064e7b,8b072a3a-d751-4d8d-826f-0afbaa855d64,f34e887b-3b97-404f-8d78-ad0afc507961,2026-01-17T00:36:22.851470Z,Clicked
d25d0a8c-e6d2-41cb-997a-53f8316af5b9,84197273-d738-468e-ae5f-34937988f908,52f74d2d-4a6c-4a87-bc92-2ea46e0f6fb8,2026-03-23T22:14:45.851476Z,Clicked
065bf1c7-3fc7-41ab-8b77-7f74ebe279bd,0f2672d3-0d1d-4747-9e71-a91ada364540,f34e887b-3b97-404f-8d78-ad0afc507961,2026-05-19T16:20:45.851482Z,Clicked
defcd549-02a0-485e-81d3-a1e7659d8b3b,8412a2d9-9c10-472b-9b14-5451b42f4932,e3485424-d8ae-4456-9f29-1d9f616a9b84,2025-10-23T11:11:55.851487Z,Clicked
9d772ce7-ec8b-4b7d-ab6b-0c0689d600fa,71085110-5006-4d53-be81-586c708f2ee4,acc96de1-b5a9-4a0c-944a-6644d8486600,2026-04-17T02:37:22.851493Z,Opened
c4c7ab99-5423-4327-a6c9-764a09535934,961a1c17-3d19-446f-8ffc-596991feabde,d262398c-8ac9-4474-8f1d-0ed804abf7cb,2025-12-18T19:03:07.851498Z,Clicked
b1775e94-da69-43da-8e7b-a4940924e0fc,246a8fbe-760a-4f3a-a8e1-8a9c5f39aeca,e3485424-d8ae-4456-9f29-1d9f616a9b84,2026-05-17T09:35:28.851504Z,Ignored
59a69aad-761a-4ee4-884a-d4ca0d8f6ea7,09e7e9c9-083d-4a69-97de-18d21411c6c9,e3485424-d8ae-4456-9f29-1d9f616a9b84,2025-07-20T12:47:51.851510Z,Opened
77ddcb6e-883f-4c7a-8957-46fc40022a53,9922e5c2-3b8b-45f2-a78d-2bc1e56e7ad6,e148960b-0a5c-47df-886e-8bad521c67e3,2025-07-20T18:35:49.851515Z,Clicked
0363b5e6-7f29-463e-a278-b61260896df9,e4a5abab-3a30-411c-a2dd-9f3454034f16,52f74d2d-4a6c-4a87-bc92-2ea46e0f6fb8,2025-08-11T12:36:31.851521Z,Opened
39b14679-6fbb-45df-9d4a-df18dab87057,0abd6459-65a2-4d0f-b922-bf86580aa91a,201afec1-2724-4348-9d4e-7bd1455ff916,2025-07-25T10:35:39.851526Z,Opened
a36fd225-1b08-4988-8fa3-6002bf0a82a7,b631525c-d21d-42be-ab22-ef78024e7501,bafbf00d-7cad-456e-bfd0-0d8fc60045f0,2025-10-24T00:24:59.851532Z,Opened
4199cfce-66ab-4b58-9d50-15616608335e,40cae0e9-cc22-45b7-83f8-5ca5013987c5,bafbf00d-7cad-456e-bfd0-0d8fc60045f0,2025-07-15T17:06:14.851537Z,Opened
9005799f-0436-4ccc-b415-76186cb49a68,ab66ca5d-04cf-47b3-9716-8a39a8619a98,e3485424-d8ae-4456-9f29-1d9f616a9b84,2025-10-05T00:21:32.851543Z,Ignored
d5443202-0e6d-425d-9e27-d3b579becaf3,307b46a1-51b3-4526-bce2-af544e5e4684,d262398c-8ac9-4474-8f1d-0ed804abf7cb,2025-12-31T05:19:24.851548Z,Opened
e9c47ea5-3424-4731-958a-6a014a589479,504749b2-d6e0-4765-a474-1e9fc843a45c,52f74d2d-4a6c-4a87-bc92-2ea46e0f6fb8,2026-04-16T13:10:02.851554Z,Opened
bb1c7056-d70b-410f-912e-a880260029fd,6e9ecfa7-a760-4957-9f8f-1d0d40244d43,e148960b-0a5c-47df-886e-8bad521c67e3,2025-10-25T10:19:25.851560Z,Clicked
b8edc908-e63d-422e-a68d-0c76b8fac1aa,27f8bc54-1298-4d0f-b845-a4193bcff26f,e148960b-0a5c-47df-886e-8bad521c67e3,2026-02-05T03:26:44.851565Z,Clicked
7c692e85-66b0-4cb1-af01-effc498d9a50,b160209b-16a2-48d9-abfb-6eb2de7e37bb,e3485424-d8ae-4456-9f29-1d9f616a9b84,2026-04-24T02:08:39.851571Z,Opened
cce5fffd-03f0-4573-ae88-e8b584642b81,41a23ecd-369f-4a07-bd2c-bd9fe12a5377,52f74d2d-4a6c-4a87-bc92-2ea46e0f6fb8,2026-04-25T06:24:17.851576Z,Clicked
2d26e883-ea24-41bc-a65e-31d0ab339d9a,0fdccec9-42ee-469f-ad10-d1d6f7bf29bc,d262398c-8ac9-4474-8f1d-0ed804abf7cb,2025-10-26T05:15:44.851582Z,Ignored
a6553c6b-37be-4112-ae9c-5f969b25e346,d0ec78f1-6dde-48e6-adbf-4cd5fb215028,201afec1-2724-4348-9d4e-7bd1455ff916,2026-01-31T07:35:21.851587Z,Clicked
dd3e49e4-2d6d-4e3f-b411-3e86d6c2f584,89141f47-c044-4854-ac21-c420d821b33d,52f74d2d-4a6c-4a87-bc92-2ea46e0f6fb8,2025-07-28T06:38:15.851593Z,Clicked
2d4836cc-06f0-47e6-b716-7b532ccd800b,9438779f-1292-4d84-b39f-fc1e728535f6,e3485424-d8ae-4456-9f29-1d9f616a9b84,2025-08-18T05:54:49.851598Z,Clicked
44b306ba-e23b-4c41-b046-721a90759a57,c308b09a-5f2f-411a-ac74-86fa8d58f3a3,bafbf00d-7cad-456e-bfd0-0d8fc60045f0,2025-07-17T04:39:27.851604Z,Clicked
519c67a7-f212-41fb-bc98-229b8af4286b,ca0da774-1aab-4c48-92be-298e5115308b,23055d04-c67c-4d6c-9691-00192bd576fa,2025-08-25T17:51:57.851609Z,Clicked
fc2e3304-018e-4124-ad0c-44c37b7a8ac1,fa87fd8a-ea02-44b5-a167-6857b0fbbd31,f7409bb6-0eda-4cbb-ac82-f019a4ca505a,2025-12-24T22:04:30.851615Z,Opened
bb60152d-3f85-4475-a87a-3ab001a8b8a3,3f077514-1e20-4294-8919-a3499d1ea2fd,bafbf00d-7cad-456e-bfd0-0d8fc60045f0,2026-03-09T07:43:32.851625Z,Opened
5dfdd5d4-3fe0-4dc0-a7ab-7494fa737e55,b8309d59-5dff-43ad-861c-05c59ffc736c,f7409bb6-0eda-4cbb-ac82-f019a4ca505a,2026-05-07T01:09:21.851631Z,Opened
067de2ed-be50-4bbf-b69b-4ac15ce755a3,4df003df-66d2-462d-9d42-dea20378aeb6,f7409bb6-0eda-4cbb-ac82-f019a4ca505a,2026-05-20T15:04:26.851637Z,Opened
4077bfbf-1757-4260-8078-c4e224e9a2c3,fa036ed7-3003-40a6-bdc3-bd30c1d630be,bafbf00d-7cad-456e-bfd0-0d8fc60045f0,2025-10-31T07:07:25.851643Z,Clicked
66fe9857-92b9-4cd8-aebc-938dd63684d7,581fd8a1-3a0c-4a31-8988-badcc80e5cd4,acc96de1-b5a9-4a0c-944a-6644d8486600,2025-11-23T20:13:20.851648Z,Ignored
2e8876d4-0893-4fcd-852a-34a92ba003c8,94c2eb26-5544-46e3-81c9-7c10ba8d378d,acc96de1-b5a9-4a0c-944a-6644d8486600,2026-05-28T13:20:28.851654Z,Opened
7393414a-eca3-4557-bdcd-0155f8bde328,8c6e883e-fda2-4512-b521-4d5e4f1a24cf,acc96de1-b5a9-4a0c-944a-6644d8486600,2025-12-04T23:59:01.851660Z,Clicked
d1973e8a-4906-44ab-a38d-f28ff5d2a512,1836c007-409c-47a2-9203-866db173b751,bafbf00d-7cad-456e-bfd0-0d8fc60045f0,2025-12-11T13:09:51.851666Z,Ignored
069bf11f-9a71-4863-bbed-8339d6d2a9b1,884c46e3-4d4a-4827-aa63-74a8f9bd7f20,d262398c-8ac9-4474-8f1d-0ed804abf7cb,2025-12-20T18:46:56.851671Z,Ignored
caee781a-1bbe-4394-82c2-53b5446ed91b,0f2672d3-0d1d-4747-9e71-a91ada364540,acc96de1-b5a9-4a0c-944a-6644d8486600,2025-12-04T13:55:02.851677Z,Opened
7440130b-297a-4626-b8dd-738b4d34a44e,34e3713e-527b-4a61-bb6b-5cdd9a46816d,52f74d2d-4a6c-4a87-bc92-2ea46e0f6fb8,2026-04-21T18:01:22.851683Z,Ignored
f3d7c0e7-4bd9-416a-9105-04f4a05db4c3,6ae7eef2-2e62-49f1-a747-5f874ddc67ec,f7409bb6-0eda-4cbb-ac82-f019a4ca505a,2026-01-28T20:18:48.851689Z,Opened
d05a8144-88c8-4534-adc1-93194a7a5d13,27b7a965-5245-4af3-9aa1-cea6862290ce,52f74d2d-4a6c-4a87-bc92-2ea46e0f6fb8,2025-07-18T12:58:37.851694Z,Clicked
e20709e3-46c6-48d2-9802-a8f509aed024,48c3b50c-eb8e-4708-a496-988f45e79034,52f74d2d-4a6c-4a87-bc92-2ea46e0f6fb8,2025-11-09T02:53:07.851700Z,Ignored
d718b096-4be5-4c62-975d-c8469b91b083,f7fc3cc5-5463-424d-bf41-175dc0435970,acc96de1-b5a9-4a0c-944a-6644d8486600,2025-07-02T15:21:26.851705Z,Ignored
a14eb4ae-1105-412e-bb8d-b12135e38ecc,6ae7eef2-2e62-49f1-a747-5f874ddc67ec,d262398c-8ac9-4474-8f1d-0ed804abf7cb,2026-04-08T04:49:23.851711Z,Opened
60e358b3-2c53-44de-a510-30ee0b0d2890,8cd24d66-af22-45cc-8b9d-b92a34d2d09e,201afec1-2724-4348-9d4e-7bd1455ff916,2026-01-25T03:14:33.851717Z,Clicked
25d0fb95-44e1-4a94-8215-1656d0002746,d3fff17e-888f-4772-8bd4-7c6176a53af0,201afec1-2724-4348-9d4e-7bd1455ff916,2026-04-09T23:47:25.851722Z,Clicked
bde138e1-562b-4817-aa45-b98122eee503,54352cc7-79ae-49ac-9bff-3462af44cf4d,bafbf00d-7cad-456e-bfd0-0d8fc60045f0,2026-06-04T16:14:56.851728Z,Clicked
e7a428af-4883-493e-ac14-ae1deb8b2a90,bf282578-4e04-4255-b024-b80b82b09ea3,52f74d2d-4a6c-4a87-bc92-2ea46e0f6fb8,2025-10-31T04:06:43.851733Z,Clicked
c18ed951-d7d0-4337-a941-282d6dedcc81,8412a2d9-9c10-472b-9b14-5451b42f4932,f34e887b-3b97-404f-8d78-ad0afc507961,2025-10-05T03:35:52.851739Z,Opened
b89cd736-b922-4743-b1b2-2aaa04181c70,bb57e5b7-892f-4015-b5c5-9165eddab54b,d262398c-8ac9-4474-8f1d-0ed804abf7cb,2026-04-03T08:42:48.851744Z,Clicked
4ceb616c-0cc4-46a8-874a-bfe888241a74,eb6c7f47-465d-48a1-af4c-03c78e322f9c,23055d04-c67c-4d6c-9691-00192bd576fa,2026-05-06T17:04:12.851750Z,Clicked
e3fc3138-b711-4064-a067-5a6536642a6f,4406244c-4c87-4e43-85a6-2779eee4575d,e148960b-0a5c-47df-886e-8bad521c67e3,2025-09-23T19:39:11.851756Z,Ignored
2595b894-4ed4-408b-843b-1a458222c803,1fe9a4fc-5f35-4aa3-9406-fde8490f740b,d262398c-8ac9-4474-8f1d-0ed804abf7cb,2026-03-10T06:56:59.851761Z,Opened
733190f0-cd47-4682-97a3-325e43e3dcd7,4c56e24d-31c5-433e-861b-a265429a86eb,d262398c-8ac9-4474-8f1d-0ed804abf7cb,2025-07-30T21:09:10.851767Z,Ignored
9f5b599a-19b6-4506-b8fa-bb85a84491fc,5feb281f-ea4e-4262-abc8-15a2b7d3b865,23055d04-c67c-4d6c-9691-00192bd576fa,2025-07-03T16:07:21.851776Z,Clicked
e50ad754-3d23-4617-8f6c-fbd57cb6b461,e52247bc-5075-4eb5-a3e6-e750d37eef6b,52f74d2d-4a6c-4a87-bc92-2ea46e0f6fb8,2026-03-03T00:51:23.851782Z,Ignored
59d82fe2-07a7-4abb-9ca0-3fecab205199,2dcca842-c403-4924-9c19-def81bc4244b,acc96de1-b5a9-4a0c-944a-6644d8486600,2025-08-21T04:03:22.851787Z,Ignored
d1ad2f18-6430-4e43-b10d-7e90258fd543,fe856c16-d5ca-4879-a7a0-52cdc72b0ab7,52f74d2d-4a6c-4a87-bc92-2ea46e0f6fb8,2025-07-07T07:58:04.851793Z,Opened
b2e4e0b5-3e16-46fe-a98d-68149e826ee4,4e25a264-6ccc-46db-a66c-7060def6d1f1,f7409bb6-0eda-4cbb-ac82-f019a4ca505a,2025-08-20T19:46:38.851799Z,Opened
12532b71-bd58-4406-af51-2004e0176d30,cc9847ee-737e-43ce-af61-502b51ed3f76,f34e887b-3b97-404f-8d78-ad0afc507961,2025-11-12T02:44:54.851804Z,Clicked
a2d4b0eb-809b-4dfe-999d-5b036217c369,421a1ef0-8e44-420d-a55a-8ce080fd193f,d262398c-8ac9-4474-8f1d-0ed804abf7cb,2026-04-06T11:58:31.851810Z,Clicked
858d97df-4529-4194-8df2-988cc8cc6c3e,5029723c-a5c1-41c9-ad47-61b044552811,bafbf00d-7cad-456e-bfd0-0d8fc60045f0,2025-09-29T16:03:59.851815Z,Clicked
ef1a2504-236e-4803-a39b-d197d2d0fee1,f89fae14-33e7-4399-a1d2-ea86bbb16485,201afec1-2724-4348-9d4e-7bd1455ff916,2025-08-31T11:51:16.851821Z,Clicked
be14fe37-78f7-4cde-9ce7-3f2f2dda2fff,6a8a00cc-399a-48f6-8f49-a94501292444,201afec1-2724-4348-9d4e-7bd1455ff916,2025-10-28T12:44:26.851827Z,Ignored
9ea9c51b-d445-4941-b140-8fabd83d5318,961a1c17-3d19-446f-8ffc-596991feabde,d262398c-8ac9-4474-8f1d-0ed804abf7cb,2025-12-05T23:56:34.851832Z,Ignored
bbbb5223-b557-4dbe-b281-e0360e8567a5,ab66ca5d-04cf-47b3-9716-8a39a8619a98,52f74d2d-4a6c-4a87-bc92-2ea46e0f6fb8,2025-12-04T19:12:49.851838Z,Ignored
70f8836a-b5a5-4b79-aaf3-de9f178b8ecd,c30a4269-6057-41b4-ab2e-e8ca5e0370ed,f34e887b-3b97-404f-8d78-ad0afc507961,2026-05-31T22:13:37.851843Z,Clicked
f841bd39-f39e-422d-bb29-a53c302ad5bc,cf7376b3-d0c3-482a-814d-903b6aa9e8b8,23055d04-c67c-4d6c-9691-00192bd576fa,2026-03-05T05:09:33.851849Z,Opened
d14f0c48-73d4-497c-8363-afe380d450a8,98ec0111-44ae-4720-87e9-60480410691b,e148960b-0a5c-47df-886e-8bad521c67e3,2026-03-22T04:43:51.851855Z,Opened
4c9b5092-ad5f-408a-872a-a39b49da5bbe,02f35316-5bdb-4e65-a662-954a019a8af8,f34e887b-3b97-404f-8d78-ad0afc507961,2026-05-09T01:03:00.851860Z,Opened
ac280621-d970-49d0-a92c-245d250eaf35,53adf45c-8f72-4878-b332-c6cc1d892989,f7409bb6-0eda-4cbb-ac82-f019a4ca505a,2025-10-16T18:54:22.851866Z,Opened
c4817d44-30a2-4801-b2da-9bb3e0e0f26a,961a1c17-3d19-446f-8ffc-596991feabde,201afec1-2724-4348-9d4e-7bd1455ff916,2025-07-13T07:40:42.851871Z,Ignored
2240dc70-973d-49ac-8646-fdd8699c2c5e,780ff89b-58ca-46f6-9018-36030c7a6627,e148960b-0a5c-47df-886e-8bad521c67e3,2025-08-29T09:31:34.851877Z,Ignored
8bb5a4d8-a87a-4db0-a40e-d391c16196c1,584dce34-f543-4297-a4aa-0427585c5c9e,d262398c-8ac9-4474-8f1d-0ed804abf7cb,2026-04-16T11:59:04.851882Z,Clicked
1229f473-7ff0-4e35-8669-4988345bdacc,9ad9c95d-58ae-4bb8-b54a-be32daead40a,bafbf00d-7cad-456e-bfd0-0d8fc60045f0,2025-09-26T17:20:37.851888Z,Clicked
0baaf1d9-41c2-4c99-9e66-f592f18ae6f2,66ea7225-0970-4ca9-bedb-0ff2dc6bcde5,201afec1-2724-4348-9d4e-7bd1455ff916,2025-10-22T09:36:30.851894Z,Opened
d4c7c7aa-ab38-436d-9648-b436e287752e,d8a7239b-0dda-4d60-a52b-152115c39c3f,e3485424-d8ae-4456-9f29-1d9f616a9b84,2025-11-04T21:27:20.851899Z,Opened
9b500710-1150-4258-88f9-72e833783cee,0dbfd0e1-7616-4ed4-9b03-6f43d2f4fb40,201afec1-2724-4348-9d4e-7bd1455ff916,2025-09-11T22:19:00.851905Z,Clicked
815ca479-fd2e-4864-bb38-6479e23209b6,37941564-4b66-4bd7-8364-d9dbc497d4d1,acc96de1-b5a9-4a0c-944a-6644d8486600,2025-11-04T02:49:45.851910Z,Opened
0c011807-867e-4adb-a5cf-916710e062b6,8b072a3a-d751-4d8d-826f-0afbaa855d64,e148960b-0a5c-47df-886e-8bad521c67e3,2025-09-25T09:12:19.851923Z,Opened
998f6b1c-9e9d-44b0-8eca-f1585f8027d0,37c52c6a-bf4d-4fda-8e8d-8d74f697fb2c,201afec1-2724-4348-9d4e-7bd1455ff916,2026-04-07T08:32:41.851928Z,Opened
ce7c213b-996f-4b2a-b64a-ffbf20dc692e,4cff4e20-7ce9-456d-b799-4fed7c534f0d,52f74d2d-4a6c-4a87-bc92-2ea46e0f6fb8,2026-01-06T07:57:01.851934Z,Ignored
1c8ce47b-38b4-41be-b50e-8d5548f9f2e0,41488c42-d66e-45e5-8505-d5343a9bc597,52f74d2d-4a6c-4a87-bc92-2ea46e0f6fb8,2025-11-19T13:30:14.851940Z,Ignored
037aa04a-43bd-4f63-ad28-d802664318f1,1e6c0808-fcda-4f34-8356-c295e6a3bb11,e3485424-d8ae-4456-9f29-1d9f616a9b84,2026-06-14T00:50:27.851945Z,Ignored
4cd903fc-9169-4159-b4d2-e5c613bf9832,584dce34-f543-4297-a4aa-0427585c5c9e,e148960b-0a5c-47df-886e-8bad521c67e3,2025-11-15T19:24:10.851951Z,Opened
62e6e4c8-d969-479a-affb-03e48e3df838,ef599fab-e22b-4153-9214-cacf5a81b0da,e3485424-d8ae-4456-9f29-1d9f616a9b84,2025-10-02T05:55:18.851956Z,Clicked
e2d63843-e4c0-432b-b34a-f6689a641389,3d8ff089-8a4d-48c5-b3b2-a9c45afc4a3c,d262398c-8ac9-4474-8f1d-0ed804abf7cb,2025-11-15T01:53:07.851962Z,Clicked
f6aa5184-518a-4faa-a114-29d19702c07c,70d6fa5d-dce8-49be-b012-d0b91638fa22,d262398c-8ac9-4474-8f1d-0ed804abf7cb,2026-03-08T04:22:13.851968Z,Ignored
8e7df077-cbae-4ec0-bf69-d1cb002beeb0,37941564-4b66-4bd7-8364-d9dbc497d4d1,acc96de1-b5a9-4a0c-944a-6644d8486600,2025-12-11T02:49:35.851973Z,Opened
71bea444-0577-40a5-9289-770ee321aac1,1f210a6b-e1a4-4c39-93db-4d5b7da526e6,52f74d2d-4a6c-4a87-bc92-2ea46e0f6fb8,2025-12-05T00:00:37.851979Z,Opened
a9653b12-190a-4d0d-acd7-908deeb23760,28705d80-8695-4f34-b62c-6b59ee55c1db,23055d04-c67c-4d6c-9691-00192bd576fa,2026-03-29T19:45:12.851984Z,Ignored
248385d6-1bb8-4840-b7fe-d180e3a5377f,2444ce78-0654-4804-8a6b-886935b44474,d262398c-8ac9-4474-8f1d-0ed804abf7cb,2025-10-14T14:41:14.851990Z,Clicked
968ecea8-a8ae-4c64-8c0e-9f9dfde5d027,ab66ca5d-04cf-47b3-9716-8a39a8619a98,23055d04-c67c-4d6c-9691-00192bd576fa,2026-05-27T06:43:45.851995Z,Opened
f4e195a9-9d1b-4ae9-ad01-9e815225983b,de4af6c9-7f7e-4b11-a7cc-02b4e2518048,d262398c-8ac9-4474-8f1d-0ed804abf7cb,2025-11-15T14:17:10.852001Z,Clicked
5098322a-f57e-409c-a1ef-f5d39dc519d8,98ec0111-44ae-4720-87e9-60480410691b,52f74d2d-4a6c-4a87-bc92-2ea46e0f6fb8,2025-10-09T15:03:01.852007Z,Opened
d27f22d0-707e-4452-9bcf-4adb29ce5b0d,fa036ed7-3003-40a6-bdc3-bd30c1d630be,e3485424-d8ae-4456-9f29-1d9f616a9b84,2025-09-18T19:44:30.852012Z,Ignored
6aac02ab-21c7-4f4c-bd2b-aae24acd9607,cf7376b3-d0c3-482a-814d-903b6aa9e8b8,f7409bb6-0eda-4cbb-ac82-f019a4ca505a,2026-04-30T22:14:40.852018Z,Ignored
04d0933b-7e97-4ccd-b927-5466fcda0afe,865e2c7b-71bd-4f2f-a9ef-009d99d29e7e,52f74d2d-4a6c-4a87-bc92-2ea46e0f6fb8,2025-07-09T01:38:29.852023Z,Ignored
7a749272-5ff9-4ae7-8607-6b41e0150a25,284521e2-1408-4fa0-9578-492efc8edfe3,acc96de1-b5a9-4a0c-944a-6644d8486600,2025-07-02T05:41:27.852029Z,Ignored
8897f48c-a0f4-4653-aa36-c096cd72e3c3,93e06d19-4983-470b-9418-3e93a372ee0e,bafbf00d-7cad-456e-bfd0-0d8fc60045f0,2025-07-10T22:47:44.852035Z,Opened
e7c92da1-3446-40ac-8766-c1c07233a035,5c0e4a4c-94c5-4d17-8c5e-6b14ac5fa19e,52f74d2d-4a6c-4a87-bc92-2ea46e0f6fb8,2026-03-07T11:52:35.852040Z,Ignored
bdaa10fe-1f68-400b-af68-58f0befa3862,77c4b127-d442-44e6-a3d6-bd8fb9f4f90c,23055d04-c67c-4d6c-9691-00192bd576fa,2025-12-16T21:11:28.852046Z,Opened
d217c0a2-77f5-4b87-a3ad-37735440d696,aae79a82-52c7-4399-85cc-128ffadfd06c,23055d04-c67c-4d6c-9691-00192bd576fa,2025-12-01T03:31:32.852051Z,Clicked
cb802278-8306-4095-8e7c-2b039f941202,1f210a6b-e1a4-4c39-93db-4d5b7da526e6,52f74d2d-4a6c-4a87-bc92-2ea46e0f6fb8,2025-12-10T13:03:39.852057Z,Clicked
e3fdd234-c238-431f-8223-b75c278f813b,f483e088-2c1d-4574-add1-03aa91bfb55b,e3485424-d8ae-4456-9f29-1d9f616a9b84,2025-07-05T12:57:48.852064Z,Clicked
b5527200-5cc7-41a5-ac37-b098d0526e7a,91861c5e-4dd7-428e-a4a0-5bd6de894207,f7409bb6-0eda-4cbb-ac82-f019a4ca505a,2026-05-16T07:03:23.852070Z,Clicked
c3b54aa0-90a0-4630-8c31-975833f8baba,c65e5f0b-7042-486d-a15a-e8c26e604df8,52f74d2d-4a6c-4a87-bc92-2ea46e0f6fb8,2025-12-20T10:30:48.852075Z,Clicked
cf421ba0-02fe-4ed9-9556-1efa1020a2f0,cf30a3ee-3fc8-42c0-a371-ca9e028501b0,f7409bb6-0eda-4cbb-ac82-f019a4ca505a,2025-12-05T11:21:30.852081Z,Ignored
0fcc03bf-e300-458f-8743-0586512f650e,faf6ac1d-0c14-46c5-8f40-6042d353a0c4,f34e887b-3b97-404f-8d78-ad0afc507961,2025-07-08T02:16:16.852086Z,Clicked
f605b86f-a584-4542-8abc-baa277445c8b,8fabb7f6-21d5-42ad-8884-7862ed0432d9,d262398c-8ac9-4474-8f1d-0ed804abf7cb,2025-08-25T02:43:34.852092Z,Opened
94387e52-8b17-4e0d-a21a-2ec078c8a30f,98af55a9-dfcc-4ad3-bdf7-dd969404ddfe,201afec1-2724-4348-9d4e-7bd1455ff916,2025-10-05T21:35:09.852097Z,Clicked
ad5054a9-8413-4684-8541-a3d7eab1cf10,530aa762-33a8-4dbf-a3ff-44ca36e0131b,f34e887b-3b97-404f-8d78-ad0afc507961,2025-10-31T04:33:20.852103Z,Ignored
64a3d151-a7ac-4e6b-93ea-0b4fb0188a9e,421a1ef0-8e44-420d-a55a-8ce080fd193f,acc96de1-b5a9-4a0c-944a-6644d8486600,2026-01-05T06:09:15.852109Z,Opened
6a4be600-f9f5-420d-b504-072222c694eb,bb57e5b7-892f-4015-b5c5-9165eddab54b,acc96de1-b5a9-4a0c-944a-6644d8486600,2025-06-23T17:18:59.852114Z,Ignored
fbbe824f-eb46-4b14-a944-f6994cf5677f,825bb01c-5869-456e-b77f-eba89ebc2312,52f74d2d-4a6c-4a87-bc92-2ea46e0f6fb8,2026-02-07T18:45:57.852120Z,Opened
52b6008f-9daa-4fab-b02d-1db9ddbad5ea,8c6e883e-fda2-4512-b521-4d5e4f1a24cf,bafbf00d-7cad-456e-bfd0-0d8fc60045f0,2025-12-11T16:49:36.852126Z,Opened
e18dc0b6-8f54-4fd8-86a4-f8b8a2f008d0,81745aea-08e5-4021-a4ad-5139b256656c,acc96de1-b5a9-4a0c-944a-6644d8486600,2025-12-08T23:56:00.852131Z,Ignored
3b3b414c-956c-4044-83fd-e16f12a6a493,70d6fa5d-dce8-49be-b012-d0b91638fa22,d262398c-8ac9-4474-8f1d-0ed804abf7cb,2026-04-16T18:29:07.852137Z,Ignored
23251746-c79f-435c-9bda-bb748f64d999,bc8b90b5-216f-40b4-9d6c-704d1a65a06e,e148960b-0a5c-47df-886e-8bad521c67e3,2025-06-26T06:02:00.852142Z,Clicked
6f193386-2d1c-4a68-b966-6dfcdfd6097c,8827c663-8283-4f30-b121-e332ab5acbc7,d262398c-8ac9-4474-8f1d-0ed804abf7cb,2026-03-18T18:28:00.852148Z,Opened
e5452a1d-4a60-43af-9c95-9a7375eba5e1,ea901c19-c2b8-4d83-a4ab-c601e53eea75,f7409bb6-0eda-4cbb-ac82-f019a4ca505a,2025-07-08T12:17:41.852153Z,Ignored
5772d06f-17e9-4d5d-b7d8-290c177f62bc,41a23ecd-369f-4a07-bd2c-bd9fe12a5377,f34e887b-3b97-404f-8d78-ad0afc507961,2026-03-31T14:38:21.852159Z,Opened
7f4fdc9b-8d9e-4a88-9197-1d53a3191e6f,1ae6a029-f385-4b5d-b447-21328103559e,e3485424-d8ae-4456-9f29-1d9f616a9b84,2026-05-17T02:54:46.852165Z,Clicked
249f66cf-edab-4458-9485-3f0bc0cbc4cc,b631525c-d21d-42be-ab22-ef78024e7501,f34e887b-3b97-404f-8d78-ad0afc507961,2025-07-30T21:24:11.852170Z,Opened
733213b9-d44a-4d20-b2f0-3457e4c98409,3ecae672-5af1-46e1-9a0e-51072774bdb6,e3485424-d8ae-4456-9f29-1d9f616a9b84,2025-07-26T13:07:38.852176Z,Ignored
62d8cb62-74f4-4c90-abdf-9991e2753d0d,ee6d6129-cdb8-4e94-a4d5-1d1717ff13ff,acc96de1-b5a9-4a0c-944a-6644d8486600,2026-04-02T22:27:41.852181Z,Ignored
3ffc0b35-3ca8-4d77-b081-d76041a47304,03c2229f-51c6-4ea1-86c2-73383ab89428,acc96de1-b5a9-4a0c-944a-6644d8486600,2026-05-14T15:21:38.852187Z,Opened
53a8db72-4c7d-46b6-8406-e7133bc0811c,53adf45c-8f72-4878-b332-c6cc1d892989,e148960b-0a5c-47df-886e-8bad521c67e3,2026-06-01T19:37:01.852192Z,Ignored
dc49b3a3-bc36-4260-b0d0-371b2aed6d3f,90b20c66-347f-4f98-9432-00dcc7360c0d,23055d04-c67c-4d6c-9691-00192bd576fa,2025-12-27T11:15:16.852198Z,Ignored
8b90e872-95b1-4a85-bb76-40980eb7bd46,8d7a5370-917a-4c52-a640-a04f8d0ec760,acc96de1-b5a9-4a0c-944a-6644d8486600,2025-07-27T14:11:28.852203Z,Ignored
f88092b3-9435-44fe-9a77-12653264db02,71085110-5006-4d53-be81-586c708f2ee4,e148960b-0a5c-47df-886e-8bad521c67e3,2026-01-10T00:02:44.852209Z,Clicked
674aea74-ade9-4214-91bb-e6723ee7231a,60e90c8e-4fa0-4f07-9f78-e10fa984daa8,e148960b-0a5c-47df-886e-8bad521c67e3,2026-04-08T04:51:42.852214Z,Clicked
1a1ef9dd-a8fd-4e9f-b7a9-72b180f0ad2b,2444ce78-0654-4804-8a6b-886935b44474,23055d04-c67c-4d6c-9691-00192bd576fa,2025-09-01T06:34:33.852220Z,Clicked
4198c245-cf0b-4e0f-b146-113ec6f81d1c,4795de92-1574-442c-8f86-3aa6de2c7391,f34e887b-3b97-404f-8d78-ad0afc507961,2025-11-26T20:47:55.852225Z,Ignored
3e43916f-2bb1-4375-bd03-e6d742c1d378,6cc74c31-3b13-4328-b41e-f177a553357b,e3485424-d8ae-4456-9f29-1d9f616a9b84,2025-08-09T05:00:25.852231Z,Ignored
23c24769-7e29-4085-aa13-915656c8d23c,f5be1c8d-ff9f-4a97-82e2-da26824cf742,d262398c-8ac9-4474-8f1d-0ed804abf7cb,2025-09-23T22:42:06.852237Z,Clicked
3af460a0-681b-4849-923d-3591d02c223a,89141f47-c044-4854-ac21-c420d821b33d,d262398c-8ac9-4474-8f1d-0ed804abf7cb,2026-03-21T13:55:25.852242Z,Ignored
aeaefcea-66e0-46a0-bdeb-287e455d3f5b,aba7749d-e726-4e61-bd1d-315a01fee8bd,f7409bb6-0eda-4cbb-ac82-f019a4ca505a,2026-04-26T22:31:23.852248Z,Ignored
6ada199b-a91d-4e43-8c19-5938087c8791,e1704595-0fd9-49aa-aff6-45dd16084a37,e3485424-d8ae-4456-9f29-1d9f616a9b84,2026-05-12T12:31:39.852253Z,Opened
c205a260-8ca2-4cd6-8c19-84ae7746bd15,421a1ef0-8e44-420d-a55a-8ce080fd193f,d262398c-8ac9-4474-8f1d-0ed804abf7cb,2026-01-29T22:06:23.852259Z,Clicked
4c6b5719-33e0-46e8-83bf-cbbbbe3bdeea,d6658dc0-e7c3-4d26-b720-f6d584b6c2a7,f7409bb6-0eda-4cbb-ac82-f019a4ca505a,2026-05-11T18:48:50.852265Z,Ignored
1b338b1f-816a-4ff5-989a-3af378b9b379,584dce34-f543-4297-a4aa-0427585c5c9e,d262398c-8ac9-4474-8f1d-0ed804abf7cb,2025-12-18T00:38:21.852270Z,Clicked
85ee2ebc-9db4-495a-965d-de283efe4d4c,9438779f-1292-4d84-b39f-fc1e728535f6,201afec1-2724-4348-9d4e-7bd1455ff916,2026-02-14T13:20:04.852276Z,Ignored
78ba55f6-78be-4699-8c4c-bb57a77507f7,d6658dc0-e7c3-4d26-b720-f6d584b6c2a7,acc96de1-b5a9-4a0c-944a-6644d8486600,2026-03-04T02:56:41.852282Z,Ignored
98c63018-bd84-4081-a6ca-47973cf2f931,aba7749d-e726-4e61-bd1d-315a01fee8bd,201afec1-2724-4348-9d4e-7bd1455ff916,2026-03-14T16:26:07.852288Z,Clicked
1e043418-bbb9-4d37-8404-e986eb48c0e6,f34430bd-ffb3-4454-8239-8ec839993b51,23055d04-c67c-4d6c-9691-00192bd576fa,2026-05-26T08:59:02.852293Z,Clicked
b13d5717-ebda-41c8-986f-7f0933beef5b,82e244b2-87a6-48ad-b9c6-ab291657e7de,201afec1-2724-4348-9d4e-7bd1455ff916,2025-10-27T05:56:16.852299Z,Clicked
c2fa558d-ff69-4850-b101-75f2f3ac074c,30ebb0e0-da24-4edf-a48e-cb4a081e028d,d262398c-8ac9-4474-8f1d-0ed804abf7cb,2026-03-06T05:45:57.852305Z,Ignored
4da92511-e7bb-442b-bcbb-aeff91804fff,76a1556c-80e1-41e0-b989-1e0c1d6057b5,201afec1-2724-4348-9d4e-7bd1455ff916,2025-11-03T21:22:07.852310Z,Clicked
480ea67d-d582-444a-919c-9725bf413eb6,452e4865-d862-47d6-bcc8-d30a38c8994f,d262398c-8ac9-4474-8f1d-0ed804abf7cb,2026-01-02T15:17:04.852316Z,Clicked
093ace50-9210-4b55-ae6d-6049d20265bd,b70d275f-0293-459d-9f8d-0c69d539a5a1,d262398c-8ac9-4474-8f1d-0ed804abf7cb,2026-04-07T01:59:38.852321Z,Clicked
c9ec0959-e1cf-4f61-b47e-933880024b5f,00213018-5d7e-42e8-bb10-f12baeb31b2e,52f74d2d-4a6c-4a87-bc92-2ea46e0f6fb8,2026-04-18T21:37:20.852327Z,Opened
af498831-8ade-41cd-b638-444b288e372e,db40b9cc-dfdf-4211-8db7-d4949c9eff7d,52f74d2d-4a6c-4a87-bc92-2ea46e0f6fb8,2026-03-24T07:17:39.852332Z,Ignored
5e43d35d-416a-4fe8-afd3-c50a45f57675,f39d0b58-4f9b-41e5-a4e0-83c0174a0132,e148960b-0a5c-47df-886e-8bad521c67e3,2025-08-30T04:24:40.852338Z,Clicked
eb1d602b-b43a-4624-b6ed-5bc48db7e83b,0e0fe04f-f176-4fb6-8d0a-82fe1691ccd7,e148960b-0a5c-47df-886e-8bad521c67e3,2025-07-13T21:02:36.852344Z,Opened
746b7cac-24a8-4d50-9337-113d7ec12855,3e44a27c-9bd1-4833-be31-5443fd5f30da,e3485424-d8ae-4456-9f29-1d9f616a9b84,2026-03-05T08:39:54.852349Z,Clicked
32d3237d-5975-488f-a0a3-2493032a6095,1746998c-acb5-427a-9787-30c373602d57,bafbf00d-7cad-456e-bfd0-0d8fc60045f0,2025-10-14T11:06:16.852355Z,Clicked
adc0dd5b-b5e0-4276-85e5-bbd5f70c7835,1836c007-409c-47a2-9203-866db173b751,bafbf00d-7cad-456e-bfd0-0d8fc60045f0,2026-01-29T10:56:17.852361Z,Ignored
f5953d14-6aec-4be9-a9b6-c5c8726d64f6,393e8242-9d2a-4f22-904c-c851b62d9ff5,f34e887b-3b97-404f-8d78-ad0afc507961,2025-07-17T10:19:36.852366Z,Clicked
aaab7846-77bc-4df6-9c63-0e08657b1f42,0a76fafb-1dfa-4978-8caa-088eb7df3fa2,201afec1-2724-4348-9d4e-7bd1455ff916,2025-09-16T00:44:30.852372Z,Opened
27b42d30-5d9c-440d-bc28-3f4c028e5675,f9b39f19-d5b4-46d1-9aad-1b195cd77400,23055d04-c67c-4d6c-9691-00192bd576fa,2026-05-02T17:04:22.852378Z,Opened
434aad26-5a7e-4c1d-a03b-4df80fd8f7cb,dc52679f-ed2d-4c43-a350-50327c99be6c,f34e887b-3b97-404f-8d78-ad0afc507961,2026-01-30T03:38:20.852383Z,Ignored
a6628da4-e549-4193-9f23-c4c8a7250eb4,a2d7be94-d05f-4eff-be95-fc8e0259a285,f7409bb6-0eda-4cbb-ac82-f019a4ca505a,2026-04-24T03:18:53.852389Z,Clicked
64a97533-38b7-4f65-997a-b7a386596791,246a8fbe-760a-4f3a-a8e1-8a9c5f39aeca,e148960b-0a5c-47df-886e-8bad521c67e3,2026-03-29T22:23:28.852394Z,Clicked
feef805f-55c1-4bcf-b2d2-bb2baa460baf,718f45a3-0876-40bc-9e9b-c8f9c8d94e7a,f7409bb6-0eda-4cbb-ac82-f019a4ca505a,2026-05-28T06:42:13.852400Z,Ignored
c0c6a1bd-a83b-4554-88ea-42610e85d488,38bac53d-813a-4fec-a36b-81693c06e94a,52f74d2d-4a6c-4a87-bc92-2ea46e0f6fb8,2025-10-13T00:33:20.852405Z,Ignored
7b7affee-8b99-4136-af0b-e4031a568bf0,39fcfcb7-7a61-4c8f-a325-fd614eb31fc3,23055d04-c67c-4d6c-9691-00192bd576fa,2025-11-18T06:09:44.852411Z,Ignored
f99414ba-1968-442f-89c2-c26c9e7105d4,f3f315cb-871b-4430-9ac9-910b63aed0cb,f7409bb6-0eda-4cbb-ac82-f019a4ca505a,2026-06-07T02:05:05.852417Z,Ignored
f891d9a6-4ce5-4b9b-9068-6031c36351d4,d3fff17e-888f-4772-8bd4-7c6176a53af0,f7409bb6-0eda-4cbb-ac82-f019a4ca505a,2026-05-17T02:26:17.852422Z,Opened
98662ee3-28ef-4c52-bdf0-c327ecfe9aaa,b8309d59-5dff-43ad-861c-05c59ffc736c,bafbf00d-7cad-456e-bfd0-0d8fc60045f0,2025-09-07T06:11:55.852428Z,Opened
4673eda3-0d5b-40cd-b42e-ef80e2803695,0bba498f-6dcc-4664-8190-31d80f9542f4,e148960b-0a5c-47df-886e-8bad521c67e3,2025-11-25T12:26:37.852433Z,Ignored
222aa847-cd9b-46c9-8365-89fdce1c18c5,9cccee8d-dae0-44b4-890d-e8804ed2ba6a,acc96de1-b5a9-4a0c-944a-6644d8486600,2025-07-30T01:41:07.852439Z,Opened
778d6ba8-ea69-4c4d-aad2-9d7355ca78ee,4f82579a-270a-4e62-9755-662aa16d3159,bafbf00d-7cad-456e-bfd0-0d8fc60045f0,2025-11-04T03:18:37.852444Z,Clicked
98a0225b-beb3-4aed-9fc9-340fab3e4cad,60e90c8e-4fa0-4f07-9f78-e10fa984daa8,f7409bb6-0eda-4cbb-ac82-f019a4ca505a,2025-12-15T11:00:44.852450Z,Opened
5bcf439c-1ce1-454d-a6a9-67864fd643ef,03c2229f-51c6-4ea1-86c2-73383ab89428,201afec1-2724-4348-9d4e-7bd1455ff916,2026-06-03T03:38:19.852455Z,Opened
c06b18f9-fb31-4360-bc97-8055b93c86e7,284521e2-1408-4fa0-9578-492efc8edfe3,f34e887b-3b97-404f-8d78-ad0afc507961,2025-06-27T22:18:44.852461Z,Ignored
d5ea2f86-19da-41fb-bd3d-81851fb751bd,c30a4269-6057-41b4-ab2e-e8ca5e0370ed,201afec1-2724-4348-9d4e-7bd1455ff916,2025-09-02T08:23:35.852467Z,Ignored
942329da-4279-4c82-850e-27aa5ea5d014,c369c565-e988-4e6e-ae54-accbd9d640fa,f34e887b-3b97-404f-8d78-ad0afc507961,2026-03-17T16:43:00.852473Z,Opened
d94ecd5f-8721-4150-b698-4f251c7dea1f,32724db5-f35b-4afb-a6ea-8d067b5f6a24,d262398c-8ac9-4474-8f1d-0ed804abf7cb,2025-09-25T09:34:26.852479Z,Clicked
d7c012be-c85f-49c0-8095-205a9a5a398b,34e3713e-527b-4a61-bb6b-5cdd9a46816d,bafbf00d-7cad-456e-bfd0-0d8fc60045f0,2025-09-13T14:57:32.852484Z,Clicked
bcdfdf31-1fb3-4df6-aeed-e32aebccdc1d,c13c3f9b-c525-4034-bd65-30290e0dce41,f34e887b-3b97-404f-8d78-ad0afc507961,2026-04-22T02:00:50.852490Z,Opened
44f9c888-6db8-4324-8a9b-a4e1ecc8a3c6,3292e7e9-c6d1-4783-997c-970b0c1b6061,e148960b-0a5c-47df-886e-8bad521c67e3,2026-02-04T12:43:16.852496Z,Ignored
338343f7-32c1-4a30-a6f7-d41bf6f4b7e2,0dbfd0e1-7616-4ed4-9b03-6f43d2f4fb40,e3485424-d8ae-4456-9f29-1d9f616a9b84,2025-11-14T07:44:53.852501Z,Clicked
aa2f47c4-d021-4a74-9de8-bd510962a965,65b8cc2c-6959-47d5-812a-dfef903e4baf,f34e887b-3b97-404f-8d78-ad0afc507961,2026-04-29T08:31:19.852507Z,Opened
626a3d12-4968-410e-86f3-f3753c320b60,dc0459cd-ce9c-4088-b3d7-7027c2849d9e,201afec1-2724-4348-9d4e-7bd1455ff916,2025-10-28T07:36:15.852513Z,Clicked
7285ef0b-0c86-496e-bcc5-7caa6b9571bb,163c3567-4f1f-412e-b985-272c12c41792,201afec1-2724-4348-9d4e-7bd1455ff916,2026-01-22T07:23:10.852518Z,Opened
40e77ad0-1065-45fb-a0eb-a09511d171f2,8a835d35-1f35-419c-834b-35705197208f,e148960b-0a5c-47df-886e-8bad521c67e3,2026-04-08T16:51:51.852524Z,Clicked
9e80683a-6593-4f56-bcb2-037c241ea7da,357433fe-34fc-46a7-997b-0255019a71a7,acc96de1-b5a9-4a0c-944a-6644d8486600,2025-12-11T10:29:16.852529Z,Ignored
225de676-fa32-450e-a8f7-89732065829f,9aa887fb-4e61-4433-bd0b-92df34349a29,52f74d2d-4a6c-4a87-bc92-2ea46e0f6fb8,2026-02-10T10:38:23.852535Z,Opened
a4909f9b-ddc9-4563-bc62-03e021322824,421a1ef0-8e44-420d-a55a-8ce080fd193f,e3485424-d8ae-4456-9f29-1d9f616a9b84,2025-08-29T14:45:00.852541Z,Opened
6c96772d-ae67-45ee-a53e-d9218c57a7ac,5cc64a2c-a457-4d5b-a9f8-7fd951f48fa5,d262398c-8ac9-4474-8f1d-0ed804abf7cb,2026-03-10T19:47:46.852546Z,Opened
3ff3d96d-e8f7-45ab-ad22-1b3ba0a02771,bf282578-4e04-4255-b024-b80b82b09ea3,e3485424-d8ae-4456-9f29-1d9f616a9b84,2025-10-15T10:09:39.852552Z,Ignored
e6a6acea-7e56-4046-82c7-2dac6a123d5d,75c5b85d-2269-4d65-925e-6eabbdb489a4,e3485424-d8ae-4456-9f29-1d9f616a9b84,2025-08-01T00:22:13.852557Z,Clicked
7b1b9d58-0979-4d81-94d4-d9643cd4c14f,9fd924d9-2133-4f73-8a39-53f919fb9d64,52f74d2d-4a6c-4a87-bc92-2ea46e0f6fb8,2025-10-21T13:16:28.852563Z,Opened
c74f8059-07a2-42ed-8bd1-f622938f37c1,f34430bd-ffb3-4454-8239-8ec839993b51,acc96de1-b5a9-4a0c-944a-6644d8486600,2026-02-28T05:01:40.852568Z,Clicked
230bc45b-3010-4cb8-862b-2ae2f2cd4628,fa036ed7-3003-40a6-bdc3-bd30c1d630be,f34e887b-3b97-404f-8d78-ad0afc507961,2026-03-28T23:49:13.852574Z,Opened
83308b5c-0c27-4480-99f6-f2a1f5b13882,97c5ecac-aa81-49b4-a421-3ca6574e92a7,acc96de1-b5a9-4a0c-944a-6644d8486600,2025-10-14T16:52:39.852580Z,Ignored
9201b401-884a-4ded-82da-b6ab9e162fc8,a1f51051-5815-4ccc-b680-859cc8a9523a,52f74d2d-4a6c-4a87-bc92-2ea46e0f6fb8,2025-06-20T05:36:47.852585Z,Ignored
7bffc67f-7670-4739-9e5e-11fcee9e2555,481c40c1-251e-4c17-a7c2-579d467c47d6,e148960b-0a5c-47df-886e-8bad521c67e3,2026-02-15T15:50:57.852591Z,Ignored
f12bdb9c-7d64-4613-a663-3e9951a2575f,d6658dc0-e7c3-4d26-b720-f6d584b6c2a7,23055d04-c67c-4d6c-9691-00192bd576fa,2025-11-11T14:42:55.852596Z,Clicked
f1677d45-e4c2-4844-b2e4-782ae657ff99,48c3b50c-eb8e-4708-a496-988f45e79034,bafbf00d-7cad-456e-bfd0-0d8fc60045f0,2026-01-27T06:17:14.852602Z,Opened
6b6b8ce0-a372-4086-ab77-b9f280e90964,9fd924d9-2133-4f73-8a39-53f919fb9d64,bafbf00d-7cad-456e-bfd0-0d8fc60045f0,2025-08-28T09:19:41.852608Z,Opened
4aafb940-4a31-45ca-8658-ad14b3846ecd,37941564-4b66-4bd7-8364-d9dbc497d4d1,acc96de1-b5a9-4a0c-944a-6644d8486600,2025-10-16T22:42:28.852613Z,Clicked
d1a6834f-87f1-4c57-b941-b3dfc256366d,ed5c9587-cd11-419d-b0ff-65baa1f5d372,e148960b-0a5c-47df-886e-8bad521c67e3,2025-09-04T07:46:10.852619Z,Clicked
20369da8-a27c-4910-aa52-a7447af7dc26,e4a5abab-3a30-411c-a2dd-9f3454034f16,f34e887b-3b97-404f-8d78-ad0afc507961,2026-05-23T04:21:58.852625Z,Clicked
f0e20698-2ec2-47c6-a709-c999c9442f60,e9679519-56ba-4007-bae4-1cd922e9f605,201afec1-2724-4348-9d4e-7bd1455ff916,2025-06-19T07:07:11.852630Z,Ignored
eee3281a-bcd7-45af-9e29-85b3cae5b8d0,1836c007-409c-47a2-9203-866db173b751,f34e887b-3b97-404f-8d78-ad0afc507961,2025-09-15T04:29:17.852636Z,Opened
48f8d192-1446-44b3-a284-f14b10cd50f2,40cae0e9-cc22-45b7-83f8-5ca5013987c5,201afec1-2724-4348-9d4e-7bd1455ff916,2026-03-19T11:51:18.852641Z,Clicked
f047f764-ef72-4af3-bcbe-0defd25950bf,0455b293-7f74-4930-8c56-a6f15d8d1fe3,201afec1-2724-4348-9d4e-7bd1455ff916,2026-02-11T17:34:24.852647Z,Opened
4c39c5f4-ac91-4eaf-b4de-23c70de90722,ea7271ad-0371-4f1a-afc1-a8b5b1dc5f12,bafbf00d-7cad-456e-bfd0-0d8fc60045f0,2026-02-11T04:52:29.852652Z,Ignored
0a1106ef-f9bf-4f87-8a34-25b65eeea0ca,be0e6f76-50b0-41fc-b767-65029d5bd15b,bafbf00d-7cad-456e-bfd0-0d8fc60045f0,2026-01-20T21:55:33.852658Z,Clicked
fb909936-6a0f-4c8d-93f1-753917d4db35,b6480a4f-e22e-4044-abb3-b492359dd3c3,52f74d2d-4a6c-4a87-bc92-2ea46e0f6fb8,2026-01-25T03:23:42.852663Z,Ignored
dea2228e-becb-4eac-8a02-47fa896ffa20,70d6fa5d-dce8-49be-b012-d0b91638fa22,bafbf00d-7cad-456e-bfd0-0d8fc60045f0,2025-09-03T01:35:37.852670Z,Opened
c6fadc1b-8dcd-420d-8f90-2d1cce158684,27cc181c-2196-4226-bb41-96405f7b58ad,52f74d2d-4a6c-4a87-bc92-2ea46e0f6fb8,2026-03-12T01:20:50.852676Z,Opened
1fca1a4b-a85c-4f8f-a3b5-7dcb665783bd,fc62a22e-03ce-44e3-8328-fb87332f8a1f,bafbf00d-7cad-456e-bfd0-0d8fc60045f0,2026-01-20T08:47:25.852681Z,Ignored
c7d99d28-fdc9-48ff-9ae3-6a6ae0ad37a6,0a76fafb-1dfa-4978-8caa-088eb7df3fa2,f7409bb6-0eda-4cbb-ac82-f019a4ca505a,2025-09-19T16:35:24.852687Z,Opened
e8c846f8-7034-47cf-a9ba-92076812f8a4,de4af6c9-7f7e-4b11-a7cc-02b4e2518048,52f74d2d-4a6c-4a87-bc92-2ea46e0f6fb8,2025-08-22T23:21:19.852693Z,Clicked
25b0afd9-db07-4d4d-ba22-cb1eecb6fc33,7ffcfcf4-36a5-4ed3-b007-1d25d64f030f,f34e887b-3b97-404f-8d78-ad0afc507961,2026-03-29T00:48:00.852698Z,Clicked
4d50fed8-8d34-41e1-8347-fc9bd532bb5e,8c087de9-4cf8-4375-a81d-5e0362ad7f17,52f74d2d-4a6c-4a87-bc92-2ea46e0f6fb8,2025-09-18T07:24:44.852704Z,Opened
3c231082-c9c0-4f1a-a380-bca9b74f6d3e,c55aa929-b10a-4f91-82f1-c021e296b608,52f74d2d-4a6c-4a87-bc92-2ea46e0f6fb8,2026-02-09T11:33:07.852709Z,Opened
b3ae1493-69bf-4a31-aca2-14c1d82e70c1,e56bf6e0-1d91-4983-8a4b-9c738c58c2e5,f34e887b-3b97-404f-8d78-ad0afc507961,2025-12-28T04:47:20.852715Z,Clicked
4d2b5166-ff08-4bda-a67d-4ec105e3dfb7,ed5c9587-cd11-419d-b0ff-65baa1f5d372,201afec1-2724-4348-9d4e-7bd1455ff916,2025-08-31T04:01:18.852721Z,Ignored
c301599a-719a-47df-9bfd-8b82024b3c28,db40b9cc-dfdf-4211-8db7-d4949c9eff7d,d262398c-8ac9-4474-8f1d-0ed804abf7cb,2025-07-04T23:06:18.852726Z,Opened
4703b1d2-0eeb-487a-b956-f0125cbc4359,780ff89b-58ca-46f6-9018-36030c7a6627,f7409bb6-0eda-4cbb-ac82-f019a4ca505a,2026-02-18T05:14:10.852732Z,Opened
596d655f-9093-4427-9625-dc1c981bfdc1,b70d275f-0293-459d-9f8d-0c69d539a5a1,52f74d2d-4a6c-4a87-bc92-2ea46e0f6fb8,2026-05-05T01:37:23.852737Z,Opened
5d30b946-17d6-43c1-bb8c-4f0ef4fe291c,e96b0330-2bf2-4221-8c83-a0321dc564fa,52f74d2d-4a6c-4a87-bc92-2ea46e0f6fb8,2025-06-24T08:13:57.852743Z,Ignored
100fe3cd-a66d-4595-b5fb-cd6afc0760dc,fba3a7c6-235d-4db2-9c8e-0971c3e0b0b0,201afec1-2724-4348-9d4e-7bd1455ff916,2025-10-22T23:10:42.852748Z,Ignored
8a09edd9-9734-42c2-899f-be946d59e6ac,b6db8d1a-217c-47a2-a209-d08ec9cbf2d0,f34e887b-3b97-404f-8d78-ad0afc507961,2025-10-09T01:31:17.852754Z,Opened
dd3d40eb-fc01-4a63-bc98-4f07afd5bd1a,27f8bc54-1298-4d0f-b845-a4193bcff26f,52f74d2d-4a6c-4a87-bc92-2ea46e0f6fb8,2025-07-11T11:17:51.852760Z,Ignored
4bf4c7f0-3fee-4814-8a3b-74fb142e1090,0587d620-94a5-4a12-8e78-d2beb6b9b0c5,bafbf00d-7cad-456e-bfd0-0d8fc60045f0,2026-02-23T06:00:37.852765Z,Opened
bc1e0e12-cbee-4d77-9447-2a1c44fd8d34,7eb690be-3bd5-488d-bcf3-f174b5971823,23055d04-c67c-4d6c-9691-00192bd576fa,2025-09-02T09:39:50.852771Z,Ignored
30bb60a5-af3c-4f8a-ab79-80f0f2ec12de,53649cdb-e075-4685-adb7-15f15f8bba70,23055d04-c67c-4d6c-9691-00192bd576fa,2026-01-10T00:06:59.852777Z,Ignored
f875b710-8c8a-44d8-af2c-a191698b3ec2,71ce25f5-0d70-476a-8e30-7d8c01c702cb,bafbf00d-7cad-456e-bfd0-0d8fc60045f0,2026-05-18T18:58:59.852782Z,Clicked
36043584-d96f-402b-80ef-4f055121604f,cc9847ee-737e-43ce-af61-502b51ed3f76,d262398c-8ac9-4474-8f1d-0ed804abf7cb,2026-04-06T17:27:21.852788Z,Opened
6b9fdf95-edb8-409f-b855-6158831347e0,43ff3680-1dd2-4bca-a724-cabfccea5385,bafbf00d-7cad-456e-bfd0-0d8fc60045f0,2026-04-18T02:25:31.852793Z,Clicked
a737a52a-5901-4d8b-9527-639f5b66c9e9,37c52c6a-bf4d-4fda-8e8d-8d74f697fb2c,52f74d2d-4a6c-4a87-bc92-2ea46e0f6fb8,2025-12-25T15:33:25.852799Z,Ignored
a785a140-9d28-4429-8b9e-49c970ca5ce6,74a7b483-dbb3-44ba-99b3-d77e3d1630eb,f7409bb6-0eda-4cbb-ac82-f019a4ca505a,2025-08-05T15:44:16.852805Z,Clicked
f6cd9104-9496-4f4c-90d5-e88234e25f0d,d66bd9b2-8c11-4152-b10c-eeb92a6df2b3,f7409bb6-0eda-4cbb-ac82-f019a4ca505a,2026-06-05T11:32:59.852810Z,Clicked
10a765a5-afe5-4c44-9de4-3b4424f9faa7,294a2906-edce-4866-bd26-edd6c8155aa2,e148960b-0a5c-47df-886e-8bad521c67e3,2025-08-31T17:31:51.852816Z,Clicked
85d57ac8-ad6c-4af0-b12b-75695211e63e,3dfe8aff-e5db-4d6c-9b31-11b683ecca34,e148960b-0a5c-47df-886e-8bad521c67e3,2026-03-23T09:25:51.852821Z,Ignored
595d22ed-6623-462d-9948-6c0cdb1db07c,f0659668-166b-41a6-a6fd-647e2247c1ce,d262398c-8ac9-4474-8f1d-0ed804abf7cb,2026-04-27T08:14:35.852827Z,Opened
74763951-acca-409b-b6b3-850c48c8c3dc,f7651a82-e7fb-4ce3-a273-b0bb7853f529,23055d04-c67c-4d6c-9691-00192bd576fa,2025-09-26T01:29:05.852833Z,Opened
bc9e7202-e32b-4572-887e-5624dd29927f,ee6d6129-cdb8-4e94-a4d5-1d1717ff13ff,e148960b-0a5c-47df-886e-8bad521c67e3,2025-09-18T01:41:15.852838Z,Clicked
38952123-2d00-4878-9100-97522575eeda,de4af6c9-7f7e-4b11-a7cc-02b4e2518048,e3485424-d8ae-4456-9f29-1d9f616a9b84,2025-10-08T02:28:18.852844Z,Clicked
e694de5d-e4b1-4fee-ba48-902b9f02aaf7,12025cf1-478e-43fa-8764-fd0a670b1dd0,e3485424-d8ae-4456-9f29-1d9f616a9b84,2025-11-01T23:53:08.852850Z,Clicked
d045301b-4212-41a0-a46f-3b33d9f19a0c,0a76fafb-1dfa-4978-8caa-088eb7df3fa2,f7409bb6-0eda-4cbb-ac82-f019a4ca505a,2026-05-01T16:29:39.852855Z,Opened
d9cb72f6-6277-465e-891c-86dc57d59f46,518f6089-7637-4b06-a632-afa91eeb04b9,f34e887b-3b97-404f-8d78-ad0afc507961,2026-05-30T07:24:20.852861Z,Opened
bcc31569-1a19-4cc7-8aaa-f80e7c3d5357,02df37e7-d9a7-4261-89cf-e625ac86587b,52f74d2d-4a6c-4a87-bc92-2ea46e0f6fb8,2026-02-27T12:40:03.852867Z,Opened
f77a5281-da77-4b44-8da7-de6de50f648d,37c52c6a-bf4d-4fda-8e8d-8d74f697fb2c,23055d04-c67c-4d6c-9691-00192bd576fa,2025-10-10T13:35:16.852872Z,Clicked
160eb4cb-c885-475e-8413-ea5f58e37afe,8b0653cc-f0d2-4f32-bbb9-0ed4754f9153,acc96de1-b5a9-4a0c-944a-6644d8486600,2025-12-30T02:19:42.852878Z,Clicked
ebba3267-7685-4d9f-acec-1b2a09be0051,60e90c8e-4fa0-4f07-9f78-e10fa984daa8,f7409bb6-0eda-4cbb-ac82-f019a4ca505a,2025-12-16T03:49:12.852883Z,Clicked
f4214a8f-c253-4922-8e1d-948654faba57,38bac53d-813a-4fec-a36b-81693c06e94a,23055d04-c67c-4d6c-9691-00192bd576fa,2025-07-30T20:15:33.852889Z,Clicked
b036ff63-df44-479a-92af-38b873d882fd,d734c01c-cbb4-48ff-a021-2a312d3c7046,201afec1-2724-4348-9d4e-7bd1455ff916,2026-06-16T11:29:25.852894Z,Clicked
418dbb45-c65f-48b3-a61b-9bc299650d41,57dbd749-7b4d-4f82-b7bb-4aac6c352ab3,d262398c-8ac9-4474-8f1d-0ed804abf7cb,2025-11-11T02:10:39.852900Z,Clicked
33739188-ec6b-4f98-84fa-27d8dc177567,daaafc21-ddee-4be2-acc9-cb35709e0993,e3485424-d8ae-4456-9f29-1d9f616a9b84,2025-09-16T11:54:10.852907Z,Clicked
d0ff36d6-dfdc-408d-b92e-3612eb7f17c4,1989e8da-1fa0-40cf-bb0a-9b4001784526,acc96de1-b5a9-4a0c-944a-6644d8486600,2026-04-04T12:28:36.852912Z,Opened
7a973584-6228-4270-9350-af482dbfdbf2,3be95b54-f629-40a0-81b6-bb547819ffff,f34e887b-3b97-404f-8d78-ad0afc507961,2025-09-28T13:18:16.852918Z,Opened
cc92c4ba-2df4-4a28-87fe-209f437793b7,d73af61d-0a94-4835-b3ea-fe140d26a2a6,52f74d2d-4a6c-4a87-bc92-2ea46e0f6fb8,2026-01-31T02:26:42.852923Z,Ignored
fdd2a87c-3336-4163-87da-2dac40cd3c2e,a2590639-6168-4882-9f9e-122d8a03909d,52f74d2d-4a6c-4a87-bc92-2ea46e0f6fb8,2025-06-27T00:31:06.852929Z,Ignored
df902e28-375b-49bb-9d1a-9ea91c160ded,0bba498f-6dcc-4664-8190-31d80f9542f4,e3485424-d8ae-4456-9f29-1d9f616a9b84,2025-07-12T19:58:27.852935Z,Opened
cfc899e0-e824-45d9-a761-2555ee4c412c,c65e5f0b-7042-486d-a15a-e8c26e604df8,23055d04-c67c-4d6c-9691-00192bd576fa,2025-10-09T02:46:31.852940Z,Opened
d6c7b755-26fb-4d3e-9663-27d32aaff920,b8309d59-5dff-43ad-861c-05c59ffc736c,d262398c-8ac9-4474-8f1d-0ed804abf7cb,2025-08-01T10:47:18.852946Z,Clicked
6eb73c7c-2d86-4bf6-a5bc-568a51d32eec,fc62a22e-03ce-44e3-8328-fb87332f8a1f,52f74d2d-4a6c-4a87-bc92-2ea46e0f6fb8,2026-05-07T08:43:48.852951Z,Opened
1b230fcd-b06e-4e08-abda-dd97eedfe3d9,e71ec5ed-c462-48ad-b637-7b94ce5e8d5e,d262398c-8ac9-4474-8f1d-0ed804abf7cb,2025-09-05T11:18:43.852957Z,Opened
0af3df85-d755-4e48-b5ab-eed4736ae3f8,b96bdf5b-da67-434d-ac3e-8ecb214365c6,f34e887b-3b97-404f-8d78-ad0afc507961,2026-03-11T03:51:08.852962Z,Clicked
8cb0a1b7-ab6f-4347-9059-fb2c2f436950,7228b3d7-ca33-490a-b2e0-810ee8eb72a2,bafbf00d-7cad-456e-bfd0-0d8fc60045f0,2025-08-28T15:57:56.852968Z,Clicked
0597474e-7573-4957-b28a-ac0f5ab8c3c0,3b4b1183-dc97-499b-89d7-1cca99d8fb7a,d262398c-8ac9-4474-8f1d-0ed804abf7cb,2025-08-19T21:15:45.852974Z,Ignored
6aa35ac2-bc3d-42d1-addf-75b5937a6c09,518f6089-7637-4b06-a632-afa91eeb04b9,f7409bb6-0eda-4cbb-ac82-f019a4ca505a,2026-03-14T02:40:07.852979Z,Clicked
d694ac69-ce52-4f31-ac77-49ebfec5a1d6,5feb281f-ea4e-4262-abc8-15a2b7d3b865,52f74d2d-4a6c-4a87-bc92-2ea46e0f6fb8,2025-08-05T11:33:51.852985Z,Opened
20d0eab4-0aa2-4412-bde7-1c35c18e406e,12664488-f887-4fdc-a90e-65705d33b03f,acc96de1-b5a9-4a0c-944a-6644d8486600,2026-06-16T22:33:10.852990Z,Ignored
615cec9a-0fb3-4aae-851a-79eaf8f51abc,731b131b-d1ef-4842-bd1f-e19a7c462f0f,23055d04-c67c-4d6c-9691-00192bd576fa,2025-07-16T02:16:06.852996Z,Opened
da0cc7d0-0c00-4be3-999b-c23ad631b81f,a3b2228e-26e9-4e88-92d3-a243db5228fe,f34e887b-3b97-404f-8d78-ad0afc507961,2025-12-19T06:23:51.853001Z,Clicked
66a9831e-7db0-42ad-b075-338b3fd1a42e,8c087de9-4cf8-4375-a81d-5e0362ad7f17,201afec1-2724-4348-9d4e-7bd1455ff916,2026-01-25T06:01:48.853007Z,Opened
cd3f748f-376c-48c4-b204-7a4d5667d2fe,d1cf4810-eeec-4674-835f-53914a8c2859,201afec1-2724-4348-9d4e-7bd1455ff916,2025-07-08T00:04:13.853012Z,Opened
ca0eccdd-d200-4547-901f-1ca4132e0a47,dc0459cd-ce9c-4088-b3d7-7027c2849d9e,d262398c-8ac9-4474-8f1d-0ed804abf7cb,2026-02-05T10:35:42.853018Z,Ignored
b2fbd2fb-a058-4ce8-b3ce-b9d5003d761d,d73af61d-0a94-4835-b3ea-fe140d26a2a6,23055d04-c67c-4d6c-9691-00192bd576fa,2026-01-18T10:33:27.853024Z,Opened
7c289dca-e7b6-4bbb-8f38-91a19ec51d82,3f077514-1e20-4294-8919-a3499d1ea2fd,52f74d2d-4a6c-4a87-bc92-2ea46e0f6fb8,2026-05-28T04:24:20.853029Z,Clicked
c8f6f8fa-ca46-4471-9159-7d08285f0aad,b70d275f-0293-459d-9f8d-0c69d539a5a1,acc96de1-b5a9-4a0c-944a-6644d8486600,2025-08-22T07:04:58.853035Z,Clicked
c8f28f65-24e8-43aa-9693-939a1d19225d,abef59d4-32b8-4336-b7dd-9f375c1ce473,bafbf00d-7cad-456e-bfd0-0d8fc60045f0,2025-08-13T00:45:30.853040Z,Opened
39d8e618-8369-4b27-9ccf-7b5cb6ea12d1,8827c663-8283-4f30-b121-e332ab5acbc7,201afec1-2724-4348-9d4e-7bd1455ff916,2025-09-30T07:25:37.853046Z,Ignored
1db8bdf4-da24-4304-b1f9-b5a6ada8e648,27b7a965-5245-4af3-9aa1-cea6862290ce,bafbf00d-7cad-456e-bfd0-0d8fc60045f0,2026-05-08T21:26:52.853051Z,Clicked
6d79cace-2b18-4df5-9b93-79c4ce6353fd,cf75ceab-4dcd-4aa2-9279-0521a0488f40,201afec1-2724-4348-9d4e-7bd1455ff916,2025-06-28T10:02:44.853057Z,Ignored
6b8940f9-9d9c-4e3c-bb2e-241cf8583c12,3b4b1183-dc97-499b-89d7-1cca99d8fb7a,201afec1-2724-4348-9d4e-7bd1455ff916,2025-09-11T01:20:39.853063Z,Ignored
29b5c2ba-e108-4e94-acb5-21a1c2ba8e35,3d3414a5-5924-48b7-bf59-2a55f272b48a,201afec1-2724-4348-9d4e-7bd1455ff916,2026-01-10T16:03:54.853068Z,Ignored
97b55b2f-e1ee-42b6-b478-3fc36587b744,d28797f1-8438-4636-babd-2af66742afde,d262398c-8ac9-4474-8f1d-0ed804abf7cb,2025-06-23T04:31:30.853074Z,Opened
78a5e10f-2ed8-41e0-ba4b-1dcbfe069416,9ba86c77-70e4-49e8-8844-812e9a849822,23055d04-c67c-4d6c-9691-00192bd576fa,2025-10-19T19:39:47.853079Z,Ignored
bdfaa292-0897-4354-a6ae-1b78d2405012,a2d7be94-d05f-4eff-be95-fc8e0259a285,f7409bb6-0eda-4cbb-ac82-f019a4ca505a,2025-06-30T01:40:56.853085Z,Opened
a79d1cf5-d6bc-42b7-8d7b-1f4702c1fe3f,8412a2d9-9c10-472b-9b14-5451b42f4932,e3485424-d8ae-4456-9f29-1d9f616a9b84,2025-07-27T18:04:52.853091Z,Ignored
bd7696a1-a680-463c-98ca-7c55e3dc8427,37c52c6a-bf4d-4fda-8e8d-8d74f697fb2c,e3485424-d8ae-4456-9f29-1d9f616a9b84,2025-07-09T17:41:35.853096Z,Clicked
2f31d533-8a7e-4f45-92b1-8b25fef53cd7,4795de92-1574-442c-8f86-3aa6de2c7391,23055d04-c67c-4d6c-9691-00192bd576fa,2025-11-23T11:28:48.853102Z,Ignored
3a88e366-d6d4-4f2e-8220-783c24888c0d,8c087de9-4cf8-4375-a81d-5e0362ad7f17,d262398c-8ac9-4474-8f1d-0ed804abf7cb,2025-08-17T01:34:11.853108Z,Ignored
2d225e14-480c-4ed2-98cf-4225a2a93d05,9ba86c77-70e4-49e8-8844-812e9a849822,e148960b-0a5c-47df-886e-8bad521c67e3,2025-06-20T23:11:11.853113Z,Opened
ae8930c9-918f-4076-a41c-0a6758a0530f,d1cf4810-eeec-4674-835f-53914a8c2859,201afec1-2724-4348-9d4e-7bd1455ff916,2025-08-20T10:17:27.853119Z,Clicked
8b10eba2-6d79-4c2b-84be-2faa9a001f9a,86c76c73-9c5c-4b9d-b3f9-59e443163e6a,acc96de1-b5a9-4a0c-944a-6644d8486600,2026-04-07T15:05:47.853124Z,Clicked
07a4ae02-c6b0-4cab-a767-5e825f979399,8cd24d66-af22-45cc-8b9d-b92a34d2d09e,bafbf00d-7cad-456e-bfd0-0d8fc60045f0,2026-01-10T15:56:15.853130Z,Ignored
d3b08769-aac2-42f9-a40b-9fb271ec93a4,0a76fafb-1dfa-4978-8caa-088eb7df3fa2,bafbf00d-7cad-456e-bfd0-0d8fc60045f0,2025-11-27T05:40:32.853136Z,Clicked
ccd08893-7200-42d5-9951-c6e1a94b670b,d61841d6-2c66-4132-87bb-6efc7dc20ff7,23055d04-c67c-4d6c-9691-00192bd576fa,2026-02-14T12:05:28.853141Z,Clicked
1cb8f134-b71b-4f86-9263-e9a9c10cf088,bcf3d5f4-08ae-45fc-bee1-810c7876023c,e3485424-d8ae-4456-9f29-1d9f616a9b84,2025-11-23T07:32:43.853147Z,Opened
559072de-f73e-4d34-be04-663e2a38f3ca,43ff3680-1dd2-4bca-a724-cabfccea5385,bafbf00d-7cad-456e-bfd0-0d8fc60045f0,2025-11-29T21:57:56.853152Z,Ignored
fb4466aa-082b-45aa-b6a3-e4fff80a6d16,db710c0d-073f-4533-a992-2147c6c05480,d262398c-8ac9-4474-8f1d-0ed804abf7cb,2025-07-29T23:45:58.853158Z,Ignored
cdd5c646-2316-4a3a-9073-aa04bb467105,b6480a4f-e22e-4044-abb3-b492359dd3c3,52f74d2d-4a6c-4a87-bc92-2ea46e0f6fb8,2025-12-24T17:43:53.853163Z,Opened
b1215a27-3e99-438e-a56c-dd1c22814055,462f73b1-9c2d-4365-a6cc-d8749f314bee,52f74d2d-4a6c-4a87-bc92-2ea46e0f6fb8,2025-10-09T03:40:10.853169Z,Ignored
10b0dba0-7073-4281-bb16-dba2c92157bc,9aa887fb-4e61-4433-bd0b-92df34349a29,acc96de1-b5a9-4a0c-944a-6644d8486600,2025-09-23T19:17:48.853175Z,Clicked
c80b776f-258a-48f0-a267-845ef7c58828,5ae1f454-5ad6-4bbb-9ece-4d9266d4fae4,f34e887b-3b97-404f-8d78-ad0afc507961,2025-12-08T00:37:18.853181Z,Ignored
0ce719d1-3279-43f3-8a7b-83c90c202678,e8971440-d739-4ca4-b25b-828f73838247,e148960b-0a5c-47df-886e-8bad521c67e3,2026-03-19T03:04:36.853188Z,Clicked
55d4f58d-b0b5-4bf3-b23a-b88444a9b9fb,581fd8a1-3a0c-4a31-8988-badcc80e5cd4,d262398c-8ac9-4474-8f1d-0ed804abf7cb,2025-12-29T17:34:18.853193Z,Ignored
d2782d80-18e2-4f66-a345-df7a30e17a20,48c3b50c-eb8e-4708-a496-988f45e79034,bafbf00d-7cad-456e-bfd0-0d8fc60045f0,2025-10-05T02:44:33.853199Z,Clicked
afa1783f-1fe2-4a9d-bf3a-aeec260a7e93,81213520-07aa-4c23-b65a-1570a1c8c2d3,bafbf00d-7cad-456e-bfd0-0d8fc60045f0,2026-02-27T01:53:26.853205Z,Opened
f568b9f9-c780-4b12-91a2-b6a1d77cba76,49da153f-b4fe-4c8c-80bd-3929f8491250,d262398c-8ac9-4474-8f1d-0ed804abf7cb,2025-10-17T16:33:37.853210Z,Clicked
61cab54c-0937-4306-8964-31f8782f546f,fa87fd8a-ea02-44b5-a167-6857b0fbbd31,52f74d2d-4a6c-4a87-bc92-2ea46e0f6fb8,2025-12-05T02:03:44.853216Z,Ignored
e787df60-a15d-496d-a751-c67963bad19d,3c9287c1-4ef4-407a-81f2-02e47f73245c,23055d04-c67c-4d6c-9691-00192bd576fa,2025-12-07T19:28:05.853221Z,Ignored
b8eb4859-52c9-4850-b504-6112546b0eb7,51101ebd-4663-4ba3-983c-ad63b9500824,201afec1-2724-4348-9d4e-7bd1455ff916,2025-07-26T19:30:17.853227Z,Opened
b4788fe0-d218-43e0-942d-f82613e03c3e,31ca2d81-c9af-4d2e-aff4-0d25f8280112,52f74d2d-4a6c-4a87-bc92-2ea46e0f6fb8,2026-05-30T19:06:35.853232Z,Ignored
ed336f12-0130-4f09-9984-84fd38c7be03,042102a1-7598-4ea5-a80c-28a54e7b5715,acc96de1-b5a9-4a0c-944a-6644d8486600,2025-07-23T01:42:53.853238Z,Opened
39d82fab-5b0d-4899-9796-424169512564,ab6bdc58-afa9-4848-b893-6647e617de37,bafbf00d-7cad-456e-bfd0-0d8fc60045f0,2025-06-23T15:06:28.853243Z,Clicked
afb0cb93-7010-41b1-92a9-b7a48c1ccca9,d0b967e6-0fcc-4824-bef1-ec58206e3b50,23055d04-c67c-4d6c-9691-00192bd576fa,2025-08-13T21:51:53.853249Z,Clicked
e4d1b756-f938-40b9-86d9-6f72df3c6ff9,d0ec78f1-6dde-48e6-adbf-4cd5fb215028,d262398c-8ac9-4474-8f1d-0ed804abf7cb,2025-09-24T14:17:27.853255Z,Opened
6e526ddc-75b4-4d63-acf2-776bf894df6b,a7d4c10e-240a-4b3b-829e-98232e58afaa,bafbf00d-7cad-456e-bfd0-0d8fc60045f0,2025-08-11T09:02:40.853260Z,Opened
9307feb1-a52f-4d3a-a0d6-9b478117ae67,1fad1639-98e8-496f-a1f9-ff4a86b312a5,d262398c-8ac9-4474-8f1d-0ed804abf7cb,2026-01-23T16:30:36.853266Z,Clicked
93176943-5209-47e4-92ce-e4ce34ca9b9d,7044a1e0-9121-4698-bd37-2447ded18546,201afec1-2724-4348-9d4e-7bd1455ff916,2025-09-20T00:14:59.853271Z,Clicked
32f18351-ecc6-4efa-97bc-485c81ff4829,d66bd9b2-8c11-4152-b10c-eeb92a6df2b3,201afec1-2724-4348-9d4e-7bd1455ff916,2026-03-18T10:18:02.853277Z,Opened
45defbe1-da71-4a54-a0e0-0731de3bb79e,d4e85052-2f91-44f1-a8da-24efc3a6e3e0,f34e887b-3b97-404f-8d78-ad0afc507961,2026-05-01T22:14:30.853282Z,Ignored
c24ff676-f43c-4b78-aec8-3fbc7f7e318f,2d769b37-49d8-4e0b-90e4-8c6eb088a502,f34e887b-3b97-404f-8d78-ad0afc507961,2026-01-20T09:10:32.853288Z,Ignored
a0099e1a-f212-4aec-9fe8-08ed76e1c39d,2dcca842-c403-4924-9c19-def81bc4244b,f34e887b-3b97-404f-8d78-ad0afc507961,2026-02-11T15:50:51.853293Z,Clicked
668ce796-ae6e-4052-9ea9-23835cbca158,03c2229f-51c6-4ea1-86c2-73383ab89428,f34e887b-3b97-404f-8d78-ad0afc507961,2025-08-03T19:13:08.853299Z,Ignored
e717b9f6-ba90-4904-b64b-013a558d51d7,1f425b5c-fe86-45a1-8c54-8ca2fb90d3f2,e3485424-d8ae-4456-9f29-1d9f616a9b84,2025-12-25T02:51:18.853304Z,Clicked
6a64971e-7bbd-43f3-b3c6-4ed12e79624c,4c4b2e6b-1e62-4742-b87f-3e396a760820,bafbf00d-7cad-456e-bfd0-0d8fc60045f0,2026-04-25T23:45:07.853310Z,Opened
41c69ee3-b752-4932-bdc0-0d30d4cbd0c6,a87daefe-39b7-464f-a645-517d1177cd68,52f74d2d-4a6c-4a87-bc92-2ea46e0f6fb8,2025-09-22T21:53:08.853317Z,Opened
353bf449-7e0b-413f-b00d-337bc3b8da4d,adfd8947-c7d0-4fd9-828d-4e92a2731969,e148960b-0a5c-47df-886e-8bad521c67e3,2026-03-22T16:09:08.853322Z,Ignored
5578d386-9a9a-4caf-95a1-a9d33256c470,e8971440-d739-4ca4-b25b-828f73838247,23055d04-c67c-4d6c-9691-00192bd576fa,2025-08-16T14:44:02.853328Z,Ignored
48fe5f96-128a-4cbd-8fe2-9466bd32ba91,24240383-abe7-4470-be69-d968d0fd03ec,201afec1-2724-4348-9d4e-7bd1455ff916,2025-10-13T01:46:00.853333Z,Ignored
46977839-533f-4297-8488-76e6ef3b99a0,dc4c8ee0-f6ff-41dd-ab39-7eca941f23b2,bafbf00d-7cad-456e-bfd0-0d8fc60045f0,2025-07-18T20:34:37.853339Z,Ignored
42c44a8d-f929-4966-8382-2769b67fe857,884c46e3-4d4a-4827-aa63-74a8f9bd7f20,d262398c-8ac9-4474-8f1d-0ed804abf7cb,2026-03-31T08:51:34.853345Z,Clicked
4c25043a-a2fa-4101-8bcf-b027073ff159,3be95b54-f629-40a0-81b6-bb547819ffff,e148960b-0a5c-47df-886e-8bad521c67e3,2025-10-30T04:08:11.853350Z,Ignored
0446b8a9-e426-4692-89e9-cda005b3b4a2,2d9804c7-95c0-4fba-95b6-b77e839f2b6a,d262398c-8ac9-4474-8f1d-0ed804abf7cb,2025-12-31T11:05:55.853356Z,Clicked
226de94f-52b9-4095-b2df-73deacd042ea,8a835d35-1f35-419c-834b-35705197208f,f7409bb6-0eda-4cbb-ac82-f019a4ca505a,2025-11-05T03:20:56.853361Z,Opened
f6846eca-1393-4a06-8581-f6c62a8ae080,7eb690be-3bd5-488d-bcf3-f174b5971823,f7409bb6-0eda-4cbb-ac82-f019a4ca505a,2026-05-17T09:41:25.853367Z,Clicked
f117dfcd-8596-419a-b908-9f4b91031a64,93e06d19-4983-470b-9418-3e93a372ee0e,23055d04-c67c-4d6c-9691-00192bd576fa,2026-01-28T21:24:43.853372Z,Ignored
941f6e0d-9cd3-41f3-b6dd-fe26c77c9b31,2dc4e34e-479b-4900-89c4-b6f717ee896c,52f74d2d-4a6c-4a87-bc92-2ea46e0f6fb8,2026-01-21T16:02:21.853378Z,Clicked
72f1cb3f-41ff-478a-982d-9073f5e05fe1,a3b2228e-26e9-4e88-92d3-a243db5228fe,f34e887b-3b97-404f-8d78-ad0afc507961,2025-08-25T07:59:12.853384Z,Ignored
fc1f4705-0295-48cb-a917-7f73ea9ae7da,db40b9cc-dfdf-4211-8db7-d4949c9eff7d,acc96de1-b5a9-4a0c-944a-6644d8486600,2026-01-30T20:29:42.853389Z,Opened
ee1785c4-ca71-4365-993c-6aef35e09357,731b131b-d1ef-4842-bd1f-e19a7c462f0f,d262398c-8ac9-4474-8f1d-0ed804abf7cb,2025-08-22T19:44:13.853395Z,Clicked
d90521f9-a9a8-459d-84fb-50d9fdd50494,e198e982-441e-4186-b2a7-6509354bc0f2,201afec1-2724-4348-9d4e-7bd1455ff916,2026-01-21T13:06:54.853400Z,Clicked
58ab7d66-5274-49f0-93b1-f2f638e6db21,4a5c6de9-e24b-4808-a544-9bd7c3cb8fed,d262398c-8ac9-4474-8f1d-0ed804abf7cb,2026-01-23T21:28:15.853406Z,Ignored
3e2a52b7-fa55-4ada-92af-a7e066b4fe21,0527c122-6b13-4e96-ae89-bc3896d71c58,52f74d2d-4a6c-4a87-bc92-2ea46e0f6fb8,2026-02-03T18:36:24.853412Z,Clicked
0958c2e7-291d-4883-88f5-47325f072d24,1f425b5c-fe86-45a1-8c54-8ca2fb90d3f2,201afec1-2724-4348-9d4e-7bd1455ff916,2025-08-05T22:58:40.853418Z,Ignored
8aa22915-8cd6-47a2-b463-cdda55648b48,8c5395eb-5111-40b9-9742-80230f944c91,201afec1-2724-4348-9d4e-7bd1455ff916,2025-12-04T17:41:54.853423Z,Ignored
2408ad42-dd80-4f0b-8521-5a31963f4dc0,34e3713e-527b-4a61-bb6b-5cdd9a46816d,23055d04-c67c-4d6c-9691-00192bd576fa,2026-02-28T22:39:16.853429Z,Ignored
2540becf-0e9f-446e-b178-a1d8751a5866,81213520-07aa-4c23-b65a-1570a1c8c2d3,e148960b-0a5c-47df-886e-8bad521c67e3,2025-08-06T15:00:49.853435Z,Ignored
5cb5ffcb-c718-418f-95d6-ca5e181842f4,35c10b5b-773c-4ae2-979d-7a7d3fef1e48,23055d04-c67c-4d6c-9691-00192bd576fa,2026-05-24T16:07:20.853441Z,Opened
298430ac-49dc-4c6e-9a47-e6149033f8fe,4b74983a-e4f6-4f16-8f37-1d745682f311,23055d04-c67c-4d6c-9691-00192bd576fa,2025-07-28T15:33:21.853446Z,Clicked
8fb4aeed-53e5-4d59-aa01-e05ebc297b19,81ce4717-4b0e-4e4a-8084-2cefe8eadf9e,52f74d2d-4a6c-4a87-bc92-2ea46e0f6fb8,2026-02-20T18:18:52.853452Z,Ignored
5d61dc51-2e06-4ec4-94fd-7e21fe993d27,839bcda0-bab9-4237-9419-c8ee1adeac90,d262398c-8ac9-4474-8f1d-0ed804abf7cb,2026-06-17T15:55:37.853458Z,Clicked
d62e5a71-faaa-4e3c-aa44-fcb1b5af6ebd,0603da0c-982f-4154-9e47-2e31851e6029,acc96de1-b5a9-4a0c-944a-6644d8486600,2026-02-19T09:47:27.853464Z,Clicked
a7a2e9e3-6166-486e-8496-f766190a824d,f402778e-5da5-4f36-a834-a374c21a1106,bafbf00d-7cad-456e-bfd0-0d8fc60045f0,2025-08-12T20:47:09.853469Z,Clicked
754ebc7f-2ba3-4f69-b2e5-baf7e3cd2431,fc62a22e-03ce-44e3-8328-fb87332f8a1f,201afec1-2724-4348-9d4e-7bd1455ff916,2025-08-20T13:50:01.853475Z,Clicked
c28ce041-cadc-442f-bca1-0cba7e8a594f,fc62a22e-03ce-44e3-8328-fb87332f8a1f,f34e887b-3b97-404f-8d78-ad0afc507961,2025-12-10T08:16:37.853480Z,Ignored
a866de7f-92bb-4d96-9021-058d65094a4a,2d9804c7-95c0-4fba-95b6-b77e839f2b6a,52f74d2d-4a6c-4a87-bc92-2ea46e0f6fb8,2025-10-30T17:29:32.853486Z,Opened
6d8790d8-6e3e-4405-9264-bbf5324ef21b,2020cf92-33bc-461a-bc2c-dcf46acc0da8,f7409bb6-0eda-4cbb-ac82-f019a4ca505a,2025-07-09T15:37:21.853491Z,Clicked
970d5e61-8427-4b57-b14b-4dfaa4b70dc5,fa87fd8a-ea02-44b5-a167-6857b0fbbd31,201afec1-2724-4348-9d4e-7bd1455ff916,2026-02-11T14:52:08.853497Z,Ignored
c1d43de8-743b-4951-81d0-224563ae5ad2,d0ec78f1-6dde-48e6-adbf-4cd5fb215028,bafbf00d-7cad-456e-bfd0-0d8fc60045f0,2026-03-15T06:30:40.853502Z,Opened
98452680-dfa0-4af6-a987-48ca4ea35107,94c2eb26-5544-46e3-81c9-7c10ba8d378d,d262398c-8ac9-4474-8f1d-0ed804abf7cb,2026-02-28T20:26:13.853508Z,Clicked
7c522eed-5896-4ceb-90d4-9a9c4cc5f754,c69d5036-4969-4c18-9ee0-1b739e5235a6,52f74d2d-4a6c-4a87-bc92-2ea46e0f6fb8,2025-10-08T15:50:47.853513Z,Clicked
5c014450-ea2b-426d-a01f-75d2e852e5bb,7ea93906-6ed1-4ad9-98d5-82056a985ded,f7409bb6-0eda-4cbb-ac82-f019a4ca505a,2025-10-13T07:49:20.853519Z,Opened
86180546-b990-4319-9907-16119b833b35,9922e5c2-3b8b-45f2-a78d-2bc1e56e7ad6,201afec1-2724-4348-9d4e-7bd1455ff916,2025-07-21T01:14:23.853525Z,Ignored
2a43855c-44f5-43db-8c1f-81e76d0ca45f,48c3b50c-eb8e-4708-a496-988f45e79034,d262398c-8ac9-4474-8f1d-0ed804abf7cb,2025-12-08T16:31:25.853530Z,Clicked
419012ea-3684-4d71-9f0b-6aba74095825,8d7a5370-917a-4c52-a640-a04f8d0ec760,e3485424-d8ae-4456-9f29-1d9f616a9b84,2025-10-16T19:42:19.853536Z,Clicked
982700ca-485b-4aad-b525-aee9d6ccc896,7b1f75b4-44d7-4ed5-9c63-74b7d6d2032f,23055d04-c67c-4d6c-9691-00192bd576fa,2025-08-17T00:55:57.853541Z,Opened
efc7fc1b-244c-458e-bcaf-927fa2cab563,c65b973f-eb2c-4fc5-ae18-0a8a921e7693,f34e887b-3b97-404f-8d78-ad0afc507961,2026-03-09T21:57:27.853547Z,Ignored
936cbdb2-64cc-455b-8c10-f9c82dbf93af,51101ebd-4663-4ba3-983c-ad63b9500824,d262398c-8ac9-4474-8f1d-0ed804abf7cb,2025-10-11T12:07:15.853554Z,Ignored
671d29fd-6826-4842-8fec-927e6ba21e0c,4e177d60-5959-49c5-bcd4-1d77c4ff1a95,e3485424-d8ae-4456-9f29-1d9f616a9b84,2026-01-09T13:06:52.853559Z,Opened
567d07ea-883b-46c6-95da-76b104659b87,7452846e-37c4-4906-a617-e6a9cbd59165,d262398c-8ac9-4474-8f1d-0ed804abf7cb,2026-02-10T01:32:56.853565Z,Ignored
84292311-1b3b-4650-936b-72304cf3c379,00213018-5d7e-42e8-bb10-f12baeb31b2e,52f74d2d-4a6c-4a87-bc92-2ea46e0f6fb8,2025-09-21T11:05:23.853571Z,Ignored
aa3d054b-e649-4624-9ebd-b645b32c126a,421a1ef0-8e44-420d-a55a-8ce080fd193f,f7409bb6-0eda-4cbb-ac82-f019a4ca505a,2025-10-16T16:53:25.853576Z,Ignored
cc81cc7b-140a-4370-94e3-5dc9ed5ed713,0d75422e-5cdd-4422-aae3-364698c5b3ee,acc96de1-b5a9-4a0c-944a-6644d8486600,2026-02-03T21:42:28.853582Z,Ignored
25f118d8-e198-4be8-8efe-016461b12998,60e90c8e-4fa0-4f07-9f78-e10fa984daa8,f34e887b-3b97-404f-8d78-ad0afc507961,2026-02-03T02:08:42.853587Z,Clicked
63b1aefe-8c63-4873-b8b4-bbdc34ac77dc,4cff4e20-7ce9-456d-b799-4fed7c534f0d,bafbf00d-7cad-456e-bfd0-0d8fc60045f0,2026-06-07T03:48:23.853593Z,Ignored
149a8213-123b-465c-90cd-96d6d31c0f84,d4c83d62-c639-4f4f-8a7c-9b381bd8a396,acc96de1-b5a9-4a0c-944a-6644d8486600,2026-04-03T09:24:49.853598Z,Ignored
ee5b2158-c7da-4ab1-a45e-ea00cef47cbf,1746998c-acb5-427a-9787-30c373602d57,23055d04-c67c-4d6c-9691-00192bd576fa,2025-10-13T20:26:44.853604Z,Ignored
1fdedf4b-4fd7-4a34-875f-25d77bb315c6,34e3713e-527b-4a61-bb6b-5cdd9a46816d,52f74d2d-4a6c-4a87-bc92-2ea46e0f6fb8,2026-04-13T07:12:30.853610Z,Ignored
a1d7f4cf-8df7-43f7-99a0-65007faf8d0d,71ce25f5-0d70-476a-8e30-7d8c01c702cb,f34e887b-3b97-404f-8d78-ad0afc507961,2026-02-12T11:41:02.853615Z,Ignored
c2e4edc1-b125-4f70-a377-82f56200e863,83e48783-daeb-493d-8c48-229e2c47c5f1,201afec1-2724-4348-9d4e-7bd1455ff916,2025-08-27T07:39:26.853621Z,Opened
16a098d2-ca21-46e3-b2b5-89d09f9b4cdb,89141f47-c044-4854-ac21-c420d821b33d,f34e887b-3b97-404f-8d78-ad0afc507961,2026-01-01T05:55:57.853627Z,Clicked
e9fabe39-13fc-4092-8575-99d01280fdcb,461d8dd5-69e0-4291-8d01-6c96ff5d5b98,acc96de1-b5a9-4a0c-944a-6644d8486600,2026-06-17T05:52:51.853632Z,Clicked
12ce2a38-31ca-43bc-9a6a-04b2fa1d39f4,8c6e883e-fda2-4512-b521-4d5e4f1a24cf,bafbf00d-7cad-456e-bfd0-0d8fc60045f0,2025-09-13T14:07:32.853638Z,Clicked
6d2c66d3-5999-4d25-a8a4-0f7eab5b593e,3d3414a5-5924-48b7-bf59-2a55f272b48a,d262398c-8ac9-4474-8f1d-0ed804abf7cb,2026-03-13T13:47:25.853644Z,Opened
4e90d9f8-e5f2-43ee-aebd-cf7539340a83,5bf657c0-badb-4888-9955-cc0cc667fdff,e3485424-d8ae-4456-9f29-1d9f616a9b84,2025-07-09T05:13:15.853650Z,Opened
cb8036a5-aa63-4cb6-822a-06a4d57915da,37941564-4b66-4bd7-8364-d9dbc497d4d1,201afec1-2724-4348-9d4e-7bd1455ff916,2025-10-26T13:27:12.853655Z,Ignored
e7e485bd-890b-4a52-bd85-de458e74dab2,74839d8f-ff2c-4461-8ee3-42f8d15aa679,f7409bb6-0eda-4cbb-ac82-f019a4ca505a,2026-02-01T12:01:28.853661Z,Opened
0c9b8b61-7234-4866-b16e-a3a2ac7edbf3,43ff3680-1dd2-4bca-a724-cabfccea5385,acc96de1-b5a9-4a0c-944a-6644d8486600,2026-03-23T03:12:14.853667Z,Ignored
33fa56e5-2879-434e-b2fd-79841046b5ba,a499c79e-2bc0-46a8-ba34-f1a3fe1f402c,e148960b-0a5c-47df-886e-8bad521c67e3,2025-11-11T02:24:25.853672Z,Clicked
8ba3cb94-bd39-42da-b26e-1e6fe91abf3d,393e8242-9d2a-4f22-904c-c851b62d9ff5,f7409bb6-0eda-4cbb-ac82-f019a4ca505a,2026-04-02T21:49:31.853678Z,Opened
c6fcf166-fa91-4f12-bb37-09d5d618b08b,d6658dc0-e7c3-4d26-b720-f6d584b6c2a7,d262398c-8ac9-4474-8f1d-0ed804abf7cb,2026-04-22T23:25:46.853684Z,Ignored
3b5ef33d-f2d8-4986-a75a-4a79773334e7,7512cdd5-a848-40c4-a737-e3ac33674912,bafbf00d-7cad-456e-bfd0-0d8fc60045f0,2025-11-26T11:30:10.853689Z,Ignored
b2f52c06-57ed-44fd-a954-e98c99a34cb9,60e90c8e-4fa0-4f07-9f78-e10fa984daa8,f34e887b-3b97-404f-8d78-ad0afc507961,2026-01-14T17:56:26.853695Z,Clicked
9f3b7399-a58e-4da0-9644-43228d6aa129,403b076d-ff6a-4817-a4d4-1f8505ece11d,e148960b-0a5c-47df-886e-8bad521c67e3,2025-07-01T09:51:05.853700Z,Clicked
18681e7f-dce6-433e-a2ec-f2913c950516,0e0fe04f-f176-4fb6-8d0a-82fe1691ccd7,f7409bb6-0eda-4cbb-ac82-f019a4ca505a,2026-05-30T16:45:54.853706Z,Ignored
9c631091-baf0-4f97-b188-b4543f8a8721,79674428-f04f-4f7c-a90c-5e1747d54c5e,d262398c-8ac9-4474-8f1d-0ed804abf7cb,2026-03-29T12:30:36.853711Z,Opened
1f8d3688-04c1-407e-b267-2b85186143c4,c369c565-e988-4e6e-ae54-accbd9d640fa,f34e887b-3b97-404f-8d78-ad0afc507961,2025-09-11T13:27:45.853717Z,Opened
6943b9b8-56cd-4e80-912b-e04038c385df,135f492f-201d-422d-bb56-4cb4fbb56371,23055d04-c67c-4d6c-9691-00192bd576fa,2025-07-22T03:58:42.853723Z,Opened
66754cca-1ac3-4ac1-b406-9750b9710153,a5e46659-50d8-4c42-8c58-8add9c8b7a16,f34e887b-3b97-404f-8d78-ad0afc507961,2025-06-25T23:02:23.853728Z,Ignored
ce21c9da-fbf0-4920-bdf3-fa9cd13201fb,c3d6c171-e6f9-4db2-8214-a48fa58f05e9,201afec1-2724-4348-9d4e-7bd1455ff916,2026-04-02T15:21:54.853734Z,Clicked
c2c36a29-0ef6-4b60-9524-f505ffbfde4a,258c4c98-be7c-4316-8dc3-6780c33f7ed2,f7409bb6-0eda-4cbb-ac82-f019a4ca505a,2025-12-16T22:49:52.853739Z,Opened
69453f7d-1727-4e55-b039-aa8d94f5c426,c19b95f5-3a9c-4cd3-b5f7-dd277fa82f4c,201afec1-2724-4348-9d4e-7bd1455ff916,2025-07-13T14:30:51.853745Z,Opened
49ea7b98-8120-4b43-85eb-f0750e66a2f1,9fd924d9-2133-4f73-8a39-53f919fb9d64,201afec1-2724-4348-9d4e-7bd1455ff916,2026-03-03T11:43:43.853751Z,Ignored
781a30e4-9a9d-4cc1-b9a7-21e8e76c7c13,46b2e2f2-9440-4e0e-9e81-15ba9bc82d20,52f74d2d-4a6c-4a87-bc92-2ea46e0f6fb8,2025-07-09T22:47:17.853757Z,Ignored
ba9f4f5f-a7b2-468d-be94-d8e2a5ea1f91,c3d6c171-e6f9-4db2-8214-a48fa58f05e9,f34e887b-3b97-404f-8d78-ad0afc507961,2025-09-27T03:42:39.853762Z,Clicked
72f9d262-cb3d-4f80-bc50-ddeff4ac75b4,f1e90caa-ff1f-4164-8403-aacb98494334,acc96de1-b5a9-4a0c-944a-6644d8486600,2026-01-31T12:38:25.853768Z,Opened
332e1704-c98c-4888-b87e-247aa2241395,974edd2c-30d3-4ac5-a7c8-9414caca96a4,acc96de1-b5a9-4a0c-944a-6644d8486600,2026-06-16T23:31:52.853773Z,Opened
322f753f-d32a-407f-ae5c-347a2da99be1,81ce4717-4b0e-4e4a-8084-2cefe8eadf9e,e148960b-0a5c-47df-886e-8bad521c67e3,2026-01-18T02:23:11.853779Z,Opened
1fac4e3c-6a76-4532-8486-078d2294629c,2cb2e0b1-9470-4616-8e5e-2010aa828a78,e3485424-d8ae-4456-9f29-1d9f616a9b84,2025-06-26T06:20:18.853784Z,Clicked
d631dd0a-41f2-488d-b8b5-bbf2fb9ee569,6e57b55c-419f-4d5a-9e0f-6a06b8fb770b,23055d04-c67c-4d6c-9691-00192bd576fa,2026-02-20T18:06:50.853791Z,Opened
e7ba3194-32cb-4da9-8dc2-681319d94d8d,7b7bb4b9-c3f4-42b1-b1b7-c36758da9223,f34e887b-3b97-404f-8d78-ad0afc507961,2025-12-23T11:45:39.853797Z,Opened
49da8571-f468-4e67-85ec-fa98e1f796f5,9a83b095-473f-4a38-8302-b4f15b0be7da,d262398c-8ac9-4474-8f1d-0ed804abf7cb,2025-09-07T09:32:08.853802Z,Clicked
4bf3de14-4867-4bf1-ba8a-25f1e45ab89e,0587d620-94a5-4a12-8e78-d2beb6b9b0c5,23055d04-c67c-4d6c-9691-00192bd576fa,2025-08-04T20:56:43.853808Z,Opened
a58267f2-53ec-4e49-8e51-a1bc35918d1f,8c087de9-4cf8-4375-a81d-5e0362ad7f17,acc96de1-b5a9-4a0c-944a-6644d8486600,2026-01-06T16:53:25.853813Z,Opened
f14f36f9-91ca-4ca5-88e4-90c70cf98607,357433fe-34fc-46a7-997b-0255019a71a7,52f74d2d-4a6c-4a87-bc92-2ea46e0f6fb8,2025-12-22T05:44:38.853819Z,Ignored
733303ef-8e34-4e7a-b066-311333fd0189,69cae572-5dac-44b8-9774-94bd8be10195,bafbf00d-7cad-456e-bfd0-0d8fc60045f0,2025-09-25T22:12:38.853824Z,Ignored
7c873716-ddef-4063-a314-c3f9a11d042c,258c4c98-be7c-4316-8dc3-6780c33f7ed2,e148960b-0a5c-47df-886e-8bad521c67e3,2025-12-08T19:10:47.853830Z,Opened
7c722cac-9a1e-4111-a82b-660b48801f96,f9c74ef5-91bc-469b-8105-a085f2ad1fb8,acc96de1-b5a9-4a0c-944a-6644d8486600,2026-01-17T09:33:29.853836Z,Ignored
87b4895a-8110-424e-b4f5-1d33560873ce,0789256b-0781-44b8-87de-82a9880227cb,f7409bb6-0eda-4cbb-ac82-f019a4ca505a,2025-12-23T13:05:40.853841Z,Opened
86374742-f59b-4c8a-89f1-9b635917a984,3c4a49d0-0345-47ad-9fdb-0b866e7c150c,f34e887b-3b97-404f-8d78-ad0afc507961,2025-07-26T15:28:18.853847Z,Opened
e5eabf2e-88ef-471e-ae8a-70465e269a36,57dbd749-7b4d-4f82-b7bb-4aac6c352ab3,201afec1-2724-4348-9d4e-7bd1455ff916,2026-03-14T06:13:03.853852Z,Ignored
0d2a56d2-e8b8-44c5-bdef-9cd02d2fe44a,d0b967e6-0fcc-4824-bef1-ec58206e3b50,52f74d2d-4a6c-4a87-bc92-2ea46e0f6fb8,2025-08-04T02:28:02.853858Z,Opened
8623f806-bce2-4253-b54e-87657cbbc699,c65e5f0b-7042-486d-a15a-e8c26e604df8,52f74d2d-4a6c-4a87-bc92-2ea46e0f6fb8,2025-06-29T06:00:03.853864Z,Ignored
5375a57c-5146-4f1a-a617-e4b10ca1c917,7f2fc0fa-7e88-46d9-9367-bea32902ae90,f7409bb6-0eda-4cbb-ac82-f019a4ca505a,2026-04-10T01:16:05.853869Z,Clicked
0ad2bdd4-db8b-4cf3-87b5-58f13840235d,7044a1e0-9121-4698-bd37-2447ded18546,acc96de1-b5a9-4a0c-944a-6644d8486600,2026-02-15T11:14:43.853875Z,Ignored
35ba2024-7b7e-4afc-9286-a7b66582bd7b,5ae1f454-5ad6-4bbb-9ece-4d9266d4fae4,d262398c-8ac9-4474-8f1d-0ed804abf7cb,2025-08-25T15:01:32.853881Z,Clicked
2315b570-6a60-4eeb-9e18-b0b4d74fd993,ef599fab-e22b-4153-9214-cacf5a81b0da,d262398c-8ac9-4474-8f1d-0ed804abf7cb,2025-10-08T03:18:01.853886Z,Opened
2b1ae8c6-7847-498c-a519-8a266934bb43,865e2c7b-71bd-4f2f-a9ef-009d99d29e7e,d262398c-8ac9-4474-8f1d-0ed804abf7cb,2026-05-07T22:38:32.853892Z,Opened
1b2cda19-fcf8-47b5-aa5d-48e6f12be94e,9cccee8d-dae0-44b4-890d-e8804ed2ba6a,52f74d2d-4a6c-4a87-bc92-2ea46e0f6fb8,2026-01-22T16:53:56.853898Z,Opened
306f2fc8-bc11-4eab-84c0-7388105ef1ea,d1cf4810-eeec-4674-835f-53914a8c2859,201afec1-2724-4348-9d4e-7bd1455ff916,2025-10-27T12:50:08.853903Z,Ignored
4c9c13ba-1624-47fb-9175-c9752c8106a0,ac74d504-fc8a-4598-ab45-fe9b0c52e06f,201afec1-2724-4348-9d4e-7bd1455ff916,2025-11-29T11:20:55.853909Z,Clicked
e426915f-f2a6-4c76-8fb8-571a407ffef6,284521e2-1408-4fa0-9578-492efc8edfe3,bafbf00d-7cad-456e-bfd0-0d8fc60045f0,2025-08-08T04:08:04.853914Z,Clicked
5612c7ab-3b20-4ccd-bf97-fec115a15a84,48d4d733-056a-40c1-809e-9644d46961d2,acc96de1-b5a9-4a0c-944a-6644d8486600,2026-04-19T03:51:04.853920Z,Clicked
6da9d04a-1b39-46c7-b42b-e32ebb952921,5bf657c0-badb-4888-9955-cc0cc667fdff,f7409bb6-0eda-4cbb-ac82-f019a4ca505a,2026-05-27T19:40:54.853926Z,Clicked
51e0b39d-8ecf-4301-8041-027552726274,3c1f0252-67db-4fc6-a57a-5a311ff5453b,f7409bb6-0eda-4cbb-ac82-f019a4ca505a,2026-05-19T01:33:54.853931Z,Clicked
7c1e3ec8-5eba-47d1-b133-fdd4e38109c3,86dae7cb-dd0d-4196-8d1c-7b64e1ca0393,e148960b-0a5c-47df-886e-8bad521c67e3,2025-07-31T21:57:06.853937Z,Opened
9cf59de1-2557-4afd-b09a-d585b7f8fb8b,faf6ac1d-0c14-46c5-8f40-6042d353a0c4,e148960b-0a5c-47df-886e-8bad521c67e3,2025-12-04T23:22:28.853942Z,Ignored
4e99ad5f-6481-4e87-9452-9e3c0adec3b3,b6d674f6-ec60-4c63-b066-7a1abfda2276,23055d04-c67c-4d6c-9691-00192bd576fa,2026-03-02T17:35:11.853948Z,Opened
bc130be1-a4c1-414a-884b-e6b25278e395,fba3a7c6-235d-4db2-9c8e-0971c3e0b0b0,d262398c-8ac9-4474-8f1d-0ed804abf7cb,2026-01-15T10:54:05.853953Z,Clicked
3b7f97b0-c98d-4e66-af7d-463481c55566,3c110ecf-6874-4c5f-90eb-a26406b99733,e3485424-d8ae-4456-9f29-1d9f616a9b84,2026-01-16T10:29:04.853959Z,Ignored
f7051d1a-7dd1-4f82-9d42-cbbb0b4753ec,3c1f0252-67db-4fc6-a57a-5a311ff5453b,f7409bb6-0eda-4cbb-ac82-f019a4ca505a,2026-03-09T04:56:58.853965Z,Opened
c7b22c6a-71d4-4841-aed2-0aeea9a23f1b,98980c7a-d247-4c81-9ba5-cf62414322b2,f34e887b-3b97-404f-8d78-ad0afc507961,2026-01-21T14:47:02.853970Z,Clicked
a5e91435-d881-45cf-8fd1-6707c03ffd8f,f05d21fe-1d01-46da-81a2-d4afc8637211,f34e887b-3b97-404f-8d78-ad0afc507961,2025-08-10T15:42:41.853976Z,Ignored
35771e0b-7048-4013-b3f0-1fbfecb14e90,e1053777-b61a-4ac5-80a1-a50c3f13f99c,23055d04-c67c-4d6c-9691-00192bd576fa,2026-04-15T13:26:09.853981Z,Clicked
bf4ab7b1-317f-4223-97e8-7730b04b2bb1,4965914d-e32d-46ce-8abf-92f44d7cc7f8,f34e887b-3b97-404f-8d78-ad0afc507961,2025-12-08T15:29:56.853987Z,Opened
4ca5ebe0-5716-47f9-b1b9-8b00659692da,3856e26a-50d5-4112-aa9f-912be4b2d983,52f74d2d-4a6c-4a87-bc92-2ea46e0f6fb8,2026-01-16T05:28:28.853992Z,Opened
878ea171-a4de-46ac-b605-8c982e3cf40e,12025cf1-478e-43fa-8764-fd0a670b1dd0,e148960b-0a5c-47df-886e-8bad521c67e3,2025-08-17T18:35:28.853998Z,Clicked
cddae0c6-6d52-4752-802c-b83d68db4294,0527c122-6b13-4e96-ae89-bc3896d71c58,52f74d2d-4a6c-4a87-bc92-2ea46e0f6fb8,2026-05-22T02:03:08.854003Z,Opened
b3df9e21-98df-452a-a0ed-ff8563a58a50,c244224c-37fe-4ee8-9e51-67b473f41ee8,acc96de1-b5a9-4a0c-944a-6644d8486600,2025-06-22T02:31:52.854009Z,Clicked
4d6a6cc9-fa71-4669-b3a2-c17e352ede51,d71106b5-3273-4106-ac12-4eeaa74508a1,d262398c-8ac9-4474-8f1d-0ed804abf7cb,2025-10-26T22:40:59.854014Z,Opened
80bad66b-b103-4d49-8b56-7f4d5a2784bf,03c2229f-51c6-4ea1-86c2-73383ab89428,f7409bb6-0eda-4cbb-ac82-f019a4ca505a,2026-03-24T08:47:03.854020Z,Opened
23b16981-2197-4c19-b47f-1c0c26f6809f,65b2fd80-bfcd-4e0a-830c-eb9ce266ceb3,e148960b-0a5c-47df-886e-8bad521c67e3,2026-03-09T13:01:59.854027Z,Ignored
f6d5e772-962b-4d0e-a628-d82a7be75486,f7651a82-e7fb-4ce3-a273-b0bb7853f529,f34e887b-3b97-404f-8d78-ad0afc507961,2026-04-01T10:16:47.854033Z,Ignored
7d68849e-a70a-42e3-a1b8-377c97c70e35,5029723c-a5c1-41c9-ad47-61b044552811,f7409bb6-0eda-4cbb-ac82-f019a4ca505a,2026-04-06T13:33:55.854039Z,Ignored
7eb384d6-4ce4-4509-baf5-ce4780142def,de4af6c9-7f7e-4b11-a7cc-02b4e2518048,e148960b-0a5c-47df-886e-8bad521c67e3,2025-11-08T12:16:18.854044Z,Opened
50d3541c-4134-45c2-a397-c0b191322cfa,69cae572-5dac-44b8-9774-94bd8be10195,e148960b-0a5c-47df-886e-8bad521c67e3,2026-01-20T17:43:21.854050Z,Ignored
063f7d14-1ee8-4039-928b-894d4fba2af1,25132108-bb6d-46c2-87b3-c00023e596af,23055d04-c67c-4d6c-9691-00192bd576fa,2026-04-30T03:27:02.854056Z,Opened
d8b9044e-ede7-4b39-8335-3c4779161489,2f7934c3-a58c-4260-92f3-05c4d15d3f3c,acc96de1-b5a9-4a0c-944a-6644d8486600,2025-10-31T06:25:12.854061Z,Opened
a081094c-72f2-4ee8-bc74-9507a21d7c9c,b6db8d1a-217c-47a2-a209-d08ec9cbf2d0,201afec1-2724-4348-9d4e-7bd1455ff916,2026-04-09T20:00:11.854067Z,Opened
fb55523f-45e6-45d1-9450-a35a2ecfdaf2,581fd8a1-3a0c-4a31-8988-badcc80e5cd4,e148960b-0a5c-47df-886e-8bad521c67e3,2025-12-08T22:22:15.854072Z,Opened
ef24a615-a088-44ac-92e6-46a4cc6fafac,d4e85052-2f91-44f1-a8da-24efc3a6e3e0,23055d04-c67c-4d6c-9691-00192bd576fa,2026-01-05T09:22:52.854078Z,Ignored
075db596-d665-449e-9dfe-b5efb266d2f0,7ffcfcf4-36a5-4ed3-b007-1d25d64f030f,201afec1-2724-4348-9d4e-7bd1455ff916,2025-11-25T09:49:28.854084Z,Opened
c8016929-d69c-4563-83ac-13a13c511110,51101ebd-4663-4ba3-983c-ad63b9500824,201afec1-2724-4348-9d4e-7bd1455ff916,2026-01-31T00:07:29.854089Z,Ignored
15622b28-e3dc-4960-86fd-0251cb355c9a,dc4c8ee0-f6ff-41dd-ab39-7eca941f23b2,e148960b-0a5c-47df-886e-8bad521c67e3,2026-01-23T16:29:54.854095Z,Clicked
d76c7661-d3e0-4cdd-ad56-efe78e8f2f4c,82e8ec34-69aa-4a0d-af68-b58cf5cdf3d2,e148960b-0a5c-47df-886e-8bad521c67e3,2026-02-06T04:09:53.854100Z,Ignored
5319b43f-799f-444f-b996-ff16d33965ba,bf282578-4e04-4255-b024-b80b82b09ea3,acc96de1-b5a9-4a0c-944a-6644d8486600,2026-04-29T06:22:58.854106Z,Opened
f67f9681-7668-4ae1-a9fc-111ba9b59e2d,02f35316-5bdb-4e65-a662-954a019a8af8,acc96de1-b5a9-4a0c-944a-6644d8486600,2025-07-30T03:28:22.854111Z,Opened
28545ef9-90ee-41e9-a021-9c1870b76e7b,25132108-bb6d-46c2-87b3-c00023e596af,e148960b-0a5c-47df-886e-8bad521c67e3,2025-11-27T17:30:54.854117Z,Ignored
5653cd59-0617-4820-bfd6-19fae0eadddf,4d91b12c-8c53-4afb-a6c3-c1d4c4eb0f6e,23055d04-c67c-4d6c-9691-00192bd576fa,2025-12-10T10:40:00.854123Z,Clicked
ab6f4cc8-8906-41ae-b50a-ecdc8443bf6c,9a83b095-473f-4a38-8302-b4f15b0be7da,201afec1-2724-4348-9d4e-7bd1455ff916,2026-05-01T03:03:50.854128Z,Opened
77fd4c0a-f265-4202-a0e4-756f2333b97a,98a4efdc-02c5-4ef0-b245-b3407d06f276,23055d04-c67c-4d6c-9691-00192bd576fa,2025-08-15T04:20:34.854134Z,Ignored
c8f354c4-6dd9-497b-a3b0-d1aaa4e5089b,246a8fbe-760a-4f3a-a8e1-8a9c5f39aeca,bafbf00d-7cad-456e-bfd0-0d8fc60045f0,2025-07-19T15:09:12.854140Z,Opened
a0097c0a-c1f7-4c1f-bb05-7979e0678519,c0a2405d-9218-40f9-a44f-20aad0bcdb61,e148960b-0a5c-47df-886e-8bad521c67e3,2026-02-03T09:52:26.854145Z,Opened
fcd4e391-9a6e-4421-a191-bd7dc54423a2,6f6e4cc6-ad0f-494d-8f68-ada7c5a366a4,d262398c-8ac9-4474-8f1d-0ed804abf7cb,2026-04-12T04:03:08.854151Z,Ignored
a0e054ce-f152-440f-b00f-348d61d7a471,76a1556c-80e1-41e0-b989-1e0c1d6057b5,acc96de1-b5a9-4a0c-944a-6644d8486600,2026-01-07T14:04:12.854157Z,Clicked
fc6db90d-b8ad-4195-9b6b-19ed26470419,f34430bd-ffb3-4454-8239-8ec839993b51,bafbf00d-7cad-456e-bfd0-0d8fc60045f0,2026-01-10T13:20:29.854162Z,Clicked
cc967a09-c3c6-482a-82a0-ab55e8437b19,71cf88dd-1865-4277-ab6d-2119241d4757,bafbf00d-7cad-456e-bfd0-0d8fc60045f0,2026-04-16T13:55:37.854168Z,Clicked
0bf030cd-7bf3-4ef3-98fb-e00379c97e61,1cbe3e76-8392-413d-acd0-6b78d05e1b26,bafbf00d-7cad-456e-bfd0-0d8fc60045f0,2025-12-26T17:23:54.854173Z,Ignored
b65deb75-a7e9-4843-9083-9d41b9399eed,9ba86c77-70e4-49e8-8844-812e9a849822,f7409bb6-0eda-4cbb-ac82-f019a4ca505a,2026-03-29T10:29:07.854179Z,Clicked
5b999523-b2dc-448f-83e6-ad335ebcf359,128ede0b-9fd5-436b-91aa-d31b1c464021,d262398c-8ac9-4474-8f1d-0ed804abf7cb,2026-05-17T14:07:07.854184Z,Ignored
593493d8-b6df-47b0-8258-0f42f0ce791c,c13c3f9b-c525-4034-bd65-30290e0dce41,acc96de1-b5a9-4a0c-944a-6644d8486600,2025-06-30T04:53:21.854190Z,Clicked
e636bb94-e45f-431c-b9d9-4d562c5e0b6e,71cf88dd-1865-4277-ab6d-2119241d4757,f34e887b-3b97-404f-8d78-ad0afc507961,2025-08-16T04:28:37.854196Z,Opened
857f7513-93b9-4ba4-bf03-63e489d3193a,04f36282-fbff-4c18-b7e3-c386d0acdabf,bafbf00d-7cad-456e-bfd0-0d8fc60045f0,2026-01-04T01:27:48.854201Z,Ignored
80b7906d-9500-4d9a-ac73-5f396d1bcce6,0455b293-7f74-4930-8c56-a6f15d8d1fe3,d262398c-8ac9-4474-8f1d-0ed804abf7cb,2025-10-04T08:12:47.854207Z,Ignored
2a269937-fa1a-4817-ab59-f7ea35bdcbf0,66ea7225-0970-4ca9-bedb-0ff2dc6bcde5,d262398c-8ac9-4474-8f1d-0ed804abf7cb,2026-01-06T13:13:05.854212Z,Ignored
fa5b6d89-629a-46b3-a2c0-e3d936ba73a6,66ea7225-0970-4ca9-bedb-0ff2dc6bcde5,f34e887b-3b97-404f-8d78-ad0afc507961,2025-08-16T16:06:42.854218Z,Ignored
db48ca69-c528-4268-a313-450cbc42beff,3c1f0252-67db-4fc6-a57a-5a311ff5453b,e148960b-0a5c-47df-886e-8bad521c67e3,2025-08-28T01:52:02.854224Z,Ignored
a3c41407-1005-4ab4-8281-ebb2c6a907d6,cf75ceab-4dcd-4aa2-9279-0521a0488f40,e148960b-0a5c-47df-886e-8bad521c67e3,2025-09-13T06:07:43.854229Z,Ignored
54d2a3d6-7246-4808-8907-5915c6248fb1,9645001f-849d-4a94-ace1-bf5bff8ff829,52f74d2d-4a6c-4a87-bc92-2ea46e0f6fb8,2026-04-09T19:29:10.854235Z,Opened
2d2173a5-0216-416e-9d1a-f799c9014acc,6cc74c31-3b13-4328-b41e-f177a553357b,e148960b-0a5c-47df-886e-8bad521c67e3,2026-02-20T17:01:32.854242Z,Clicked
c695889e-5bed-4f73-86a0-d79fc1f8b5da,6a8a00cc-399a-48f6-8f49-a94501292444,201afec1-2724-4348-9d4e-7bd1455ff916,2025-10-09T09:41:55.854248Z,Ignored
7c2bf72d-4a7a-410a-b3ec-cbb3bee23f9b,72bbd2c0-f9f3-40b5-b0e0-4ecee769bda8,acc96de1-b5a9-4a0c-944a-6644d8486600,2025-09-28T16:30:08.854253Z,Opened
6ed037ff-a079-4815-83b1-1b91065701df,9922e5c2-3b8b-45f2-a78d-2bc1e56e7ad6,e148960b-0a5c-47df-886e-8bad521c67e3,2026-02-10T02:18:54.854259Z,Opened
2521742d-c380-486f-b526-7ada7d44b5f4,12025cf1-478e-43fa-8764-fd0a670b1dd0,bafbf00d-7cad-456e-bfd0-0d8fc60045f0,2026-01-10T05:55:10.854265Z,Ignored
ac8b5ab2-e7e4-4f37-a3ae-2952953be50d,6e9ecfa7-a760-4957-9f8f-1d0d40244d43,f7409bb6-0eda-4cbb-ac82-f019a4ca505a,2026-03-21T19:45:05.854270Z,Ignored
36118d83-13e1-4139-9297-e9d6b0ff5e84,00ca2b1f-8a0f-4552-bd32-c770a13c2b62,bafbf00d-7cad-456e-bfd0-0d8fc60045f0,2025-11-24T20:16:51.854276Z,Clicked
5125ca12-0198-4b49-bb9f-a5b10b05672f,8cd24d66-af22-45cc-8b9d-b92a34d2d09e,d262398c-8ac9-4474-8f1d-0ed804abf7cb,2026-04-09T14:26:06.854282Z,Clicked
3148ee5c-526d-4c0c-83ac-5350a0b41a13,65b8cc2c-6959-47d5-812a-dfef903e4baf,acc96de1-b5a9-4a0c-944a-6644d8486600,2025-09-11T16:48:31.854287Z,Ignored
cc864648-6d21-4781-a7b4-16fe409d8d90,d3fff17e-888f-4772-8bd4-7c6176a53af0,23055d04-c67c-4d6c-9691-00192bd576fa,2025-12-21T02:12:38.854293Z,Ignored
dc95e8bf-294a-46d3-8fbd-b829a914858b,6fc891a0-e87a-4a77-b887-1abee0839df8,e3485424-d8ae-4456-9f29-1d9f616a9b84,2025-10-29T08:10:47.854298Z,Clicked
5e3127aa-b708-49d7-9612-82f5f3adc454,54352cc7-79ae-49ac-9bff-3462af44cf4d,f7409bb6-0eda-4cbb-ac82-f019a4ca505a,2026-01-27T21:22:46.854304Z,Opened
3eaa4612-5676-464c-8f71-9db5d48d6917,1f5c5636-0115-42cc-89e6-b0ccb70c0ca8,e3485424-d8ae-4456-9f29-1d9f616a9b84,2026-02-02T17:33:47.854310Z,Opened
f1544751-99a6-4f74-9796-0cbdfaee19c1,24240383-abe7-4470-be69-d968d0fd03ec,f34e887b-3b97-404f-8d78-ad0afc507961,2025-06-24T23:17:31.854315Z,Ignored
5921cc7c-c304-4013-946e-42886c12d050,667a4fd6-9941-4337-80ea-be563e6d75ff,e148960b-0a5c-47df-886e-8bad521c67e3,2025-10-06T11:53:31.854321Z,Opened
5bba698d-c71c-4c09-81de-ac7480d68252,e1053777-b61a-4ac5-80a1-a50c3f13f99c,e3485424-d8ae-4456-9f29-1d9f616a9b84,2026-04-26T17:37:24.854326Z,Opened
77215cfc-d22c-4ba8-b3c5-9d5ded7efa57,a98039d8-aac0-4ab4-aefb-271bbfefb405,e3485424-d8ae-4456-9f29-1d9f616a9b84,2025-06-26T05:05:11.854332Z,Opened
3b53e989-5065-422d-af2a-e56f866b8ad0,67940b88-e2d8-4ce6-bd5f-a5b9e45bbef2,f34e887b-3b97-404f-8d78-ad0afc507961,2025-12-10T08:43:23.854338Z,Opened
7c3122c2-f161-4600-8bf5-08b17e93ebea,df9838e0-30bb-4d6c-b2d2-43afe601b918,f7409bb6-0eda-4cbb-ac82-f019a4ca505a,2025-09-05T16:28:53.854343Z,Opened
51915755-9957-4a82-8609-db9dbb558f94,6cc74c31-3b13-4328-b41e-f177a553357b,d262398c-8ac9-4474-8f1d-0ed804abf7cb,2025-10-20T05:09:18.854349Z,Opened
95642dd5-75a7-41aa-bc38-dc36574692c7,4b74983a-e4f6-4f16-8f37-1d745682f311,d262398c-8ac9-4474-8f1d-0ed804abf7cb,2026-03-14T03:21:34.854354Z,Clicked
4bae8572-6d9a-4a2b-b4a9-8bb6cddf8c34,2f7934c3-a58c-4260-92f3-05c4d15d3f3c,f7409bb6-0eda-4cbb-ac82-f019a4ca505a,2025-10-22T20:59:40.854360Z,Opened
e3bb2c7e-2687-4c83-88f3-cbe059f2c87f,53649cdb-e075-4685-adb7-15f15f8bba70,acc96de1-b5a9-4a0c-944a-6644d8486600,2025-12-24T18:05:30.854366Z,Opened
ce4e693f-44d6-4227-979b-666f7d8a5f5a,b631525c-d21d-42be-ab22-ef78024e7501,f7409bb6-0eda-4cbb-ac82-f019a4ca505a,2026-01-01T02:33:09.854371Z,Clicked
cfc78b5c-8d02-4958-9fa0-c625e78e5a6b,3e4f756f-9d46-4c31-9341-4bde73d0a6eb,201afec1-2724-4348-9d4e-7bd1455ff916,2026-02-26T04:04:51.854377Z,Opened
9e0f823d-ae9c-4c80-8de6-fac6b9ef0ed7,91861c5e-4dd7-428e-a4a0-5bd6de894207,e3485424-d8ae-4456-9f29-1d9f616a9b84,2025-12-12T03:27:14.854383Z,Clicked
5cc6dd7a-6ca9-4017-8ace-186f46c27fea,884c46e3-4d4a-4827-aa63-74a8f9bd7f20,201afec1-2724-4348-9d4e-7bd1455ff916,2026-05-08T21:37:11.854388Z,Clicked
413dff97-c71c-4387-a526-3a13ac05ddd6,62fa8cfd-924a-462b-9362-8a50b950a6f2,d262398c-8ac9-4474-8f1d-0ed804abf7cb,2026-02-14T16:35:18.854394Z,Clicked
22553b18-5cae-4103-9425-a6849f1e1e1c,fa87fd8a-ea02-44b5-a167-6857b0fbbd31,f7409bb6-0eda-4cbb-ac82-f019a4ca505a,2025-10-31T00:03:59.854399Z,Clicked
9b981829-9bba-48e6-97a5-10223e70105a,7c597f42-1483-4cc3-958b-ca273841ee1d,23055d04-c67c-4d6c-9691-00192bd576fa,2026-06-09T14:01:04.854405Z,Ignored
f36de895-18c4-4fb1-8755-5f5863ca9448,16ac8660-6f0a-4386-8175-51ad254548cd,201afec1-2724-4348-9d4e-7bd1455ff916,2026-01-15T21:48:13.854411Z,Opened
874528f9-e1a1-491a-b000-16e54168d82f,71cf88dd-1865-4277-ab6d-2119241d4757,e3485424-d8ae-4456-9f29-1d9f616a9b84,2026-05-07T18:09:50.854416Z,Clicked
3a18eacb-e431-46cf-8fe8-9a40b22b0a39,66ea7225-0970-4ca9-bedb-0ff2dc6bcde5,e3485424-d8ae-4456-9f29-1d9f616a9b84,2025-12-16T04:04:01.854422Z,Clicked
194f9944-ca1f-4569-bacf-df5eafae4319,f67dbfa0-ba5f-459d-a062-6f1f31dec761,bafbf00d-7cad-456e-bfd0-0d8fc60045f0,2026-04-10T19:11:32.854427Z,Opened
1d643823-5b1e-42e1-83b0-7125e2af6dc8,35c10b5b-773c-4ae2-979d-7a7d3fef1e48,201afec1-2724-4348-9d4e-7bd1455ff916,2026-03-19T06:13:56.854433Z,Opened
42900e47-4939-4516-b19b-f1626ce250ee,f248f19b-3dfb-4be6-8482-67b21b6825c8,23055d04-c67c-4d6c-9691-00192bd576fa,2026-01-09T00:07:24.854439Z,Clicked
5a5b5df6-8957-439f-848e-69b90da36a1c,67df7533-da3b-47a5-b15d-2717f1105e80,e3485424-d8ae-4456-9f29-1d9f616a9b84,2025-07-18T19:19:52.854444Z,Opened
8b622d10-64db-4a1c-a7bb-ac45ab144585,2d769b37-49d8-4e0b-90e4-8c6eb088a502,201afec1-2724-4348-9d4e-7bd1455ff916,2025-09-26T04:47:24.854450Z,Clicked
5e4f262f-c7f4-41f9-bd9d-397fdaee66c3,6e57b55c-419f-4d5a-9e0f-6a06b8fb770b,201afec1-2724-4348-9d4e-7bd1455ff916,2026-04-08T09:38:11.854455Z,Ignored
c2b51fc0-16a5-4e6c-bcf4-a84d728a1592,d73af61d-0a94-4835-b3ea-fe140d26a2a6,d262398c-8ac9-4474-8f1d-0ed804abf7cb,2025-07-29T00:34:50.854461Z,Opened
4e05efdf-b157-486d-8d68-25c72e581e3d,7f154fb8-3f46-4cc7-af4f-d6665b2ed14b,f7409bb6-0eda-4cbb-ac82-f019a4ca505a,2025-10-14T17:26:52.854466Z,Opened
8041ddca-121e-4151-82bb-b596bd63437c,f39c2618-4169-4953-a205-2049fc8b422b,201afec1-2724-4348-9d4e-7bd1455ff916,2025-07-07T23:02:05.854472Z,Ignored
c9d0852d-8187-422e-84c0-7fbf16bef936,884c46e3-4d4a-4827-aa63-74a8f9bd7f20,23055d04-c67c-4d6c-9691-00192bd576fa,2026-03-26T21:32:06.854478Z,Clicked
decd8f4d-f01f-43f4-9bd3-f7ddedeccb7c,79674428-f04f-4f7c-a90c-5e1747d54c5e,bafbf00d-7cad-456e-bfd0-0d8fc60045f0,2025-10-31T05:54:09.854488Z,Ignored
090ca9bf-5534-4d5e-a74b-ae4a1bb2da25,11e428d8-4b61-487a-a217-540a50451587,bafbf00d-7cad-456e-bfd0-0d8fc60045f0,2025-10-18T18:13:23.854494Z,Ignored
44b55ad1-a066-49f4-874e-13edc190fa89,081dd653-126d-48c5-8df5-309a2eb542f2,e3485424-d8ae-4456-9f29-1d9f616a9b84,2026-06-09T19:33:40.854499Z,Opened
f1574cc4-f616-400d-8e37-ca072d15cc5f,f248f19b-3dfb-4be6-8482-67b21b6825c8,23055d04-c67c-4d6c-9691-00192bd576fa,2026-02-06T10:01:13.854505Z,Ignored
41584d6e-7032-4a8b-beb8-59c1185a992f,dd418441-35ed-4dda-b7dc-362b7db96c22,f7409bb6-0eda-4cbb-ac82-f019a4ca505a,2025-08-29T19:49:27.854510Z,Opened
05056370-17ab-42f6-9232-1d8f3d0f9bdf,7f154fb8-3f46-4cc7-af4f-d6665b2ed14b,e148960b-0a5c-47df-886e-8bad521c67e3,2025-07-01T09:39:33.854516Z,Clicked
c47dd768-d493-414c-accd-55bd1bf701ce,7452846e-37c4-4906-a617-e6a9cbd59165,bafbf00d-7cad-456e-bfd0-0d8fc60045f0,2026-02-19T21:59:24.854521Z,Ignored
6e0ec112-4853-439f-8669-adfbf1e2fdb5,f1e90caa-ff1f-4164-8403-aacb98494334,e148960b-0a5c-47df-886e-8bad521c67e3,2026-02-12T16:34:37.854527Z,Clicked
191f4cac-df9e-4094-9a09-c3929b93081f,896aaab2-70bb-4e3d-a2fa-46690a877652,201afec1-2724-4348-9d4e-7bd1455ff916,2026-02-21T08:30:41.854533Z,Clicked
32e8bb6c-21fa-42bc-9a5e-9e4b9ed4263e,2444ce78-0654-4804-8a6b-886935b44474,201afec1-2724-4348-9d4e-7bd1455ff916,2026-04-19T06:32:11.854538Z,Ignored
56f04d97-0977-4e74-b6cf-cf17078473f6,4700a73a-4de3-4612-9093-c2a0fb394c77,bafbf00d-7cad-456e-bfd0-0d8fc60045f0,2025-11-22T05:43:10.854544Z,Clicked
994da786-74d4-4d3f-85bf-502563a1e4e4,b4ae784b-3905-4589-8158-4c344b0cb907,acc96de1-b5a9-4a0c-944a-6644d8486600,2026-05-28T09:30:45.854549Z,Clicked
0715d790-8f7a-472d-acdc-42d552568243,1746998c-acb5-427a-9787-30c373602d57,acc96de1-b5a9-4a0c-944a-6644d8486600,2026-05-20T09:32:17.854555Z,Ignored
ca5a7dcb-f363-4066-9047-a9be9f24f133,ef599fab-e22b-4153-9214-cacf5a81b0da,201afec1-2724-4348-9d4e-7bd1455ff916,2026-03-15T03:30:29.854561Z,Clicked
6770dccf-9361-4f87-ad59-a46b9b69d3d4,461d8dd5-69e0-4291-8d01-6c96ff5d5b98,f7409bb6-0eda-4cbb-ac82-f019a4ca505a,2026-03-25T08:45:20.854566Z,Opened
19e5f18d-eed2-454a-8802-dc78338aa2ab,cc9847ee-737e-43ce-af61-502b51ed3f76,52f74d2d-4a6c-4a87-bc92-2ea46e0f6fb8,2025-09-04T22:05:33.854572Z,Clicked
d00191c7-279b-42ad-a1f8-37ceb7d9fe0f,3c4a49d0-0345-47ad-9fdb-0b866e7c150c,201afec1-2724-4348-9d4e-7bd1455ff916,2026-02-14T19:36:59.854578Z,Clicked
71f93cbc-87b7-4230-8409-417b54767102,f39d0b58-4f9b-41e5-a4e0-83c0174a0132,acc96de1-b5a9-4a0c-944a-6644d8486600,2025-08-12T01:28:05.854583Z,Opened
95bc1d05-e51e-4037-9fbb-de9795fa06c6,e71ec5ed-c462-48ad-b637-7b94ce5e8d5e,e148960b-0a5c-47df-886e-8bad521c67e3,2025-10-29T03:28:59.854589Z,Ignored
27cf26bf-95de-46fa-b8f4-f62367b38ebc,a2d7be94-d05f-4eff-be95-fc8e0259a285,f7409bb6-0eda-4cbb-ac82-f019a4ca505a,2026-03-07T20:36:51.854594Z,Clicked
205ebcb6-7736-4b59-b06b-ca3e41e6d5b3,a4e2e6dc-9c0b-4fa2-8763-56f3ee281e63,e3485424-d8ae-4456-9f29-1d9f616a9b84,2026-02-07T12:50:58.854600Z,Opened
d7a4fb3b-28fa-46db-9e25-c6de2e47b446,b8309d59-5dff-43ad-861c-05c59ffc736c,52f74d2d-4a6c-4a87-bc92-2ea46e0f6fb8,2026-05-20T10:19:51.854606Z,Opened
132abf51-b33b-4fe1-84e0-6c40ec677a34,ef599fab-e22b-4153-9214-cacf5a81b0da,52f74d2d-4a6c-4a87-bc92-2ea46e0f6fb8,2025-07-12T04:36:40.854611Z,Ignored
8069f17b-daf3-4646-bfc1-6df87fc64d23,c369c565-e988-4e6e-ae54-accbd9d640fa,e148960b-0a5c-47df-886e-8bad521c67e3,2026-05-01T14:29:13.854618Z,Ignored
860fcdbf-eea7-48d0-ab1e-7326e10e927d,38d8fe88-7a5a-465e-83d4-7a21757f37cd,d262398c-8ac9-4474-8f1d-0ed804abf7cb,2025-09-09T20:11:00.854624Z,Ignored
0bdafc92-f234-4868-8ca2-a2883789adc3,9922e5c2-3b8b-45f2-a78d-2bc1e56e7ad6,f34e887b-3b97-404f-8d78-ad0afc507961,2026-02-12T15:27:13.854629Z,Clicked
2954058e-8845-48d4-8879-7cab252f86c8,11d8f766-b28f-4ce7-9f0c-00704445ed5d,acc96de1-b5a9-4a0c-944a-6644d8486600,2025-07-12T01:08:35.854635Z,Opened
cdc03064-e36f-4a42-9973-71e2dc7a7b50,7f2fc0fa-7e88-46d9-9367-bea32902ae90,e3485424-d8ae-4456-9f29-1d9f616a9b84,2026-06-01T22:46:15.854640Z,Opened
00cd0e5f-4627-4189-820d-e78e4aaa48d6,9fa106c7-15c8-40ec-b1b2-024fbda49ebf,bafbf00d-7cad-456e-bfd0-0d8fc60045f0,2026-02-01T04:20:18.854646Z,Opened
2b29c26d-2b81-4e85-a86c-724f51ae43da,4965914d-e32d-46ce-8abf-92f44d7cc7f8,f7409bb6-0eda-4cbb-ac82-f019a4ca505a,2025-06-28T16:43:53.854652Z,Clicked
0e64daaf-5d40-42bc-8429-06a74f92f998,bcf3d5f4-08ae-45fc-bee1-810c7876023c,e3485424-d8ae-4456-9f29-1d9f616a9b84,2026-03-01T15:58:12.854657Z,Ignored
9e350365-f09d-4dc7-8959-8d5605aeda55,8dad113f-ba26-4542-afb4-ffca94a5175c,52f74d2d-4a6c-4a87-bc92-2ea46e0f6fb8,2025-10-21T11:08:53.854663Z,Ignored
4a115286-8d87-4e25-836f-66657357ba0d,4c4b2e6b-1e62-4742-b87f-3e396a760820,f7409bb6-0eda-4cbb-ac82-f019a4ca505a,2026-03-28T12:24:13.854668Z,Clicked
152261f7-6801-4bc2-bb91-3ae6ad3d5e6f,507e7c35-3a3b-498a-8cb9-fdad839946f1,bafbf00d-7cad-456e-bfd0-0d8fc60045f0,2026-05-13T06:39:19.854674Z,Clicked
9dc4c170-7c99-4126-a3ee-deea846c59e7,38879f0b-f090-4a85-affd-1fe633fbdf8f,f34e887b-3b97-404f-8d78-ad0afc507961,2025-09-30T17:31:45.854680Z,Ignored
313a92b1-9ade-45e0-819a-457cda6ac271,b89e0e45-6a5b-47c2-ad49-14d87e32a08c,d262398c-8ac9-4474-8f1d-0ed804abf7cb,2026-04-28T17:49:49.854685Z,Opened
77669e88-4114-40b5-b2a0-07f369476874,f5be1c8d-ff9f-4a97-82e2-da26824cf742,e3485424-d8ae-4456-9f29-1d9f616a9b84,2026-02-18T20:22:45.854691Z,Clicked
cc66f4f2-ea01-454d-8ae9-2222e6d09809,ef599fab-e22b-4153-9214-cacf5a81b0da,23055d04-c67c-4d6c-9691-00192bd576fa,2026-03-02T19:56:53.854696Z,Clicked
f14ee647-8183-41a3-a421-7d0adb0d2690,8fabb7f6-21d5-42ad-8884-7862ed0432d9,52f74d2d-4a6c-4a87-bc92-2ea46e0f6fb8,2025-07-23T22:26:40.854702Z,Clicked
c6dafd51-14fd-4c1f-99a5-681c7af72d30,65b2fd80-bfcd-4e0a-830c-eb9ce266ceb3,d262398c-8ac9-4474-8f1d-0ed804abf7cb,2026-03-05T18:04:10.854707Z,Clicked
dcee67e9-6583-4a25-82ec-5ec8423a4788,3be95b54-f629-40a0-81b6-bb547819ffff,23055d04-c67c-4d6c-9691-00192bd576fa,2026-01-02T13:12:14.854713Z,Clicked
4ee43249-a9b0-4f8c-9e67-8e362787a1b8,1989e8da-1fa0-40cf-bb0a-9b4001784526,23055d04-c67c-4d6c-9691-00192bd576fa,2025-12-05T00:00:58.854718Z,Ignored
59bb63b2-ebe0-4e2c-9964-167f5e416413,494cb9fe-5864-4f3f-b573-d75fc31ba28c,23055d04-c67c-4d6c-9691-00192bd576fa,2025-08-18T03:39:37.854724Z,Opened
9385fbc3-bdd5-47e0-955d-d0f01f6137a4,e198e982-441e-4186-b2a7-6509354bc0f2,23055d04-c67c-4d6c-9691-00192bd576fa,2025-12-19T05:37:37.854730Z,Opened
51141374-f1a3-4848-ab24-8e373fe8022f,6cc74c31-3b13-4328-b41e-f177a553357b,e3485424-d8ae-4456-9f29-1d9f616a9b84,2026-01-13T19:26:37.854735Z,Opened
87f6b1c1-7ae2-41e6-9754-be652921bc87,5a92d07e-709a-441f-b121-4dbbf77b51ed,bafbf00d-7cad-456e-bfd0-0d8fc60045f0,2026-03-22T16:45:20.854741Z,Opened
65be940c-f5b5-48fb-8a35-b71fb66b730b,69672234-8267-4c93-894b-da10423cfac8,52f74d2d-4a6c-4a87-bc92-2ea46e0f6fb8,2025-06-27T21:10:10.854746Z,Ignored
f4c41d54-349c-42b1-82e9-cdc23e629fd3,c67e2421-b1a1-44e1-933b-f30ff6f4bd02,d262398c-8ac9-4474-8f1d-0ed804abf7cb,2025-11-28T06:10:20.854752Z,Clicked
bc7c97d9-d8a4-488c-b50e-1d703afbf920,82e8ec34-69aa-4a0d-af68-b58cf5cdf3d2,e3485424-d8ae-4456-9f29-1d9f616a9b84,2025-09-29T06:05:23.854757Z,Ignored
0634c884-e2af-4a54-b95f-b61db7b543a0,f7fc3cc5-5463-424d-bf41-175dc0435970,52f74d2d-4a6c-4a87-bc92-2ea46e0f6fb8,2025-06-28T01:48:55.854763Z,Ignored
f332501c-2848-4208-938d-48bca5c1e48e,b160209b-16a2-48d9-abfb-6eb2de7e37bb,f34e887b-3b97-404f-8d78-ad0afc507961,2026-04-08T00:42:10.854769Z,Clicked
7b784fc7-41bc-4081-9434-a790ec59148e,77e21ed9-534c-49ff-bf3a-6c81910050d5,acc96de1-b5a9-4a0c-944a-6644d8486600,2026-03-07T23:05:32.854774Z,Opened
ba94f97c-b8ff-408a-98f5-a2191086e9a8,6cc74c31-3b13-4328-b41e-f177a553357b,23055d04-c67c-4d6c-9691-00192bd576fa,2025-10-29T10:01:36.854780Z,Clicked
b38fb10c-f729-411d-8566-c091992227be,9db95041-3fde-4c77-a277-b9dd057f8869,bafbf00d-7cad-456e-bfd0-0d8fc60045f0,2025-11-16T11:03:07.854785Z,Opened
d824b64e-3ef6-40e4-8e08-9378f8279291,6ea8ea9b-65e2-40e2-b1bf-17f6e7e339da,e3485424-d8ae-4456-9f29-1d9f616a9b84,2026-01-26T16:07:33.854791Z,Opened
03441d30-4b77-4be5-8d0f-ee48a14c3b6b,48d4d733-056a-40c1-809e-9644d46961d2,f34e887b-3b97-404f-8d78-ad0afc507961,2026-01-14T04:11:46.854796Z,Opened
e72e22d8-029d-4969-92d6-fc97c1fad15c,8b0653cc-f0d2-4f32-bbb9-0ed4754f9153,e3485424-d8ae-4456-9f29-1d9f616a9b84,2025-10-05T01:44:50.854802Z,Clicked
f30ae5b0-3408-4f59-b598-507baa2fbbd1,3564fa96-6625-4163-9923-5151b392d64b,52f74d2d-4a6c-4a87-bc92-2ea46e0f6fb8,2025-06-30T10:21:26.854807Z,Clicked
f8f9a67e-02e7-4d47-94c4-154961f48676,591b3dbc-73c2-40bc-9dfd-1f74cfe31f97,bafbf00d-7cad-456e-bfd0-0d8fc60045f0,2025-11-12T15:39:03.854813Z,Clicked
661458cf-3b86-426c-8625-2e43b1da7703,d8a7239b-0dda-4d60-a52b-152115c39c3f,d262398c-8ac9-4474-8f1d-0ed804abf7cb,2026-03-25T19:01:37.854819Z,Ignored
596c3ae4-f328-479b-9a04-08ba7ce71705,4700a73a-4de3-4612-9093-c2a0fb394c77,bafbf00d-7cad-456e-bfd0-0d8fc60045f0,2025-06-27T23:50:51.854824Z,Clicked
867f5f2b-0ca5-4eaf-b633-808b765d3b14,2cb2e0b1-9470-4616-8e5e-2010aa828a78,23055d04-c67c-4d6c-9691-00192bd576fa,2025-08-02T04:46:52.854829Z,Clicked
6db453c1-4fd3-4760-a749-659a463f5b8f,53085b4b-a2df-449a-95d7-1bddc6a0b1a0,d262398c-8ac9-4474-8f1d-0ed804abf7cb,2025-12-29T22:52:07.854835Z,Opened
35d33c01-f046-46bf-af52-260e9416c1e4,53adf45c-8f72-4878-b332-c6cc1d892989,23055d04-c67c-4d6c-9691-00192bd576fa,2025-11-12T13:35:58.854840Z,Ignored
871ac756-3e32-4e59-8352-0e55e2f885e8,6f6e4cc6-ad0f-494d-8f68-ada7c5a366a4,23055d04-c67c-4d6c-9691-00192bd576fa,2026-01-03T12:04:47.854846Z,Ignored
6f436db0-df6f-46e0-878c-bd2280ce4a5b,961a1c17-3d19-446f-8ffc-596991feabde,bafbf00d-7cad-456e-bfd0-0d8fc60045f0,2026-03-28T03:30:25.854851Z,Ignored
44f58a52-e2f2-4b3b-bcf9-334284c7c959,2d9804c7-95c0-4fba-95b6-b77e839f2b6a,bafbf00d-7cad-456e-bfd0-0d8fc60045f0,2026-05-27T09:13:20.854861Z,Opened
a4a3bfd7-e269-4fd5-ae5a-73c2cf4cfb96,3e44a27c-9bd1-4833-be31-5443fd5f30da,d262398c-8ac9-4474-8f1d-0ed804abf7cb,2025-11-03T13:30:41.854867Z,Ignored
38216e52-368a-430e-b7d9-218648c5b35b,8081212b-78a4-4eb9-82b3-8e7915e2efea,d262398c-8ac9-4474-8f1d-0ed804abf7cb,2026-01-07T05:56:28.854873Z,Clicked
490f38e9-d972-41bb-ae38-6c150891074e,7512cdd5-a848-40c4-a737-e3ac33674912,201afec1-2724-4348-9d4e-7bd1455ff916,2026-01-20T14:22:44.854878Z,Opened
cbe44010-3adc-4a2a-b42e-6f126de04293,ac74d504-fc8a-4598-ab45-fe9b0c52e06f,e3485424-d8ae-4456-9f29-1d9f616a9b84,2025-12-05T21:27:07.854886Z,Opened
745ad6fd-058c-4541-b56e-31e7b6c595ae,78eca5c9-9db6-42ff-9df0-bb05100863ce,bafbf00d-7cad-456e-bfd0-0d8fc60045f0,2025-09-21T16:15:01.854891Z,Ignored
53f3b478-becc-47b5-aee8-66b2769aa47e,d73af61d-0a94-4835-b3ea-fe140d26a2a6,201afec1-2724-4348-9d4e-7bd1455ff916,2025-12-11T09:21:30.854897Z,Clicked
c6a141b2-c1ca-4a3e-b0a7-65937d1d2792,a89515f8-54e4-403e-be5d-efbf5b7790ca,e3485424-d8ae-4456-9f29-1d9f616a9b84,2025-09-27T22:46:18.854902Z,Ignored
50b50ef2-f914-4fe1-a5e7-b494111e0a81,b6480a4f-e22e-4044-abb3-b492359dd3c3,bafbf00d-7cad-456e-bfd0-0d8fc60045f0,2025-08-21T15:22:20.854908Z,Opened
270d3c74-fa6c-4a7c-9008-30a87dae1b8b,5cc64a2c-a457-4d5b-a9f8-7fd951f48fa5,23055d04-c67c-4d6c-9691-00192bd576fa,2025-12-20T17:55:25.854913Z,Opened
6112ae3a-326d-4dce-826b-2b18a2368096,fa87fd8a-ea02-44b5-a167-6857b0fbbd31,d262398c-8ac9-4474-8f1d-0ed804abf7cb,2025-11-10T17:44:53.854919Z,Opened
484c5b39-0b57-4910-bdc1-658d64b116b3,9438779f-1292-4d84-b39f-fc1e728535f6,52f74d2d-4a6c-4a87-bc92-2ea46e0f6fb8,2025-09-21T06:02:40.854924Z,Ignored
ee1752c3-6853-4fee-a07c-be99dd2422a0,0527c122-6b13-4e96-ae89-bc3896d71c58,f7409bb6-0eda-4cbb-ac82-f019a4ca505a,2025-06-21T08:47:08.854930Z,Ignored
cf29d837-2195-475e-8cb4-acba5a3ebe69,60e90c8e-4fa0-4f07-9f78-e10fa984daa8,201afec1-2724-4348-9d4e-7bd1455ff916,2025-12-15T18:32:40.854936Z,Clicked
364f6013-399c-4045-90a2-103a5b393269,aba7749d-e726-4e61-bd1d-315a01fee8bd,f7409bb6-0eda-4cbb-ac82-f019a4ca505a,2026-04-16T05:43:06.854941Z,Clicked
d49fd336-83f1-494d-8a4e-883b33a137a7,481c40c1-251e-4c17-a7c2-579d467c47d6,e3485424-d8ae-4456-9f29-1d9f616a9b84,2026-05-23T16:58:34.854947Z,Clicked
370fe4f2-1faa-4a17-9e16-8dcb05ae3365,4c4b2e6b-1e62-4742-b87f-3e396a760820,bafbf00d-7cad-456e-bfd0-0d8fc60045f0,2025-07-12T18:58:36.854952Z,Ignored
540c12c4-8eca-426c-a78d-78d19aa4c039,53649cdb-e075-4685-adb7-15f15f8bba70,bafbf00d-7cad-456e-bfd0-0d8fc60045f0,2025-09-13T23:47:59.854958Z,Opened
9fbd592c-66ef-406a-9f0e-de8916069f0b,38bac53d-813a-4fec-a36b-81693c06e94a,52f74d2d-4a6c-4a87-bc92-2ea46e0f6fb8,2026-04-16T13:11:11.854963Z,Clicked
71ed8a19-8d30-4f4e-8626-610b83e96e91,98a4efdc-02c5-4ef0-b245-b3407d06f276,201afec1-2724-4348-9d4e-7bd1455ff916,2026-06-17T23:39:25.854969Z,Clicked
dde04daa-8c37-4923-93b0-fdccdee74acd,d4e85052-2f91-44f1-a8da-24efc3a6e3e0,201afec1-2724-4348-9d4e-7bd1455ff916,2026-05-21T10:13:53.854975Z,Clicked
9b22dab5-e56d-42f8-8500-54417f4c9ed8,81745aea-08e5-4021-a4ad-5139b256656c,f7409bb6-0eda-4cbb-ac82-f019a4ca505a,2025-12-12T14:32:38.854980Z,Opened
19a16af0-bf52-41cc-8732-6894f88252a5,74839d8f-ff2c-4461-8ee3-42f8d15aa679,201afec1-2724-4348-9d4e-7bd1455ff916,2025-11-15T13:11:32.854986Z,Ignored
8d642dcf-b7f1-4175-8b86-256674a931e4,fe856c16-d5ca-4879-a7a0-52cdc72b0ab7,bafbf00d-7cad-456e-bfd0-0d8fc60045f0,2025-08-25T12:45:24.854991Z,Opened
793a22ec-2e4e-4bd0-9640-feda61566e13,1fad1639-98e8-496f-a1f9-ff4a86b312a5,23055d04-c67c-4d6c-9691-00192bd576fa,2026-02-03T17:49:15.854997Z,Clicked
2c1266a4-5225-4345-961b-ad161a7fe24a,081dd653-126d-48c5-8df5-309a2eb542f2,f34e887b-3b97-404f-8d78-ad0afc507961,2025-12-28T21:14:16.855003Z,Clicked
dcfd2dc8-6608-4e5e-8f24-18ba752d5196,91861c5e-4dd7-428e-a4a0-5bd6de894207,acc96de1-b5a9-4a0c-944a-6644d8486600,2025-12-20T08:13:05.855008Z,Ignored
293f94d3-21be-4fbd-81b0-ec23436ec42d,4df003df-66d2-462d-9d42-dea20378aeb6,e148960b-0a5c-47df-886e-8bad521c67e3,2026-01-21T16:45:52.855014Z,Clicked
32d8b742-246f-4405-9b4c-875a89403f1a,750e3190-9384-4e97-9b12-b67b0e25a9ac,bafbf00d-7cad-456e-bfd0-0d8fc60045f0,2025-09-18T05:29:15.855019Z,Ignored
6f38f925-5586-42fe-a685-acc95c395d1a,f9c74ef5-91bc-469b-8105-a085f2ad1fb8,201afec1-2724-4348-9d4e-7bd1455ff916,2026-02-04T08:13:36.855025Z,Ignored
035dead6-ee16-4c01-9c96-fbd0f7f30d8f,fbfdbb51-843d-411c-9496-2d9fc6aa2df5,bafbf00d-7cad-456e-bfd0-0d8fc60045f0,2025-07-20T05:36:51.855031Z,Ignored
994b2dea-f8dc-4914-853c-055bb26debc7,43d060c2-5881-49f0-b75d-5fa5aa35d1d1,201afec1-2724-4348-9d4e-7bd1455ff916,2025-10-16T20:41:40.855036Z,Opened
b33305e1-7a0f-47a3-9c7a-7505c7144518,33695f6b-97f8-4629-b958-aee9db764e84,d262398c-8ac9-4474-8f1d-0ed804abf7cb,2026-01-22T12:43:23.855042Z,Opened
919c4908-e467-4921-a6dd-2d6c445316b1,97c5ecac-aa81-49b4-a421-3ca6574e92a7,e3485424-d8ae-4456-9f29-1d9f616a9b84,2026-03-22T22:49:52.855047Z,Opened
264c2b7b-8b6e-48b9-a033-8e6efb528ffa,1e6c0808-fcda-4f34-8356-c295e6a3bb11,acc96de1-b5a9-4a0c-944a-6644d8486600,2025-12-20T07:14:06.855053Z,Clicked
1273ba79-d5a4-41f2-aac9-0a92580ae235,d0dcd297-956a-488a-84ad-f0c2b8bfac27,bafbf00d-7cad-456e-bfd0-0d8fc60045f0,2026-02-05T16:40:54.855058Z,Opened
6250174b-96b5-4db9-9f9b-7e17bd62c7d4,ac1df049-a8f3-48c3-a0d7-4709bcda5abf,e148960b-0a5c-47df-886e-8bad521c67e3,2026-06-02T16:13:35.855064Z,Clicked
11e7ab71-8790-4f67-bb16-cf5b43a51c71,df7aa237-7381-47be-a062-6fa5f8aa9f42,e148960b-0a5c-47df-886e-8bad521c67e3,2026-05-25T21:05:12.855070Z,Ignored
1ea65ef0-1218-4810-beaa-7b90b0f6cbea,78eca5c9-9db6-42ff-9df0-bb05100863ce,52f74d2d-4a6c-4a87-bc92-2ea46e0f6fb8,2025-11-20T08:34:59.855075Z,Opened
14b42cfc-c1af-4c76-9d83-9df37fd456a0,60e90c8e-4fa0-4f07-9f78-e10fa984daa8,acc96de1-b5a9-4a0c-944a-6644d8486600,2025-07-20T22:56:44.855081Z,Ignored
ac53ef2a-74ab-4b88-8044-3f865ea0870c,a3b2228e-26e9-4e88-92d3-a243db5228fe,e148960b-0a5c-47df-886e-8bad521c67e3,2026-03-19T23:12:25.855086Z,Ignored
2bd1a06f-4217-4b9d-9578-412dba59c40e,8c087de9-4cf8-4375-a81d-5e0362ad7f17,e148960b-0a5c-47df-886e-8bad521c67e3,2025-11-23T22:33:48.855092Z,Ignored
70276e2d-45f5-4e69-8b0e-0050d46c01d8,e71ec5ed-c462-48ad-b637-7b94ce5e8d5e,d262398c-8ac9-4474-8f1d-0ed804abf7cb,2025-10-25T09:33:27.855097Z,Opened
5ad2a8cd-e9b7-4fab-8401-fa277cc263e6,ee9020c0-6f9f-4ed2-810a-4a1abf6ca4f6,52f74d2d-4a6c-4a87-bc92-2ea46e0f6fb8,2025-10-23T02:27:12.855103Z,Clicked
c0749c3e-5333-4db4-b5a6-68329e0b7f84,6971669a-3acc-4929-a81b-51116d8188ad,bafbf00d-7cad-456e-bfd0-0d8fc60045f0,2025-12-14T14:32:31.855109Z,Opened
0f101c54-d66d-42cc-ba86-e1e94fc1a0fb,e4a5abab-3a30-411c-a2dd-9f3454034f16,d262398c-8ac9-4474-8f1d-0ed804abf7cb,2026-06-11T02:53:56.855114Z,Clicked
194f1575-d0cf-464c-bab1-09cbc90a5406,cf30a3ee-3fc8-42c0-a371-ca9e028501b0,f34e887b-3b97-404f-8d78-ad0afc507961,2025-09-20T12:22:27.855120Z,Clicked
8a3ea465-cf34-4356-a66b-0bd3563d0b11,6a8a00cc-399a-48f6-8f49-a94501292444,d262398c-8ac9-4474-8f1d-0ed804abf7cb,2026-02-24T09:49:12.855126Z,Opened
2bc12ff2-8f6b-4629-8361-754e1c41c1e3,9a83b095-473f-4a38-8302-b4f15b0be7da,d262398c-8ac9-4474-8f1d-0ed804abf7cb,2025-12-05T05:29:42.855131Z,Clicked
9c30a29b-056a-42ba-8b77-ba2de802d954,e4a5abab-3a30-411c-a2dd-9f3454034f16,201afec1-2724-4348-9d4e-7bd1455ff916,2025-08-15T06:19:35.855138Z,Clicked
36773172-5903-4ca8-869d-50b9609cef5b,33695f6b-97f8-4629-b958-aee9db764e84,e148960b-0a5c-47df-886e-8bad521c67e3,2025-09-21T18:16:44.855144Z,Ignored
d5990a8f-77e7-4cad-b85d-988ea4dffed3,cb5f5348-66ea-442c-a31c-9df34040c85b,e148960b-0a5c-47df-886e-8bad521c67e3,2026-04-01T22:39:59.855150Z,Ignored
762a622a-35ba-414d-bb8d-d62d3cf1319f,9ba86c77-70e4-49e8-8844-812e9a849822,52f74d2d-4a6c-4a87-bc92-2ea46e0f6fb8,2026-04-01T10:21:07.855155Z,Clicked
1bd81b4c-9f55-448a-a3fa-9f02e66804a8,91861c5e-4dd7-428e-a4a0-5bd6de894207,acc96de1-b5a9-4a0c-944a-6644d8486600,2026-03-07T16:09:23.855161Z,Opened
f8f07c40-0d50-4ebc-b819-00e4f0fec540,a1f51051-5815-4ccc-b680-859cc8a9523a,201afec1-2724-4348-9d4e-7bd1455ff916,2025-09-08T04:00:38.855167Z,Opened
a4ecbe54-5737-4502-9977-3a2459a49b52,c3d6c171-e6f9-4db2-8214-a48fa58f05e9,23055d04-c67c-4d6c-9691-00192bd576fa,2026-06-13T06:26:04.855172Z,Clicked
1fd3f989-e49b-4a87-9dde-154cfbe99ca2,f0edb850-bb09-4ec3-9a80-d80a81143035,52f74d2d-4a6c-4a87-bc92-2ea46e0f6fb8,2025-07-29T04:05:35.855178Z,Clicked
66594845-057d-4768-97b7-e376584533ff,8fabb7f6-21d5-42ad-8884-7862ed0432d9,f34e887b-3b97-404f-8d78-ad0afc507961,2026-05-03T21:46:10.855184Z,Opened
5a93bf00-1168-42a4-b871-917fec88a67b,8c6e883e-fda2-4512-b521-4d5e4f1a24cf,e3485424-d8ae-4456-9f29-1d9f616a9b84,2026-04-07T04:16:38.855189Z,Ignored
b16ede67-4151-4ff0-8b49-ac36bfe2ffbb,d015b03c-9cba-4774-821a-3cc992e1c7f4,e148960b-0a5c-47df-886e-8bad521c67e3,2026-03-15T12:27:04.855195Z,Clicked
e1901b54-db54-4ce7-b55c-41a1576dbb01,0dbfd0e1-7616-4ed4-9b03-6f43d2f4fb40,e3485424-d8ae-4456-9f29-1d9f616a9b84,2026-02-05T20:31:53.855200Z,Clicked
d7204189-c9a9-4b45-80c4-2970f3a04140,8c6e883e-fda2-4512-b521-4d5e4f1a24cf,e148960b-0a5c-47df-886e-8bad521c67e3,2025-08-06T07:00:35.855206Z,Ignored
2068ea49-00ee-487d-88f8-83dc339d3044,cc9847ee-737e-43ce-af61-502b51ed3f76,23055d04-c67c-4d6c-9691-00192bd576fa,2026-05-24T02:48:48.855212Z,Opened
7d375bb4-3e30-4171-8d22-36fc5bb2b38d,06d4ac74-90eb-4aae-a2f9-1c9f8ff66438,d262398c-8ac9-4474-8f1d-0ed804abf7cb,2025-10-28T12:56:11.855217Z,Clicked
c8c7fe47-423a-459f-a0a6-02ca1bba9e5d,4c56e24d-31c5-433e-861b-a265429a86eb,f7409bb6-0eda-4cbb-ac82-f019a4ca505a,2026-03-17T00:47:51.855223Z,Ignored
391044d1-310a-4012-a32e-6856b30b8d5b,16346993-23ec-449d-8f4b-c7d0d31cf7ba,f7409bb6-0eda-4cbb-ac82-f019a4ca505a,2025-10-10T04:59:01.855228Z,Opened
ed2de650-0fa0-4ac7-916a-2e17fd7ae304,481c40c1-251e-4c17-a7c2-579d467c47d6,f34e887b-3b97-404f-8d78-ad0afc507961,2026-01-01T21:10:04.855234Z,Clicked
a251f1f4-3c38-489f-bce8-30892985234f,4e25a264-6ccc-46db-a66c-7060def6d1f1,acc96de1-b5a9-4a0c-944a-6644d8486600,2025-08-14T11:44:33.855239Z,Ignored
bcbf6625-b0aa-4987-b223-56bc74c132d6,0ea90ca3-a784-4797-b21a-d4c7e8c97a0d,f34e887b-3b97-404f-8d78-ad0afc507961,2026-02-06T04:51:18.855245Z,Clicked
0423328d-655c-4233-9c9a-118aaaafc72b,e9679519-56ba-4007-bae4-1cd922e9f605,f7409bb6-0eda-4cbb-ac82-f019a4ca505a,2025-09-29T10:08:01.855251Z,Ignored
032289b7-32e9-462d-8458-ab97a169f471,e2c19037-780e-403e-ae6e-b883146ae778,f7409bb6-0eda-4cbb-ac82-f019a4ca505a,2026-04-01T20:31:16.855256Z,Ignored
d4ef6ad8-d82a-4204-8a14-9679f9e3664a,884c46e3-4d4a-4827-aa63-74a8f9bd7f20,f34e887b-3b97-404f-8d78-ad0afc507961,2026-05-12T09:55:26.855262Z,Opened
b4ea5c42-1c97-40e8-b3c7-346e62c08b7d,27b7a965-5245-4af3-9aa1-cea6862290ce,23055d04-c67c-4d6c-9691-00192bd576fa,2025-07-26T16:13:32.855268Z,Ignored
557a1500-38cb-4db1-b748-45727bc784c5,6fae9727-3e59-4122-b868-a3cf2ac05a16,e3485424-d8ae-4456-9f29-1d9f616a9b84,2025-09-04T20:47:23.855273Z,Opened
680e6c87-f7cf-41a9-9040-30219ff520dc,6cc74c31-3b13-4328-b41e-f177a553357b,e3485424-d8ae-4456-9f29-1d9f616a9b84,2026-02-21T09:28:01.855279Z,Ignored
8109b564-bb3a-4ada-af21-bd5679fb7c20,1836c007-409c-47a2-9203-866db173b751,f34e887b-3b97-404f-8d78-ad0afc507961,2026-04-21T07:41:35.855284Z,Ignored
3253218a-7ae9-4ff1-aa31-209abe08fbae,7228b3d7-ca33-490a-b2e0-810ee8eb72a2,bafbf00d-7cad-456e-bfd0-0d8fc60045f0,2026-04-15T14:59:54.855290Z,Opened
803547f7-4a2d-4204-ad6b-ed4d6f0d6ecf,421a1ef0-8e44-420d-a55a-8ce080fd193f,201afec1-2724-4348-9d4e-7bd1455ff916,2025-09-21T01:19:44.855296Z,Ignored
e9b64a46-827e-4152-88e1-8e84b9ae4eca,4406244c-4c87-4e43-85a6-2779eee4575d,bafbf00d-7cad-456e-bfd0-0d8fc60045f0,2025-11-22T08:02:19.855301Z,Clicked
34ed264b-7029-4a63-aa59-ddb0434c0816,2dbec69d-c150-49ba-abf5-8a6c195ddc31,f7409bb6-0eda-4cbb-ac82-f019a4ca505a,2026-05-31T21:07:24.855307Z,Clicked
46b5a06d-d962-411e-9723-51a957591239,91a87b5d-7e05-49a3-bba5-8e0ff848f0e2,d262398c-8ac9-4474-8f1d-0ed804abf7cb,2026-02-06T03:25:59.855314Z,Ignored
7b446f05-4b2e-4c52-9591-d4b1b4a8c43b,8fabb7f6-21d5-42ad-8884-7862ed0432d9,acc96de1-b5a9-4a0c-944a-6644d8486600,2025-10-15T10:35:14.855319Z,Ignored
dfbb10b1-0b6f-44a9-af99-416ad3fbbcf3,11d8f766-b28f-4ce7-9f0c-00704445ed5d,f7409bb6-0eda-4cbb-ac82-f019a4ca505a,2025-09-11T16:36:18.855325Z,Opened
9ad10f66-9b5f-475a-9a0c-e74fb7196bf1,c343dfee-5c83-4696-b3a0-0f340278fb7a,e148960b-0a5c-47df-886e-8bad521c67e3,2025-12-08T12:16:43.855330Z,Opened
e3bd98b1-3940-4595-a9af-306d80de3374,3b4b1183-dc97-499b-89d7-1cca99d8fb7a,52f74d2d-4a6c-4a87-bc92-2ea46e0f6fb8,2026-04-02T00:20:12.855336Z,Opened
3f9ad4ae-2cb4-4929-9678-7b24b6f5e6d5,0bba498f-6dcc-4664-8190-31d80f9542f4,e3485424-d8ae-4456-9f29-1d9f616a9b84,2026-03-09T19:08:46.855341Z,Ignored
8a05cbc9-7dca-4a52-9480-0e0b6cfb4b38,27f8bc54-1298-4d0f-b845-a4193bcff26f,23055d04-c67c-4d6c-9691-00192bd576fa,2026-03-01T03:29:38.855347Z,Opened
09803a45-d63d-4bd8-8760-0ee052d71253,fa036ed7-3003-40a6-bdc3-bd30c1d630be,e3485424-d8ae-4456-9f29-1d9f616a9b84,2026-01-13T16:50:09.855353Z,Opened
46aa79ac-36e4-4bac-8b05-28d0fa20101c,8ccba92d-abe0-486c-9d3e-ecb98e769766,f7409bb6-0eda-4cbb-ac82-f019a4ca505a,2025-12-15T11:56:56.855358Z,Ignored
c1e7e364-52a7-42a2-9740-2b46246fd026,43ff3680-1dd2-4bca-a724-cabfccea5385,e148960b-0a5c-47df-886e-8bad521c67e3,2025-08-04T00:20:17.855364Z,Opened
0bd9a44a-e52f-4d15-9320-ca3d40baffa5,4b8e88b5-4f44-4fa3-9976-b217c8553071,f34e887b-3b97-404f-8d78-ad0afc507961,2026-03-02T12:40:09.855369Z,Opened
f566d9dc-2bd4-472a-80be-a1a011bc3702,403b076d-ff6a-4817-a4d4-1f8505ece11d,f7409bb6-0eda-4cbb-ac82-f019a4ca505a,2026-01-09T07:16:22.855375Z,Opened
181d67ad-fdf5-476d-ada8-67660224fc8c,71cadc83-5a63-4e9d-96fd-9f43805fa035,d262398c-8ac9-4474-8f1d-0ed804abf7cb,2026-02-12T12:44:15.855381Z,Ignored
493e4d80-deda-47ef-bf13-7b47abfdf0f6,d3fff17e-888f-4772-8bd4-7c6176a53af0,201afec1-2724-4348-9d4e-7bd1455ff916,2026-04-26T18:42:06.855386Z,Ignored
584e27c4-718f-4b35-a5a0-0e941d7829be,c30a4269-6057-41b4-ab2e-e8ca5e0370ed,acc96de1-b5a9-4a0c-944a-6644d8486600,2025-10-24T10:13:15.855392Z,Clicked
1188c66b-7147-4596-8279-94823112c423,5c0e4a4c-94c5-4d17-8c5e-6b14ac5fa19e,d262398c-8ac9-4474-8f1d-0ed804abf7cb,2025-12-13T21:40:51.855397Z,Clicked
28aa2a42-9c19-4fe6-923e-4c7bcbffaf07,89141f47-c044-4854-ac21-c420d821b33d,f34e887b-3b97-404f-8d78-ad0afc507961,2026-03-13T22:35:22.855403Z,Opened
431e3a07-e2dd-4fe5-bfed-2e39bd689ab1,eb6c7f47-465d-48a1-af4c-03c78e322f9c,201afec1-2724-4348-9d4e-7bd1455ff916,2026-02-23T17:07:09.855408Z,Ignored
0a79c686-a25b-4e90-9bd2-cef1079ae322,49da153f-b4fe-4c8c-80bd-3929f8491250,52f74d2d-4a6c-4a87-bc92-2ea46e0f6fb8,2026-02-26T04:00:27.855414Z,Opened
9b021024-b19e-4e74-beeb-da86c2205b13,de4af6c9-7f7e-4b11-a7cc-02b4e2518048,bafbf00d-7cad-456e-bfd0-0d8fc60045f0,2025-10-03T11:30:16.855420Z,Ignored
85dbdc13-ec20-4d3d-9c10-0f84a63aba9d,8982aeda-dab6-4b29-9e0c-e66c5d96fce7,f7409bb6-0eda-4cbb-ac82-f019a4ca505a,2026-03-01T14:27:14.855425Z,Ignored
0b6f5b19-49b8-462b-bd5d-6cfcd885cb9b,83e48783-daeb-493d-8c48-229e2c47c5f1,f7409bb6-0eda-4cbb-ac82-f019a4ca505a,2025-12-08T15:12:19.855431Z,Ignored
80db3b87-ae62-4160-b42c-6ff58e5fc977,00213018-5d7e-42e8-bb10-f12baeb31b2e,23055d04-c67c-4d6c-9691-00192bd576fa,2026-02-13T12:33:31.855436Z,Ignored
90623142-9c83-423c-ac82-50d3d4a8b0c2,53085b4b-a2df-449a-95d7-1bddc6a0b1a0,e148960b-0a5c-47df-886e-8bad521c67e3,2026-03-31T18:05:15.855442Z,Clicked
aeeddb1b-3f7f-4178-8991-d3edf2c65d4d,bc2d7a33-bbbc-4c57-bc09-10e08146f5da,d262398c-8ac9-4474-8f1d-0ed804abf7cb,2025-12-08T07:08:39.855448Z,Ignored
53974445-2a60-4df9-a204-0eafb03978b0,0abd6459-65a2-4d0f-b922-bf86580aa91a,acc96de1-b5a9-4a0c-944a-6644d8486600,2026-04-12T11:33:50.855453Z,Clicked
5c27113c-85b6-4f78-ad1f-dc6bb8a85acd,750e3190-9384-4e97-9b12-b67b0e25a9ac,acc96de1-b5a9-4a0c-944a-6644d8486600,2025-06-26T19:01:35.855459Z,Clicked
5d36dcba-bedc-433a-bad1-20ae29a1ac79,eb6c7f47-465d-48a1-af4c-03c78e322f9c,e148960b-0a5c-47df-886e-8bad521c67e3,2025-10-30T20:20:55.855464Z,Opened
1312b995-3989-4496-999f-fcd22a2bb68d,43ff3680-1dd2-4bca-a724-cabfccea5385,23055d04-c67c-4d6c-9691-00192bd576fa,2025-11-14T11:17:09.855470Z,Opened
ead1648b-1e12-4b69-a836-3d33b415d066,c65e5f0b-7042-486d-a15a-e8c26e604df8,bafbf00d-7cad-456e-bfd0-0d8fc60045f0,2025-07-09T14:35:18.855475Z,Clicked
653e42e8-2d40-4412-9cf7-24cf55eeadb3,518f6089-7637-4b06-a632-afa91eeb04b9,acc96de1-b5a9-4a0c-944a-6644d8486600,2025-11-27T17:52:18.855481Z,Ignored
c4f77d90-e005-47f6-84c2-220c02e397c7,c244224c-37fe-4ee8-9e51-67b473f41ee8,f34e887b-3b97-404f-8d78-ad0afc507961,2025-08-16T13:03:12.855486Z,Clicked
279c1513-5e28-4d4c-a5f8-d4d293efd278,259bc331-0997-49af-9927-a44055d5cf85,23055d04-c67c-4d6c-9691-00192bd576fa,2025-11-14T22:01:12.855492Z,Clicked
48e3d65e-b3c6-4fe7-861d-38aa3c1d2627,77e21ed9-534c-49ff-bf3a-6c81910050d5,e3485424-d8ae-4456-9f29-1d9f616a9b84,2025-12-02T03:42:16.855498Z,Ignored
81f1eaf3-33e0-47a9-bb63-9d8b6fff611c,40cae0e9-cc22-45b7-83f8-5ca5013987c5,bafbf00d-7cad-456e-bfd0-0d8fc60045f0,2026-01-21T12:54:37.855503Z,Opened
abdd61e4-d4d9-42db-8389-33d82f4e484c,419dcecd-203f-4ded-8c96-1e9e717204a8,e3485424-d8ae-4456-9f29-1d9f616a9b84,2025-10-19T18:45:28.855509Z,Ignored
6028db33-224f-4a5b-b927-ecdaea1c1f64,c55aa929-b10a-4f91-82f1-c021e296b608,bafbf00d-7cad-456e-bfd0-0d8fc60045f0,2026-03-12T06:49:02.855514Z,Opened
59d94f76-ad5e-444a-8492-bd11dfcee137,9cccee8d-dae0-44b4-890d-e8804ed2ba6a,52f74d2d-4a6c-4a87-bc92-2ea46e0f6fb8,2025-11-03T14:22:34.855520Z,Clicked
58f250b6-2caa-43f1-a9e8-2c2bd4b2e930,494cb9fe-5864-4f3f-b573-d75fc31ba28c,f34e887b-3b97-404f-8d78-ad0afc507961,2025-08-13T21:15:01.855526Z,Ignored
07a32cdb-f092-4bda-b456-92b6ac8efc5a,f227bdba-cb26-4fa4-9d1b-6b5eaedda4b9,f34e887b-3b97-404f-8d78-ad0afc507961,2026-04-15T20:03:12.855532Z,Ignored
b07d4cba-37cc-45dc-afcd-7ed6e51ffced,a2f6c856-ba56-4db7-8e64-9a40a6260e98,52f74d2d-4a6c-4a87-bc92-2ea46e0f6fb8,2026-01-29T15:34:35.855537Z,Opened
0c64e2e4-819b-4876-9d46-d26643f5556f,2dcca842-c403-4924-9c19-def81bc4244b,201afec1-2724-4348-9d4e-7bd1455ff916,2025-11-18T23:27:57.855543Z,Ignored
56bbe80e-c3a0-4ce0-beb5-c15d44930fb1,42debc32-6b5a-43ce-9ed8-e833104e5d9a,f7409bb6-0eda-4cbb-ac82-f019a4ca505a,2025-10-31T09:28:36.855549Z,Clicked
ac9cc162-fcd5-46cd-b1a3-b35229a70f6e,4b74983a-e4f6-4f16-8f37-1d745682f311,e148960b-0a5c-47df-886e-8bad521c67e3,2026-05-04T07:58:38.855555Z,Ignored
e23c5eba-ceb8-4cb4-b894-5acb76d41c16,38879f0b-f090-4a85-affd-1fe633fbdf8f,acc96de1-b5a9-4a0c-944a-6644d8486600,2026-05-15T08:51:35.855560Z,Clicked
b2f0968c-c728-4760-b002-7f820fe16e88,d71106b5-3273-4106-ac12-4eeaa74508a1,e148960b-0a5c-47df-886e-8bad521c67e3,2025-09-08T05:15:09.855572Z,Clicked
446794b1-3333-47f1-8a05-20e8b81f4871,0f2672d3-0d1d-4747-9e71-a91ada364540,f34e887b-3b97-404f-8d78-ad0afc507961,2025-07-31T07:03:17.855578Z,Clicked
6271151e-fc00-4039-bc8b-043c891110cf,66ea7225-0970-4ca9-bedb-0ff2dc6bcde5,201afec1-2724-4348-9d4e-7bd1455ff916,2025-09-08T03:47:06.855584Z,Opened
3b3f3d06-e798-44ed-8d51-164b7644bf04,b8309d59-5dff-43ad-861c-05c59ffc736c,d262398c-8ac9-4474-8f1d-0ed804abf7cb,2026-03-15T08:48:26.855589Z,Clicked
50599986-2e7c-48a0-ba40-1d094474e494,e96b0330-2bf2-4221-8c83-a0321dc564fa,e148960b-0a5c-47df-886e-8bad521c67e3,2026-03-01T11:51:30.855595Z,Ignored
8babcee7-cd07-418d-a9b8-c17bb341d951,d73af61d-0a94-4835-b3ea-fe140d26a2a6,23055d04-c67c-4d6c-9691-00192bd576fa,2025-10-04T05:31:19.855600Z,Clicked
45812d3d-70bd-4818-841a-98cd43aeb362,69cae572-5dac-44b8-9774-94bd8be10195,f34e887b-3b97-404f-8d78-ad0afc507961,2026-01-16T20:36:24.855606Z,Ignored
c5ce8176-374e-4e6b-9cde-29afdf4daca9,89141f47-c044-4854-ac21-c420d821b33d,201afec1-2724-4348-9d4e-7bd1455ff916,2026-03-06T12:31:08.855612Z,Clicked
0b563053-892a-4606-b2b4-a3bf549cc243,462f73b1-9c2d-4365-a6cc-d8749f314bee,52f74d2d-4a6c-4a87-bc92-2ea46e0f6fb8,2025-07-08T23:05:30.855618Z,Clicked
a8d333e1-1cb2-409e-870c-655ba335624e,bc8b90b5-216f-40b4-9d6c-704d1a65a06e,f7409bb6-0eda-4cbb-ac82-f019a4ca505a,2026-03-17T05:57:41.855623Z,Opened
fcae1aa0-ab25-4dc7-a22b-df671d899ec0,81ce4717-4b0e-4e4a-8084-2cefe8eadf9e,201afec1-2724-4348-9d4e-7bd1455ff916,2026-03-07T11:17:49.855629Z,Opened
b846620a-2f1d-4a83-a842-0a46bd5905b3,ca8098fd-2626-4a76-8c55-d1fc5ab50d0e,f34e887b-3b97-404f-8d78-ad0afc507961,2025-12-17T01:07:04.855635Z,Clicked
5340dcb5-2aa5-44a9-a80a-60ab90c135cf,33023839-f105-4e5e-9642-a8e9c9eb9ef0,bafbf00d-7cad-456e-bfd0-0d8fc60045f0,2025-11-28T23:45:45.855640Z,Opened
d8e29493-0c57-4f7e-8c11-f8bae0b41d78,39fcfcb7-7a61-4c8f-a325-fd614eb31fc3,e3485424-d8ae-4456-9f29-1d9f616a9b84,2025-08-01T04:15:13.855646Z,Clicked
60de41e3-df96-4952-ae2a-61c0828b04e8,c69d5036-4969-4c18-9ee0-1b739e5235a6,bafbf00d-7cad-456e-bfd0-0d8fc60045f0,2026-02-20T20:18:41.855652Z,Opened
2ee8b9b4-97d0-4bfc-aeac-b678a7758d44,6a8a00cc-399a-48f6-8f49-a94501292444,52f74d2d-4a6c-4a87-bc92-2ea46e0f6fb8,2025-07-05T02:00:43.855658Z,Ignored
10e3ad82-8040-4351-9d39-4d6340f24f42,3e4f756f-9d46-4c31-9341-4bde73d0a6eb,e148960b-0a5c-47df-886e-8bad521c67e3,2026-05-31T07:51:59.855664Z,Opened
ecbfca9a-991c-4a19-b147-22d369cb331a,5029723c-a5c1-41c9-ad47-61b044552811,201afec1-2724-4348-9d4e-7bd1455ff916,2026-03-25T04:43:36.855669Z,Opened
04a60817-634e-4a61-9fcc-236fb85cd70f,98af55a9-dfcc-4ad3-bdf7-dd969404ddfe,acc96de1-b5a9-4a0c-944a-6644d8486600,2025-09-12T12:44:34.855675Z,Ignored
be72973d-6d60-420e-8f42-d4021a9fd41b,fa758a21-f806-45a8-88df-4b03b0e7acb4,201afec1-2724-4348-9d4e-7bd1455ff916,2026-01-04T03:42:56.855680Z,Clicked
d413ab91-38c1-4688-8258-45c20ccffac7,25132108-bb6d-46c2-87b3-c00023e596af,f34e887b-3b97-404f-8d78-ad0afc507961,2025-10-30T01:01:52.855686Z,Clicked
fe1386e2-8d45-4854-ad6b-30c223c9d4c2,39fcfcb7-7a61-4c8f-a325-fd614eb31fc3,201afec1-2724-4348-9d4e-7bd1455ff916,2026-05-04T10:46:04.855692Z,Ignored
a0323140-b0ab-47e4-ba18-f705ed09181c,8dad113f-ba26-4542-afb4-ffca94a5175c,f34e887b-3b97-404f-8d78-ad0afc507961,2026-05-29T10:47:17.855698Z,Clicked
d5615003-f396-4f45-95c8-715e626915ba,0e0fe04f-f176-4fb6-8d0a-82fe1691ccd7,d262398c-8ac9-4474-8f1d-0ed804abf7cb,2026-01-12T17:56:51.855703Z,Clicked
6e3f4151-808c-4ce5-a891-1cb9295b4cb1,481c40c1-251e-4c17-a7c2-579d467c47d6,f34e887b-3b97-404f-8d78-ad0afc507961,2025-06-24T23:38:31.855709Z,Clicked
c9a5274c-48f3-40e8-b2f0-848bf5a1a9b9,ea901c19-c2b8-4d83-a4ab-c601e53eea75,acc96de1-b5a9-4a0c-944a-6644d8486600,2025-07-07T12:01:39.855715Z,Ignored
6d3914ac-6f25-498c-a86e-d5a10edc0083,37941564-4b66-4bd7-8364-d9dbc497d4d1,23055d04-c67c-4d6c-9691-00192bd576fa,2025-08-29T03:27:10.855721Z,Ignored
48715470-5bab-4863-a7e7-c42ad3c0dfc6,6971669a-3acc-4929-a81b-51116d8188ad,f34e887b-3b97-404f-8d78-ad0afc507961,2025-07-03T14:38:31.855726Z,Ignored
5b044214-f9fd-4a61-b77a-70f073b95925,faf6ac1d-0c14-46c5-8f40-6042d353a0c4,e148960b-0a5c-47df-886e-8bad521c67e3,2025-09-22T12:56:26.855732Z,Opened
6d7049e7-9ac5-408d-9194-b43bef95c45c,081dd653-126d-48c5-8df5-309a2eb542f2,52f74d2d-4a6c-4a87-bc92-2ea46e0f6fb8,2025-10-17T16:29:20.855739Z,Opened
734db020-f429-4f1d-ac55-a077ec22a75b,b5b918af-3492-451b-a8ef-799b0615a9a5,e3485424-d8ae-4456-9f29-1d9f616a9b84,2025-12-06T07:30:05.855745Z,Clicked
44d7b42d-c1de-4f46-bc85-95fbf9c24e38,fbd89528-fdcd-4c1a-9b89-b6f6b0055aeb,f34e887b-3b97-404f-8d78-ad0afc507961,2025-12-04T15:41:23.855750Z,Opened
217690eb-18c5-4cd3-be57-ebb8f456669b,6b8b786b-4f1d-44dd-bec0-f25a4f6c7654,e3485424-d8ae-4456-9f29-1d9f616a9b84,2025-07-24T07:38:26.855756Z,Clicked
0595fd75-06e6-407b-80ad-4a398ce1c337,6e57b55c-419f-4d5a-9e0f-6a06b8fb770b,acc96de1-b5a9-4a0c-944a-6644d8486600,2025-08-01T06:45:50.855762Z,Ignored
88a2eecb-83fa-4435-a06e-1815907e293c,307b46a1-51b3-4526-bce2-af544e5e4684,d262398c-8ac9-4474-8f1d-0ed804abf7cb,2025-08-12T01:04:48.855767Z,Clicked
e0b50d97-903b-4f44-96e1-902ad493eefc,65b8cc2c-6959-47d5-812a-dfef903e4baf,201afec1-2724-4348-9d4e-7bd1455ff916,2025-12-21T22:26:14.855773Z,Clicked
1cb26d40-3f0d-4d63-b5e0-70168d4c56bf,6fae9727-3e59-4122-b868-a3cf2ac05a16,acc96de1-b5a9-4a0c-944a-6644d8486600,2025-11-14T12:18:08.855778Z,Ignored
5392306b-5fe8-4303-8437-d0c3a5703bfa,581fd8a1-3a0c-4a31-8988-badcc80e5cd4,201afec1-2724-4348-9d4e-7bd1455ff916,2026-03-14T03:37:30.855784Z,Clicked
726fe28d-5ae3-4bf8-8ee6-2772f370d549,fc62a22e-03ce-44e3-8328-fb87332f8a1f,23055d04-c67c-4d6c-9691-00192bd576fa,2026-01-08T20:29:09.855790Z,Opened
8836ddc3-397a-4ff9-ac4f-3903c420c6af,163c3567-4f1f-412e-b985-272c12c41792,f34e887b-3b97-404f-8d78-ad0afc507961,2026-03-16T11:25:34.855795Z,Ignored
379a60fc-7c7a-492a-9699-0764cfff9a91,718f45a3-0876-40bc-9e9b-c8f9c8d94e7a,d262398c-8ac9-4474-8f1d-0ed804abf7cb,2025-08-05T23:12:36.855801Z,Opened
aab64e21-072a-4b44-b1ef-8443fd056639,c55aa929-b10a-4f91-82f1-c021e296b608,e148960b-0a5c-47df-886e-8bad521c67e3,2025-08-22T13:20:59.855807Z,Opened
ef77d2b3-945b-41e5-a5d4-afe341342445,2444ce78-0654-4804-8a6b-886935b44474,f7409bb6-0eda-4cbb-ac82-f019a4ca505a,2025-07-06T12:18:54.855812Z,Ignored
dd50bafa-5237-47ea-8c2b-72ce940cec90,750e3190-9384-4e97-9b12-b67b0e25a9ac,e148960b-0a5c-47df-886e-8bad521c67e3,2026-02-19T14:57:58.855818Z,Ignored
918ec222-7404-4c51-8215-7477cc88f13a,3f077514-1e20-4294-8919-a3499d1ea2fd,d262398c-8ac9-4474-8f1d-0ed804abf7cb,2025-10-21T21:47:44.855823Z,Clicked
8033f4d9-d2dc-4a20-9f19-e8baeb6972df,f9b39f19-d5b4-46d1-9aad-1b195cd77400,201afec1-2724-4348-9d4e-7bd1455ff916,2025-07-04T12:19:24.855829Z,Ignored
de5af2e1-1c5a-40ab-b389-7915644114f8,98af55a9-dfcc-4ad3-bdf7-dd969404ddfe,e3485424-d8ae-4456-9f29-1d9f616a9b84,2025-09-21T02:10:34.855834Z,Opened
426bef08-72d3-4680-8224-42500b56e105,462f73b1-9c2d-4365-a6cc-d8749f314bee,23055d04-c67c-4d6c-9691-00192bd576fa,2025-08-08T21:31:02.855840Z,Ignored
c70d6fc3-3c19-4988-a29d-bb54f06c48a9,507e7c35-3a3b-498a-8cb9-fdad839946f1,f34e887b-3b97-404f-8d78-ad0afc507961,2025-11-21T03:16:21.855846Z,Clicked
1c9d10ae-f76a-46bc-9531-54c58b6a9b8c,9fd924d9-2133-4f73-8a39-53f919fb9d64,201afec1-2724-4348-9d4e-7bd1455ff916,2026-06-13T18:32:37.855851Z,Ignored
d2009e73-ba9e-4c15-aeaf-fdb23e92fa1c,839bcda0-bab9-4237-9419-c8ee1adeac90,acc96de1-b5a9-4a0c-944a-6644d8486600,2025-08-05T19:59:30.855857Z,Ignored
0b74afbc-c9ef-4c94-9002-b69d5f7407b0,4e25a264-6ccc-46db-a66c-7060def6d1f1,e3485424-d8ae-4456-9f29-1d9f616a9b84,2025-12-24T14:52:39.855862Z,Ignored
65f7e15f-3406-4d1e-bdd6-9ceb7d325bad,27f8bc54-1298-4d0f-b845-a4193bcff26f,acc96de1-b5a9-4a0c-944a-6644d8486600,2026-02-04T15:38:44.855868Z,Ignored
58b70d64-cc5c-419c-8bb2-76b9c58e0a2c,b5b918af-3492-451b-a8ef-799b0615a9a5,bafbf00d-7cad-456e-bfd0-0d8fc60045f0,2026-05-29T21:02:13.855874Z,Opened
861dc9a1-885e-404e-8867-1f609a03ebdf,e9679519-56ba-4007-bae4-1cd922e9f605,d262398c-8ac9-4474-8f1d-0ed804abf7cb,2025-11-25T16:07:08.855879Z,Clicked
7d4a3fa2-52c0-4438-84da-277f063096fb,462bdce4-5d31-496b-9f72-65901779f309,acc96de1-b5a9-4a0c-944a-6644d8486600,2025-08-27T22:43:15.855885Z,Ignored
116a41bc-f006-429f-b338-e7fcf7d124bd,ef9cd077-1222-4ebb-8809-c0d061d6e69f,acc96de1-b5a9-4a0c-944a-6644d8486600,2026-03-06T02:22:20.855890Z,Ignored
a9558eb4-b2f1-4a41-a96c-1284e526bfa0,f05d21fe-1d01-46da-81a2-d4afc8637211,e3485424-d8ae-4456-9f29-1d9f616a9b84,2026-04-29T18:28:22.855896Z,Ignored
d21b97ac-c00f-461b-8e59-219729a20763,b96bdf5b-da67-434d-ac3e-8ecb214365c6,bafbf00d-7cad-456e-bfd0-0d8fc60045f0,2026-04-27T04:36:02.855902Z,Ignored
8fe72af9-8d43-4225-92f4-f557360fb7ba,c65e5f0b-7042-486d-a15a-e8c26e604df8,f7409bb6-0eda-4cbb-ac82-f019a4ca505a,2026-01-03T03:51:36.855908Z,Opened
3ed21208-5d41-4eb8-aaf3-57925a87bb8c,1fad1639-98e8-496f-a1f9-ff4a86b312a5,d262398c-8ac9-4474-8f1d-0ed804abf7cb,2025-08-24T19:26:36.855913Z,Opened
91b943b5-5d78-4c14-b6b4-39e965ad52f0,cc9847ee-737e-43ce-af61-502b51ed3f76,52f74d2d-4a6c-4a87-bc92-2ea46e0f6fb8,2025-08-02T08:34:24.855919Z,Opened
3cbe154a-30e9-4d1a-99e0-641f446825ff,f7fc3cc5-5463-424d-bf41-175dc0435970,d262398c-8ac9-4474-8f1d-0ed804abf7cb,2026-01-16T14:47:09.855925Z,Clicked
ff9810a9-f3a7-4cb1-8e31-f57716a38ac9,35c10b5b-773c-4ae2-979d-7a7d3fef1e48,e3485424-d8ae-4456-9f29-1d9f616a9b84,2025-10-18T06:44:29.855930Z,Ignored
78873bfc-0da9-4ed2-b0ef-b54ade2a6e11,a499c79e-2bc0-46a8-ba34-f1a3fe1f402c,e148960b-0a5c-47df-886e-8bad521c67e3,2026-04-20T22:13:37.855936Z,Clicked
1025c78d-854b-4e75-b01f-70ea559d4a67,a7fd865e-9a7e-4c20-b38c-844ea50f001f,52f74d2d-4a6c-4a87-bc92-2ea46e0f6fb8,2025-07-08T13:08:03.855942Z,Opened
a56dfe46-1337-48c9-aeb2-81e03c8c48de,f89fae14-33e7-4399-a1d2-ea86bbb16485,e148960b-0a5c-47df-886e-8bad521c67e3,2025-12-14T08:24:13.855947Z,Ignored
2b3e4f6c-7e93-4136-8111-11dcde31f920,c034b804-6b68-4938-8964-98f10b1bb2fe,201afec1-2724-4348-9d4e-7bd1455ff916,2026-06-03T18:16:08.855953Z,Opened
04919e87-b936-4b5d-a9a3-b01b6bb8d02f,8c5395eb-5111-40b9-9742-80230f944c91,52f74d2d-4a6c-4a87-bc92-2ea46e0f6fb8,2025-10-28T03:27:24.855958Z,Opened
4fe0a0a7-d288-4f2a-8aaa-347077d0d544,2cb2e0b1-9470-4616-8e5e-2010aa828a78,bafbf00d-7cad-456e-bfd0-0d8fc60045f0,2026-02-17T21:07:57.855964Z,Opened
22da9477-feea-4d48-8f46-58ec0d83229e,884c46e3-4d4a-4827-aa63-74a8f9bd7f20,201afec1-2724-4348-9d4e-7bd1455ff916,2026-01-13T10:53:34.855969Z,Ignored
cd769fab-5029-45e8-901b-6c9ee6d962d0,d71106b5-3273-4106-ac12-4eeaa74508a1,52f74d2d-4a6c-4a87-bc92-2ea46e0f6fb8,2026-02-17T06:16:16.855975Z,Clicked
9751c837-a98b-4a46-bd3e-f345d6d91bdc,4406244c-4c87-4e43-85a6-2779eee4575d,201afec1-2724-4348-9d4e-7bd1455ff916,2025-06-22T14:26:15.855981Z,Clicked
8c27e49b-8a2d-4777-9b71-df3b47dddf3f,961a1c17-3d19-446f-8ffc-596991feabde,bafbf00d-7cad-456e-bfd0-0d8fc60045f0,2026-05-15T20:44:13.855986Z,Opened
ea12e9aa-58b8-4f53-83f8-638dd1fc0c49,c0a2405d-9218-40f9-a44f-20aad0bcdb61,e148960b-0a5c-47df-886e-8bad521c67e3,2026-05-04T09:10:18.855992Z,Ignored
6da41404-c95c-425a-9d82-e28805630bf6,865e2c7b-71bd-4f2f-a9ef-009d99d29e7e,f34e887b-3b97-404f-8d78-ad0afc507961,2026-06-08T04:05:08.855997Z,Opened
6a4e701b-eec5-4b98-aee3-23d85ad09bb6,b6d674f6-ec60-4c63-b066-7a1abfda2276,e148960b-0a5c-47df-886e-8bad521c67e3,2026-01-27T07:04:13.856003Z,Opened
3afdb2e4-25ba-488a-9f95-8d9fa5dbdcad,2dcca842-c403-4924-9c19-def81bc4244b,e3485424-d8ae-4456-9f29-1d9f616a9b84,2025-10-22T07:29:26.856008Z,Clicked
448720c3-e915-43da-be2e-c578e5ad00b2,c2316bda-b2f7-4a2f-99f3-4564d9259f5b,23055d04-c67c-4d6c-9691-00192bd576fa,2026-06-04T09:47:27.856014Z,Opened
50b800bd-50a9-42dc-9aaa-034bacb39f72,6e9ecfa7-a760-4957-9f8f-1d0d40244d43,23055d04-c67c-4d6c-9691-00192bd576fa,2026-05-26T05:43:12.856021Z,Ignored
1525ec9f-0b65-460a-814f-031294be88a5,4965914d-e32d-46ce-8abf-92f44d7cc7f8,bafbf00d-7cad-456e-bfd0-0d8fc60045f0,2026-01-25T23:13:33.856027Z,Clicked
1624f994-aa89-4d6f-aa5c-2df868ea9b69,8536f9d0-488c-4adc-b097-c3bb5ab429d0,d262398c-8ac9-4474-8f1d-0ed804abf7cb,2025-10-12T11:39:31.856032Z,Clicked
14368396-502b-4f0e-accd-f6499b227c07,4b74983a-e4f6-4f16-8f37-1d745682f311,f34e887b-3b97-404f-8d78-ad0afc507961,2026-04-20T04:46:42.856038Z,Clicked
632bcbaf-6f3e-4f94-89d9-ae06505c0d19,704ed6b2-33df-4a7c-9e2f-e37d650c515e,bafbf00d-7cad-456e-bfd0-0d8fc60045f0,2025-07-22T20:45:57.856043Z,Clicked
e2e33ea2-977f-4305-ae73-4e313842bad7,be0e6f76-50b0-41fc-b767-65029d5bd15b,52f74d2d-4a6c-4a87-bc92-2ea46e0f6fb8,2026-05-17T02:21:29.856049Z,Opened
51dbb859-d371-4f9d-b14b-d7cc59e1ea4b,cc02d674-d8d0-4c88-9635-5d3c9629c46a,e3485424-d8ae-4456-9f29-1d9f616a9b84,2025-08-23T07:03:46.856054Z,Opened
476b87ff-cc1c-48f9-b026-ddd4aa4bc0d2,fc734de3-f02e-44d9-b400-98a8f542d580,52f74d2d-4a6c-4a87-bc92-2ea46e0f6fb8,2026-01-08T00:12:12.856060Z,Clicked
74b8a666-fd4d-42f5-92e5-379b848975e7,780ff89b-58ca-46f6-9018-36030c7a6627,bafbf00d-7cad-456e-bfd0-0d8fc60045f0,2026-03-12T10:48:46.856066Z,Clicked
abd510b2-91cb-467c-b66b-5dd7f07a52c4,6733c67e-27e3-4470-b212-033cdbebfc91,52f74d2d-4a6c-4a87-bc92-2ea46e0f6fb8,2025-11-07T22:04:36.856071Z,Clicked
ab0bba8d-87a3-4468-965a-4cf7a49ef6a3,9c24f243-a19e-4357-b723-87e4060ba492,f34e887b-3b97-404f-8d78-ad0afc507961,2026-01-31T19:06:12.856077Z,Ignored
6077e63a-b301-449c-8198-9bc61b5d108f,a499c79e-2bc0-46a8-ba34-f1a3fe1f402c,acc96de1-b5a9-4a0c-944a-6644d8486600,2025-08-13T08:13:17.856082Z,Clicked
149f0eb1-8a24-4288-81bc-93c8fd0c0592,02f35316-5bdb-4e65-a662-954a019a8af8,52f74d2d-4a6c-4a87-bc92-2ea46e0f6fb8,2025-07-05T23:59:27.856088Z,Ignored
e5f291c1-d727-4ba4-ad07-e1d7ef35dfc7,0a89863b-da2f-4d26-b007-b395731730c7,23055d04-c67c-4d6c-9691-00192bd576fa,2026-03-25T10:47:19.856093Z,Clicked
e01759f0-5bf0-43af-b692-553d15885f29,2cb2e0b1-9470-4616-8e5e-2010aa828a78,52f74d2d-4a6c-4a87-bc92-2ea46e0f6fb8,2025-10-24T22:17:24.856099Z,Ignored
b421dc57-c9db-48b6-9f63-a981dd59581b,cc02d674-d8d0-4c88-9635-5d3c9629c46a,23055d04-c67c-4d6c-9691-00192bd576fa,2026-03-19T20:25:24.856104Z,Ignored
628cadd8-a70b-442c-819f-9a667aac6c65,7f154fb8-3f46-4cc7-af4f-d6665b2ed14b,acc96de1-b5a9-4a0c-944a-6644d8486600,2025-07-01T15:25:49.856110Z,Ignored
825c1328-d3b2-4ff2-9bf6-0880f449417d,11d8f766-b28f-4ce7-9f0c-00704445ed5d,23055d04-c67c-4d6c-9691-00192bd576fa,2026-03-19T18:30:23.856115Z,Clicked
6f3b2da1-bf32-49a4-894b-13860bdeb3a2,fc62a22e-03ce-44e3-8328-fb87332f8a1f,d262398c-8ac9-4474-8f1d-0ed804abf7cb,2025-09-24T19:14:41.856121Z,Opened
2be142c3-7aba-4200-9770-bc2ad45699b1,6ea8ea9b-65e2-40e2-b1bf-17f6e7e339da,e148960b-0a5c-47df-886e-8bad521c67e3,2025-07-05T18:23:46.856126Z,Opened
f5bf9dec-d969-467e-af67-2a87189fc062,dd418441-35ed-4dda-b7dc-362b7db96c22,201afec1-2724-4348-9d4e-7bd1455ff916,2025-08-11T16:22:37.856132Z,Ignored
32869392-e1d4-411c-a790-8bf32407ce9c,daaafc21-ddee-4be2-acc9-cb35709e0993,201afec1-2724-4348-9d4e-7bd1455ff916,2025-07-17T18:49:47.856137Z,Ignored
8ec79ab3-c87e-4a5a-a400-8cb84098acf9,11e428d8-4b61-487a-a217-540a50451587,e3485424-d8ae-4456-9f29-1d9f616a9b84,2026-02-04T07:16:11.856143Z,Opened
61444e6a-525a-4c70-ae62-0d45e2afef1e,723d20ef-52e1-4d8d-8e5c-c99424c3b0be,e3485424-d8ae-4456-9f29-1d9f616a9b84,2025-07-23T01:10:16.856148Z,Ignored
cc777949-261c-4145-8290-b671418bb01a,3c1f0252-67db-4fc6-a57a-5a311ff5453b,d262398c-8ac9-4474-8f1d-0ed804abf7cb,2026-06-10T14:39:52.856154Z,Ignored
103a76de-6355-476b-9764-ccb21a2d87a8,974edd2c-30d3-4ac5-a7c8-9414caca96a4,e3485424-d8ae-4456-9f29-1d9f616a9b84,2025-11-09T09:22:32.856159Z,Clicked
0a5cfa53-571a-4374-bb97-417f11bc0011,39fcfcb7-7a61-4c8f-a325-fd614eb31fc3,d262398c-8ac9-4474-8f1d-0ed804abf7cb,2025-09-15T04:54:17.856165Z,Opened
7bbe768c-0875-4e99-897f-91e0bc8face6,2dc4e34e-479b-4900-89c4-b6f717ee896c,bafbf00d-7cad-456e-bfd0-0d8fc60045f0,2026-06-01T17:21:51.856171Z,Ignored
91d69d54-ce5c-4de3-932f-1379f8a74385,53d63402-a235-45c7-b477-84478d07253c,f7409bb6-0eda-4cbb-ac82-f019a4ca505a,2025-12-01T19:32:58.856177Z,Clicked
40185663-c94b-41dc-825b-22be432dc2e0,6733c67e-27e3-4470-b212-033cdbebfc91,201afec1-2724-4348-9d4e-7bd1455ff916,2026-05-05T13:09:26.856183Z,Opened
3a0e9fe6-15a5-4324-a371-a0f6818eb662,51101ebd-4663-4ba3-983c-ad63b9500824,e3485424-d8ae-4456-9f29-1d9f616a9b84,2025-08-01T23:21:38.856189Z,Clicked
012a1748-1dfa-46f4-b851-28de2e18fc10,32724db5-f35b-4afb-a6ea-8d067b5f6a24,52f74d2d-4a6c-4a87-bc92-2ea46e0f6fb8,2026-01-01T19:53:40.856195Z,Ignored
2e5c267a-2e13-4b74-9063-6a10b9e154e3,03c2229f-51c6-4ea1-86c2-73383ab89428,52f74d2d-4a6c-4a87-bc92-2ea46e0f6fb8,2026-04-03T19:54:49.856200Z,Opened
c03eac3d-f425-4282-8a4d-6887811af773,81213520-07aa-4c23-b65a-1570a1c8c2d3,e3485424-d8ae-4456-9f29-1d9f616a9b84,2025-08-20T03:31:17.856206Z,Ignored
7b78d0b4-5d9d-45a7-bbdd-1446a0625e1b,39fcfcb7-7a61-4c8f-a325-fd614eb31fc3,bafbf00d-7cad-456e-bfd0-0d8fc60045f0,2025-11-23T18:50:08.856212Z,Opened
87832005-6582-4e24-9537-920caa923d20,cf75ceab-4dcd-4aa2-9279-0521a0488f40,23055d04-c67c-4d6c-9691-00192bd576fa,2026-05-20T13:05:21.856217Z,Clicked
f39cd838-897e-4834-8e5d-217888df3250,2444ce78-0654-4804-8a6b-886935b44474,bafbf00d-7cad-456e-bfd0-0d8fc60045f0,2026-06-04T22:57:50.856223Z,Opened
46863b19-288a-4763-9e29-b52f68b35f5a,b4ae784b-3905-4589-8158-4c344b0cb907,e148960b-0a5c-47df-886e-8bad521c67e3,2026-05-02T23:36:37.856229Z,Ignored
bb87544c-fda4-4733-a373-f949456234bd,dea9dbd4-b682-42e4-960b-16720b4619a3,bafbf00d-7cad-456e-bfd0-0d8fc60045f0,2026-02-15T00:12:40.856236Z,Ignored
34b64672-2dac-47ed-816d-45b6d4b3935a,cc192386-b064-438d-a09d-28eef8d80ce7,d262398c-8ac9-4474-8f1d-0ed804abf7cb,2026-02-10T02:20:40.856243Z,Clicked
8591f6b4-8414-4aff-bf62-7a4ba696db89,6fae9727-3e59-4122-b868-a3cf2ac05a16,23055d04-c67c-4d6c-9691-00192bd576fa,2026-06-08T16:40:04.856248Z,Ignored
dc5173a1-3476-46c3-9c9b-085d2b21dd30,a0056f36-e02b-4281-91c2-1d9501fb9645,acc96de1-b5a9-4a0c-944a-6644d8486600,2025-11-01T20:05:59.856254Z,Opened
c252724e-9b4a-4c20-b659-1a8aac4c83bf,e4a5abab-3a30-411c-a2dd-9f3454034f16,d262398c-8ac9-4474-8f1d-0ed804abf7cb,2026-01-01T11:05:53.856260Z,Ignored
ffa62b42-68c5-4f46-b67d-a99990a485fa,c2316bda-b2f7-4a2f-99f3-4564d9259f5b,e148960b-0a5c-47df-886e-8bad521c67e3,2025-10-02T08:55:29.856266Z,Opened
f535e4e8-a8dd-4626-875d-a87778582688,bb57e5b7-892f-4015-b5c5-9165eddab54b,f34e887b-3b97-404f-8d78-ad0afc507961,2026-01-03T20:47:28.856271Z,Ignored
b6b00893-b6a1-4816-8d76-715956e7e872,0fdccec9-42ee-469f-ad10-d1d6f7bf29bc,bafbf00d-7cad-456e-bfd0-0d8fc60045f0,2025-11-08T16:07:58.856277Z,Opened
ae6351c9-0c10-444f-95fc-434645a14983,46442619-5731-479b-b8ed-c5f7c91e56a5,e3485424-d8ae-4456-9f29-1d9f616a9b84,2025-11-02T07:53:16.856283Z,Clicked
79a3bfbd-036e-445d-8063-1952bb5f73ce,57dbd749-7b4d-4f82-b7bb-4aac6c352ab3,acc96de1-b5a9-4a0c-944a-6644d8486600,2026-03-28T13:25:57.856288Z,Clicked
baea73a1-7dba-4080-96ff-1ddc7d9a2e7d,36de30b3-a22d-4ae9-9186-ada9f09838e4,e3485424-d8ae-4456-9f29-1d9f616a9b84,2025-12-30T17:44:28.856294Z,Clicked
d9fe68ca-4688-414d-919b-f12d929dce36,f9c74ef5-91bc-469b-8105-a085f2ad1fb8,52f74d2d-4a6c-4a87-bc92-2ea46e0f6fb8,2026-05-27T08:19:49.856299Z,Ignored
b1ed9efe-38a4-4889-8052-57e322b5d9be,9a83b095-473f-4a38-8302-b4f15b0be7da,52f74d2d-4a6c-4a87-bc92-2ea46e0f6fb8,2025-07-17T04:21:42.856305Z,Ignored
4639a08e-7645-4d43-8f8a-eb70510c4e53,7f4df1df-0114-41c6-802f-75d44ed99b5e,e3485424-d8ae-4456-9f29-1d9f616a9b84,2026-04-09T10:48:55.856311Z,Ignored
91ec70d5-d1e5-46ec-a1d0-6b1a92bece1a,755dc9d4-d2b1-46e3-a1c1-b06013ec4b71,23055d04-c67c-4d6c-9691-00192bd576fa,2026-02-12T01:40:07.856316Z,Ignored
d1dcb235-c9b8-42ca-9b94-57040d8f2526,aba7749d-e726-4e61-bd1d-315a01fee8bd,f34e887b-3b97-404f-8d78-ad0afc507961,2026-04-24T17:42:17.856322Z,Opened
b7951740-8b8b-41e9-b08b-8b679209631d,3d3414a5-5924-48b7-bf59-2a55f272b48a,e148960b-0a5c-47df-886e-8bad521c67e3,2025-12-12T17:41:07.856328Z,Clicked
70b7853d-52ca-43b5-ac22-4d20510a2d04,bb57e5b7-892f-4015-b5c5-9165eddab54b,e148960b-0a5c-47df-886e-8bad521c67e3,2026-05-11T12:03:07.856333Z,Clicked
00be158a-81fc-41be-a0d0-7dbc6d9f20c5,5c317db8-eada-4482-8e89-ba5590a15d7d,acc96de1-b5a9-4a0c-944a-6644d8486600,2025-11-18T13:52:29.856339Z,Ignored
5c247169-9641-4e51-90c2-f80ac4f0e057,075c9b58-ca2b-4b1e-85cc-c56602c4ab69,201afec1-2724-4348-9d4e-7bd1455ff916,2025-11-11T23:22:41.856344Z,Ignored
bccc03f8-e278-4b71-87a5-392b16493cbe,16346993-23ec-449d-8f4b-c7d0d31cf7ba,d262398c-8ac9-4474-8f1d-0ed804abf7cb,2025-12-03T23:55:53.856350Z,Clicked
36af38d7-4360-444f-9076-448fa7a85742,27f8bc54-1298-4d0f-b845-a4193bcff26f,d262398c-8ac9-4474-8f1d-0ed804abf7cb,2025-10-29T07:40:07.856355Z,Opened
7440a253-12b8-4ad5-a69c-bc62cda7d2e2,6cc74c31-3b13-4328-b41e-f177a553357b,23055d04-c67c-4d6c-9691-00192bd576fa,2025-07-03T09:52:44.856361Z,Clicked
873d4ab4-70e9-4895-a552-398fe6155e7a,5ec52cf9-f4dd-4895-86ce-55d3cc22f8f6,e3485424-d8ae-4456-9f29-1d9f616a9b84,2026-03-09T17:43:47.856366Z,Clicked
9dc02eac-5bea-4052-aa76-e0221bcd5b67,153cef29-7398-4266-8bbd-74a82a53b0eb,d262398c-8ac9-4474-8f1d-0ed804abf7cb,2025-07-23T17:06:58.856372Z,Ignored
a75c826f-b196-427c-85b2-49cd69a6cdcb,ab66ca5d-04cf-47b3-9716-8a39a8619a98,201afec1-2724-4348-9d4e-7bd1455ff916,2026-02-27T21:13:01.856377Z,Opened
d4c4becd-7dff-4316-b2d7-6c0b1c90174c,704ed6b2-33df-4a7c-9e2f-e37d650c515e,52f74d2d-4a6c-4a87-bc92-2ea46e0f6fb8,2026-03-14T02:38:53.856383Z,Clicked
77beecc8-c07d-4dee-a017-4eb5080e4658,393e8242-9d2a-4f22-904c-c851b62d9ff5,f34e887b-3b97-404f-8d78-ad0afc507961,2026-01-23T13:53:29.856389Z,Clicked
9087a398-58b2-4059-808c-a2fe85752faf,153cef29-7398-4266-8bbd-74a82a53b0eb,acc96de1-b5a9-4a0c-944a-6644d8486600,2026-06-14T18:46:06.856394Z,Ignored
dffc5475-82fe-4d55-8fa2-ed0d19a9bd23,6cc74c31-3b13-4328-b41e-f177a553357b,e148960b-0a5c-47df-886e-8bad521c67e3,2026-01-11T16:21:01.856400Z,Clicked
2a0e09a4-a969-48f3-955d-75d339aaee51,7f154fb8-3f46-4cc7-af4f-d6665b2ed14b,e3485424-d8ae-4456-9f29-1d9f616a9b84,2025-09-28T01:02:58.856405Z,Ignored
f1cd2112-4377-4bdb-9028-f6c8048f8f1b,f0659668-166b-41a6-a6fd-647e2247c1ce,201afec1-2724-4348-9d4e-7bd1455ff916,2025-12-27T18:19:54.856412Z,Opened
641a2abc-4175-4d3c-b79c-e7d8b57d3778,0527c122-6b13-4e96-ae89-bc3896d71c58,e3485424-d8ae-4456-9f29-1d9f616a9b84,2025-07-20T16:57:51.856417Z,Ignored
fe297140-045a-41fa-8e77-0d7f7e621104,a4e2e6dc-9c0b-4fa2-8763-56f3ee281e63,52f74d2d-4a6c-4a87-bc92-2ea46e0f6fb8,2025-06-24T01:13:31.856423Z,Clicked
7f958d7c-bb70-43cd-aa46-4143dd4ff97d,135f492f-201d-422d-bb56-4cb4fbb56371,bafbf00d-7cad-456e-bfd0-0d8fc60045f0,2025-12-27T13:17:56.856428Z,Clicked
e5129859-a57c-4a12-8f6b-872a1c7cc1c7,294a2906-edce-4866-bd26-edd6c8155aa2,f34e887b-3b97-404f-8d78-ad0afc507961,2025-10-08T07:38:14.856434Z,Ignored
45d0a5f1-6520-41e8-ba90-0aaa1b96f041,755dc9d4-d2b1-46e3-a1c1-b06013ec4b71,bafbf00d-7cad-456e-bfd0-0d8fc60045f0,2025-09-29T20:57:44.856440Z,Ignored
299582eb-48ec-423c-8137-1a5933b7cd3c,cc9847ee-737e-43ce-af61-502b51ed3f76,acc96de1-b5a9-4a0c-944a-6644d8486600,2026-02-01T06:26:52.856445Z,Opened
4a54aa18-70eb-43dc-a92d-1d1684ebf9ea,fbd89528-fdcd-4c1a-9b89-b6f6b0055aeb,acc96de1-b5a9-4a0c-944a-6644d8486600,2026-04-26T00:11:17.856451Z,Ignored
edf213d3-7087-4364-a3e9-1bf74ab27c72,ac9a6a42-7a1e-402e-885a-3f5a2251add8,23055d04-c67c-4d6c-9691-00192bd576fa,2026-04-21T05:50:31.856456Z,Ignored
a2d0d2e1-8733-4047-8c73-b44d1047903a,46b2e2f2-9440-4e0e-9e81-15ba9bc82d20,e3485424-d8ae-4456-9f29-1d9f616a9b84,2025-06-24T09:54:48.856462Z,Clicked
e8a462ec-a0e7-4c85-9b84-6002374fe6c8,b534e6a8-e709-438d-ac30-da91cd5872cb,f34e887b-3b97-404f-8d78-ad0afc507961,2026-03-24T11:49:25.856468Z,Opened
4ffef310-e731-4f2d-b646-7d54357c1711,fc734de3-f02e-44d9-b400-98a8f542d580,d262398c-8ac9-4474-8f1d-0ed804abf7cb,2025-09-15T03:39:55.856473Z,Ignored
dbeeb6fb-6490-4b1f-85f0-c2467f97c8b1,d7377450-ddcf-461c-a571-e7ba4c034892,52f74d2d-4a6c-4a87-bc92-2ea46e0f6fb8,2025-08-25T15:59:00.856479Z,Opened
48d750f8-ebdb-406b-b3a7-4cb43b204112,f0edb850-bb09-4ec3-9a80-d80a81143035,52f74d2d-4a6c-4a87-bc92-2ea46e0f6fb8,2026-05-24T18:44:32.856484Z,Opened
3ff86354-ee2c-4192-8518-e65d1bf0d9cb,98af55a9-dfcc-4ad3-bdf7-dd969404ddfe,f34e887b-3b97-404f-8d78-ad0afc507961,2025-09-18T03:41:40.856490Z,Clicked
5f073f4a-b8f8-4fed-a4f4-7dcbb80db6d6,11d8f766-b28f-4ce7-9f0c-00704445ed5d,d262398c-8ac9-4474-8f1d-0ed804abf7cb,2026-04-29T21:46:56.856495Z,Ignored
9c71fcd8-369e-42d5-996f-0306e9cdbc36,2dbec69d-c150-49ba-abf5-8a6c195ddc31,e148960b-0a5c-47df-886e-8bad521c67e3,2026-03-15T23:07:52.856501Z,Clicked
27e260dd-29ce-4f58-861e-ed2caa9d6f89,3d8ff089-8a4d-48c5-b3b2-a9c45afc4a3c,acc96de1-b5a9-4a0c-944a-6644d8486600,2025-07-04T18:29:38.856506Z,Clicked
c7a9ff16-8338-43eb-a4d8-10d5f4ddcba8,09e7e9c9-083d-4a69-97de-18d21411c6c9,f34e887b-3b97-404f-8d78-ad0afc507961,2025-11-04T08:20:34.856512Z,Ignored
424bccc5-b654-4df6-84c1-3f3b86a2d47c,7452846e-37c4-4906-a617-e6a9cbd59165,e3485424-d8ae-4456-9f29-1d9f616a9b84,2026-06-01T10:06:08.856518Z,Ignored
e086de39-fb44-4c7c-a3e9-8c83fa6902b0,e96b0330-2bf2-4221-8c83-a0321dc564fa,acc96de1-b5a9-4a0c-944a-6644d8486600,2026-02-11T19:55:11.856523Z,Ignored
7e08b255-7b55-4dc6-a852-5994bfabee97,731b131b-d1ef-4842-bd1f-e19a7c462f0f,201afec1-2724-4348-9d4e-7bd1455ff916,2026-04-16T17:16:48.856529Z,Opened
9bf1607c-6a7a-46e6-8416-9df6435e3f26,41a23ecd-369f-4a07-bd2c-bd9fe12a5377,acc96de1-b5a9-4a0c-944a-6644d8486600,2026-03-26T12:16:23.856534Z,Ignored
c3eb6d72-8059-43c1-a67c-b4c0b86852ec,3dfe8aff-e5db-4d6c-9b31-11b683ecca34,e3485424-d8ae-4456-9f29-1d9f616a9b84,2026-02-13T11:51:17.856540Z,Clicked
2bcaf5e3-667c-4e6f-883a-9add4375be6d,71c6e6d7-4017-4867-addd-e41f63141a8e,23055d04-c67c-4d6c-9691-00192bd576fa,2026-06-15T06:26:02.856545Z,Ignored
7a475c7e-2600-45ed-9768-f3abc459beec,8c5395eb-5111-40b9-9742-80230f944c91,e148960b-0a5c-47df-886e-8bad521c67e3,2026-05-08T11:57:03.856551Z,Ignored
7ded7b49-f96e-406b-8ea7-be7eec316f0d,37c52c6a-bf4d-4fda-8e8d-8d74f697fb2c,e148960b-0a5c-47df-886e-8bad521c67e3,2026-05-02T21:39:24.856556Z,Clicked
41f052f2-60a5-455c-a40b-8212531449aa,41488c42-d66e-45e5-8505-d5343a9bc597,d262398c-8ac9-4474-8f1d-0ed804abf7cb,2025-09-07T04:38:12.856562Z,Ignored
6ed5514e-4fdd-40e3-b46a-3127e7c0fc96,bcf3d5f4-08ae-45fc-bee1-810c7876023c,23055d04-c67c-4d6c-9691-00192bd576fa,2026-01-31T21:56:13.856568Z,Ignored
29ae4360-cb0e-43aa-904f-f90a6a1d8eca,38879f0b-f090-4a85-affd-1fe633fbdf8f,52f74d2d-4a6c-4a87-bc92-2ea46e0f6fb8,2025-07-04T14:49:47.856573Z,Clicked
c2b6b56e-36fe-4ba4-ac9c-4e177085aa62,dc4c8ee0-f6ff-41dd-ab39-7eca941f23b2,23055d04-c67c-4d6c-9691-00192bd576fa,2026-04-04T11:42:37.856579Z,Clicked
06a04b4d-6a87-4f54-aea6-66d41bb112c3,16346993-23ec-449d-8f4b-c7d0d31cf7ba,e148960b-0a5c-47df-886e-8bad521c67e3,2025-12-21T06:47:01.856585Z,Opened
d1e7f25f-805c-4bc1-b892-a39db94dbc22,c8aadad9-9b37-4350-a20b-928e2cab5566,52f74d2d-4a6c-4a87-bc92-2ea46e0f6fb8,2025-12-09T19:02:31.856590Z,Opened
c2f081e4-f93a-4e81-8283-4b70a63cb829,9fa106c7-15c8-40ec-b1b2-024fbda49ebf,201afec1-2724-4348-9d4e-7bd1455ff916,2025-06-25T23:58:21.856596Z,Opened
a5bbdd08-9312-4f81-a4fb-6ddbe57b0b79,bd94c06e-4681-43b0-9d07-1eda730c5033,e3485424-d8ae-4456-9f29-1d9f616a9b84,2026-03-25T07:34:07.856602Z,Ignored
97c259c8-95eb-4129-b8d3-46346a3f05d6,8982aeda-dab6-4b29-9e0c-e66c5d96fce7,f34e887b-3b97-404f-8d78-ad0afc507961,2026-06-16T07:10:11.856607Z,Ignored
4bf2ac69-0b15-4453-b85c-237b7aea728f,2f731e64-d8b8-44fa-9d6e-b05865a559a3,bafbf00d-7cad-456e-bfd0-0d8fc60045f0,2025-11-15T16:53:18.856613Z,Opened
df488d8e-8558-4806-81a7-1dd1ed59c0e3,84197273-d738-468e-ae5f-34937988f908,d262398c-8ac9-4474-8f1d-0ed804abf7cb,2026-01-19T10:14:30.856618Z,Opened
0ebd9886-9643-461b-95db-aeccba05f9ac,33023839-f105-4e5e-9642-a8e9c9eb9ef0,f34e887b-3b97-404f-8d78-ad0afc507961,2025-12-12T15:45:14.856624Z,Opened
4e757d4d-4183-42e3-9e9b-7ae8663d1ff6,a87daefe-39b7-464f-a645-517d1177cd68,e148960b-0a5c-47df-886e-8bad521c67e3,2025-10-12T20:51:29.856630Z,Clicked
4f783719-08b0-4a4e-aeb5-2ed978a1f659,81ce4717-4b0e-4e4a-8084-2cefe8eadf9e,52f74d2d-4a6c-4a87-bc92-2ea46e0f6fb8,2026-06-12T02:46:12.856635Z,Ignored
a5927aec-1387-4ed6-b536-09cf1763f0f2,bc2d7a33-bbbc-4c57-bc09-10e08146f5da,acc96de1-b5a9-4a0c-944a-6644d8486600,2025-12-18T00:48:28.856641Z,Clicked
228d9d11-11ae-4596-a36d-64aee003822e,54352cc7-79ae-49ac-9bff-3462af44cf4d,f34e887b-3b97-404f-8d78-ad0afc507961,2025-09-13T17:56:23.856647Z,Clicked
adba600e-2da4-455e-8627-80a1c5da2d1a,3c4a49d0-0345-47ad-9fdb-0b866e7c150c,f34e887b-3b97-404f-8d78-ad0afc507961,2026-03-05T22:09:07.856653Z,Clicked
9b3b861c-1873-4179-bfe9-1a4d5b37dd26,32641d01-608a-452b-a81e-79931539d759,d262398c-8ac9-4474-8f1d-0ed804abf7cb,2026-02-03T05:37:15.856659Z,Clicked
22a39dbe-8acc-4c96-b527-b2f85a525cca,eb6c7f47-465d-48a1-af4c-03c78e322f9c,52f74d2d-4a6c-4a87-bc92-2ea46e0f6fb8,2026-05-04T05:19:08.856665Z,Ignored
9992d14a-d34d-4fcc-acfa-e61b463546b6,5029723c-a5c1-41c9-ad47-61b044552811,201afec1-2724-4348-9d4e-7bd1455ff916,2025-09-09T17:51:32.856670Z,Clicked
eba6288b-9b8a-4b83-8a18-3a123ff52c9c,fba3a7c6-235d-4db2-9c8e-0971c3e0b0b0,f34e887b-3b97-404f-8d78-ad0afc507961,2026-05-14T04:39:15.856676Z,Ignored
97283ec0-7940-40c6-ab92-0c640c504a43,0a76fafb-1dfa-4978-8caa-088eb7df3fa2,e148960b-0a5c-47df-886e-8bad521c67e3,2026-06-01T16:46:05.856681Z,Clicked
aa78b721-1a3a-40cd-9c40-7d8a36f8afb4,5fcc0ff6-8a51-44c9-9561-6dcaef032e29,d262398c-8ac9-4474-8f1d-0ed804abf7cb,2025-07-11T05:55:49.856687Z,Clicked
77339fda-d942-493c-be2a-1320e3bda9c8,839bcda0-bab9-4237-9419-c8ee1adeac90,f7409bb6-0eda-4cbb-ac82-f019a4ca505a,2025-11-11T19:07:42.856692Z,Clicked
8b756ed4-70ab-4bb5-8d43-ec92e776c89f,00ca2b1f-8a0f-4552-bd32-c770a13c2b62,acc96de1-b5a9-4a0c-944a-6644d8486600,2026-03-15T18:37:43.856698Z,Clicked
f2c70c3e-e80c-491e-b32f-75428c5a280c,33023839-f105-4e5e-9642-a8e9c9eb9ef0,acc96de1-b5a9-4a0c-944a-6644d8486600,2025-11-30T19:25:53.856704Z,Opened
319bbe80-fffb-4e4f-9378-f0cacb33fb15,8c6e883e-fda2-4512-b521-4d5e4f1a24cf,23055d04-c67c-4d6c-9691-00192bd576fa,2026-02-05T02:04:15.856709Z,Opened
952f3ad5-5618-4bb4-a57e-08b5eae29773,bec95648-c377-4fb4-ac7c-e3e8767df2c8,bafbf00d-7cad-456e-bfd0-0d8fc60045f0,2025-11-16T00:41:08.856715Z,Clicked
e9437fc9-28c3-4dc8-a94d-da6d1ed055c1,67940b88-e2d8-4ce6-bd5f-a5b9e45bbef2,e3485424-d8ae-4456-9f29-1d9f616a9b84,2025-08-29T16:14:51.856721Z,Clicked
14222f8d-d6bc-4e3b-8b35-1b4371150126,37b111a0-fc80-4450-bb99-d2b2a088b898,e148960b-0a5c-47df-886e-8bad521c67e3,2026-04-15T21:47:13.856726Z,Clicked
eacb0336-5887-4d6c-a14d-4115f03687e4,bd94c06e-4681-43b0-9d07-1eda730c5033,acc96de1-b5a9-4a0c-944a-6644d8486600,2025-12-11T01:10:32.856732Z,Opened
c9e36c79-3a3d-40a5-8ec1-bc5a9fd327a8,9fa106c7-15c8-40ec-b1b2-024fbda49ebf,bafbf00d-7cad-456e-bfd0-0d8fc60045f0,2025-09-30T03:16:43.856737Z,Ignored
2b8aa769-2088-491c-868d-a7bf203e563b,8982aeda-dab6-4b29-9e0c-e66c5d96fce7,d262398c-8ac9-4474-8f1d-0ed804abf7cb,2026-05-22T08:32:00.856743Z,Opened
440bfbe6-ae4f-45da-9fb1-67b2102cd9ce,ff32a232-51bc-4f19-a5fa-ac9cf90b299a,52f74d2d-4a6c-4a87-bc92-2ea46e0f6fb8,2025-06-28T19:18:05.856749Z,Opened
0a3d4707-049c-4fec-b0ed-3834052c4c2a,69672234-8267-4c93-894b-da10423cfac8,201afec1-2724-4348-9d4e-7bd1455ff916,2025-11-15T18:28:33.856754Z,Opened
10073d79-8e43-43c0-8811-d17aeec44492,462bdce4-5d31-496b-9f72-65901779f309,bafbf00d-7cad-456e-bfd0-0d8fc60045f0,2025-11-02T08:13:39.856760Z,Opened
637f3ae2-1b03-47ea-86fb-feca77c78483,48c3b50c-eb8e-4708-a496-988f45e79034,e148960b-0a5c-47df-886e-8bad521c67e3,2026-02-23T04:54:47.856765Z,Ignored
940bb00d-fc56-466b-99ce-948740c990e8,755dc9d4-d2b1-46e3-a1c1-b06013ec4b71,f7409bb6-0eda-4cbb-ac82-f019a4ca505a,2026-03-03T09:03:07.856771Z,Opened
493f1ead-d9df-438e-9d5c-31f0d5e297ae,71085110-5006-4d53-be81-586c708f2ee4,f34e887b-3b97-404f-8d78-ad0afc507961,2026-04-04T20:11:22.856777Z,Ignored
5a04ec2f-b865-4c08-a9fb-ab6aec8f602d,d61841d6-2c66-4132-87bb-6efc7dc20ff7,201afec1-2724-4348-9d4e-7bd1455ff916,2025-09-20T12:10:40.856782Z,Opened
114f70bf-d398-4dde-8b85-9239df66f403,c19b95f5-3a9c-4cd3-b5f7-dd277fa82f4c,acc96de1-b5a9-4a0c-944a-6644d8486600,2025-06-18T13:38:16.856788Z,Ignored
24d48c8a-65ac-4832-96dd-6b033da3791f,153cef29-7398-4266-8bbd-74a82a53b0eb,acc96de1-b5a9-4a0c-944a-6644d8486600,2025-07-14T23:50:57.856793Z,Opened
5dfb98d8-1541-4330-b594-45824dddcdb6,be0e6f76-50b0-41fc-b767-65029d5bd15b,52f74d2d-4a6c-4a87-bc92-2ea46e0f6fb8,2025-07-23T17:20:02.856799Z,Clicked
9cef3dd7-157d-4ed3-98fd-35582c2c19e0,fc62a22e-03ce-44e3-8328-fb87332f8a1f,f34e887b-3b97-404f-8d78-ad0afc507961,2025-08-11T03:51:30.856804Z,Clicked
4ff6b724-bdb3-465f-938a-9dd443445ddc,128ede0b-9fd5-436b-91aa-d31b1c464021,bafbf00d-7cad-456e-bfd0-0d8fc60045f0,2025-09-21T00:43:59.856810Z,Ignored
d1ebf36e-8bda-4b12-b9c4-dd61551d3772,9fc326a9-8edb-4aa9-a7e2-bf8cb807fe31,e148960b-0a5c-47df-886e-8bad521c67e3,2025-12-06T04:54:09.856816Z,Opened
1d28d740-28a7-44fb-8d72-87bf7fcf55e3,0a76fafb-1dfa-4978-8caa-088eb7df3fa2,e3485424-d8ae-4456-9f29-1d9f616a9b84,2026-03-30T02:50:13.856821Z,Clicked
3ebbe72b-db72-445d-8c0f-19bb181ec222,3b4b1183-dc97-499b-89d7-1cca99d8fb7a,e3485424-d8ae-4456-9f29-1d9f616a9b84,2025-09-07T15:00:30.856827Z,Clicked
a35002d3-1678-48de-884b-3b49217b2024,6971669a-3acc-4929-a81b-51116d8188ad,acc96de1-b5a9-4a0c-944a-6644d8486600,2026-03-04T07:24:51.856833Z,Ignored
4f3733e6-546c-4595-b668-e457f32c5668,b5893277-2b7b-475a-8b85-665f277f6976,d262398c-8ac9-4474-8f1d-0ed804abf7cb,2026-03-06T10:19:29.856838Z,Opened
609fb7f5-35b9-4b1b-97b4-383ea3cf5255,ad8f8469-8b50-4e8a-830d-b61379913b88,e148960b-0a5c-47df-886e-8bad521c67e3,2025-08-30T00:35:20.856844Z,Opened
d35f1a2d-c691-4e76-a990-7d00daf622a1,419dcecd-203f-4ded-8c96-1e9e717204a8,bafbf00d-7cad-456e-bfd0-0d8fc60045f0,2026-05-02T16:23:40.856850Z,Clicked
c809e676-4166-40dd-a64b-057a6f01adb0,b70d275f-0293-459d-9f8d-0c69d539a5a1,23055d04-c67c-4d6c-9691-00192bd576fa,2025-08-09T08:35:10.856855Z,Clicked
15e8120f-8845-49f6-8818-b2371a0d091c,b160209b-16a2-48d9-abfb-6eb2de7e37bb,bafbf00d-7cad-456e-bfd0-0d8fc60045f0,2025-09-21T18:17:38.856861Z,Opened
a0d1c9c0-20dd-4410-bb88-16a355866c70,1f5c5636-0115-42cc-89e6-b0ccb70c0ca8,f7409bb6-0eda-4cbb-ac82-f019a4ca505a,2026-01-16T05:13:24.856868Z,Opened
1bc6ac20-3eb0-4e9d-9186-540aa1fb499d,8434f13c-5325-46a3-b0ac-cf2cca283d95,e3485424-d8ae-4456-9f29-1d9f616a9b84,2026-05-24T08:13:12.856873Z,Clicked
a8729a70-e454-41fc-bd5c-d6aabb1012a8,d28797f1-8438-4636-babd-2af66742afde,201afec1-2724-4348-9d4e-7bd1455ff916,2026-01-25T12:27:06.856879Z,Ignored
5b7fa8aa-7a9c-4ced-8ac0-46931336b58e,4a5c6de9-e24b-4808-a544-9bd7c3cb8fed,e148960b-0a5c-47df-886e-8bad521c67e3,2026-02-24T03:57:07.856885Z,Opened
54e8b805-1e55-4523-95cb-68bb5a344f33,3e8e9ea9-9dde-42f5-945c-e0b482a2c6b4,acc96de1-b5a9-4a0c-944a-6644d8486600,2026-01-26T06:40:07.856890Z,Opened
5969c449-bc72-494c-9ae1-b52858d27a01,98af55a9-dfcc-4ad3-bdf7-dd969404ddfe,23055d04-c67c-4d6c-9691-00192bd576fa,2025-07-29T06:26:27.856896Z,Ignored
0e293aff-d1d6-4647-93b0-51a47b1162fc,46b2e2f2-9440-4e0e-9e81-15ba9bc82d20,201afec1-2724-4348-9d4e-7bd1455ff916,2026-03-22T23:55:17.856901Z,Clicked
3e93501b-ccbe-4cdb-91d5-c98b65d1b290,9a83b095-473f-4a38-8302-b4f15b0be7da,f7409bb6-0eda-4cbb-ac82-f019a4ca505a,2025-11-12T02:11:11.856907Z,Clicked
8bf5b3f0-22c4-4f74-be19-97c350989053,081dd653-126d-48c5-8df5-309a2eb542f2,e3485424-d8ae-4456-9f29-1d9f616a9b84,2026-05-10T13:29:43.856912Z,Clicked
67d887bd-c2d4-45b2-a380-b6cb300dac0f,bc8b90b5-216f-40b4-9d6c-704d1a65a06e,e148960b-0a5c-47df-886e-8bad521c67e3,2026-01-18T21:05:41.856918Z,Ignored
0bcb995a-8dc5-4335-a1f8-0814f734a805,258c4c98-be7c-4316-8dc3-6780c33f7ed2,f7409bb6-0eda-4cbb-ac82-f019a4ca505a,2025-07-21T07:43:26.856924Z,Ignored
455d5505-1f85-4ed8-9c69-f5be839b6f34,8982aeda-dab6-4b29-9e0c-e66c5d96fce7,d262398c-8ac9-4474-8f1d-0ed804abf7cb,2025-07-27T23:39:55.856929Z,Opened
09ab5b1b-2e43-4e5d-9a9d-044fec143a3e,3c4a49d0-0345-47ad-9fdb-0b866e7c150c,d262398c-8ac9-4474-8f1d-0ed804abf7cb,2025-11-20T08:48:42.856935Z,Ignored
406f1857-5684-4fd1-b78a-fced4e6c7b51,53d63402-a235-45c7-b477-84478d07253c,acc96de1-b5a9-4a0c-944a-6644d8486600,2025-10-03T01:17:35.856940Z,Clicked
1e4d19a2-04fb-4a13-a19e-d655480fd69c,5a92d07e-709a-441f-b121-4dbbf77b51ed,e148960b-0a5c-47df-886e-8bad521c67e3,2026-05-05T12:21:38.856946Z,Clicked
31465f42-f8aa-49cf-91ef-688f1ca2c20e,ab66ca5d-04cf-47b3-9716-8a39a8619a98,e148960b-0a5c-47df-886e-8bad521c67e3,2025-10-08T09:49:13.856951Z,Ignored
48fd3504-50a6-49cf-8668-89f6329fe00f,37c52c6a-bf4d-4fda-8e8d-8d74f697fb2c,bafbf00d-7cad-456e-bfd0-0d8fc60045f0,2026-05-12T10:01:50.856957Z,Ignored
a08fb855-ca79-45ad-bd2b-94c0bac8a897,fc62a22e-03ce-44e3-8328-fb87332f8a1f,f34e887b-3b97-404f-8d78-ad0afc507961,2025-12-24T05:10:22.856963Z,Ignored
88175d99-e5ff-435a-97a2-f307138edbe3,9922e5c2-3b8b-45f2-a78d-2bc1e56e7ad6,23055d04-c67c-4d6c-9691-00192bd576fa,2025-07-11T05:14:42.856969Z,Ignored
075a6b53-f3ce-4b66-a5cb-06081ad6064a,0f2672d3-0d1d-4747-9e71-a91ada364540,23055d04-c67c-4d6c-9691-00192bd576fa,2026-04-27T17:31:59.856974Z,Opened
e8402276-1d7b-4d91-9cb0-84698f3e9789,0aa41ccb-4639-4115-989f-cb299da7289f,e148960b-0a5c-47df-886e-8bad521c67e3,2025-08-20T06:36:36.856980Z,Ignored
e3714f40-f00d-46f3-87a8-5898e17d7484,3d8ff089-8a4d-48c5-b3b2-a9c45afc4a3c,bafbf00d-7cad-456e-bfd0-0d8fc60045f0,2026-01-07T09:09:53.856986Z,Clicked
689c4ce9-32c0-4d2f-ab7e-761877cff38d,c2316bda-b2f7-4a2f-99f3-4564d9259f5b,e148960b-0a5c-47df-886e-8bad521c67e3,2025-11-13T02:31:47.856991Z,Clicked
201bc737-249c-4ab7-af40-035a5b064487,8c087de9-4cf8-4375-a81d-5e0362ad7f17,f34e887b-3b97-404f-8d78-ad0afc507961,2025-10-22T18:10:33.856997Z,Ignored
faf80e77-9cfd-42b2-b6b1-caa0e211664d,f7651a82-e7fb-4ce3-a273-b0bb7853f529,f7409bb6-0eda-4cbb-ac82-f019a4ca505a,2026-05-09T11:28:18.857002Z,Opened
c7c1aad9-2d6b-4640-b9ec-700abbefd831,b70d275f-0293-459d-9f8d-0c69d539a5a1,acc96de1-b5a9-4a0c-944a-6644d8486600,2026-01-06T23:17:09.857008Z,Ignored
8fdfb53e-2471-4d0a-b31e-91f58e614fc3,ada08aee-5c6a-496c-ac31-9874d65fa9e1,52f74d2d-4a6c-4a87-bc92-2ea46e0f6fb8,2026-02-18T12:13:09.857013Z,Ignored
d2a99e37-1b47-4c82-82c5-edf46361b9de,71ce25f5-0d70-476a-8e30-7d8c01c702cb,52f74d2d-4a6c-4a87-bc92-2ea46e0f6fb8,2026-05-27T17:58:19.857019Z,Opened
9c61ab0e-6609-4122-a81d-1508a1b774d4,7de37548-b3aa-4da1-bc4e-04984374122e,bafbf00d-7cad-456e-bfd0-0d8fc60045f0,2025-07-20T05:58:30.857025Z,Clicked
cbfa4c63-ea81-4b69-8ce2-f46477a24633,57dbd749-7b4d-4f82-b7bb-4aac6c352ab3,52f74d2d-4a6c-4a87-bc92-2ea46e0f6fb8,2025-08-09T09:45:31.857030Z,Ignored
1dd5770b-d19b-4c4d-84f7-deb5c0aafb20,4d5f2ae4-e818-4357-9aef-dcd67614186e,23055d04-c67c-4d6c-9691-00192bd576fa,2025-06-24T15:50:07.857036Z,Ignored
1c2d1606-8c79-4f56-b1be-95eeb5697911,bb57e5b7-892f-4015-b5c5-9165eddab54b,acc96de1-b5a9-4a0c-944a-6644d8486600,2026-03-25T15:57:43.857041Z,Clicked
34b2a68f-495c-463c-91b8-56a39a1a93a8,ab6bdc58-afa9-4848-b893-6647e617de37,d262398c-8ac9-4474-8f1d-0ed804abf7cb,2025-11-27T16:30:19.857047Z,Ignored
04b7ba08-8bd8-4b78-87d4-b4a483e55765,40cae0e9-cc22-45b7-83f8-5ca5013987c5,e3485424-d8ae-4456-9f29-1d9f616a9b84,2026-04-05T08:39:26.857053Z,Opened
05a51a4a-55a6-4a9b-855a-e12a75602f73,d0dcd297-956a-488a-84ad-f0c2b8bfac27,bafbf00d-7cad-456e-bfd0-0d8fc60045f0,2026-03-31T16:28:39.857058Z,Opened
b09949b0-4237-4b86-874e-fd370c911b3a,e1704595-0fd9-49aa-aff6-45dd16084a37,f7409bb6-0eda-4cbb-ac82-f019a4ca505a,2025-06-24T04:04:51.857064Z,Clicked
2cf1faee-03d8-48b5-846b-866acc51e8b8,24240383-abe7-4470-be69-d968d0fd03ec,52f74d2d-4a6c-4a87-bc92-2ea46e0f6fb8,2025-12-02T15:12:40.857070Z,Ignored
b528543a-5e9e-4bb9-8a46-07a80ee305ac,ca0da774-1aab-4c48-92be-298e5115308b,23055d04-c67c-4d6c-9691-00192bd576fa,2026-06-18T06:39:28.857075Z,Opened
6406f56a-87ff-4c51-a3f7-9c358392d89b,1989e8da-1fa0-40cf-bb0a-9b4001784526,d262398c-8ac9-4474-8f1d-0ed804abf7cb,2026-02-19T10:30:54.857081Z,Clicked
2427eab2-b10c-4f8b-8ef2-4680a1fbfe2f,8c5395eb-5111-40b9-9742-80230f944c91,d262398c-8ac9-4474-8f1d-0ed804abf7cb,2026-05-21T19:23:28.857086Z,Clicked
439f85a7-6e51-4e66-9a29-08f51bf4a0c1,11d8f766-b28f-4ce7-9f0c-00704445ed5d,f7409bb6-0eda-4cbb-ac82-f019a4ca505a,2025-07-17T10:02:21.857092Z,Opened
88d1da9a-9272-4aae-ab1a-5383adc1680d,f402778e-5da5-4f36-a834-a374c21a1106,acc96de1-b5a9-4a0c-944a-6644d8486600,2025-06-25T14:10:50.857098Z,Opened
5ca5bf3e-f33d-41d3-a605-cac37d252afd,4ad475d5-c043-4e0c-ae5c-8a87a3d11b14,e3485424-d8ae-4456-9f29-1d9f616a9b84,2025-12-22T12:00:36.857104Z,Ignored
8ea44338-b61f-4c17-8ae4-4bfd41bdbc09,336fe19f-6533-42e4-9889-9f123cfc4a1c,f34e887b-3b97-404f-8d78-ad0afc507961,2025-07-24T16:57:46.857110Z,Opened
badd18b9-1026-4761-bf9a-30dbcec00f45,df7aa237-7381-47be-a062-6fa5f8aa9f42,e3485424-d8ae-4456-9f29-1d9f616a9b84,2025-08-16T09:59:04.857115Z,Clicked
7171a0f5-29bc-4bbb-b46a-c8b30ba85631,50d63bd5-61fe-4e78-8ff3-2c6fc971d3e1,bafbf00d-7cad-456e-bfd0-0d8fc60045f0,2025-08-22T10:57:07.857121Z,Opened
cb1e2e83-12e6-4ecf-b25a-a5c53e87d321,90b20c66-347f-4f98-9432-00dcc7360c0d,201afec1-2724-4348-9d4e-7bd1455ff916,2025-12-20T18:47:36.857127Z,Clicked
2aa526e3-7271-4eee-9c60-d528cb548f8a,f402778e-5da5-4f36-a834-a374c21a1106,bafbf00d-7cad-456e-bfd0-0d8fc60045f0,2025-08-05T18:52:41.857132Z,Ignored
2a3fe9bb-a41a-4e3a-a6dd-1e1f42981620,40cae0e9-cc22-45b7-83f8-5ca5013987c5,f7409bb6-0eda-4cbb-ac82-f019a4ca505a,2025-12-02T13:24:26.857138Z,Opened
fa04362a-546f-48bf-94ad-294b75b63da6,37c52c6a-bf4d-4fda-8e8d-8d74f697fb2c,e3485424-d8ae-4456-9f29-1d9f616a9b84,2026-02-19T13:13:13.857143Z,Ignored
437ebd63-8673-4ed8-8776-178b440f9b37,4965914d-e32d-46ce-8abf-92f44d7cc7f8,e3485424-d8ae-4456-9f29-1d9f616a9b84,2026-01-29T00:14:52.857149Z,Ignored
73b65fb4-3a00-47bd-8234-ca4a4d72f67f,0455b293-7f74-4930-8c56-a6f15d8d1fe3,23055d04-c67c-4d6c-9691-00192bd576fa,2026-03-28T08:47:34.857154Z,Ignored
ef0c465a-8517-4662-895b-43f8d0ffe570,1fad1639-98e8-496f-a1f9-ff4a86b312a5,e148960b-0a5c-47df-886e-8bad521c67e3,2026-02-03T07:02:06.857160Z,Ignored
41bbd284-63df-434a-8349-3ce66f4077f0,6e088c5f-39b5-44fb-97db-fb9f5abd57ff,f34e887b-3b97-404f-8d78-ad0afc507961,2026-03-03T23:10:10.857166Z,Ignored
44a441b0-2d84-4b8c-9874-30ba95debe32,31ca2d81-c9af-4d2e-aff4-0d25f8280112,acc96de1-b5a9-4a0c-944a-6644d8486600,2026-04-29T10:45:27.857171Z,Ignored
413d4f8a-48eb-4b65-9e7e-f02850c42771,1746998c-acb5-427a-9787-30c373602d57,52f74d2d-4a6c-4a87-bc92-2ea46e0f6fb8,2025-09-16T09:40:28.857177Z,Clicked
2856ad4b-3e1a-4e8d-9630-9de62c8aa708,71cf88dd-1865-4277-ab6d-2119241d4757,23055d04-c67c-4d6c-9691-00192bd576fa,2025-07-22T15:06:52.857182Z,Clicked
48ee2035-2ac3-4fcd-bd6b-bab10974f293,704ed6b2-33df-4a7c-9e2f-e37d650c515e,d262398c-8ac9-4474-8f1d-0ed804abf7cb,2025-11-12T13:35:44.857188Z,Clicked
aa6310da-e7a4-41e9-8659-67836c04e648,c034b804-6b68-4938-8964-98f10b1bb2fe,23055d04-c67c-4d6c-9691-00192bd576fa,2026-06-04T17:20:09.857194Z,Ignored
733dbaba-3bc1-40ed-9a97-2c7368a13dbb,3d8ff089-8a4d-48c5-b3b2-a9c45afc4a3c,acc96de1-b5a9-4a0c-944a-6644d8486600,2025-09-27T11:15:04.857199Z,Ignored
81bfcbec-e2de-4a79-9083-c33bfd22910f,ee9020c0-6f9f-4ed2-810a-4a1abf6ca4f6,bafbf00d-7cad-456e-bfd0-0d8fc60045f0,2025-08-04T04:15:51.857205Z,Clicked
76ef4c53-1374-44b0-bc3b-c92cadeaa8d5,33695f6b-97f8-4629-b958-aee9db764e84,f34e887b-3b97-404f-8d78-ad0afc507961,2025-12-06T17:45:52.857210Z,Opened
724d3cfa-0504-4e8a-b5ef-4544fbfc023f,41488c42-d66e-45e5-8505-d5343a9bc597,52f74d2d-4a6c-4a87-bc92-2ea46e0f6fb8,2025-07-14T19:25:52.857216Z,Opened
d3efb154-bdff-4696-bc5f-2ddaf506dfbd,9cccee8d-dae0-44b4-890d-e8804ed2ba6a,f34e887b-3b97-404f-8d78-ad0afc507961,2025-07-25T08:07:57.857221Z,Ignored
131382fe-9a74-478c-8e5a-bc8661a0dc8d,4c56e24d-31c5-433e-861b-a265429a86eb,52f74d2d-4a6c-4a87-bc92-2ea46e0f6fb8,2025-12-30T03:59:09.857227Z,Opened
9746a58b-0691-4273-b3b2-883d79ae1edc,d71106b5-3273-4106-ac12-4eeaa74508a1,bafbf00d-7cad-456e-bfd0-0d8fc60045f0,2026-04-04T21:19:48.857233Z,Opened
0410dd36-6b72-47d2-9a7e-b31b382a88b5,462f73b1-9c2d-4365-a6cc-d8749f314bee,201afec1-2724-4348-9d4e-7bd1455ff916,2026-03-31T06:24:19.857238Z,Opened
0885e061-e337-45ff-94c9-672d543a04e5,419dcecd-203f-4ded-8c96-1e9e717204a8,52f74d2d-4a6c-4a87-bc92-2ea46e0f6fb8,2026-01-25T13:39:35.857244Z,Clicked
a49f379c-38a1-4973-80f2-71c3ddd05ef3,1fe9a4fc-5f35-4aa3-9406-fde8490f740b,e148960b-0a5c-47df-886e-8bad521c67e3,2025-08-05T11:34:47.857250Z,Ignored
3ad494d8-7d77-4607-839a-86e28e980266,e56bf6e0-1d91-4983-8a4b-9c738c58c2e5,e148960b-0a5c-47df-886e-8bad521c67e3,2026-05-27T03:58:59.857255Z,Opened
25fc49ce-218d-4122-b76c-1356fbd3be3f,6e57b55c-419f-4d5a-9e0f-6a06b8fb770b,23055d04-c67c-4d6c-9691-00192bd576fa,2026-01-16T00:43:22.857261Z,Clicked
eee03c32-4046-4974-8f08-670916e3c0ee,0fbeb056-602c-46ba-a213-7ec10f840393,f34e887b-3b97-404f-8d78-ad0afc507961,2025-11-06T22:04:45.857266Z,Opened
73d0f0d7-3c5f-473a-92da-e5540bc2a600,f5be1c8d-ff9f-4a97-82e2-da26824cf742,e148960b-0a5c-47df-886e-8bad521c67e3,2026-04-07T12:09:57.857272Z,Opened
d38d5ab1-2e60-4537-94b8-d524f87c6e01,f483e088-2c1d-4574-add1-03aa91bfb55b,acc96de1-b5a9-4a0c-944a-6644d8486600,2025-08-16T02:07:30.857278Z,Clicked
87d40335-47c6-4404-8552-a154d2680f0a,08f8ef0f-aa6b-462d-81a9-c861892c8ec1,d262398c-8ac9-4474-8f1d-0ed804abf7cb,2025-10-22T03:50:09.857283Z,Ignored
65885519-d57e-4b5e-b54d-07703fec4de3,37b111a0-fc80-4450-bb99-d2b2a088b898,e148960b-0a5c-47df-886e-8bad521c67e3,2026-03-03T23:45:46.857289Z,Ignored
3ef2a67d-5517-451f-a6db-8d8e721646d7,2020cf92-33bc-461a-bc2c-dcf46acc0da8,f7409bb6-0eda-4cbb-ac82-f019a4ca505a,2026-04-23T04:33:12.857294Z,Ignored
56cfd468-a223-471b-b8e0-28632e8cd384,74a7b483-dbb3-44ba-99b3-d77e3d1630eb,52f74d2d-4a6c-4a87-bc92-2ea46e0f6fb8,2025-07-26T09:36:33.857300Z,Clicked
f55d8f6c-c1c2-4c4b-be40-154e4b2fcb14,b4ae784b-3905-4589-8158-4c344b0cb907,bafbf00d-7cad-456e-bfd0-0d8fc60045f0,2026-03-02T03:03:50.857305Z,Opened
f63ece75-a293-43a5-9d2f-01ec3f40076f,75c5b85d-2269-4d65-925e-6eabbdb489a4,bafbf00d-7cad-456e-bfd0-0d8fc60045f0,2026-01-18T13:34:24.857311Z,Ignored
72bbd2fb-c33d-4a86-b174-a870e192fc3d,b8e2751e-fc2e-48b3-b71b-572335d63302,52f74d2d-4a6c-4a87-bc92-2ea46e0f6fb8,2025-11-02T15:50:37.857316Z,Opened
f1a68a42-c34f-4e74-a300-c808c72ea8a5,4f782818-803d-4494-86b0-18c174d4f6df,d262398c-8ac9-4474-8f1d-0ed804abf7cb,2025-09-07T10:57:31.857322Z,Opened
6dad216e-a2e6-4a5a-bb4c-2173395f6af1,3d8ff089-8a4d-48c5-b3b2-a9c45afc4a3c,52f74d2d-4a6c-4a87-bc92-2ea46e0f6fb8,2026-03-07T22:04:58.857328Z,Opened
443b5215-da4f-4e8e-9c45-10fa4bd2ef85,0789256b-0781-44b8-87de-82a9880227cb,e148960b-0a5c-47df-886e-8bad521c67e3,2026-04-12T23:24:33.857333Z,Clicked
92df7cca-8f6c-477e-8c66-604f833354e9,2444ce78-0654-4804-8a6b-886935b44474,bafbf00d-7cad-456e-bfd0-0d8fc60045f0,2026-06-07T11:37:29.857339Z,Opened
c0eb0e6d-c501-474c-b228-092dde6ac08d,7f2fc0fa-7e88-46d9-9367-bea32902ae90,52f74d2d-4a6c-4a87-bc92-2ea46e0f6fb8,2025-12-19T07:06:59.857344Z,Opened
20b04ce2-930c-42b5-8e64-3e327390f751,34e3713e-527b-4a61-bb6b-5cdd9a46816d,acc96de1-b5a9-4a0c-944a-6644d8486600,2025-11-14T15:21:52.857351Z,Ignored
8f9295c3-b45d-4de6-9f08-6757ca43c5ed,c369c565-e988-4e6e-ae54-accbd9d640fa,e3485424-d8ae-4456-9f29-1d9f616a9b84,2026-03-09T18:07:31.857356Z,Opened
96684d6f-2ed2-4d03-b45d-aab916cbf496,43ff3680-1dd2-4bca-a724-cabfccea5385,e148960b-0a5c-47df-886e-8bad521c67e3,2025-07-20T10:56:38.857362Z,Opened
