product_id,name,category,sub_category,price,margin,product_embedding
12e3fbe3-5387-41d3-b055-ed6b543f5f0f,Premium Hot Dogs,Meat & Seafood,Hot Dogs,8.62,0.25,"[0.9481720008677873, 0.2954441434442645, 0.442690169750553, 0.22082268316042897, 0.2052827698157108, 0.14024356149200046, 0.6258714133280886, 0.0685320492806808, 0.5587459284286177, 0.674882830960968, 0.33415295565455005, 0.15333698636005855, 0.045473104043575074, 0.45414534622548963, 0.4991893685267291, 0.2308567552718641, 0.007639852778826728, 0.33301066598774365, 0.3476291230770584, 0.28165187255251656, 0.06453361435528149, 0.765964620559365, 0.08258814055800812, 0.2187671409752091, 0.8283430991435691, 0.9543340470655964, 0.57640790076869, 0.32622689957422235, 0.10329861982136612, 0.05762493500335031, 0.5268234427580896, 0.740944269916546, 0.9449278153319397, 0.14424265328745856, 0.9142226572113904, 0.6917546435181966, 0.6180510017427393, 0.8820974579598908, 0.8823631601401362, 0.07900260939098325, 0.5427847841462974, 0.9148315927129512, 0.060212725146277735, 0.9171938348602151, 0.2460010686862223, 0.560582670331709, 0.16283763817627828, 0.6934980075694163, 0.03947052362007941, 0.6826152970509537, 0.32896082589104614, 0.47979773815814986, 0.29625371755609553, 0.591338993728244, 0.5606492451227935, 0.6979653258402395, 0.3207365425641624, 0.5861868064863432, 0.8534537539671544, 0.438706091881089, 0.3149999065105539, 0.8470538519582832, 0.802499368233901, 0.3001572145749294, 0.7108225707412902, 0.118058448939098, 0.8697892824225701, 0.25041579549961046, 0.27680293186337257, 0.6928267735082821, 0.3272536727538995, 0.3912999093068159, 0.023060101267263433, 0.34255290657515025, 0.985720383417801, 0.38066161052420355, 0.23219536005543384, 0.8102747526450701, 0.8283529189204839, 0.11546284473676671, 0.717632892624102, 0.7649934813788591, 0.4876418196537369, 0.6365074118480144, 0.4124235222805266, 0.927452274782954, 0.9218995449504657, 0.5920140802422937, 0.3073368523964045, 0.31638010881503265, 0.3685630421101118, 0.22203866964139707, 0.028370673540239144, 0.29231202204518847, 0.40214968633125425, 0.8248310022003731, 0.1753804175551067, 0.2556811078016942, 0.055241165163614436, 0.32461244165188674, 0.5671557715629287, 0.38092000213865773, 0.5946940431443284, 0.8260478915853604, 0.24901668386277753, 0.6632958035364698, 0.6524363044049013, 0.8689423032880359, 0.45835747457760145, 0.025180588451346853, 0.8970702631668456, 0.9193100956904251, 0.6261232943291792, 0.9682938237105253, 0.9352679835269354, 0.32716397784000184, 0.8888686924395691, 0.09126884969175375, 0.05716410954239315, 0.20346092766081147, 0.07520770198063487, 0.04663880280131261, 0.5478556605007455, 0.4234278323647539, 0.32528743219612055, 0.8450338444342991, 0.6480182316530273, 0.9532220605424399]"
24a56de7-f7f9-4a74-84ac-6ee7f5d63eeb,Premium Hand Lotion,Personal Care,Hand Lotion,19.69,0.07,"[0.35979319693853773, 0.53676607600267, 0.9645252077700508, 0.5022777711605712, 0.7505285644311409, 0.7035361997329376, 0.9973899691840197, 0.4719268264136215, 0.06921279721035689, 0.9821006377037158, 0.47978839667454243, 0.24256471764260923, 0.9305773370079131, 0.37450590862009736, 0.03817805608104463, 0.29350992985760394, 0.8282268018071164, 0.7251673865920201, 0.3752480067775281, 0.7150189001218333, 0.40949951468622225, 0.6291782778594142, 0.1763726560860016, 0.9187599412483941, 0.9989647213277068, 0.2829767746862206, 0.7004792954632802, 0.4576089446303975, 0.05646028728764296, 0.6999904576008253, 0.7036298316227267, 0.9321182697074201, 0.5862666654181526, 0.3624690301756527, 0.3892006837693375, 0.5003726862108479, 0.18291111667813775, 0.4847897013962592, 0.34145864179318675, 0.8880102445235966, 0.8467505415380386, 0.05291806145378575, 0.3956816137330248, 0.9037104175855601, 0.5356857227072633, 0.45917916472197307, 0.6244648100846615, 0.246699894604251, 0.23954985843933252, 0.5683863513276634, 0.7509253326505779, 0.08232669821270255, 0.5938271811238822, 0.8889548109882348, 0.525654244257241, 0.19270992098729545, 0.27310617321370156, 0.5411199331213733, 0.2385615683076031, 0.15813737307528752, 0.793238780305147, 0.7356991282158805, 0.615218940682499, 0.45100409650732376, 0.8581154297694393, 0.36055437337677865, 0.809040339644552, 0.17679645649650366, 0.9845227989724818, 0.8967505307476576, 0.24945598777797562, 0.13775639734124, 0.6660120326749323, 0.589439102591943, 0.6349303590718514, 0.5102772207362379, 0.3076022557530801, 0.17709427230004404, 0.4702892269034977, 0.2745099954416865, 0.7354041964392287, 0.6368092683107796, 0.8909755243769912, 0.2971014085821059, 0.8652414797433325, 0.767944868107745, 0.5900696446396955, 0.5696149399404992, 0.08342020489753554, 0.5885568278053898, 0.2684232352842274, 0.7116348296922909, 0.9887315838225197, 0.550053275221723, 0.5134486003828038, 0.043835200998946444, 0.6859506890809932, 0.8014832153122242, 0.009299177564004446, 0.2572070333762697, 0.45901389643602886, 0.752786178043464, 0.4338672070357793, 0.08017981373706162, 0.29636592891665603, 0.6289070028750215, 0.9227230789475062, 0.2649641713626413, 0.7826873879161617, 0.6506109141565513, 0.29108551140080174, 0.8811040468633804, 0.6991251020836412, 0.10345265837696793, 0.919144281404968, 0.5833770062484859, 0.3652247203905339, 0.6300906498488659, 0.04750520975492134, 0.7481684116044383, 0.8445853332247794, 0.025767966608437054, 0.5960825395474393, 0.9612971740096322, 0.4533109543684499, 0.34728017820677914, 0.5450831285234481, 0.1530303450153817]"
145417d2-0475-455c-bfdb-23ddc2020330,Fresh Ground Coffee,Beverages,Ground Coffee,17.99,0.08,"[0.6203971096015186, 0.1497461229373459, 0.7513574369948001, 0.12355475621492262, 0.596713713431608, 0.7581087607727433, 0.517227972703784, 0.12133439189437856, 0.17015889940252082, 0.45992235427754835, 0.7529384952129038, 0.9920725750157665, 0.45180647814254493, 0.7621856934772149, 0.10172871084650892, 0.2450580109718027, 0.8171466841866083, 0.2039837139540791, 0.5459904943056324, 0.27483999868318043, 0.6394927478842044, 0.8664551353612091, 0.7819097773855365, 0.8929853784527622, 0.27602544684679575, 0.2884587151945014, 0.6430868359422844, 0.007581025070897862, 0.20513407014060758, 0.06401048791994357, 0.4385412571534212, 0.47714614256064325, 0.04283006437579284, 0.8480012726195123, 0.3161520646440793, 0.9678194559201486, 0.24379093812789054, 0.495261684708985, 0.2979811269090237, 0.6698004181751082, 0.6676186641183368, 0.22734962180024554, 0.09864072153960668, 0.47459925832108596, 0.28656357551679246, 0.29883506722916775, 0.2059588178761519, 0.3565460739854249, 0.44949335798094636, 0.01990242757534666, 0.17320901363661367, 0.6233353675445311, 0.05077121178360555, 0.1729867836315171, 0.8925532552314247, 0.5012433741822814, 0.2739190305006842, 0.05761735487953801, 0.9047215452558117, 0.13015020345475026, 0.29634937220814905, 0.18574156462721203, 0.21924529969818052, 0.2065257861923, 0.9509649323955552, 0.6535890462995547, 0.06827114479000307, 0.7446925601475505, 0.5721488166620132, 0.3398585594887187, 0.45102315358289835, 0.9939748814300202, 0.26499427632225614, 0.5931033935302561, 0.9358563721197406, 0.7097680114398, 0.3211722221472926, 0.6070187954215506, 0.4448817842300966, 0.12778462796439105, 0.39464928391613907, 0.357826123921701, 0.16270045281473722, 0.44694034134132377, 0.39448835537216154, 0.10807239302863259, 0.5267087670098942, 0.11864030687467231, 0.28898777293752975, 0.5752701764407561, 0.34930464726209876, 0.15595416757531444, 0.5013374739563149, 0.7512038542653647, 0.34781296822721486, 0.8213379269160671, 0.3496749291006348, 0.8300753117519645, 0.7039632137006664, 0.7166021050519814, 0.2019097999026549, 0.884291129605738, 0.6861220110062243, 0.33791602929331277, 0.3153500369625398, 0.8249271137911006, 0.9098787750583123, 0.6844040373245893, 0.6907963033930948, 0.6092601271441458, 0.824932484445298, 0.36322653801393345, 0.7808097614693766, 0.05304958953441663, 0.5400845454548757, 0.7358817266182046, 0.14573063356970517, 0.5950130959156025, 0.8095947116776673, 0.936719026641402, 0.41855629152815665, 0.7226202318862661, 0.7589780520178808, 0.07784854857618251, 0.10844141666980789, 0.28618565638533067, 0.35414066067780925, 0.1547862608317352]"
ec97e4e8-1dee-4099-85b0-85d167c59b15,Organic Chicken Breast,Meat & Seafood,Chicken Breast,7.54,0.31,"[0.9417043537928294, 0.6468318396232176, 0.7222500817556624, 0.9993659722847484, 0.5086483414664048, 0.8209977252895516, 0.6991439182685192, 0.27122739923467154, 0.8129246849062711, 0.6576328751185484, 0.14616970200668955, 0.26388142017741767, 0.9199503830766085, 0.8266845210856465, 0.35066890723109256, 0.56600770058971, 0.996261344005333, 0.5851903102936481, 0.4616424293743997, 0.7418835191553775, 0.40091172756401494, 0.3882157217531471, 0.5918944896724281, 0.532340213442373, 0.3816320490129028, 0.3440485714149315, 0.8955845579341344, 0.5242186819083835, 0.020180392089578114, 0.33607851221242513, 0.17872671769836523, 0.44565236734627, 0.584345626497314, 0.7064605364966575, 0.17529515783802763, 0.44409436080881914, 0.2685767814271288, 0.5407691603833825, 0.5547136525560427, 0.7487027680482884, 0.9798764751648449, 0.02185785615370983, 0.5975469081063294, 0.16880485576230153, 0.2061463200879221, 0.7873463095071179, 0.7217332146864747, 0.039614617387983886, 0.3915205364867873, 0.7815382697785833, 0.6517047979793452, 0.2065582540279317, 0.17778623486972822, 0.5587642125727768, 0.16958790315030914, 0.21147569683099798, 0.22800692168604142, 0.5929178626832515, 0.45707807782864374, 0.637524228973832, 0.05515333276023371, 0.2507665075363563, 0.23260368940226306, 0.3088637268446075, 0.6264053107604023, 0.33349854521654265, 0.8931381123764949, 0.5557431772189627, 0.1462159741204797, 0.7642190631420406, 0.06335912599714388, 0.04494394553275993, 0.5862642458821115, 0.9680412859282832, 0.4099400804093488, 0.37458847410623897, 0.0638899086955057, 0.6649928312207798, 0.2616500169758287, 0.6290130230806191, 0.8221244003852408, 0.24912179219920405, 0.5557481096244876, 0.3179904521831607, 0.42573844210114176, 0.25295436867075494, 0.9530176785653565, 0.6039562387994265, 0.6189380891418108, 0.69901194054631, 0.31112057397454107, 0.38085511722968435, 0.13455953170838675, 0.4398055968273803, 0.13250386729601227, 0.6724351038115963, 0.4458161820099409, 0.10284729007705673, 0.9168388894430923, 0.28785225995833397, 0.23344670689149227, 0.07051305624114645, 0.3930133985924358, 0.35445512602561047, 0.5733499108614056, 0.6076798517321113, 0.7123466258187615, 0.7739512438625779, 0.6048425078584858, 0.4950992730788335, 0.383017443471681, 0.04305062279156857, 0.6440777821293957, 0.9544607331725539, 0.9632406832898769, 0.9937409604162447, 0.24501451385157436, 0.9877965548655282, 0.36510989781918524, 0.42617203817868043, 0.2177673074262162, 0.5387847325640048, 0.6105693892776771, 0.6221774520197705, 0.2625525443754678, 0.6254830570386835, 0.35696187519943656, 0.2723743420419178]"
c6fa1138-4ec2-4637-9504-2749bc13e06f,Organic Free-Range Eggs,Dairy & Eggs,Free-Range Eggs,22.13,0.37,"[0.4130251731715189, 0.4978944795716266, 0.5681635411076422, 0.2923970832999193, 0.7310451777383212, 0.15557258529663176, 0.45869006090021003, 0.9700109594527829, 0.0670203585272342, 0.2459730388606678, 0.9592636021126896, 0.5920486881140155, 0.7726502780196307, 0.08373970992819313, 0.2063721608582033, 0.41527316066756426, 0.5055137847005308, 0.40021408942350123, 0.6346547313664537, 0.066595295813341, 0.10344859031494635, 0.8773975707732917, 0.27499157753015346, 0.7782022602713541, 0.3089033419991113, 0.839937505920108, 0.9275705680925233, 0.9799081082358603, 0.4924024050989214, 0.650529405543503, 0.01131584018025733, 0.13892311635808396, 0.4238625945332305, 0.02484835170084243, 0.4138108623735304, 0.6814292350261423, 0.22359601883506508, 0.8708094437739436, 0.47387938704041577, 0.5019034583364494, 0.5791049733584114, 0.06420433922025603, 0.6053370767713634, 0.2341849324718498, 0.5060401429961218, 0.6537490997287174, 0.10022447985257155, 0.7287074977819673, 0.26396067769640263, 0.29029163233924715, 0.6126761167644799, 0.3893386772238917, 0.15982891950548683, 0.3097298964751476, 0.7371055023024902, 0.6441358463896515, 0.9019023698779396, 0.9765781746343055, 0.30836333357115164, 0.16519097371559377, 0.32702151024450843, 0.35809565729256676, 0.6501428347105477, 0.8388183628042413, 0.521278935955936, 0.7815602036728571, 0.8741196336185879, 0.6994516222483591, 0.16812856934892906, 0.3114712275058703, 0.6528510195892744, 0.05844518943026611, 0.4529619107530458, 0.3997815325002786, 0.2638745922205218, 0.25636049088229296, 0.13358388488942674, 0.28485246523021157, 0.29612953738448633, 0.9176265576269114, 0.21148005837539485, 0.05022402590635755, 0.014087867606509374, 0.3202498446115969, 0.2503928926473039, 0.21931424975458913, 0.6241418974180977, 0.6398294354245552, 0.07853230209732065, 0.6984861094720467, 0.847468623831627, 0.22275900101885382, 0.8677502540027326, 0.3736119323301428, 0.6981687079125788, 0.033610499731147714, 0.6238193665345042, 0.14839660390220843, 0.9263359033991573, 0.8701376896982312, 0.47347643798611927, 0.5274935397159729, 0.8305610506446895, 0.036066625044430145, 0.06434438426451317, 0.36216104853708664, 0.7463209503221693, 0.8319071911514465, 0.41554165313403846, 0.2503488828500613, 0.8454054029868056, 0.6537539255061323, 0.40211999100177076, 0.04103532954583844, 0.7560006635409257, 0.7490180005482784, 0.20361535010882548, 0.18570383180503314, 0.8262446469673017, 0.05626862494780027, 0.3820983640592083, 0.4980886379712738, 0.8792933130238134, 0.16526696361974236, 0.2813535594989266, 0.8437268970310161, 0.22401464241934077, 0.8242745990538948]"
372ded30-38b9-4299-bf0d-124cb3f95d09,Fresh Oat Milk,Dairy & Eggs,Oat Milk,2.77,0.16,"[0.7266176482750656, 0.2875872986537421, 0.09462523849833293, 0.40868100041651223, 0.34483145078950606, 0.2684806080905402, 0.09144140652215971, 0.19583105932433686, 0.8292729926691123, 0.6111720553868604, 0.6140625436742334, 0.5916469865360396, 0.6961483856699369, 0.7275105210113676, 0.8100112545727881, 0.5277231739903298, 0.028251768164109792, 0.4116506230802597, 0.18022939789792902, 0.35536543338891025, 0.24484212531281402, 0.4311634617609694, 0.6456113994934376, 0.4018408597560461, 0.20678281510499485, 0.44507070729625686, 0.9380596121116536, 0.726530429509627, 0.27903819578558464, 0.5521937766571349, 0.8552170607527202, 0.9145907265227984, 0.1298721447534663, 0.21644945352340983, 0.07558063202702991, 0.06653869603358487, 0.984488552770195, 0.8171254992568167, 0.30976250161048324, 0.5466398174149345, 0.5970347996667565, 0.8808084813059875, 0.6795203151939597, 0.18466764236963717, 0.3593228625085838, 0.31693184544406694, 0.916688227515378, 0.6786950390957095, 0.06970388257291382, 0.3922159981166119, 0.9737256152511184, 0.6464795220699436, 0.01207728033296307, 0.14795449987517217, 0.19927516964477865, 0.5178142626394712, 0.8343441264962842, 0.21968063720854858, 0.3563612429281299, 0.7849340919548932, 0.5353036569239019, 0.08668524052025472, 0.3983715754671513, 0.011484427118954477, 0.2770506270182327, 0.05299887951529092, 0.9660679005163265, 0.7431700357978668, 0.4610674528872526, 0.9925759718203426, 0.24943696270212024, 0.5592682284915527, 0.5941235957720453, 0.6923466534454, 0.9015083053341751, 0.2566242506370705, 0.9621742797245072, 0.2546480194125842, 0.540458424320836, 0.5259595389388991, 0.16404161632548486, 0.7812460918166549, 0.7482730594166704, 0.9439558969053984, 0.4551654201489763, 0.5076201795634778, 0.7779541122906196, 0.4242201927367193, 0.10042755528666614, 0.08114589714366349, 0.6396645488536901, 0.5658883714312054, 0.16845928443325175, 0.8011781488046423, 0.5735301900480956, 0.0412265571551792, 0.13486997934008138, 0.9862472854416348, 0.141422158558009, 0.24689857504223456, 0.3282614958657146, 0.4916701759873242, 0.28342302231581795, 0.4726153729035685, 0.7677127387583156, 0.797144858227609, 0.1082387048302349, 0.7046394678937034, 0.772008327261537, 0.4971010357458132, 0.23971258220680736, 0.6360496642945757, 0.5940548274487629, 0.6528508451742695, 0.5747227927965216, 0.6209615186000115, 0.4252406841138744, 0.05017956478939822, 0.04917734521934447, 0.8032401490089495, 0.2551850551525314, 0.7349786158505778, 0.9318532932043118, 0.24128018652200056, 0.20563629707060316, 0.4193962331816893, 0.9640654430638822, 0.1527578781686073]"
96164111-3295-4ecd-9696-77c13aa1e9c6,Premium Cola Soda,Beverages,Cola Soda,24.02,0.3,"[0.6695890295357202, 0.7300553594046727, 0.44378819457352425, 0.30938330480082, 0.4096300835529786, 0.10697737379120298, 0.6599450605948072, 0.9362318597153652, 0.6162930177789097, 0.29399679611715546, 0.731965323555973, 0.4632316972538949, 0.46076862932209517, 0.5692267138747198, 0.4075333365568403, 0.49994829697968757, 0.8589491682096054, 0.6439987303328526, 0.39589683481407434, 0.08972720412199986, 0.6872056760190959, 0.6925414862680538, 0.18583718032892982, 0.6204782117260824, 0.08674220848934555, 0.7708407523898064, 0.6837880048433125, 0.6626160814104272, 0.7175459316144597, 0.3827009080707682, 0.5680436155736326, 0.07092224780640799, 0.07522309875818867, 0.6146004037647415, 0.8283456669460303, 0.7262988165590465, 0.9096036293536944, 0.03019925110636401, 0.6229587659918714, 0.19676969283272616, 0.4794704951340475, 0.0689564006560549, 0.992188203039396, 0.5453686450969756, 0.07585421871824116, 0.8173835273012466, 0.4138388138805582, 0.1695531728374412, 0.8953854566799057, 0.7102433440223985, 0.5896724790521988, 0.7556848070936399, 0.47324906096346897, 0.9157952886029254, 0.06459530499210753, 0.957010631409487, 0.4552080262666377, 0.3448412262177113, 0.18115732265292728, 0.5872093829905316, 0.1718876096439783, 0.8123108406823341, 0.6375036199860318, 0.582081662078246, 0.22973555132649648, 0.4909726529172769, 0.5772349866305624, 0.8146807578730939, 0.8890165480250428, 0.20367378878645592, 0.5833080643242057, 0.252596836944593, 0.31517952454697673, 0.3948139569563246, 0.9780786064424812, 0.1813221982954074, 0.6719351752148739, 0.6666447484464587, 0.920870795157354, 0.8079977282364543, 0.07502119151482378, 0.7420230087977692, 0.5023181155421267, 0.13293587699146137, 0.03134972545035164, 0.3211417831946729, 0.795213454125363, 0.46751728730926345, 0.2190623190173172, 0.3981560897573394, 0.6983809208668598, 0.2974658191395385, 0.060819874342820435, 0.4274013715710082, 0.9956926989622585, 0.7449340524341262, 0.6481612986170048, 0.8432207369997732, 0.7553000700001894, 0.9428245095506759, 0.2631768230499244, 0.4633806282233275, 0.9214772667579427, 0.9115631675676256, 0.4109348136339016, 0.5022889673568308, 0.6176651337833259, 0.4542769159049602, 0.1294381439899691, 0.8543426075432838, 0.9426953812162892, 0.10212254179659741, 0.42740433716737436, 0.3522213638757773, 0.894849213509368, 0.13673782891605513, 0.7936127478773949, 0.6454460034052893, 0.3939959655547859, 0.7907834616744754, 0.2665797814983446, 0.3773381347061078, 0.5685382874996565, 0.9246748962289969, 0.763198486991348, 0.5851611797971872, 0.8003322568920418, 0.8861272427228575]"
37727a64-f037-49a9-bcf8-086215ecb7fd,Nature's Dish Soap,Home Care,Dish Soap,8.3,0.31,"[0.6531454438366685, 0.5761576968415363, 0.0647935971636856, 0.8169488190618909, 0.25442621902361595, 0.8351808304240347, 0.6478710011124486, 0.09620504597228152, 0.5490668935845967, 0.4231459093032919, 0.9143966502812584, 0.9733972889739056, 0.00609268657781048, 0.4889518560898575, 0.9447925757262156, 0.12167314464825585, 0.4740282134326289, 0.7624640855232475, 0.7370418874190151, 0.7031468984300057, 0.8287476514381726, 0.7124879817073143, 0.8194086064248122, 0.9553578966902546, 0.22650008467434446, 0.7004646834688263, 0.9229848544647783, 0.4313017082430399, 0.7521523417951885, 0.6341867911249642, 0.19302442585131252, 0.4311502216163048, 0.5394391384941658, 0.9801566401243675, 0.8030262215430568, 0.28968854768063224, 0.057045375040505886, 0.8167288984910729, 0.7615174610746588, 0.07112074179288519, 0.3664626314276068, 0.3648280969679365, 0.1389078794174481, 0.5515169729469986, 0.8824613562791571, 0.33008735334774275, 0.31943561560943434, 0.9024924492312828, 0.6599166733540663, 0.7088812395526161, 0.8853947164416973, 0.598386163398166, 0.3821402409798048, 0.7760441043279097, 0.1467984221458044, 0.362463003374743, 0.105035334881595, 0.23369661889546234, 0.3292470967732356, 0.06095959527309691, 0.28640284311044295, 0.22718005751878512, 0.5197027389339439, 0.012790179101408117, 0.29177193890571973, 0.938881945969708, 0.004742268768563096, 0.9914263291614246, 0.051320567758708635, 0.5057654584673228, 0.5878100390414991, 0.9681800934343588, 0.2061780863792062, 0.11734100564713612, 0.6444970925783507, 0.309124132859007, 0.12175845949846764, 0.3899893897421637, 0.7748574896376637, 0.6839751300282076, 0.3344621877479209, 0.03535407865776674, 0.9614131046801453, 0.2788217234205681, 0.08380062430859636, 0.052022836378360915, 0.9926059905940152, 0.706624267905616, 0.9537210058625039, 0.6673662108494076, 0.1429227423069539, 0.12977286620991835, 0.4653441634115917, 0.5613759197842493, 0.7133499974408929, 0.9619519396454197, 0.5569281032906138, 0.3588668687299318, 0.4994235650631921, 0.6263630724272921, 0.6105523112580477, 0.04358958323198814, 0.7313240374319947, 0.26276491227516197, 0.36192362133731126, 0.7232324383951798, 0.5299220645563082, 0.3054325920860276, 0.1676271805289613, 0.24005615642020828, 0.6397603349612254, 0.3342260392493238, 0.9854235939478377, 0.05842355438420754, 0.03329791396538884, 0.8674416171425053, 0.468488251290092, 0.5893509543010533, 0.2595996318946967, 0.44503536279507083, 0.05728354098891786, 0.8336595723745499, 0.506673688309943, 0.668307154497993, 0.7856644653010865, 0.9501060865342533, 0.5031128017168376, 0.1512254809221647]"
1cac4b7d-9687-4005-8aba-406a7a82bb35,Nature's Glass Cleaner,Home Care,Glass Cleaner,6.0,0.19,"[0.005264026675757427, 0.6064587095574979, 0.9695866628926688, 0.47336734536340297, 0.7465934593823662, 0.24972044520399872, 0.8234342343241559, 0.4382227883427645, 0.9198387407204778, 0.5159749270210451, 0.6679793043804628, 0.5604950022948268, 0.37157119350685885, 0.2883583508497034, 0.22086077779379953, 0.037032706250354486, 0.9824684917540879, 0.6161637335524704, 0.7208487939958441, 0.36983106015538547, 0.44871008900315235, 0.8697019254274517, 0.5102932160728872, 0.239687391910256, 0.6558738317703863, 0.8108009197368122, 0.5768165033131953, 0.29944771713453633, 0.7390849742810573, 0.8424958626617112, 0.38495786969523227, 0.01914572470794107, 0.025418756732533132, 0.06883601045398746, 0.6069201851947933, 0.5251930366499449, 0.8767659084133533, 0.10612051390684596, 0.611068711788766, 0.0934752840329558, 0.36270008927361386, 0.8532372886809366, 0.20548049905781984, 0.7914210411695857, 0.8464119220205474, 0.5511500056918506, 0.9753837811249276, 0.9291228647793374, 0.895775349851275, 0.29006229953194906, 0.5060282641073846, 0.772204474425975, 0.6992582527705739, 0.6068158690105292, 0.05962622834232989, 0.15394021281956138, 0.18322436708708256, 0.7434431382937219, 0.6967151306319032, 0.8061357546085759, 0.15346272165567132, 0.7446676917736849, 0.8109992458688748, 0.07606881063015603, 0.7855430935957737, 0.5999729646499669, 0.07622264031014636, 0.33328410929445873, 0.531628477086195, 0.43849054355101635, 0.008608479495344379, 0.03248254476794321, 0.259491420373261, 0.41009791787285177, 0.8758519623792046, 0.2214880530717368, 0.4559433082927724, 0.19833188091842613, 0.4265774975999298, 0.0271706774646564, 0.17444253332710125, 0.7532919498557644, 0.6194031953963555, 0.03425571202429023, 0.13558402312942552, 0.16391057919366425, 0.02515131871826415, 0.6829116483651514, 0.46183274554122256, 0.02069292456481764, 0.17519874141200642, 0.7731926218383937, 0.5575062861708834, 0.14669192392010844, 0.1984484261453805, 0.06994684414772112, 0.4019608529395454, 0.34684167082284567, 0.8807258946904727, 0.7906083811121506, 0.8678786083285592, 0.23189006101092002, 0.6497974276963933, 0.13067411274080432, 0.9529694390111392, 0.9457378903732981, 0.8709639577939434, 0.32249892917094103, 0.7135018582952104, 0.13087555467998857, 0.5682184177747196, 0.6409041313716594, 0.020567568363460298, 0.15662611918058222, 0.08823090860824379, 0.9767960571616879, 0.18893533661946327, 0.8725239006178928, 0.4979842246193732, 0.47335540284790045, 0.9985486275511863, 0.8644252116636049, 0.7833673739965714, 0.44831908837972223, 0.4138303964595328, 0.08605727469542102, 0.7509546063656952, 0.30266117081280053]"
95176c1b-f8b5-4499-af67-49f7732c6c68,Essential Fruit Snacks,Snacks,Fruit Snacks,7.14,0.3,"[0.020469833089779343, 0.6189942639954844, 0.7368650354740965, 0.03540119800050767, 0.18941404914331306, 0.21848124282195858, 0.7812663887325524, 0.4706530596784949, 0.273882582731526, 0.2066502596726374, 0.34349139023248165, 0.6044473040666883, 0.19423727106125022, 0.2550001285385568, 0.7783678101624969, 0.439475698841699, 0.7678814053238605, 0.6816953679921777, 0.13767716586980705, 0.7557794488196119, 0.5903081251428819, 0.36582790521529074, 0.807802198051502, 0.8626674834332908, 0.26213053067023706, 0.7306366485396428, 0.7294975921452865, 0.7065848749904197, 0.4110051344354151, 0.4605678516597683, 0.7626847761789972, 0.20072832417867137, 0.21137672896845572, 0.002429353105360299, 0.5386654080451804, 0.5461309463767764, 0.9629015651988662, 0.8710224234916676, 0.6584036254736705, 0.4687703636585382, 0.4047035850506687, 0.45677692579860485, 0.9070677835750643, 0.9239427063523186, 0.685177160085762, 0.7753643689164759, 0.801365013942753, 0.7947439313178599, 0.7149425923522752, 0.22244729829880794, 0.8260264929828467, 0.6041513322211596, 0.3751430278517419, 0.9192944537192486, 0.40820499952699074, 0.9434437193696356, 0.59509229408816, 0.8803764237002203, 0.17643396415027646, 0.4244257591641736, 0.23343470109305975, 0.9980910456614352, 0.3696941168933896, 0.9961443808313339, 0.11226964448691501, 0.042469321108530744, 0.12227804993974412, 0.957911614660444, 0.5583291137933465, 0.6001041764625528, 0.9094628604144416, 0.5626446834253437, 0.21099953175261876, 0.7401898576539274, 0.03911284997649456, 0.34653123827620913, 0.4487401320527765, 0.8794127264905182, 0.26881082319111715, 0.30017743016088505, 0.323991839326379, 0.665846652087693, 0.00879683818544652, 0.24235540965469438, 0.22125104958068464, 0.3890172404276212, 0.7464337740610864, 0.5312606581486774, 0.8020484201911553, 0.7689639424452653, 0.4463869154956852, 0.20893247638594759, 0.41517497654903257, 0.6439994837798645, 0.7951996171546891, 0.08736880372641898, 0.22458883371324634, 0.6569268855068574, 0.3950220845939538, 0.39002077009186187, 0.5491333648825619, 0.3038671387330446, 0.1496396858747413, 0.10104751767951914, 0.5767521436249112, 0.8166398927898164, 0.007062307453846395, 0.13433875490564684, 0.21796759792192522, 0.3484984145361899, 0.6650327373998138, 0.09027284997055973, 0.42346474218790275, 0.626828116892099, 0.31300830151273307, 0.028859185548344657, 0.2511249554356404, 0.46111818633255375, 0.7896553410323605, 0.986074965594861, 0.8973993769618002, 0.44405749387978755, 0.3719593609885772, 0.32850864764483334, 0.8763368492052471, 0.17589522628646947, 0.08331326373938353, 0.1896239848039265]"
02310335-8d93-4be9-af7d-55de45097af6,Organic Pretzels,Snacks,Pretzels,5.53,0.1,"[0.2934694348337886, 0.6311876961733348, 0.2665628441631802, 0.6074119042101487, 0.6162544637900694, 0.6837095222927686, 0.625845517404221, 0.5042978150148105, 0.41380606119817287, 0.583634360318201, 0.7769225094183783, 0.9179995543256774, 0.6628175371987222, 0.06711363223571054, 0.18836381926883905, 0.5322574639463283, 0.38324554669578526, 0.8326124304044143, 0.727350515060488, 0.8141207318466053, 0.34457656841424544, 0.4393630359114774, 0.6121249566965763, 0.9032696013551512, 0.040266263637090405, 0.03890179009615646, 0.9765733811742701, 0.7021740132164782, 0.4973207952244383, 0.4074313760823347, 0.32256008104195477, 0.10069352711224022, 0.7323787075053565, 0.6673547852524815, 0.5905124201008853, 0.4614906564715089, 0.8391136454801047, 0.8715321194651219, 0.7699335977681445, 0.45553011236388097, 0.12047026670488903, 0.43322189064337224, 0.9583576156576147, 0.8315572129678069, 0.008859248546898013, 0.8510466620112965, 0.25303168923765507, 0.3139662077553872, 0.3796833320308747, 0.19645823328772172, 0.8976254314525023, 0.12068475296699821, 0.44705077726930675, 0.1501866078380225, 0.641846449624144, 0.6244505764350812, 0.01618834259012969, 0.5899547669210503, 0.07410759936835332, 0.24328465362416973, 0.9451896579561715, 0.4389624442687111, 0.7829553693855026, 0.15393678636234476, 0.8478058834492398, 0.24848148091220412, 0.5065039001225552, 0.384617562910743, 0.7877160525487251, 0.45911761366583603, 0.3649501378750466, 0.8580616401719906, 0.05929070159397898, 0.872590580679765, 0.5825970400558284, 0.09611355195310889, 0.16216615270908952, 0.5080186570970644, 0.2265676639480514, 0.6469197802262663, 0.5120568510497433, 0.9490928055145605, 0.5302975650021807, 0.34639003037032723, 0.2372189717312151, 0.9304320393957868, 0.9079977621183443, 0.6687269919983849, 0.7503395221693805, 0.4909062875411583, 0.7062083759071414, 0.033015168186074195, 0.6994077625091072, 0.8989794599311414, 0.08906602609449421, 0.5240697936185053, 0.4369372254158763, 0.9415045443405234, 0.25067756026194177, 0.6432280288797994, 0.8922830732102108, 0.4310060412056914, 0.5928862441225945, 0.769205377075009, 0.17317347917726267, 0.28331347607449386, 0.5623771157879421, 0.863733392998871, 0.09220471194616542, 0.2739427294100818, 0.42382432129367953, 0.9968105908079273, 0.3287445327761771, 0.19585606098207842, 0.7162308840169597, 0.3197831813858364, 0.9083088718129498, 0.7557940093469421, 0.0999564469644958, 0.29759696712752126, 0.7038144519313043, 0.5820815674089056, 0.9848355545635088, 0.9205453832530497, 0.4031548608323485, 0.8929930919848501, 0.1525504610393288, 0.5127155259921493]"
242a17b5-0a2b-4177-a01c-b2d07b8435df,Fresh Trash Bags,Home Care,Trash Bags,10.5,0.09,"[0.6971743047410315, 0.34850783485216197, 0.136086067179774, 0.5386536151262191, 0.7841256033498065, 0.4882607739181086, 0.5524671057233423, 0.657566911527014, 0.9548583105189898, 0.3617849288195033, 0.661746757102373, 0.46186021376027175, 0.8923566576007097, 0.7813238978201694, 0.896268161968165, 0.05323272211336971, 0.972863926185661, 0.9453443089900428, 0.710897928509251, 0.020198829932788986, 0.17742855775467925, 0.05032466838482874, 0.5439494978038119, 0.5989069703101212, 0.49220747409084276, 0.7727366268163997, 0.6654650782472513, 0.6819552614217652, 0.35425024276140893, 0.6789483583272228, 0.33194760981292615, 0.9313935015895846, 0.6154977838049885, 0.8456901763698443, 0.9001719450723603, 0.20347002493246424, 0.7334064231754642, 0.4237072308575398, 0.3635460461011303, 0.631398643904107, 0.7591623655693259, 0.966064211322612, 0.5355345666456228, 0.6608290863028684, 0.9488384490809207, 0.2916157901423556, 0.33743321340359367, 0.9720823105072021, 0.092298008234869, 0.9743604818930621, 0.9628453009020154, 0.8597102450867565, 0.7228795878595382, 0.47136591252369064, 0.9062899251527508, 0.29940255225274637, 0.10708081138641479, 0.2700239400527321, 0.1487609201613027, 0.30681005003141637, 0.6484582244548115, 0.5615572144021294, 0.1751757876849418, 0.04870520380568488, 0.7893150414142318, 0.6440902381119059, 0.25036355755343864, 0.822883147740442, 0.5839378817930387, 0.39576890979982593, 0.3068241284535761, 0.6460046338647449, 0.9857302900142672, 0.09986966482038806, 0.21494573725022514, 0.6280324253575562, 0.5602077362179086, 0.702614321092144, 0.8036544780706879, 0.22588850242874503, 0.01756550281116742, 0.31564735413858347, 0.8991863653255676, 0.9692540994622235, 0.7328769738408539, 0.41027015225663366, 0.40234041451503133, 0.5688052488648514, 0.4492639229103539, 0.8192421948274706, 0.768922119290205, 0.9873392870080833, 0.509841670442868, 0.6112878302807652, 0.127980905456332, 0.08553743283215776, 0.4283320065419236, 0.5154436577368136, 0.18485467662949895, 0.18579126071985486, 0.8968113355984233, 0.6618662724212846, 0.7023450261394371, 0.6148130555781194, 0.34483934402364225, 0.9903006169612784, 0.35456854598305343, 0.425708972999013, 0.9983144998837828, 0.6289238652431044, 0.30460233702731965, 0.5127529445236376, 0.9730425869969843, 0.587719009185486, 0.9819902226499664, 0.10689425506047556, 0.6324508156605032, 0.14701032981804796, 0.23647280178593044, 0.7027562451805806, 0.5175918947180781, 0.5642278358562002, 0.573074915937096, 0.49791204804377776, 0.5384452130334237, 0.12562581171962894, 0.745297421487876, 0.8988758689950852]"
eae4837f-4e9f-40fb-a287-f3ea4195f02e,Nature's Fruit Snacks,Snacks,Fruit Snacks,15.21,0.18,"[0.3920849554093956, 0.1661513663944859, 0.6816861979576542, 0.9214424808641498, 0.5710574845867279, 0.6438173046811352, 0.30843773518842477, 0.8636379099272936, 0.4484349118783034, 0.8089343224275054, 0.2519066559866123, 0.9964554497489044, 0.2755444114902488, 0.5490650056312706, 0.5195177173931086, 0.9812273114669764, 0.9757320492546293, 0.6764696374266894, 0.9259307264761347, 0.05614340233352766, 0.6237009756354163, 0.41051302875288453, 0.9450186913716888, 0.8425811633974729, 0.7370313079241932, 0.9281827734383047, 0.5090335537911685, 0.4922876499898754, 0.5766378592415186, 0.5520116979476871, 0.061482912225787945, 0.9345117008355271, 0.49085623978870097, 0.5779402543914156, 0.7617227803625951, 0.2265181587208106, 0.5302139650508066, 0.3515621220120234, 0.8824929242646978, 0.6774233473380284, 0.6847868153081345, 0.5000648874299158, 0.10117546620347295, 0.6705955915162634, 0.712433437688941, 0.8323386455740455, 0.20866145050687468, 0.6825139676049081, 0.39218447724452477, 0.17327800148070838, 0.3273077311095277, 0.09393514103407474, 0.38176924917091126, 0.7023157594831438, 0.5405258641541067, 0.23997449623844636, 0.17421743670016743, 0.211265663072857, 0.3828907372064324, 0.4902870057261308, 0.3697709586550998, 0.8277569020411668, 0.29720059824808354, 0.5534180619549245, 0.0031476532635370535, 0.24140632929649675, 0.466568060115817, 0.08758063157626139, 0.9238997275201811, 0.8160700177247482, 0.32460687617910655, 0.5283077542998549, 0.98351953420819, 0.6807261565843138, 0.7666414932458698, 0.42328816274495673, 0.9029647402334084, 0.5812834951623463, 0.8832533847393144, 0.17162568907041653, 0.5727015963620716, 0.8308858517676462, 0.9639706314316968, 0.023163704057551082, 0.3298448617137807, 0.777413656466189, 0.4131614325169991, 0.7686682378202975, 0.23755094465867166, 0.014137915242163568, 0.74914729099952, 0.7018313653733282, 0.7140437373773343, 0.00989404381960135, 0.20209335055343292, 0.9066352328780206, 0.12735309630483227, 0.5449199349126512, 0.3549634670557913, 0.8858392236798693, 0.6485886343427124, 0.0035247771941713246, 0.7503609707074977, 0.558153028492207, 0.2762230128648392, 0.05052059109335749, 0.4172061896788726, 0.9266681285222044, 0.2429126879822624, 0.6619400337337406, 0.0956064135996364, 0.5775259053826626, 0.9631294481482078, 0.6633715650260416, 0.7602027613388185, 0.779732025639865, 0.35170679081888523, 0.3438210541676753, 0.5946596035881465, 0.1398789892579545, 0.14237163225699734, 0.6262503520652589, 0.04284880046980144, 0.3816819953420769, 0.29721610472185, 0.7625414882146546, 0.11376762478974789, 0.5719704119257965]"
174b1816-01c1-46c2-8a46-6e6ad57e5965,Premium All-Purpose Flour,Pantry,All-Purpose Flour,14.75,0.22,"[0.7760132306633374, 0.9240557887116936, 0.6712523857074122, 0.26329850021626566, 0.36865483257721543, 0.11016515532675786, 0.49885101740102955, 0.6864052144784897, 0.32514688904397615, 0.6017758536959206, 0.288637414404073, 0.859881286813255, 0.03028639835617375, 0.23140665820227246, 0.23041364020915112, 0.28145050514850045, 0.8097271771086971, 0.27941237311391154, 0.9466743160839002, 0.6016238094989514, 0.05864800968833006, 0.7676339701559168, 0.1934460431796725, 0.7697346634390236, 0.9073298673172814, 0.4776051525127384, 0.8895151681693663, 0.780290270849402, 0.10278221764756801, 0.6503004882658276, 0.45275362754191617, 0.26637980326702315, 0.855627344519806, 0.3413518570535363, 0.29566714945863326, 0.9711204633469152, 0.6755612218412714, 0.4853181411795212, 0.6875306467319647, 0.5702579312912964, 0.3130302977351799, 0.506608102949598, 0.17232954917245658, 0.4815283350737789, 0.46807576968721143, 0.1765279641938614, 0.4639843442419823, 0.594501818975665, 0.07435056274187213, 0.18359873856816855, 0.45855814456807786, 0.581739173797339, 0.30709334303422, 0.44662660238015317, 0.985494445758052, 0.7743061266451748, 0.9984722647277571, 0.4217937780280807, 0.909167334767627, 0.39884940104967803, 0.03186462416860536, 0.575054908408441, 0.4384481042929639, 0.6622877228063536, 0.4995501513320647, 0.5244265095174289, 0.31380715181031205, 0.1317085302919191, 0.6642036144466817, 0.925005019659268, 0.22564957112020445, 0.7247447062442736, 0.3200287425460857, 0.162709297392582, 0.955415553226512, 0.5380604252808684, 0.41078192279533565, 0.4520972685454132, 0.15312664468901516, 0.7784499047861484, 0.4082154072093138, 0.9771463998369594, 0.1475502125622783, 0.0942001654760013, 0.5048602426253366, 0.9544147328642728, 0.9183912632567358, 0.059212152363867676, 0.8689240480265954, 0.7110395039974549, 0.682531380257494, 0.3944786670920609, 0.024315502217977403, 0.6071590906606272, 0.626315417945842, 0.9727691813178821, 0.9053776792436088, 0.6321396380936086, 0.004731233995635575, 0.2392321321838784, 0.8298805431731455, 0.8615909499182863, 0.967661590101497, 0.7641611944124288, 0.054250272062415617, 0.8331872948518156, 0.38101556447321383, 0.8819486879103059, 0.6795832163008381, 0.9143104289170483, 0.07503698291451033, 0.5922911721166529, 0.38434044964785286, 0.9347226584414712, 0.2280164780016729, 0.8688274291763859, 0.26754076763228496, 0.14321065566982893, 0.4580795962420977, 0.3477065895688367, 0.3496256048289803, 0.30494613332348597, 0.088884764062926, 0.09145355689871582, 0.30018371586048687, 0.5998197627298911, 0.7073378070347214, 0.8779935481998173]"
250b4af0-e307-4429-bc29-3797dfce07ad,Organic Green Tea Bags,Beverages,Green Tea Bags,20.75,0.29,"[0.8027427082928659, 0.9604771873441065, 0.9897389570055172, 0.39267124668618014, 0.5722020452171538, 0.9867253884784088, 0.3816557510145666, 0.3909374333871296, 0.2606294380556291, 0.851502522196715, 0.30718195549119875, 0.015843346418073057, 0.3306291371693354, 0.35425963460092547, 0.7038242014027347, 0.37619347196600705, 0.047179262317438075, 0.8691477706596041, 0.5174644831992002, 0.906369861101514, 0.9944732513484081, 0.8493357875666268, 0.14543102501782135, 0.03291869631867539, 0.5821295768846033, 0.6420375345532661, 0.693315910033759, 0.5208911250732553, 0.6127367338705548, 0.6682584158094172, 0.47619690046199603, 0.40952103953478314, 0.7757209982602933, 0.931159735716102, 0.8207032126660284, 0.6236823565613849, 0.5477920962795992, 0.45055346215643877, 0.5106911232500915, 0.26744672252315005, 0.8336595272470939, 0.024525730321928396, 0.039034073741048725, 0.6574490791585899, 0.16489012696874195, 0.2310648003906608, 0.8989868938651021, 0.24300549213461053, 0.5502674369437556, 0.5830293120642084, 0.14356844776795508, 0.7058697679194619, 0.05206689538744569, 0.6402694757447351, 0.19690061331316688, 0.8299881064130249, 0.8191302446777052, 0.16451264385686626, 0.6678763271017921, 0.43019256110446324, 0.15690474745456195, 0.6645943461890077, 0.24465546320800502, 0.37586007182731374, 0.5641937732131665, 0.641872469817749, 0.42338261870851135, 0.7950507014129402, 0.08273048125921578, 0.14290047991904753, 0.244489611960802, 0.7719842353136309, 0.8334571843106101, 0.4773048236826334, 0.18096498697197705, 0.06490318010667939, 0.9082952438974964, 0.8943730621890372, 0.6966348795589333, 0.9644901105559974, 0.3667197217003305, 0.12902813245926736, 0.554914469101571, 0.2890847611315718, 0.945726159370331, 0.19147113800741145, 0.907366982131426, 0.48113006219474597, 0.5043951309555254, 0.32243367816520074, 0.8672179038889968, 0.6238050470638303, 0.7445189751367856, 0.32918422251518853, 0.5299538650682406, 0.385804961243861, 0.336601320831307, 0.8935460643458393, 0.052273443140818054, 0.19164338774437983, 0.3027545174213776, 0.6911341006724521, 0.7302713540252085, 0.9951070432314426, 0.33858129196732933, 0.8289545488197154, 0.16868329886612732, 0.5980606546711762, 0.3807822397062496, 0.2127746345547773, 0.6295208292352186, 0.3573819136771227, 0.42418939823963975, 0.04058005292588929, 0.8046876758012845, 0.16214246561149082, 0.6158043931272873, 0.08681764032898809, 0.4842819117535847, 0.16947018400445024, 0.8434512303566374, 0.6902489801257851, 0.7811146534174732, 0.28896203554267186, 0.24693961019067712, 0.9493905417564734, 0.16022959132402947, 0.9339350039950907]"
eab47c6e-60d0-411e-ade2-82fc0a973fef,Nature's Trash Bags,Home Care,Trash Bags,24.93,0.2,"[0.6011383036296751, 0.5422127593491151, 0.6048782262949816, 0.8307655400140652, 0.1607349593909283, 0.13611415316284192, 0.9528187378915192, 0.0339980384833658, 0.5649031434109765, 0.45741467352314724, 0.6291695357378168, 0.6623170324127241, 0.1599233138902456, 0.12911817274903192, 0.08109308761495149, 0.7007410975684933, 0.03422895685827787, 0.23663023168094066, 0.6338656834489246, 0.6438681260741073, 0.8254205551881527, 0.08314752952007676, 0.009799077061074413, 0.8987682792606327, 0.7867378604155005, 0.20213665399268432, 0.5694323234602572, 0.06047319026747766, 0.503590969818266, 0.9803643029648937, 0.6349653098648641, 0.34392755960880095, 0.16332175275274396, 0.8986824732346126, 0.5080052502896953, 0.5043609990678679, 0.02474801055560283, 0.328628674774295, 0.6265886054812018, 0.3481999737085113, 0.7150590890159048, 0.5196012784948083, 0.5705460917724756, 0.9411313660258869, 0.9192566488269809, 0.5050492523953086, 0.36840355073073416, 0.7446897065813262, 0.5496725642703496, 0.1741743786442933, 0.7315298137747408, 0.5846902800365795, 0.08263271764103364, 0.02283867267444495, 0.1924938371414343, 0.4408582923740597, 0.3978511855005954, 0.8047146679040986, 0.47161720897252357, 0.1926817445318153, 0.8347622986627418, 0.1713206973631618, 0.9043999987363248, 0.4611680400111522, 0.8438070841446257, 0.5824780607045309, 0.7550230133783877, 0.47139028026841634, 0.12094352638791683, 0.751227994998208, 0.05618640716329548, 0.10006253751739225, 0.061309351594430295, 0.37495618746940274, 0.9119070555745763, 0.9757623328969403, 0.27130112778874116, 0.947840002523931, 0.12626259389222083, 0.4295531274163209, 0.07189388424111187, 0.487147952424137, 0.7246521940006971, 0.6355152310370202, 0.15134030805521925, 0.20727288424380053, 0.3202641753325475, 0.9310642587197814, 0.8769796579967036, 0.23481532936124572, 0.20334723908583907, 0.037181071179798186, 0.2991409213269509, 0.860411819065742, 0.6059580371559298, 0.5963514061018833, 0.7235543767528962, 0.9100411142967578, 0.9161394645667497, 0.584962037451242, 0.19633589595287726, 0.13646525666062648, 0.42338519361367666, 0.6078909999116505, 0.27043214459995657, 0.9001550794269683, 0.26336701691834297, 0.7263721646954989, 0.7009794193766721, 0.31483237389707874, 0.6577693570693329, 0.24460608425310526, 0.42552359473677515, 0.8564878240213253, 0.30653468813273543, 0.1427761571934686, 0.8899855119862724, 0.23846837401701582, 0.8228176271573377, 0.606525239071353, 0.21742021855831895, 0.7496899613012871, 0.13291305606482773, 0.44123071242566525, 0.2050487412613483, 0.32266097909700986, 0.7795941878325371, 0.3201477528827462]"
8ac69fa0-f2a2-4e7e-8d20-db1696a88a49,Essential Green Tea Bags,Beverages,Green Tea Bags,16.93,0.19,"[0.4213870464263182, 0.23652294924288786, 0.9350082887589639, 0.06092264268768044, 0.9734276656143639, 0.7764996883866361, 0.8143033558856219, 0.9291653183980394, 0.2859324141796096, 0.21015689261771964, 0.061857055741988076, 0.7988369733119454, 0.48288043112914236, 0.8079805576849373, 0.4918368231129916, 0.3740135330943084, 0.3369252474617106, 0.002349970057688111, 0.57423534216647, 0.3702259419883951, 0.1505122349802296, 0.9043370075670362, 0.8625995527094056, 0.978513358609692, 0.4287645692039339, 0.6239745503471363, 0.33289716118310364, 0.034059648518436125, 0.0581055497155496, 0.31930398229304724, 0.4160423625158429, 0.03768119004953974, 0.14764885177757692, 0.8504832704269212, 0.03531478147676326, 0.2855295128002203, 0.9746515588737997, 0.6114263745398618, 0.44384013705322345, 0.8600874024863678, 0.4244495795848068, 0.1552853228014054, 0.6510697691335446, 0.7931077291148256, 0.8992492221685017, 0.49377570820851147, 0.9923198100562274, 0.4316899627718256, 0.7326259579541534, 0.17315267937301504, 0.37164397063203736, 0.7371726966971577, 0.7028038192048971, 0.805274333029973, 0.41246846330940257, 0.6137062401791189, 0.2629304836963636, 0.6210101451945266, 0.9712992717748409, 0.5496013795522428, 0.617075545977115, 0.6748808646286453, 0.8968929308584568, 0.38044083709030674, 0.7535280134511059, 0.17573755267639468, 0.04157353442577294, 0.417669740289883, 0.7107318852979366, 0.757669193151471, 0.22729046380195994, 0.16653480518375674, 0.7832604668112503, 0.07596876312103484, 0.532063117807372, 0.8727070520141773, 0.4350690473343175, 0.983709064709403, 0.5736987489741555, 0.2096010092607884, 0.23949199351873107, 0.657541420919483, 0.2848691321080937, 0.3361959124797591, 0.1155964458327925, 0.6739912907022323, 0.4270345640284958, 0.4687868647429787, 0.38696145192394205, 0.2745083184745407, 0.7213750580698652, 0.49074077863636545, 0.4136993009139267, 0.007223431789714407, 0.7507217289899576, 0.1603071821351807, 0.7080549666870962, 0.6222117823637255, 0.9668536479238251, 0.3472514124435123, 0.8415220103769077, 0.5255727061466094, 0.5797379483728666, 0.9079556586712699, 0.918369289504952, 0.39446740978788886, 0.33085329117295925, 0.20013688690122655, 0.822414470569003, 0.20421364918698504, 0.2196287933579847, 0.8456109165682719, 0.08056039221447042, 0.04497471169184275, 0.20877545063866332, 0.3781993559283445, 0.6157166123203968, 0.4289328208494012, 0.5239086765683828, 0.4271126069774749, 0.5868350225629034, 0.8359477663130328, 0.8933872482535309, 0.16589799252793214, 0.8553201682269561, 0.03398139456334537, 0.20148365532083512, 0.13167833452335986]"
94ee9444-6941-48b4-b4dd-5e9bc164aefe,Nature's Hot Dogs,Meat & Seafood,Hot Dogs,4.97,0.3,"[0.21036781823784156, 0.8178626002157189, 0.8384246121837939, 0.5729889682573176, 0.36517824481114547, 0.14654333452991064, 0.8076055387887283, 0.916451065821648, 0.9691288789802368, 0.06518692924343439, 0.6304502259062943, 0.07154261017854324, 0.6022668637441624, 0.9988191491465126, 0.6903654564445327, 0.43177415599038915, 0.5592327729861257, 0.09218272465550781, 0.39922219209772314, 0.9625639402224735, 0.5471071430942123, 0.9843439985941245, 0.724688004919471, 0.7553480602507426, 0.7423803384960398, 0.8017385662712925, 0.43529895983165134, 0.27537192308833525, 0.02948725855027945, 0.05474829666859271, 0.038158193267669005, 0.22269031862884914, 0.8335976045626783, 0.3287198797186568, 0.3316585647887772, 0.31890307363206716, 0.4136135529468422, 0.8866573963607278, 0.8032935038982744, 0.7132678227547246, 0.8752394030836114, 0.6755279674273322, 0.15958660145216996, 0.15645644919784396, 0.8539930384170779, 0.7055828441123929, 0.18789076248929926, 0.7959185697193988, 0.563364886759925, 0.3446792472697884, 0.065437743665832, 0.6861309287125651, 0.17297829835381073, 0.9319860203103434, 0.9971991910763353, 0.550336025844028, 0.1839633265535482, 0.7083831750812449, 0.3182510334550487, 0.07664965265147927, 0.034014768972190246, 0.8863105991658816, 0.5140431362320455, 0.3691598411933463, 0.24065403753963754, 0.748800220711695, 0.34347980758431507, 0.8797485991066136, 0.6650695586734914, 0.048323682514815, 0.665428796744372, 0.5647276532125495, 0.8150085816349246, 0.8805155375329724, 0.36672358279575246, 0.0012040465829844527, 0.5123665066185462, 0.4992244821826489, 0.21714607014952625, 0.6310928988390572, 0.1066634562696328, 0.923706999852929, 0.7059174837893473, 0.448872679162039, 0.8325100911805112, 0.45821202787194903, 0.9667004730689412, 0.6061784920969042, 0.9562623931413209, 0.5812266679645465, 0.06455154967063281, 0.08619694982581072, 0.3767875945604118, 0.5175938339460929, 0.7599022216846513, 0.7268327274346055, 0.9268171417530624, 0.6983382010554489, 0.18284997896579125, 0.6599340802598749, 0.9385908204681537, 0.3883439277843065, 0.9715068830437306, 0.27793139158801794, 0.6419390127980173, 0.499779775055075, 0.07428978516366813, 0.19883166932700347, 0.21973935238216002, 0.2717101120566239, 0.6161092802061197, 0.9643213091917044, 0.60217972598316, 0.23143106302785776, 0.37364993111773837, 0.7905991840184786, 0.45809312357612286, 0.482258733639087, 0.17177621936047127, 0.7323679652242627, 0.33540164652435434, 0.42993654440887485, 0.8676351201666013, 0.80413822179079, 0.03247556742152713, 0.9155654480250714, 0.9645306845705183, 0.2639071794076715]"
6b85123c-b94f-4258-9142-0599eff0a787,Fresh Sour Cream,Dairy & Eggs,Sour Cream,7.86,0.35,"[0.7849703585914337, 0.1783908846516299, 0.43755859080660076, 0.23885750595003552, 0.12358321682025797, 0.05885378138873343, 0.1622301291454279, 0.38563445699168575, 0.3758771695407459, 0.7394592381418638, 0.0019366821918399557, 0.9772888139147052, 0.19853112731193512, 0.4679491087856984, 0.48999263766875967, 0.3272497742987366, 0.47793522579956293, 0.5992754177581802, 0.6245119401988484, 0.042439033423297357, 0.1594789714820447, 0.9371300948472937, 0.08394036983926845, 0.8366353302021889, 0.47393626196964356, 0.6124618981200026, 0.7052838078925413, 0.9530424201389007, 0.0422742813767375, 0.9137636432469455, 0.028529403993459157, 0.26020463898758595, 0.3778227992224319, 0.07523823728590862, 0.4473489363243236, 0.20988695172687022, 0.38152198036195994, 0.6153546328578444, 0.4039555104737519, 0.8859685319261462, 0.6566087547944423, 0.1974379690126854, 0.06026580139800364, 0.1952382003591483, 0.07001008836219891, 0.783990888530309, 0.17548797030738694, 0.055089332968487836, 0.648406915248854, 0.5227088730450843, 0.4151801153619773, 0.027917407004545258, 0.15818966416338076, 0.2825999164002847, 0.7580978592251433, 0.28972865696296646, 0.8340192370740782, 0.24847930295669174, 0.4819480282485238, 0.1929880251167143, 0.32271479800562963, 0.8330374737173658, 0.5755373764214486, 0.4883310266489451, 0.8390995114600321, 0.06626678855675205, 0.8256075550157048, 0.4022320760918284, 0.6233614404012694, 0.4326412862411476, 0.9951388215675793, 0.010661347109572339, 0.535679553618069, 0.9737693780235183, 0.47545673605036554, 0.415826170053725, 0.1145249955374259, 0.13061527908130754, 0.9591836833254497, 0.9187078832858961, 0.5659476610764826, 0.9462326586907951, 0.25771798876552376, 0.8579301360142003, 0.4278210782854801, 0.8068552952747963, 0.0399460525166605, 0.3960541427666764, 0.6138284820183719, 0.8834420215373426, 0.9966115566208879, 0.3649721909929595, 0.02804804094485014, 0.47403596428693584, 0.3232359229087941, 0.1471689737430214, 0.5658490358174878, 0.5641983236445887, 0.17574630322287765, 0.8642808688847704, 0.29701818334757346, 0.9873072883514612, 0.8218548019086427, 0.39792938025492, 0.36866708015103045, 0.22200457187030065, 0.727921093260388, 0.9722386629014419, 0.8774289801168721, 0.39470142287614673, 0.12128349655146808, 0.6724253675819883, 0.4188522031233187, 0.823969952766315, 0.04255343057587957, 0.5432365633252243, 0.5730782068267348, 0.760659108799611, 0.8179132814137063, 0.7262648985758927, 0.21293124833847032, 0.3883376577177754, 0.8501500685227956, 0.5007020637902553, 0.30386661159856954, 0.2791507240714891, 0.21119660642773364, 0.20330562071454028]"
f3339075-6de3-4983-84ef-c23595b30f1c,Nature's Trash Bags,Home Care,Trash Bags,2.95,0.4,"[0.7897590495853126, 0.46778809544795485, 0.7886073936129376, 0.45413380039581885, 0.26225081367471004, 0.8720879361516279, 0.1291662840253356, 0.8411863712557527, 0.5929017623100719, 0.9752566923337246, 0.8151925111732952, 0.012036049210873312, 0.9967299727389741, 0.451121668388746, 0.45100990406495334, 0.6174234125232209, 0.8372257587711697, 0.5390213471111491, 0.6319918194961645, 0.008309336800216838, 0.9032080771539723, 0.19347665634440347, 0.36515778899068774, 0.30171378522365566, 0.2411468024613409, 0.5474284656407165, 0.27314767655067484, 0.6551074610325894, 0.3959195980652962, 0.5270777846503824, 0.5705523577332572, 0.4279366085334718, 0.9448098195533858, 0.5144642615778946, 0.6876225948045198, 0.4619434056351426, 0.3414225451088533, 0.6718754703030224, 0.03839681955533414, 0.7216272523069801, 0.0497285241500679, 0.13272015674707527, 0.03325350649239023, 0.08154274812304207, 0.2627441276737843, 0.29267987769254156, 0.389998953263067, 0.46779507283023625, 0.9161209390437872, 0.9977153717789417, 0.7992455744994839, 0.23124103713880872, 0.7285222067069643, 0.8047601175856586, 0.9838462531146029, 0.2216973339001862, 0.7596337253574149, 0.6326601383426923, 0.4620638708111089, 0.9002107950414171, 0.7266379326012266, 0.6527539151228992, 0.18791405462368949, 0.9954477398798346, 0.6541914098926451, 0.5680032450881881, 0.38731669130795365, 0.20918642755015415, 0.486429641778524, 0.6563690693070726, 0.5190808165958178, 0.32691338788438806, 0.13070201366678313, 0.6394870924939436, 0.3185691095547457, 0.8704835481341803, 0.22472351319635253, 0.7736303913990834, 0.4726476727458174, 0.44985717387836555, 0.9895514541125756, 0.8429725175152623, 0.3191132945284805, 0.29020625125179045, 0.4402962031376575, 0.28671723613184785, 0.4099919350490744, 0.8994656906556869, 0.6478867909442116, 0.8602949941844109, 0.012145542930522502, 0.4452404600514064, 0.029590041811778822, 0.0006574349109639277, 0.6156244055227366, 0.21348761595733767, 0.7628197186536804, 0.2185696923886128, 0.14395313606109694, 0.729167071380297, 0.7430193345794734, 0.7354105423039852, 0.41979301296571414, 0.14337868167074463, 0.5077133620256554, 0.841029374476601, 0.5750493153936235, 0.3980444722891546, 0.29341370040196024, 0.6068137299138328, 0.5874089820988702, 0.9428887171036752, 0.04485573684749966, 0.9600919686449223, 0.9165118281336678, 0.8414450786290681, 0.4271549821218933, 0.5886066351843883, 0.08316695174625544, 0.14482059092842403, 0.9407134161301378, 0.45145571090921666, 0.12328310856535885, 0.2667104284613815, 0.631039650954886, 0.8393395718325372, 0.618775429766073, 0.7913240023565746]"
17ef5cb2-dbbc-4423-a159-fe66957fb5c2,Fresh Sparkling Water,Beverages,Sparkling Water,2.59,0.09,"[0.7803735984337047, 0.059552072702481196, 0.33402801248554814, 0.13538987771249822, 0.9717352551016843, 0.24454888650331164, 0.09073295202883347, 0.7694630643807294, 0.6144285123636286, 0.31861378512703764, 0.6957022184276782, 0.9664929000854986, 0.4075320311694023, 0.5685935331342146, 0.37936841587856907, 0.9823449815780575, 0.7497991878140544, 0.8766344423433137, 0.7420944889666448, 0.961801836235514, 0.7233028339533101, 0.3589094844822275, 0.25213102600227655, 0.03625636510865926, 0.004385301582382262, 0.7351768942578436, 0.8346167486018728, 0.3894798004581449, 0.007278170064804246, 0.04766773841264238, 0.7428162485112504, 0.6160918776807461, 0.984351109910051, 0.3427682617548602, 0.5372940532663275, 0.8683490174816445, 0.35127837998688183, 0.9804635957280744, 0.7670892226934822, 0.8491747831804182, 0.12608257492335873, 0.8144009981708447, 0.842353122595407, 0.1587073534344341, 0.06530603256639811, 0.6143821616351258, 0.519110037972672, 0.538360696575238, 0.9707042940213654, 0.682401075141125, 0.9863947125067402, 0.5849330813140018, 0.5796363161877449, 0.4351266478467378, 0.5161574309565309, 0.8362966464701791, 0.9501298711631406, 0.25651252607059594, 0.13919990801018, 0.8255137189252937, 0.13169884162591172, 0.20041588702710433, 0.5342037693394049, 0.907502343967122, 0.030342220611550008, 0.4370154761811086, 0.549671854907086, 0.9104650538438656, 0.96839024411176, 0.11764365784204023, 0.17093326210427318, 0.1591104689884294, 0.0735287161999213, 0.5428227547083311, 0.3726687627467177, 0.1300418104289096, 0.7309023314439144, 0.7901680960525552, 0.9918243077692642, 0.12885112699386725, 0.4501392200356479, 0.8947525668738759, 0.9417161974364133, 0.040134056078407365, 0.03418942388043933, 0.3598445713753574, 0.3686110521651754, 0.3865526942633781, 0.6823021375898177, 0.38184262496151244, 0.9749913553993131, 0.35472672131045213, 0.49728605962730477, 0.07644623669189621, 0.4498687863595833, 0.5782168467422499, 0.3576108663754919, 0.13058836557167275, 0.24307731957697265, 0.2326904459893394, 0.9534644542260277, 0.2860440723333556, 0.9760261924279802, 0.6820671708260324, 0.7347330394446534, 0.7435990864046874, 0.6786040257912118, 0.3214517138927354, 0.41492496904251874, 0.5598132001665865, 0.4731487211428941, 0.5890951335145158, 0.9808866814762504, 0.0692288874168343, 0.33182345018925874, 0.48251700330089364, 0.7449052881093713, 0.05201479198522174, 0.042679564158380145, 0.9974418965792294, 0.9938181975387139, 0.36442053123675966, 0.36217844533242693, 0.11276374984624604, 0.7597961101700161, 0.3067328609158837, 0.5990044351626398, 0.18893547611467676]"
17d8280d-5414-49df-ac1c-db72a02c6e18,Fresh Cheddar Cheese,Dairy & Eggs,Cheddar Cheese,18.48,0.38,"[0.5225519660650072, 0.5529250167772798, 0.773045250434947, 0.6795927136600118, 0.43652201621743814, 0.91837812896963, 0.08196877079502152, 0.24253544382543968, 0.32879734930654025, 0.588342066842316, 0.61519855960958, 0.20001585596515414, 0.9170556866459585, 0.07954469376041506, 0.08574959510472124, 0.3990366487505682, 0.697057315100208, 0.8969073960068126, 0.8559004987774632, 0.8105133972424118, 0.8564083213072566, 0.4694611838577848, 0.37286368437048323, 0.2915201190301432, 0.38328403645658216, 0.6319718874539483, 0.11127569660789627, 0.11731232949558623, 0.3646841722457631, 0.4290256459488635, 0.7696989206835624, 0.28225359057827093, 0.46790093020019186, 0.9466254339445634, 0.33290014883249885, 0.8125314676373611, 0.009955228604983879, 0.6305720603294499, 0.7672739693622312, 0.7700613963830495, 0.17468753032820783, 0.48410488947169084, 0.8579262065809574, 0.40056902079576506, 0.8401481096724646, 0.0746626942167038, 0.24272641301993747, 0.5705171408062257, 0.7194166888525299, 0.43394969318706544, 0.4316535444579749, 0.4609885070108283, 0.515594808307823, 0.28597871909902217, 0.4323688419865852, 0.03090779490091955, 0.6743935819486218, 0.05723065849449405, 0.5331265842060353, 0.49433852666428124, 0.7080662556741133, 0.18745126116013544, 0.34107050855259646, 0.6513965231105203, 0.8851375906823196, 0.7212758287307912, 0.34159731311407127, 0.4414855053902933, 0.7138461450293027, 0.6526716987862496, 0.650338845499038, 0.7246287580571985, 0.8195147243697543, 0.685833320066954, 0.27715316268299817, 0.14885972987603902, 0.0015263204498973115, 0.18278051966423536, 0.4457586988076121, 0.5018199719849042, 0.35490542226972976, 0.4806412672017033, 0.6805575302366564, 0.018689118481601374, 0.1150161721291788, 0.7343729645327232, 0.12395446770500607, 0.13935540813699587, 0.017454526993963104, 0.9608935511588022, 0.08645437971044956, 0.9211981349735935, 0.7284402667053027, 0.8600718441145617, 0.4497400647729387, 0.7589980000843429, 0.7548532003529026, 0.16492776995976, 0.7374316565828419, 0.30320417960964496, 0.8940373014066083, 0.1944048745107827, 0.37434424082958184, 0.2655029154207613, 0.02353885497152619, 0.20982934327505742, 0.5749379881112033, 0.6383525667471182, 0.14161415451748494, 0.01461144619612198, 0.7291637631496798, 0.9779998027890708, 0.8546371563587651, 0.2715373831305452, 0.21892499939993948, 0.7259735474430459, 0.32163611182687146, 0.09204410504802774, 0.2988091153899243, 0.7318833961315142, 0.7670420697890497, 0.3070719646793397, 0.7679188190229811, 0.23168508759164685, 0.1773421924240558, 0.0596064364929928, 0.5431960988820623, 0.0559696398944608]"
ad5fcac7-aeb1-477e-b4a7-962a3e8bd739,Fresh Oat Milk,Dairy & Eggs,Oat Milk,13.61,0.37,"[0.08736009364339081, 0.7710472780522022, 0.02785136633017593, 0.6334953441633187, 0.8347627307698497, 0.6470638193997312, 0.8850501492266387, 0.31718108670466794, 0.371945954356367, 0.6353104060811854, 0.8741258627225956, 0.9131065676522905, 0.3559007339166438, 0.43169462961175975, 0.7013060188642349, 0.5144460412481574, 0.13725149011242999, 0.501227606503883, 0.9736633626942973, 0.18436803374823263, 0.559533201101532, 0.21241864588849002, 0.2779365901462354, 0.5437838224059169, 0.36699441978223846, 0.5227857594262562, 0.9351936839996209, 0.07131501704313081, 0.5960009166280241, 0.7727606518343849, 0.6512130550504976, 0.4824708210309504, 0.6542098307002868, 0.6499681461675929, 0.665725329187827, 0.9028822597250762, 0.12930699055795036, 0.1339717773168292, 0.6893688586927306, 0.3270964200358696, 0.4550667594920046, 0.7280850342632404, 0.6198274743959326, 0.6901499059781079, 0.7050937774208136, 0.03815968443888551, 0.43020615451893063, 0.9810640229370811, 0.7461461791355879, 0.03523846546088982, 0.12913243731612767, 0.5972667024167932, 0.7739351437046058, 0.4913207506269316, 0.6856062394301581, 0.9723549785556499, 0.2663743637061534, 0.31866030277511626, 0.31828867191761834, 0.844622639226982, 0.9840678150151844, 0.8114058280837472, 0.6522694701264502, 0.5801742754037831, 0.6223688519587424, 0.7287936307926753, 0.275204817861174, 0.7350212747360105, 0.27954536330751223, 0.9756540998002461, 0.26777930749403955, 0.12033750646253483, 0.6653208652974302, 0.10695893417227509, 0.932375108777405, 0.47200179191438607, 0.5420295627074658, 0.0305621692634217, 0.12357427357996364, 0.9425920831693492, 0.36502119298425295, 0.9936940991189646, 0.9473378984214808, 0.2555618417354075, 0.6374445911596646, 0.8527166600042506, 0.10046774188322372, 0.12857165553785455, 0.5949457272583025, 0.2176150647898779, 0.3885090071138364, 0.29704760426419174, 0.6744130243772197, 0.9736326580957374, 0.40495427376926085, 0.2748236878905608, 0.16236936935708257, 0.8660297263026244, 0.11888960313219543, 0.0772461999952273, 0.8153189795225811, 0.7885903363945648, 0.4491725992335165, 0.7574167181905469, 0.1766196787155797, 0.2437169207055796, 0.13367400552181186, 0.3572557820868919, 0.36230001251077004, 0.5425736164541016, 0.7937066697014624, 0.21396846991193708, 0.11599224885520298, 0.3077480030933015, 0.13613108584476097, 0.904200495526225, 0.10876995886199747, 0.3603424736483519, 0.4846088020625784, 0.9980457731103802, 0.25440564607566585, 0.662766427749689, 0.618322533679431, 0.38130259969585034, 0.7911145466359987, 0.3724392542393796, 0.5618736145893652, 0.8267191413571541]"
0eea6ab9-a379-49ec-9c3a-9e38263db7f9,Fresh Pork Chops,Meat & Seafood,Pork Chops,3.75,0.26,"[0.6380903148826926, 0.48856794206552867, 0.2459674664395708, 0.7932322421208731, 0.01021455245661329, 0.48783944937044865, 0.3299428938145743, 0.9750331524522079, 0.6757745184228567, 0.48204467215522684, 0.24359344345310385, 0.016352582150833794, 0.6735629120532716, 0.5307407713743868, 0.8851533132599985, 0.7137402651136662, 0.962373159940805, 0.5877114673148486, 0.8538559071989212, 0.1689165335777102, 0.6924711988167512, 0.19287738342178717, 0.41416024991698797, 0.9787797371186295, 0.800796059943282, 0.9307034384670493, 0.3446877789726558, 0.4356729506783591, 0.43180023880858187, 0.07653940629220657, 0.05616465193471365, 0.3098322166363747, 0.36392358068601915, 0.7355284725604061, 0.16123903360848202, 0.6451398246146861, 0.4608709410633214, 0.09539693633812063, 0.2621934103919078, 0.9713913777070305, 0.38714594643748623, 0.13481976002890328, 0.18721595625204146, 0.9127556219395421, 0.7932982812681145, 0.6554843153551112, 0.9611596912304927, 0.28688598835077794, 0.3521370760566027, 0.4720036123372552, 0.7668668662109964, 0.9505425905700049, 0.11902273443390743, 0.16428756569859038, 0.150048577389036, 0.6633188852891546, 0.6399938341497327, 0.603258203352463, 0.07712072501845424, 0.7592791257660433, 0.4857635370170996, 0.04346484552891561, 0.08729065164412986, 0.0033378849543282962, 0.18133343097585342, 0.5570696432617982, 0.27445427802078226, 0.23669824384069027, 0.8229841999802671, 0.5971542171812871, 0.6415046458669686, 0.868561551155012, 0.012205391476417526, 0.6802724352456393, 0.5756266558980805, 0.6786836277598037, 0.2490741433680007, 0.7769677112621861, 0.3494594201802712, 0.9347486858125335, 0.6489740343787348, 0.689741547733863, 0.22230649523774093, 0.49057143104078194, 0.9137717386479022, 0.735524413452628, 0.5599967681768923, 0.8619319815117003, 0.331915582540126, 0.14930307464047787, 0.49656342493489536, 2.9031923296618523e-05, 0.6322159439091486, 0.3568404484645864, 0.77156623599966, 0.9233461181203138, 0.9443310441987869, 0.8495415774772412, 0.21026149607804778, 0.9248036960927407, 0.8705129148381723, 0.7255661742804356, 0.8179013906305179, 0.9299100287450941, 0.47797022701159597, 0.621103958959353, 0.6006326166612788, 0.6423761778406691, 0.6952724652662988, 0.8540556000835174, 0.2770282311743698, 0.708737403581567, 0.43470799549280115, 0.08751731365464621, 0.23412172382619167, 0.8641600523175117, 0.5845146588148359, 0.07421675316110843, 0.3897009489767388, 0.7157796508652959, 0.784375616716121, 0.7832966926150687, 0.6076321542283317, 0.03246418618067126, 0.9517611605337258, 0.38217231314933076, 0.43500258934927216, 0.007557919396317558]"
b4cf6a02-8d8f-4f2a-a7d2-b552fe2cffc6,Everyday Hand Lotion,Personal Care,Hand Lotion,24.6,0.3,"[0.6433995953580873, 0.05873074485605345, 0.11543135835383611, 0.573249902787078, 0.4534884904371188, 0.04829192046536468, 0.3737627783729599, 0.804190533476192, 0.5649715398767897, 0.12633946219781034, 0.6822727579762474, 0.6847214604477857, 0.6531489128857152, 0.273354636604218, 0.10641282715057854, 0.5828114276853229, 0.15054141631761786, 0.5513959711614427, 0.6851436053641264, 0.2110464000083595, 0.9187440109323876, 0.8574528467922452, 0.7869648622537224, 0.7397443580432823, 0.36940114680268865, 0.56856679060993, 0.8437791144389203, 0.12523661494387028, 0.2330180412331857, 0.8250655584668947, 0.11445240095295617, 0.5761773435329429, 0.04280822371229065, 0.9426695407502182, 0.7047378360213229, 0.20548613502781743, 0.6078864780788655, 0.07648034211278198, 0.5219091652118935, 0.4891013226361448, 0.7123989651672499, 0.8218250365946507, 0.10716780248667823, 0.7645822245972382, 0.9687881426002759, 0.8936317130833951, 0.6324944319819027, 0.6453484064952841, 0.35315816839525327, 0.8209282961710315, 0.9166791493597736, 0.912533296074796, 0.8900822589532742, 0.33833505387611473, 0.7779494786209578, 0.20415663893406144, 0.6596188613505761, 0.3945142208905442, 0.9039552250803542, 0.5815199170280362, 0.5218351284375247, 0.43445691929538455, 0.33306962519889094, 0.3461698403739012, 0.6997684209905715, 0.07672163910219809, 0.13721768068870976, 0.7725015504559839, 0.15176115092071563, 0.28570701728979586, 0.3223727635633191, 0.2347135306816227, 0.026954022259636168, 0.6520862697592751, 0.32075046048062006, 0.10646403523868753, 0.3587258760951758, 0.33945415780934873, 0.44079738561832693, 0.41693411517725276, 0.20052248802353556, 0.00028803931614784783, 0.4689305074769856, 0.6642495092868718, 0.04152816469819587, 0.4300126603936849, 0.19898456988290592, 0.4320821744251738, 0.9232793320067217, 0.23376380712879052, 0.8693966135248405, 0.3650210032682295, 0.44766713038853323, 0.6755091814067242, 0.35845610906144976, 0.7966829483791144, 0.5702980232530019, 0.7526233484136514, 0.7917001793020922, 0.4354152122963014, 0.8269799323801967, 0.9727325460842298, 0.10620307203182833, 0.4534811642263251, 0.15941802681589978, 0.6252498957554252, 0.43752323678034466, 0.11418002861615029, 0.6409515145939872, 0.8327387415228831, 0.8090506003437178, 0.3356289599108063, 0.91898799451462, 0.18065964697374148, 0.06974425900662462, 0.14674659530604117, 0.9302613597065892, 0.240390921742618, 0.07296469406791017, 0.9263433029981631, 0.7877802721217206, 0.7128289570855875, 0.5020032751100741, 0.7654417140635018, 0.6019308175816314, 0.2185682009354335, 0.07966867237117325, 0.4433647662124316]"
3eb8e419-ccc6-4064-8260-5b43602f9983,Premium Shrimp,Meat & Seafood,Shrimp,10.28,0.22,"[0.07836846125299968, 0.19256032663967826, 0.4008283758195951, 0.7543134067664474, 0.013492274032416152, 0.44385987164515095, 0.7258147426982368, 0.5770403951924988, 0.7729508368711747, 0.3043823354399958, 0.7016228722847897, 0.6556888921065397, 0.47336500805861514, 0.03311612917941731, 0.8187632876152137, 0.007626264235805924, 0.812258573709093, 0.6777914566693176, 0.3606542956714015, 0.08064803454437708, 0.6603276527777197, 0.5387445224961361, 0.35697822652786515, 0.3062153013262956, 0.04589839039445476, 0.2896615733090111, 0.30805255789645025, 0.20894226969086604, 0.758196870375862, 0.040496903513436155, 0.43080903585519414, 0.2449751006060552, 0.8087940055749552, 0.08389341589478749, 0.5871276887833985, 0.5585381268484996, 0.649423387677982, 0.24949214176569778, 0.7626752357701596, 0.26097332875032864, 0.044935790936989184, 0.34305091124214115, 0.5715900400049072, 0.8510533397744029, 0.7041966935734141, 0.7399114804763598, 0.3565708621775803, 0.4658699232162369, 0.028307130611444187, 0.6609040656212203, 0.6329253990733805, 0.0654740521600794, 0.8801660089346478, 0.6986726435921509, 0.06215201643309587, 0.6779537890854144, 0.4709604503845237, 0.9336095022674947, 0.20798313850693095, 0.645595097026739, 0.2619890856177062, 0.9452629097362482, 0.7813028187767322, 0.7271498595482914, 0.22440705769796632, 0.4404332617491167, 0.2488365465692176, 0.33441617308961236, 0.37896834581222383, 0.4070923370007429, 0.9766193751843792, 0.7807078376837577, 0.2926036918469541, 0.9387790969372181, 0.9701140872729814, 0.9450202935832098, 0.8805841112674165, 0.6806253778698281, 0.7210836060855385, 0.7736687301342515, 0.9400927874728894, 0.488710939249012, 0.2877593477142628, 0.3342847832055792, 0.1964193466336147, 0.6711312831969984, 0.9405350821191788, 0.30038881297500997, 0.36026056994027356, 0.044590753524609394, 0.35184377614701934, 0.6144613043629916, 0.9065223206292504, 0.6918198652049452, 0.20541428807386497, 0.07759042035894514, 0.7606616624931949, 0.33368386736020894, 0.6277582431663743, 0.8764809264849014, 0.04424074665131361, 0.5722283838267097, 0.9687802815969785, 0.8145112045906139, 0.8162077869398958, 0.2537165100244304, 0.963238875869111, 0.7073772923639412, 0.9748636994526749, 0.8521912677868488, 0.1101779636607253, 0.27015231304052145, 0.06308182802202855, 0.8860943277109055, 0.6462158454630866, 0.8269117674726023, 0.29006051462703386, 0.3844403254160923, 0.10487981154130832, 0.3062808655864009, 0.1615264511553961, 0.5107733250683328, 0.11387213544445784, 0.2019014065960124, 0.08144857915714065, 0.08748990755002428, 0.3476144234274269, 0.6461421542748196]"
805d0c82-7625-40a2-ac29-8f766fc3f6ff,Everyday Spaghetti,Pantry,Spaghetti,2.56,0.26,"[0.8106827057383517, 0.027787940183263138, 0.0327334610646598, 0.6863902275120403, 0.30649378424071905, 0.458107729790701, 0.20825811853234377, 0.9420683807403933, 0.6601511979634052, 0.755494928425731, 0.03722982683139797, 0.10451569485736578, 0.1666300484705534, 0.4598005276467605, 0.2015116143043716, 0.8595193554820035, 0.39178562372708625, 0.008480680151010334, 0.25232061162470176, 0.21442103573532068, 0.728372867955029, 0.4140375118910987, 0.14173301410864725, 0.9106202118422473, 0.4535851123072763, 0.06301066431353652, 0.5386321825838958, 0.19374765050403442, 0.5844337164739207, 0.1762170659812603, 0.020780384964536824, 0.20351866425219267, 0.4527341611396166, 0.7212991689263913, 0.17541289831653217, 0.7619970808390462, 0.06971726704782366, 0.4707318436953284, 0.9866348672381152, 0.36870632652328184, 0.5337781688639645, 0.18436054402170554, 0.33350642092816973, 0.19829787982196923, 0.9610821483747575, 0.31809919576156753, 0.4092067170050946, 0.9042592250430591, 0.5098069739493546, 0.8226686484170989, 0.2563149987134141, 0.9090073750412873, 0.7214260721914526, 0.2534468831166281, 0.7403064718577469, 0.8036851098706664, 0.658507676077062, 0.7350999204568058, 0.5147604355883137, 0.6291689054248376, 0.8275371011875776, 0.9157294644988901, 0.22816853093703282, 0.09051152941487683, 0.17066408995795235, 0.8771941924505718, 0.24898741790255008, 0.5020562782676626, 0.24498637984309923, 0.062223158376536136, 0.994123254224263, 0.18106983934680254, 0.83257230908474, 0.45722896769169175, 0.5668013806933705, 0.7709321910843232, 0.5678471639087181, 0.853157545733377, 0.4358760497917087, 0.9476654637726307, 0.4357791699988044, 0.5331901235542125, 0.4238668639189078, 0.9741811402461771, 0.7531803453569035, 0.27193746942430297, 0.8933558246482404, 0.6360671071748489, 0.8194494394496145, 0.8442486704901059, 0.9751844677065805, 0.1516270382541991, 0.42636743289636847, 0.5084753012900991, 0.25821533706056565, 0.6159354507062627, 0.05100233207750304, 0.6693768417736856, 0.8043236765329652, 0.2738409890179311, 0.9960316412075106, 0.7059880313177523, 0.4509634869434942, 0.3850326489822714, 0.8924681587670332, 0.24547384672209205, 0.06533994220621886, 0.719393347395985, 0.3444716796274421, 0.09835425818270971, 0.5343508420228098, 0.11044848816487407, 0.3456921086823347, 0.6805607988233663, 0.5008256442013687, 0.1433747762764972, 0.4303796572542401, 0.4621371577510103, 0.006281969244398167, 0.853907639429578, 0.42080229039114414, 0.15160203423629204, 0.2384956102620076, 0.4556584096152988, 0.6887758883071273, 0.23275613199321565, 0.9928164444034704, 0.0036320252642314532]"
882325b0-d544-426c-b74e-9b64ff3ef4cc,Premium Pork Chops,Meat & Seafood,Pork Chops,4.97,0.07,"[0.020849844537461748, 0.24126876593613156, 0.8496156532866579, 0.7509123887909838, 0.01385150790013967, 0.9795729689352813, 0.5599585103740574, 0.8838094697534699, 0.9676011486260275, 0.38556740136618395, 0.41047755638889893, 0.9989318348905616, 0.781925182747203, 0.198659682667349, 0.6957050978005782, 0.7683172761877195, 0.27146196668169154, 0.17586281223082356, 0.16309171035796033, 0.8645715027489393, 0.21225794683626165, 0.36918041057488293, 0.927273591925125, 0.7929982201141283, 0.8311057140345949, 0.8523173754827451, 0.46612094990251507, 0.15423503416063677, 0.9711793228630203, 0.34056709426075593, 0.6496851436455218, 0.12146503864776748, 0.3496454620858582, 0.9224053855655314, 0.9733390971329837, 0.2180500590339266, 0.20386003440595912, 0.3231779437927208, 0.29163360533571203, 0.6223034646478943, 0.8417583129358747, 0.3864083528204715, 0.44139469952440524, 0.5741162929934922, 0.3683775972467781, 0.5986392554100124, 0.13742080395914857, 0.9556557679494028, 0.5480844270715296, 0.18163775656839265, 0.7472246663348642, 0.2331371629857778, 0.39293374273349835, 0.22368933623335407, 0.10314843674807916, 0.967471223413001, 0.29435511318410446, 0.47269692232441196, 0.5508747199506304, 0.09365720933450528, 0.4362954068413806, 0.8907693754313354, 0.12854581993283754, 0.7113410603605587, 0.14423654425307064, 0.1746264726799709, 0.6239291160958826, 0.468634027816453, 0.1208648419107814, 0.42306987308390087, 0.48614763048966103, 0.5899386963633566, 0.21661407248466213, 0.796131694016075, 0.5575438547281724, 0.25213602915152766, 0.44994015702905665, 0.5014001333176887, 0.6074447464335521, 0.5277559223843343, 0.39856033147273073, 0.2146206199967372, 0.04852029257383217, 0.2165230220665858, 0.9751605341205611, 0.9986851330906679, 0.3070845405450132, 0.4406461622180047, 0.8890140264183771, 0.31032605428964477, 0.5099606520000598, 0.06737018695803831, 0.3219944353440328, 0.5381358176448657, 0.5178597838321014, 0.2685075773297957, 0.31962799944096176, 0.15596241257346366, 0.21339886160875166, 0.742279355254111, 0.8601860446744991, 0.8700702452877289, 0.9922180257030184, 0.7501051146895297, 0.3126813152093092, 0.9246695281607403, 0.33943345084278287, 0.06016007139724122, 0.6498622143296404, 0.7625210880581548, 0.6850540295230612, 0.6422101751059114, 0.45443432839770925, 0.2679694371120256, 0.07648659777073585, 0.9655238513286006, 0.9702578878047525, 0.4376260185970512, 0.8269140020382625, 0.6789846979099886, 0.3076489335211262, 0.805437205545859, 0.4473400593855684, 0.0981483912462705, 0.6958612953576553, 0.9115578836244598, 0.5978728239276454, 0.3229980386704596]"
5e2bc8e4-1797-4c5f-82a7-e5f343789acd,Everyday Sparkling Water,Beverages,Sparkling Water,13.17,0.33,"[0.12205660761872861, 0.5914873131091569, 0.8022474418710334, 0.999613993868663, 0.636973280718722, 0.269908707375184, 0.4192731299461907, 0.6239252886907328, 0.5955917778057588, 0.4810668888457119, 0.9648504090343972, 0.559269438810631, 0.5871755439106745, 0.0016135988681887925, 0.3437606088368058, 0.5010939946339518, 0.059927213503595866, 0.826005858758485, 0.46688434935752887, 0.23114702153860656, 0.3529612577304866, 0.7218569609011135, 0.029315278620783203, 0.6207866023804677, 0.7176633935797113, 0.031269229560710654, 0.03699300551436158, 0.03762308269053527, 0.85073638937153, 0.7106003747261288, 0.10320954259189985, 0.7946533216964535, 0.9605520127202237, 0.8443054628379801, 0.4619788199374537, 0.3017157567532175, 0.6620553044671184, 0.7974778733883927, 0.2665622517077435, 0.704003519324061, 0.4781085015726313, 0.47204610834328375, 0.715376628957495, 0.5207101046789988, 0.8839383430908155, 0.9404687879863021, 0.132929817731696, 0.8771370943615001, 0.9915171093465525, 0.5724899847621713, 0.8198984958429983, 0.8291457973522169, 0.03750632109940877, 0.8526760370157404, 0.18570097278783104, 0.1440299887762989, 0.7904504752372182, 0.7068957614999446, 0.3050365137017974, 0.6528679016651242, 0.5800934938987288, 0.41150188862503867, 0.7607951937857036, 0.7030543880561695, 0.2386198614687286, 0.41290122437600196, 0.619494966741649, 0.24702720847695459, 0.9496156909402257, 0.031831548962917955, 0.45685975893938613, 0.8684536401260703, 0.20388201726883237, 0.28265788298727457, 0.09837970528174755, 0.246507749368147, 0.07235812384635931, 0.37816191970197954, 0.5389023233240444, 0.36598926339636306, 0.38250508065378486, 0.20057689480132213, 0.18605178109591436, 0.11629286844112219, 0.24678356692093684, 0.7174538957936022, 0.8895194664362329, 0.2841274823983152, 0.1989801351507925, 0.5229420040128381, 0.583759371844383, 0.7888890887285529, 0.524792725537556, 0.17533829451734295, 0.4813291324158959, 0.31166752684402566, 0.39621061369358057, 0.5168162773308036, 0.11746349985270088, 0.43289902746906506, 0.24353373102672193, 0.42987856928236645, 0.2240681456792526, 0.8593957748476099, 0.285720175896921, 0.6413268170105314, 0.3622800210043404, 0.1321009237277454, 0.9614297525124637, 0.8650220897364481, 0.5037896417417976, 0.05125421885166426, 0.2977362843706295, 0.2678701030510017, 0.6590481474605645, 0.48908278006104955, 0.5800065765485832, 0.4686955679194562, 0.3455929569121873, 0.05042642822131704, 0.08952977230577386, 0.8866120898392333, 0.7187325610978998, 0.5732728588434174, 0.32404962904008994, 0.9744560072827898, 0.5776617350708665, 0.9922202350791511]"
14c50a07-309d-4aac-8004-a94d51e3ca87,Everyday All-Purpose Flour,Pantry,All-Purpose Flour,10.87,0.07,"[0.6745669165388066, 0.6195516852076576, 0.3963582475359477, 0.5778268041100572, 0.4647799015708024, 0.2726367107598242, 0.8450355749218539, 0.7139639659334086, 0.3047468514691596, 0.8408646802645657, 0.16408397904395844, 0.48889913394755813, 0.5255405931416244, 0.8945190660839879, 0.3822284246964953, 0.16387431630015215, 0.589059102318031, 0.9249735735986218, 0.9033602564100494, 0.5585514271547287, 0.5377226147308263, 0.7676957738162403, 0.821463400983775, 0.25682930200361975, 0.543922388009742, 0.41242705124972745, 0.6111006235607156, 0.43475417975685593, 0.4360512886288498, 0.8466728957319369, 0.014677857782771087, 0.7688366892450748, 0.5676369331956393, 0.128466560824253, 0.20534294511820672, 0.7886944727519235, 0.12217099601462955, 0.218355615597981, 0.3966448081552775, 0.6004316703334718, 0.41623753868742364, 0.5808184378019284, 0.44275377927072834, 0.44821696760510155, 0.8457250403499694, 0.10017151876569819, 0.859819204700592, 0.8519262700149955, 0.8208887061643194, 0.937400054122948, 0.011328923193707485, 0.935124960910741, 0.09027087778412668, 0.5836277214899145, 0.25593070375023885, 0.5068411883241902, 0.6926883260773994, 0.5173004586523716, 0.22140205312116235, 0.43081500948012386, 0.4225554414392805, 0.10713692101497396, 0.05347472862901004, 0.8372222342372428, 0.18400043067463723, 0.9220790927932866, 0.6173173336202499, 0.8912115273592812, 0.1352545348134886, 0.50549411015958, 0.452414337371397, 0.22044259845183045, 0.5194251707874259, 0.8811141736522804, 0.7030564195570377, 0.17502536866503127, 0.636383055879642, 0.9614474463779178, 0.4776952206041334, 0.17837135782403812, 0.038607556732124904, 0.7531906180413308, 0.8492799813599167, 0.08240186680573058, 0.0030229860055295266, 0.2850908926628881, 0.18107172431956897, 0.484112874272567, 0.694341072255963, 0.7920071280037211, 0.34640876014108735, 0.1837130602926118, 0.7645497921634264, 0.9121814913962986, 0.6775086119845519, 0.8860552605577183, 0.12490338599872286, 0.8456403933779091, 0.7254530789591216, 0.968082994863905, 0.20633268924421977, 0.10751409780351429, 0.2950251251161551, 0.13839994759460916, 0.4292594602587667, 0.17868848041216356, 0.554677963911056, 0.4881533760943041, 0.3422038348494244, 0.6670310251499602, 0.915023536185317, 0.08218850347672679, 0.3706800663162906, 0.31880316731624336, 0.4254013783558852, 0.8169490835486977, 0.4319105087030115, 0.07442090813043767, 0.5568757651355445, 0.5576266128200457, 0.9594703495416126, 0.8790343397874694, 0.9511702440161492, 0.5737954898797241, 0.48713464524409245, 0.29557034916205505, 0.056558890943607, 0.8944333938108113]"
a7af19b9-f0fe-40b8-9d1a-c7fcda914ea2,Essential Sour Cream,Dairy & Eggs,Sour Cream,24.59,0.09,"[0.8511251144477168, 0.1759340801959235, 0.8183538155230375, 0.5938081975971072, 0.033633925845544255, 0.285266939858954, 0.11842905416178529, 0.13112821825225351, 0.6678965043838246, 0.7845038274013821, 0.4556972782015588, 0.24562791877436585, 0.3412988437714546, 0.7638474217395396, 0.2677168981113297, 0.2604796346271604, 0.3121720484563931, 0.8651063829646073, 0.5990394221738806, 0.6888037550494073, 0.8616857750332543, 0.6870534702104522, 0.4415811646853842, 0.17630804736182437, 0.9720112882387703, 0.03742324887118631, 0.9666022528428696, 0.20031625483628634, 0.5486340969524659, 0.3651794605788963, 0.996278279792364, 0.8113065419266943, 0.2104588704529946, 0.8796055553670808, 0.5110345297505156, 0.2327545870808737, 0.9042232987996428, 0.32899514701851584, 0.37698867799819424, 0.6573105099963625, 0.19532648856605173, 0.6448017811982479, 0.4141859730108113, 0.5879188793721297, 0.9327815281206091, 0.32549317958518786, 0.9869257097936598, 0.33975389313993876, 0.4303172094891027, 0.4434818004649883, 0.13039261401552293, 0.08092645791780495, 0.9389045224689117, 0.8144234398717753, 0.8606383577027069, 0.9581969323781593, 0.9183397436426795, 0.8972112107857032, 0.47160391622490927, 0.3157510592715538, 0.21765350969024444, 0.2728609324024427, 0.9312885419949266, 0.4239523098011223, 0.15841961259624804, 0.3208487043281305, 0.9967334611107785, 0.6266900728532999, 0.8827065368745411, 0.2811406009251899, 0.13493832886372192, 0.8459111823120433, 0.14655586181932845, 0.8317982420155332, 0.2567929700942764, 0.9892933750222543, 0.48199590712889695, 0.6658089041447215, 0.3208839073304518, 0.8356184740526627, 0.16254182987204868, 0.4211885393777174, 0.5625386437397771, 0.32928321086963397, 0.20515453601605582, 0.7488643482778046, 0.028089253362876265, 0.015984001092262723, 0.6575545620059842, 0.36117777716212374, 0.6555585000487918, 0.284421580438301, 0.9363071738511027, 0.5380747371085505, 0.8680445121789444, 0.12722798787612666, 0.6968904883710452, 0.7915168586895075, 0.5042260099770823, 0.6484817998308623, 0.2867580432789397, 0.04768616498443068, 0.2860264164962367, 0.7916525030722342, 0.041481746171868394, 0.33449452967040594, 0.1863158112037967, 0.7243127009509662, 0.42031520025318614, 0.4798015060347196, 0.9650764219780348, 0.44762316763325216, 0.6196182748566004, 0.48179896940337286, 0.735509083813133, 0.06195005783482954, 0.9387195899814315, 0.4867703278634643, 0.6180326473264081, 0.8854236732202464, 0.5193689024327821, 0.8180969244610902, 0.9638560704837066, 0.24476010495006506, 0.9594075853867045, 0.9015479806945639, 0.3892692182900329, 0.5018101168765398]"
1209a847-3e6d-4ef1-a2ac-448ae204babe,Everyday All-Purpose Cleaner,Home Care,All-Purpose Cleaner,24.85,0.12,"[0.9537235035719817, 0.2428903428731436, 0.820374940508737, 0.48012605926445284, 0.2144516780952641, 0.8420491115311058, 0.9337588882800412, 0.6725166933019242, 0.5341234776894388, 0.6886749447327805, 0.972134885591914, 0.7454342136512468, 0.5463918746695743, 0.29782753403236184, 0.5943406054502495, 0.5257505687538138, 0.18973057857880915, 0.7060916261023502, 0.18066043755701133, 0.2581699292720602, 0.39755332835507706, 0.05127474251727426, 0.2953632256756449, 0.507930947313271, 0.7990157736725942, 0.4409107764941853, 0.1404517287582615, 0.16038871469153027, 0.3252010094513883, 0.2224763947864664, 0.9225377195211886, 0.950373785005684, 0.6278805009116212, 0.17185596737993836, 0.5910021380163466, 0.7527802761563119, 0.4357915054624292, 0.6794745432118634, 0.37858185856770765, 0.019025350458404477, 0.12463548943212288, 0.11005559285157929, 0.1760732272777198, 0.6424910742284221, 0.017150989115682025, 0.8788491259065508, 0.4405754273366884, 0.3413742627553359, 0.12754226051822282, 0.9032298094345146, 0.6300359561891574, 0.9287222623312195, 0.0571494418646914, 0.18238979388741694, 0.43148621996810854, 0.8189724804218864, 0.6477580185551723, 0.3016258291037387, 0.4362016402976463, 0.12191857137782713, 0.7506622994112185, 0.8531938380763404, 0.684658582219119, 0.11714787434115426, 0.36958592223132514, 0.4162927291433981, 0.20203781974807467, 0.30142791758474297, 0.713822668632044, 0.9443489459245508, 0.345884749514232, 0.1335363488751352, 0.6953146520146704, 0.3597481898934136, 0.9828642157513795, 0.0031845647107900943, 0.019160431617840534, 0.863184563077752, 0.9325341704834693, 0.6304439318803376, 0.23205819760176116, 0.33946133958588576, 0.6594207191896192, 0.8979721972956293, 0.672369942221944, 0.9993495123915349, 0.9480740515681135, 0.7616802240593239, 0.684792649984652, 0.31379917431233806, 0.2907267804842475, 0.9409893108218282, 0.8461598975532849, 0.44307580964206306, 0.8354266843490064, 0.3192796742938937, 0.7983169936513854, 0.3922733036195287, 0.36172321068672275, 0.8152690184413907, 0.795379407188538, 0.48076531094940167, 0.8102720426107262, 0.8756670688922131, 0.11269998823853822, 0.017733678859843116, 0.7414010120064066, 0.5059475440399864, 0.7088031685599475, 0.17544164715559762, 0.3075755868895076, 0.12174995421248791, 0.45086943890326914, 0.9512303195056324, 0.2500748264844914, 0.6801360537606631, 0.6954435413993463, 0.9619691734910877, 0.3437547840676931, 0.0526643518335439, 0.7239839538995062, 0.7137880070559737, 0.4413060025898117, 0.9900854469646527, 0.16443871169774227, 0.006036490326916444, 0.5022985229669744, 0.2844780699804276]"
bdfcdbcc-7d63-4ecb-9a8f-8ae73ee085fb,Nature's Paper Towels,Home Care,Paper Towels,19.25,0.36,"[0.352022495056731, 0.5292660185945975, 0.2911581483469796, 0.8653434173118275, 0.1366058537773852, 0.6247852741773654, 0.3177032058834999, 0.5007709961727012, 0.6585132335649173, 0.25510358281655166, 0.8389205324926686, 0.593854049528982, 0.3722237000807387, 0.7557297040785677, 0.01773953566820674, 0.25386335445224173, 0.42060582898460164, 0.11145812849048675, 0.10498634224378633, 0.9820950177800337, 0.6925515654764611, 0.9775344966377333, 0.01082498790183195, 0.28351802657797076, 0.9481309182679426, 0.2979904710526762, 0.6668102533412102, 0.84603283229922, 0.46205499029412833, 0.1893009371727311, 0.8077322356367149, 0.26646740663927015, 0.9198541894138512, 0.3884221243182475, 0.6269163059744048, 0.16696528087194384, 0.5207939355162402, 0.8098928658952745, 0.17559291189362247, 0.9823533041746279, 0.8520390193110757, 0.4428323917171194, 0.9101535257485585, 0.6187776669207623, 0.8499255036793139, 0.2671887119604217, 0.42163058762976235, 0.4239185987451932, 0.6851493960750856, 0.7608725240678091, 0.037301062699474086, 0.5871866258138941, 0.3108238411945242, 0.4728285167202152, 0.7319843496256503, 0.22599155365431967, 0.7169549982747526, 0.6110014840432866, 0.6559735737440947, 0.5004149400801994, 0.8505567964929449, 0.8582477643611522, 0.9015054874369024, 0.9864106291332964, 0.6631086509012599, 0.7012624547824375, 0.4014680398450958, 0.6279049799209211, 0.6939641665303615, 0.04663670200998493, 0.9122016346711022, 0.5505790859119315, 0.2415432740914284, 0.056465133542027646, 0.17498669371848585, 0.9654297258186899, 0.09064749075723244, 0.6382919558643543, 0.05821799251988091, 0.8460742386889851, 0.39726940971553193, 0.669112975079486, 0.29967092712883503, 0.671893325316217, 0.35653322335974535, 0.2490004215327668, 0.08107854944657622, 0.5401966211251273, 0.1229305721708347, 0.9339526986707642, 0.7647371816552487, 0.6870360661013449, 0.33011903522424035, 0.5732627458339518, 0.054316458697771575, 0.2789465415470921, 0.053143790056078166, 0.8200405394717459, 0.6193831944038215, 0.8065949279391106, 0.11993217282157853, 0.2809097221991582, 0.9327605559420028, 0.9627969628037064, 0.8839602622637434, 0.5008315079109198, 0.3013101697207493, 0.3358424364717828, 0.20846823297336092, 0.3397632742383294, 0.42170954408566286, 0.043860715255048754, 0.30187226622560603, 0.3917514649270396, 0.530703011845564, 0.7222628686558638, 0.8676297514578583, 0.964015527895491, 0.5055186477723002, 0.09808574488407962, 0.14623666643785738, 0.3349271596132998, 0.7541994451685559, 0.6200159348250215, 0.7518250679231999, 0.4427968870706348, 0.15742527536255635, 0.7323746713161858]"
c9d3792c-59ed-4d20-b80d-de9e5af11e7c,Nature's Black Tea Bags,Beverages,Black Tea Bags,2.67,0.3,"[0.550011994458258, 0.8927480244796854, 0.8290215636558174, 0.0033317134128402204, 0.5799526906950846, 0.6425551219288722, 0.7164283534392487, 0.9859328587014963, 0.5084709526465315, 0.3140685995314565, 0.42704105116278723, 0.15685247229303256, 0.44548929683215366, 0.32785106702513944, 0.30456923380496637, 0.39120397678786767, 0.26869873318673876, 0.6522802360158563, 0.4227660035505264, 0.05057825502411473, 0.3131520250572315, 0.06811245069300598, 0.9630582729309033, 0.373751910005528, 0.11314247715970716, 0.4354179334456868, 0.5128230282394749, 0.5333139556672359, 0.7543205525231866, 0.5009195878581166, 0.7948646496179439, 0.047398777337855136, 0.15581468508962548, 0.4147788652993366, 0.2602954230145671, 0.16430922510495516, 0.6041448536621633, 0.4380233214159319, 0.9700234934455384, 0.7113230178136268, 0.6080426934781444, 0.2989940284845698, 0.860995383881018, 0.888575174661209, 0.37211978536545476, 0.6829480601612214, 0.09441086885563577, 0.7907675315459362, 0.34349685542437836, 0.17213155219641674, 0.00019169723119982773, 0.02118271046839726, 0.7116791549258592, 0.6326932308844345, 0.9462093812063439, 0.5872344881563603, 0.6959756418588688, 0.15018614962337984, 0.5686871490692993, 0.09555327378497225, 0.4324058392514645, 0.05748644083180532, 0.4540247415923495, 0.5711785073409009, 0.4658457951273254, 0.12531667673509383, 0.6142261695238772, 0.8521325297017096, 0.7608698286282154, 0.023937859346567558, 0.813726824084631, 0.31828986840620743, 0.4198460624050817, 0.9056576007866394, 0.8262836996518631, 0.883629017279733, 0.5930639893604104, 0.3854609075591705, 0.6801596506647257, 0.9337906472984523, 0.7093323658441861, 0.028308844650801968, 0.15365095891273606, 0.10001954195702756, 0.8907469982254865, 0.381275360211107, 0.588796159616987, 0.7092314058854835, 0.1681715697212004, 0.17240543639136974, 0.06232008304673897, 0.5583606692132267, 0.31487318383071017, 0.7560367171680706, 0.2842141723645397, 0.19043579218271878, 0.6831969060200928, 0.9624501398603499, 0.32458286940596215, 0.3498837365156362, 0.8282150710016101, 0.3409865766573327, 0.11370801357851024, 0.7906101494924467, 0.7369765086115658, 0.45563716834851, 0.5394899857107969, 0.6769371451679586, 0.532504719536145, 0.9977598916093348, 0.6210759437770653, 0.7240709796365742, 0.1432642971160779, 0.8520840654856542, 0.16998676177946193, 0.9948669692814501, 0.528437210997906, 0.48705981892001604, 0.3404471119048975, 0.0342735179657887, 0.5699731828104514, 0.9666257488374358, 0.41394445662764956, 0.4691152032210898, 0.534178475153979, 0.682262445380841, 0.9157842872375703, 0.9947202059681407]"
1638242a-9e18-4c5a-8ba7-dcb01ef7c6b0,Nature's Turkey Breast,Meat & Seafood,Turkey Breast,16.68,0.07,"[0.29792091205738114, 0.63078074235241, 0.8134095862599185, 0.6512655268609446, 0.21861289343767987, 0.02701919109068951, 0.8892951246249828, 0.15207896307798408, 0.9321021724157573, 0.11177451943422811, 0.5421344849859376, 0.5309751271439983, 0.5850835749925167, 0.27648935913240635, 0.39606357105856027, 0.6676775883970468, 0.9962801382890062, 0.7213566415350152, 0.4322745501197348, 0.7424915337575937, 0.5153299144412912, 0.367498466945708, 0.40090505542934973, 0.6340692641224358, 0.7306521284796594, 0.7470676757186339, 0.16374191209844846, 0.3542849857473379, 0.13425387390964738, 0.4947015364956553, 0.3257667124567233, 0.426724329577714, 0.2003828980140352, 0.2684160692231675, 0.4349261780431696, 0.7456322382663025, 0.5051484522982871, 0.05073599449410082, 0.26981140189299013, 0.57633892031704, 0.017660608769655473, 0.8132214885975828, 0.25625810456466813, 0.8572788287106309, 0.5663996049663504, 0.592049887840868, 0.9846840426633642, 0.9210968011413656, 0.7694815940189069, 0.06611174460957481, 0.7649487974705835, 0.6995141698665814, 0.3414575219006727, 0.19885199581304958, 0.02310758717038741, 0.9822216028457634, 0.5680083139754228, 0.005657137413165536, 0.7376559029795563, 0.3360477385227618, 0.07603266189983104, 0.8002672243092772, 0.4850771905327661, 0.9118862947919034, 0.36304090229218455, 0.39512628456911514, 0.22861639966592429, 0.04631552617194623, 0.41649417413941336, 0.34689632800092074, 0.019456081095678535, 0.5853025866959256, 0.4320519962404352, 0.9339730589018777, 0.9075998235913704, 0.4339674143446749, 0.8945381894939202, 0.6081638404116713, 0.17352453999991624, 0.8193554907955618, 0.9291205390188665, 0.45346162715053173, 0.7846092446106043, 0.8010273598075465, 0.07098227533879153, 0.25184346133643787, 0.13094358064705613, 0.02566927317448553, 0.49847313506021174, 0.4835136412217763, 0.7292805169013518, 0.8440878028119713, 0.9085444394863983, 0.9237946155418956, 0.18032270419142826, 0.2681568315637286, 0.6976093955423922, 0.6611267392636256, 0.41371504897479383, 0.32167736579494355, 0.08320574029619299, 0.1718310706979591, 0.708724357776688, 0.9609165526882308, 0.8391209059274327, 0.598754917750565, 0.601203382432262, 0.7006384488086016, 0.8070816633433493, 0.83918457916755, 0.6302860555378, 0.8597883798478246, 0.04578353689015635, 0.046121518026369546, 0.1977694222385542, 0.20652420700871077, 0.32724868085599945, 0.7211155102319351, 0.40375991399516853, 0.9918148936214943, 0.17921055898104143, 0.31883000620160384, 0.9436952056026874, 0.8992380344916958, 0.18359908531083102, 0.7871284810700002, 0.19187856846873952, 0.5521708154478276]"
181c0491-9549-4f06-acf3-4e0bf1af8724,Premium Large Brown Eggs,Dairy & Eggs,Large Brown Eggs,17.85,0.32,"[0.8060905189961339, 0.9389348893498707, 0.08719863614629764, 0.0145562635260168, 0.49887227148223234, 0.22464516405565071, 0.8316893553858185, 0.8304182966707172, 0.9898440005200316, 0.8930665897682761, 0.2109361977864903, 0.5949166533994732, 0.9042370836109319, 0.6525516823851997, 0.8537892471016948, 0.8550343060356168, 0.8464131250169106, 0.8896808315405996, 0.9302605014313966, 0.20014170284419097, 0.655034072615146, 0.3279309096486742, 0.03965867158828551, 0.7016683344107593, 0.39079467038817073, 0.7135634878008997, 0.767370537799092, 0.26256638956505884, 0.04139622872187321, 0.12007608638532286, 0.46239399551099614, 0.3174446068400484, 0.6933140442830692, 0.321083238809454, 0.8078269601590647, 0.8297928596158601, 0.1770201412267849, 0.3578767620465557, 0.6601406794922702, 0.07233678080653538, 0.18732886859143638, 0.7879707956106211, 0.9516860390496975, 0.7651615991759024, 0.15060126186666045, 0.2487368824392, 0.16692904040209122, 0.9094020143765869, 0.8239548974099442, 0.6689270651830893, 0.08810588146921694, 0.3020036313532971, 0.8091854767636941, 0.5575701477724209, 0.6348338426162573, 0.9824755333747529, 0.6876998161093982, 0.6688231229417154, 0.8083006182093555, 0.20694784810425926, 0.6611943606103957, 0.6319229034137527, 0.8165461253562084, 0.8045748193812854, 0.8002877594729152, 0.25631793425481875, 0.5080294769557961, 0.6364515596802347, 0.07108169127890629, 0.5352852449658754, 0.03944123729566684, 0.6717337485942239, 0.8015009948645664, 0.815164525389614, 0.7289792752326965, 0.19345520551824003, 0.27313821559748186, 0.9324822130784791, 0.31674239095852874, 0.6907756601285672, 0.4795690487908806, 0.2889783329896711, 0.6328793485864939, 0.2432953523668846, 0.11576400879197135, 0.3050753238202153, 0.6040791541546727, 0.9417084681737166, 0.6106981245866773, 0.7084089288015294, 0.8539197231125359, 0.9739415627517652, 0.5476994604346597, 0.7830892556546805, 0.9480686278754712, 0.7633772128649444, 0.4957757236374768, 0.7740019497725672, 0.31756919198716194, 0.9937906728963313, 0.48837079845276754, 0.11831104993066588, 0.6426056536789495, 0.31776554111558264, 0.6031507790928118, 0.2544111305776957, 0.15531707404534145, 0.7604689524732061, 0.36423832845880466, 0.3035471694965528, 0.8886856767827531, 0.6156263723822053, 0.03789631188509157, 0.11582674260129622, 0.33098775606132713, 0.8530258325794363, 0.8301154202763613, 0.6905779538869214, 0.6684616334611319, 0.029384727717352233, 0.2772107862606984, 0.34851266512708223, 0.8268510093514199, 0.6261113388696802, 0.8859366947439818, 0.3763281408472783, 0.7078713190620204, 0.9652567138738581]"
af5481f4-1ba7-4d45-aaf7-51c47a71875c,Fresh 2% Milk,Dairy & Eggs,2% Milk,3.87,0.36,"[0.41443603952806096, 0.299775484027602, 0.4479224772871958, 0.8364016813059728, 0.6158758382811235, 0.5580638047883444, 0.11784842809865881, 0.6608994187402799, 0.11994520879972048, 0.8448012534882463, 0.0533552121482197, 0.17581393678895552, 0.5935114920238497, 0.563786607052621, 0.6996919090616028, 0.4290956817699789, 0.1181581874477915, 0.8763761856908752, 0.2637426237388938, 0.8726554649912721, 0.3851330462498047, 0.919312052417678, 0.615131025169674, 0.92751933729063, 0.826029360731507, 0.5405247751526018, 0.5393844518772439, 0.7321076650256296, 0.5689408240134225, 0.542918882910314, 0.16270229399908087, 0.9691303139014491, 0.7804546635695307, 0.6022986240507426, 0.005620749160510141, 0.7300254050308559, 0.34282814304592213, 0.9910885031349831, 0.249196259339433, 0.31017348694594127, 0.7593962733034101, 0.21359159721792675, 0.24354418673168365, 0.8541765364642298, 0.5732669098832133, 0.18917768216059982, 0.14957131954471237, 0.21293637362952567, 0.23839203994677405, 0.41642902034419316, 0.7514539097539616, 0.24401229645340394, 0.44010414137948795, 0.1518922613845689, 0.7173197528463496, 0.8718683204443952, 0.0789394286992432, 0.35673661926564304, 0.7975838373780437, 0.35300643589255554, 0.13421466922389402, 0.9849454195692324, 0.8240600456865963, 0.6583907256672553, 0.9812576003039194, 0.5057542724968741, 0.7938943359156381, 0.5710311656148869, 0.7231130333954238, 0.9215552365309893, 0.9725787786546317, 0.6458264755133518, 0.261878772194741, 0.9859143490833324, 0.19302735495504963, 0.607952276621122, 0.5103529766525613, 0.6975459378396522, 0.929176018841328, 0.056800690668622256, 0.7131243612047464, 0.5913082943658798, 0.48480526052044015, 0.8638673333673699, 0.4818463050129189, 0.44643955582669914, 0.008460018337923425, 0.4291321917373605, 0.3523498393766048, 0.8703841088449943, 0.20648329201698612, 0.3176544743907701, 0.14511334173044832, 0.9745595584313431, 0.08543156972412536, 0.9595813224065952, 0.6447338025430746, 0.6654785262954623, 0.6168971849024654, 0.6062462970338689, 0.6638922031141522, 0.8712329534072268, 0.7555663945531053, 0.3091009279798329, 0.8140099475088786, 0.41723783251088997, 0.8062813458246191, 0.37371340607720716, 0.6076611829466041, 0.5281314954136712, 0.05577405532177249, 0.21606835146071368, 0.5765660471629083, 0.1910849839223896, 0.7787614867427921, 0.4676828675500714, 0.613884487480633, 0.7632203909593404, 0.09000782682641761, 0.40789387226801044, 0.43125269785787035, 0.3106055041092025, 0.4067880786118122, 0.9341530658691314, 0.5944993511678196, 0.4652718969464871, 0.28753259521165286, 0.0783442751202863]"
ffb35e8a-7d50-4fb3-b500-d6e2b0d928a7,Everyday Mozzarella Cheese,Dairy & Eggs,Mozzarella Cheese,7.08,0.13,"[0.7370574931124229, 0.45046996475458556, 0.34562433517118296, 0.5152093191080122, 0.28689793742622016, 0.572853347717657, 0.14573261803260007, 0.022564400160128506, 0.39454593331491505, 0.4907613483312341, 0.8275038354511314, 0.10794759315914759, 0.9177215914697248, 0.7963904084121846, 0.08707857175827216, 0.1174793242062574, 0.4639596180475418, 0.7153361737289149, 0.1167863759497283, 0.6276233192020396, 0.6907535392298523, 0.7756461034216783, 0.8158696605578746, 0.6729185959702236, 0.25504026574339245, 0.5196431204949334, 0.1509975298092584, 0.40242309417465827, 0.19170092510652914, 0.2715785063611228, 0.9334585947868286, 0.3688751060410643, 0.7897972005326078, 0.0598465543590877, 0.23116964535013695, 0.39597569890492745, 0.1702348864334099, 0.3082720089297334, 0.7804838359027645, 0.030427230081177425, 0.6127493755574255, 0.7699682066452692, 0.5901641062099954, 0.6070670410509964, 0.6960582177203241, 0.887945609031666, 0.3957118928253225, 0.4648622408206927, 0.41615543322083115, 0.45736719223194056, 0.04031521832941076, 0.0484280594886477, 0.12156348286423779, 0.2921309401026486, 0.9828404150865996, 0.5292404395302777, 0.015263419526811095, 0.4239658064946379, 0.5227919519168006, 0.6422502037373085, 0.36624395368011586, 0.947009189950616, 0.7006093800575236, 0.7818615797101347, 0.654883975432158, 0.7762153643398887, 0.1530549363312469, 0.10075089011296268, 0.8397461103193877, 0.5663423161844272, 0.15756054380495532, 0.6809391582292091, 0.4312430372287036, 0.7180322842302163, 0.43760564226790455, 0.9928345522985901, 0.7279762246326168, 0.09989487339849801, 0.9030319685803768, 0.0943014569360251, 0.8023606646322254, 0.45901341572945176, 0.9137790095391304, 0.33561682941344884, 0.830668715216576, 0.014140256362324743, 0.5298389032652755, 0.5082947277544511, 0.7994710771555065, 0.3028740767882102, 0.09519801290063723, 0.46020423347282324, 0.9379951111235376, 0.10799454240501105, 0.5986223584263058, 0.6833731368075194, 0.5253168671162756, 0.8414679205619171, 0.8258018681214903, 0.31486066845799277, 0.9608559866889579, 0.03557342883753756, 0.9034769837740876, 0.6455565412779081, 0.5329694984848653, 0.6777501517573072, 0.5735203767320022, 0.5624852615784804, 0.06011557986292759, 0.991649826589751, 0.7627401540058263, 0.8532811355089209, 0.4840023907117469, 0.46286802540119754, 0.6339155839128546, 0.13872321926174203, 0.20733362366355845, 0.07819600277914629, 0.40379423209198717, 0.41981743855001663, 0.11546953126553339, 0.7829984973189009, 0.16468381876389904, 0.3601439291950369, 0.007919689551723952, 0.9801010235723269, 0.2914950073903172, 0.2616176630418364]"
22e8fa38-2c1b-4639-8e7d-d245269424b7,Everyday Whole Bean Coffee,Beverages,Whole Bean Coffee,14.72,0.11,"[0.4491812766761477, 0.2060334334766638, 0.4213230223480632, 0.7238617333916303, 0.4596718131231632, 0.36943653152604916, 0.03245935229633001, 0.8468780725137944, 0.7693999397256988, 0.6914453142908076, 0.5309225610734003, 0.33204208067555263, 0.5402882145878819, 0.003454478357118651, 0.8107076377902862, 0.921098468104542, 0.43895333454644214, 0.17059483431032652, 0.4614691030529162, 0.6530882330378904, 0.6678441969204653, 0.3990760865841537, 0.7353612524046772, 0.07012088176947451, 0.9297537115595135, 0.4502698619118082, 0.15225325480652707, 0.4295553299437107, 0.6572732675216963, 0.5804163472594838, 0.09237770917849863, 0.350538661025681, 0.11082726012876432, 0.9056063565242121, 0.9935519817224289, 0.7808634060862714, 0.16079293416263163, 0.6942429903722989, 0.12965938863336557, 0.5701418632904576, 0.4835772838802078, 0.7230948713485833, 0.815907947969344, 0.05640859113768326, 0.9380768177721643, 0.7845819286919631, 0.5325044561086274, 0.6566675659601632, 0.9810164686589409, 0.23774026765894252, 0.5891840078663912, 0.7763044067414837, 0.8702624357079087, 0.7091315863923627, 0.40518866783440954, 0.44627974553598115, 0.6199673689700957, 0.018692024589356815, 0.7275191438313665, 0.7944487337468475, 0.29657630278857483, 0.4494518041832072, 0.385184033205731, 0.10926028979456281, 0.9504234727257199, 0.2811893418200898, 0.9029705430860622, 0.49748485211183835, 0.5373122960903453, 0.3607412136048992, 0.8710345001501888, 0.618305339484988, 0.3695192783148441, 0.6099714534496065, 0.8301797618642938, 0.9380036280905413, 0.42921760463705527, 0.05966838367977456, 0.6430831003199645, 0.26452098241985855, 0.5446999115547765, 0.3214064953999939, 0.2995698463772306, 0.8062118554873023, 0.13493988873639984, 0.5390394871867848, 0.4353700067743783, 0.338834823844426, 0.16512779725884774, 0.2021773555645734, 0.3425836711259006, 0.04701559698597246, 0.848650739757501, 0.8345887107429208, 0.7492383333336623, 0.5244780702346122, 0.7888736863542589, 0.2105166046670084, 0.504774692516922, 0.22949104711290202, 0.7377211535278327, 0.45799281066795794, 0.9771581986562036, 0.09276779724034856, 0.7414723838836865, 0.5188091124915909, 0.18676332297588938, 0.3379589832720383, 0.1809972181498909, 0.7544205739404353, 0.24211132822888037, 0.5604126579816986, 0.9702518516719609, 0.1402559853785562, 0.6111887942279192, 0.3446497552930877, 0.2977821991983527, 0.5053892986012436, 0.7641163981827537, 0.47748847504607417, 0.5412144711816709, 0.9923301834153401, 0.8890475337193211, 0.1628808518738648, 0.571462620652432, 0.7678305952071696, 0.09127801835470994, 0.4678255340956702]"
58b8f572-3bba-4143-9f32-b6fbe9afedb9,Everyday Peanut Butter,Pantry,Peanut Butter,10.79,0.15,"[0.8505262994972683, 0.8604527174249312, 0.10546419099991533, 0.11026215072291923, 0.24074274572438736, 0.7360562384844545, 0.7479129000965397, 0.289194792350303, 0.8930742260353645, 0.6067172019355008, 0.5990444065331122, 0.42146685135818795, 0.7314978738351895, 0.9359526258845244, 0.00415378847098824, 0.34789293694829826, 0.7058301039385985, 0.9164359927253647, 0.10929129924918068, 0.9135201108675373, 0.05911240970679932, 0.35871751915847816, 0.6760553908849366, 0.545472140272878, 0.6857008851786824, 0.05411452986359533, 0.7405125531949484, 0.6756705972878946, 0.44159791599065024, 0.7199032808785036, 0.6332701886977445, 0.22418432180050774, 0.1319638872589035, 0.9040050989059869, 0.412791838441082, 0.07741717845028617, 0.12466477994360636, 0.8747045050224797, 0.31650080788098356, 0.13697182431858712, 0.3545849860257745, 0.1023487285245066, 0.6532805046810579, 0.5820721824777145, 0.8462368735770336, 0.5314553187025247, 0.6794334538516262, 0.1684955512091202, 0.054830563213804306, 0.7236170456055134, 0.9788883157286449, 0.6915683557805937, 0.4821968864311129, 0.24868061092109495, 0.9986356055908723, 0.4127160204253091, 0.6926484306951222, 0.9413891511743256, 0.3959431699621512, 0.3867144098952059, 0.4266983581626611, 0.14099037153459415, 0.4217274585235492, 0.18321621309499658, 0.9361177499632686, 0.6505261170080355, 0.9248778041596842, 0.4995341843239134, 0.02948104568839771, 0.013446381087492743, 0.16060159787203876, 0.8337893923474572, 0.70499162869203, 0.14461527565404064, 0.21816430730008107, 0.6717498700439376, 0.6941948008087538, 0.1831532245241151, 0.15961070613920758, 0.7541643573041104, 0.9777511174396921, 0.8235837358861814, 0.458885978544203, 0.8664097924235716, 0.5108431078475648, 0.7163878790755474, 0.15041244028623024, 0.9103416219547227, 0.4589425201732863, 0.5327514870641964, 0.45258417742093027, 0.3246808749961313, 0.02768325098659341, 0.6800143158167503, 0.7062943936753948, 0.5264354614895177, 0.009262605065290752, 0.6976008203614393, 0.7066738412797617, 0.09205911850191162, 0.19602569794670932, 0.8971701658480469, 0.872746862600179, 0.9045856885920469, 0.553968353894265, 0.13631784016171156, 0.28696569835729535, 0.8633332561626832, 0.8803617834718714, 0.8893744378810845, 0.23082735962698064, 0.010876973704813442, 0.3710394985609836, 0.1752662918163982, 0.9905222379497769, 0.07316944985963802, 0.7985048037891112, 0.8610014235299448, 0.7816163827113571, 0.4430157756025266, 0.13111126488499247, 0.7354803885810983, 0.5140792111906632, 0.9597147942130247, 0.876379053894923, 0.8881205900824227, 0.6054331467075276, 0.25402991471289804]"
23c26c56-4049-472b-850f-65f46207be56,Fresh Almond Milk,Dairy & Eggs,Almond Milk,8.22,0.33,"[0.6839597923704533, 0.9811470613148245, 0.9895548693538346, 0.9276774483972882, 0.5147852109313199, 0.7449449294108906, 0.346049519523683, 0.05916999731192096, 0.6602435768393843, 0.20780650757962082, 0.07800714212544924, 0.03876462416269, 0.9860204894543709, 0.882798024877952, 0.6597097497549036, 0.9455327499562628, 0.5241546533435796, 0.5232642039248618, 0.2657958485369091, 0.9935239880259266, 0.2589646753383016, 0.5756609596964128, 0.9187325790528602, 0.3891777346811265, 0.4051560269765113, 0.972703752533966, 0.30140275712120146, 0.6261611051898169, 0.08904909850641984, 0.42050829803027245, 0.40152709810159903, 0.3156329625130335, 0.46909360364155306, 0.24494821639892772, 0.4571333749155202, 0.38053836040823175, 0.8796276791358009, 0.7512979390309943, 0.8100257215913307, 0.979459268683244, 0.8289863836865653, 0.1318970568880935, 0.9121716829393579, 0.31394364745019165, 0.8190119967980263, 0.3933365911612041, 0.9849050129649557, 0.270891952333115, 0.8805433350003186, 0.39771636342590966, 0.07842707642869062, 0.6074866463346439, 0.5416640998786648, 0.4615818674007266, 0.6937324950271615, 0.5603254347419149, 0.49110620700774554, 0.1432451622196208, 0.7529645768764847, 0.7665594046288372, 0.9218959558813932, 0.7196540096009831, 0.13585980342852533, 0.48347270857067226, 0.9025975678179426, 0.759477382619652, 0.3160752203214312, 0.043658572410406604, 0.8587189769062934, 0.9044419085649557, 0.5447408542258378, 0.31282565656540373, 0.5379685187178963, 0.2636764777500521, 0.906306817623596, 0.380365395955497, 0.6306128746325944, 0.627260605849006, 0.19364943808019797, 0.9747865783405127, 0.6261728797643427, 0.035866008149893935, 0.04815477256989076, 0.36392125434573996, 0.7603358295462422, 0.8450625605941916, 0.27346581494945854, 0.17616060641551223, 0.9324980848050843, 0.3684353543449219, 0.3044182865030747, 0.5700379045880412, 0.7370422572472022, 0.43517765207825887, 0.5231339126225379, 0.2450978421296942, 0.5458754691983736, 0.7757876097119188, 0.19683071405723684, 0.7216562843017681, 0.5402134886815242, 0.01771712735463926, 0.6556863891779198, 0.19650986955249683, 0.6001774093037432, 0.6762557099182763, 0.5789423981912933, 0.46038744304282475, 0.07990475655755169, 0.8315357510964134, 0.19460732649291324, 0.3422947937571038, 0.6783257939755195, 0.7594687169068518, 0.3426437636999329, 0.12368850609713522, 0.4256501063629109, 0.9397037397301581, 0.5207336824830311, 0.8249638962836037, 0.6340862146196155, 0.43947038289369533, 0.19453277882832243, 0.6629170481455317, 0.702774377528535, 0.8894422028529291, 0.781951772882504, 0.3259364696456273]"
4249ce6f-0248-4265-950f-9f03188f5497,Organic Oat Milk,Dairy & Eggs,Oat Milk,14.91,0.32,"[0.13851991556926302, 0.32152136348401805, 0.6766314279320511, 0.8425028079699638, 0.36961112701034404, 0.18407795415977413, 0.17676478470943446, 0.1321777837167084, 0.74830759336414, 0.5100888968316389, 0.24905200470380395, 0.6994419022492316, 0.5718473048245512, 0.9388900225399746, 0.03418358352179485, 0.19952683411342131, 0.8208805622543525, 0.34761018264615084, 0.6515567601791633, 0.3327606387292217, 0.6810779970562791, 0.009684970073178145, 0.4214113985397395, 0.48439392079609855, 0.42133772225572996, 0.18573483711626282, 0.9204713821452408, 0.9787814652382394, 0.2166057408812343, 0.1564156925524095, 0.016232713690741418, 0.8851131782305062, 0.3617166872195614, 0.6306883391388508, 0.7020448335543308, 0.5405101846809965, 0.5196637007914389, 0.6555562647266755, 0.8615290584762837, 0.5066139536509987, 0.1780459528509417, 0.08626570484316876, 0.795822586387313, 0.3955623722152668, 0.7352321068622424, 0.41082116887959197, 0.8917988898911392, 0.08623200708746126, 0.9003226993648874, 0.09859213573443759, 0.027750494500241474, 0.4286875167083962, 0.11821887803312503, 0.5289050017265752, 0.06373809437258782, 0.1335758076185798, 0.21440468784351152, 0.3504597211961119, 0.559614480960497, 0.5291521195350373, 0.10657452205249629, 0.3769930557853298, 0.19809720104574402, 0.13875353485961017, 0.0966698261361465, 0.799702999343037, 0.9659826553082373, 0.09884281172365039, 0.284638578763305, 0.029349234104664612, 0.5903743777989712, 0.22733492734889116, 0.7247531128953731, 0.8913229281246485, 0.404474328590245, 0.6628956200584374, 0.7235658335814446, 0.012649617152845183, 0.23481548910141747, 0.7885153690966931, 0.027252741572241335, 0.6905747098773677, 0.7608247233908279, 0.1698831939519111, 0.620804417674095, 0.02802921095811417, 0.02066328199507317, 0.971139951787773, 0.21000033342791968, 0.5369640347746443, 0.5050576763842084, 0.9461199186268585, 0.9049297248358528, 0.8680435934530635, 0.4618072836293976, 0.23337676199741142, 0.10753192945555101, 0.526804655465548, 0.777812736338803, 0.252714461860546, 0.9980180631476736, 0.9848454854779282, 0.7114478982941547, 0.9980786360934556, 0.7468388198438719, 0.1268877718681496, 0.22921944792981008, 0.7086516692087246, 0.1696921998468206, 0.43188856183967195, 0.6199323906215174, 0.9417094753363026, 0.7197236749230093, 0.08209685196021366, 0.9808053010239305, 0.43417536289843606, 0.13539626313073305, 0.7362255974920308, 0.4418860788270377, 0.8083235596821575, 0.3887338379887689, 0.5470118880770114, 0.1257827561000998, 0.17950973526886205, 0.19374143148129874, 0.7830050590839776, 0.68690249004935, 0.014289792799656031]"
77016229-03e7-4ace-860b-79ee16b3f42b,Everyday Peanut Butter,Pantry,Peanut Butter,21.18,0.23,"[0.5190941231892217, 0.7548829627151963, 0.8996134457903001, 0.266266190393712, 0.3133646856663709, 0.9229013896864947, 0.29124661309355204, 0.9408097162190793, 0.3244562084247651, 0.4434886874096201, 0.8624737048208558, 0.5319485262619877, 0.6522399903045909, 0.19223756160060768, 0.9568761124309692, 0.5371920052210822, 0.7358790836906578, 0.15046393954960824, 0.4867824103536741, 0.33938656715356164, 0.17414078792482013, 0.7880972682164201, 0.5453323423917726, 0.5956358752482267, 0.8002451514969208, 0.10006048569363402, 0.5215082505763101, 0.6297346437890505, 0.63919243831512, 0.2642159226089268, 0.6416185410967346, 0.10503824689978958, 0.13995932873031036, 0.42810040725527654, 0.9106520474486026, 0.553842777551004, 0.4899004892661264, 0.012916982523236142, 0.6350273768171888, 0.22110999813225984, 0.5356493049704857, 0.890330989323251, 0.8613802178503777, 0.009226999099491096, 0.05859836983839273, 0.023419024318499293, 0.7528861891799877, 0.28398465338554313, 0.967543474006685, 0.02489035139866891, 0.2349101982217433, 0.3166989571201082, 0.8542425336570192, 0.04095794303365552, 0.07091955050631815, 0.7184860189864969, 0.9624844694167524, 0.09106734441967157, 0.7870440719395704, 0.030457735199996838, 0.04098676129494716, 0.056574451430910555, 0.5268060147711278, 0.40780316917779547, 0.6276989674585357, 0.2861901464406783, 0.048856955025626814, 0.0036035727344215784, 0.013849608982773876, 0.9333444117920503, 0.9491703745266804, 0.20482282766758153, 0.277374893302308, 0.6779865581146086, 0.0020881702328101603, 0.027736060563005482, 0.2354001271417081, 0.7916831770236022, 0.9902368361584529, 0.4245935096964445, 0.37573280226315176, 0.08959008863056728, 0.09269164206970437, 0.4605782545245751, 0.9527722525231269, 0.4207610620220331, 0.014507331788158329, 0.22573908907666995, 0.7621535112456767, 0.6466963720601646, 0.7044585036281612, 0.9375061614302024, 0.9236396850749862, 0.16495929600350812, 0.01848905252026878, 0.9393241921151254, 0.8099236722257813, 0.9236448679571407, 0.19816372087311396, 0.007307558572491768, 0.7853024497798962, 0.018368643742324053, 0.5579774259559137, 0.9411569477249138, 0.4819222480036669, 0.08913183889747511, 0.3309950407726874, 0.5617288265129313, 0.9989190243210804, 0.4799475152075581, 0.5064422909374664, 0.5608696204681299, 0.8347380733701256, 0.6517626511864997, 0.9812236522296931, 0.2283026746202086, 0.9728751937345086, 0.7952851484321691, 0.1995445904307641, 0.6033727200562673, 0.9728260001365746, 0.5098140194465064, 0.42082836010872926, 0.6821996512329824, 0.6939909238098266, 0.46984853671205173, 0.6482068162098596, 0.34869209695227144]"
99a57440-b846-4581-bc1a-44f38a214cf6,Fresh Toothpaste,Personal Care,Toothpaste,21.68,0.14,"[0.11782591193551184, 0.06256823074342954, 0.9090711297136626, 0.2449968269816566, 0.42378686353234596, 0.49581480143048806, 0.3812145085699722, 0.980242485639071, 0.5695111169397991, 0.22223559972027818, 0.8542820141725704, 0.19330246946487828, 0.541474086688833, 0.6375869497695694, 0.22570621378500788, 0.7038880391263602, 0.5774018296956873, 0.42680986130147724, 0.6560342926399714, 0.4983037432685825, 0.4883314764513158, 0.5931450031885425, 0.8353612057477838, 0.7531681784157911, 0.8683782180052662, 0.12718810224001065, 0.2352656387402129, 0.1455088373454544, 0.4655405386316833, 0.3296090678642519, 0.8833057310119106, 0.9135177532463391, 0.28567985106231397, 0.4994614964726808, 0.35389822925002445, 0.24398641914777552, 0.9733413630585628, 0.2844869389460172, 0.5281849819326752, 0.47794348242774265, 0.7607061151078501, 0.689080224034156, 0.6698312989195272, 0.2252382760075483, 0.8571487621540671, 0.5847901825748903, 0.6225870828125969, 0.5194390839371459, 0.3839570794933117, 0.30177668526369494, 0.43491326143180964, 0.26233328111512855, 0.15478733772087383, 0.14497600470420557, 0.7514098457995714, 0.3257794356574696, 0.2809422504206056, 0.37748892806904544, 0.9260268855234923, 0.6906572510269137, 0.9053185917424529, 0.5714469342565055, 0.9842805034008695, 0.12942147012846128, 0.45755732312861563, 0.30440065856634324, 0.3670462799272475, 0.7377844502539449, 0.06054400318098829, 0.025597940516070672, 0.4915731901481706, 0.8213431975863189, 0.2451793829827389, 0.5197426945449027, 0.08319041298169816, 0.5032683684410307, 0.4167896062775388, 0.8772386396785377, 0.9164093006938808, 0.8796629780456655, 0.00435542255091248, 0.5724778748739758, 0.18835004004309752, 0.6227853042830988, 0.3097803235411174, 0.04253034925872723, 0.14625318537796517, 0.6357676513325318, 0.5094951239196082, 0.8344271756963206, 0.18647507260917284, 0.5069473003237293, 0.9282339193646859, 0.6304170517066698, 0.9959063416980404, 0.4126046538908231, 0.1920600438095168, 0.5779816962376042, 0.5732883814454625, 0.17472130797731578, 0.10562117426019602, 0.17049176030285607, 0.2795979663964616, 0.5706643232643636, 0.8668336337010124, 0.4219054022821249, 0.8827685711285481, 0.6571774438736367, 0.07868923752743717, 0.9901987990568096, 0.44242910406962355, 0.2754713053830522, 0.3619943095310534, 0.26080740930880275, 0.8134135862528862, 0.10143629889758465, 0.2572831210654031, 0.6730577478321623, 0.07006299136541583, 0.5396459939869571, 0.1586797429626977, 0.4784602497293725, 0.679749449748381, 0.862877167939599, 0.9575151791224248, 0.6603472903082677, 0.9008674617061174, 0.610751784576402]"
2e4f561e-34fc-4f84-969f-fafa2cfe8587,Organic Sausage,Meat & Seafood,Sausage,19.03,0.22,"[0.8226734164915462, 0.07410974886887589, 0.9730200502722236, 0.5095833052282766, 0.8437816521931667, 0.1209561635013201, 0.48534977716883065, 0.9622633384598963, 0.6152687406433206, 0.011489587541009372, 0.31470320323602496, 0.07732834228291496, 0.37825538789092816, 0.21682302645525597, 0.7440850244436443, 0.8101474670991861, 0.2404234957695076, 0.22578049807880474, 0.11408699337241457, 0.1334590787533363, 0.12254136672579996, 0.6754617948748165, 0.3218449322022605, 0.32268676389312134, 0.041456308400225184, 0.9532092581464844, 0.8350271262700419, 0.9091198965479722, 0.16830392290885132, 0.9371413399948126, 0.6076488259084125, 0.2998455642606622, 0.8553139091725145, 0.5812545085430029, 0.9285214701097809, 0.7411983048041777, 0.09948958304690203, 0.06693907137989252, 0.7794202936145846, 0.06416166999529993, 0.024539333960526433, 0.23019771184258542, 0.7901896703853808, 0.31107651614830834, 0.0376813871837155, 0.19589837052111758, 0.6560326516009243, 0.14421975926966324, 0.17966224760164085, 0.5756867337134771, 0.26682896033595604, 0.18561265844587216, 0.582651594138441, 0.9055398120342115, 0.8345648882608514, 0.9373481897044006, 0.05814679353890029, 0.5451065990540368, 0.016818783492143052, 0.11217236286044141, 0.037625577085176776, 0.5893220960756999, 0.40039279347417334, 0.8689720379039352, 0.45197961350338833, 0.7679480920600976, 0.4635554858460984, 0.8877726989351474, 0.24511308230059614, 0.7417768202153434, 0.45768203604815494, 0.7863977817399648, 0.19902128936176822, 0.1484719280939949, 0.5885552339913663, 0.2752421390336849, 0.3768732993227717, 0.20438165461628544, 0.38937840810448676, 0.8843632385776515, 0.5990893088655433, 0.478424915881946, 0.27789980699197314, 0.4907398918794351, 0.8728559377428243, 0.6946241192436372, 0.24099618828693914, 0.05309312893485918, 0.27830720137064313, 0.005917991972529846, 0.11265645427822801, 0.16788880429623598, 0.8683241192173131, 0.4517764645042608, 0.597962370099701, 0.4894683110978263, 0.704528171522167, 0.06117675227790975, 0.3047778882970398, 0.5979431892325782, 0.7309306934774412, 0.6671002760989095, 0.15534298738193641, 0.7244923528062847, 0.1661378485631143, 0.21631008699656606, 0.8489125707359535, 0.054694573725336815, 0.17825841433006817, 0.5426424798569938, 0.33702167281837525, 0.6572213555437884, 0.8982264305916811, 0.28979385255787093, 0.5659432873711968, 0.762582409577096, 0.3849120595751643, 0.7620894365767091, 0.38754443195829813, 0.43605047489534265, 0.5576836356712971, 0.06934221293692389, 0.39556250354407263, 0.38164776385174637, 0.07078914141749448, 0.937045025970746, 0.7333815201416439, 0.242962378103589]"
f0bc20ac-801d-4401-bafa-1a2d45fdf2fd,Essential Oatmeal,Pantry,Oatmeal,10.35,0.17,"[0.23870771281903358, 0.8239870118213724, 0.7237157151919589, 0.31187358557585054, 0.38485533022419016, 0.7398886249852422, 0.7906712116662109, 0.2935565731075839, 0.0639615142476393, 0.1499786160231864, 0.36406236848794404, 0.4224036378808923, 0.752575199270479, 0.9105663906141526, 0.8558015752205137, 0.29605360440300754, 0.7113114214697186, 0.8770462136854376, 0.5790225928633081, 0.9006656577805733, 0.8162736043801607, 0.36611382194550135, 0.16938898810001846, 0.4699410323713564, 0.8455861996617514, 0.7538855962082665, 0.05468275356010999, 0.17195706298965407, 0.08240478496442494, 0.5584945961175388, 0.32815488042545415, 0.4788697035536167, 0.2679850187525509, 0.8290012066413235, 0.23660096989206902, 0.3256205420818955, 0.16668430667626577, 0.07875358866699911, 0.3005245325920942, 0.9952834438902479, 0.5245152474568894, 0.09972642467767645, 0.7082126568948072, 0.781048765830102, 0.5430807207503022, 0.5185063864154025, 0.7803262279534757, 0.4693124075121672, 0.07047205886331198, 0.8734928177018904, 0.8425352291065009, 0.5194504217779281, 0.3635462829020868, 0.670658461808084, 0.2325814842743501, 0.9406549033452604, 0.49687988768250646, 0.7972451042132078, 0.45706877322147765, 0.494968094831564, 0.2647422661634605, 0.3657635089368475, 0.7517311345069116, 0.8614860784445441, 0.16411382172354594, 0.23883606024522663, 0.8136928855589589, 0.9431028160740167, 0.9556642518856652, 0.883937135539558, 0.6287808812334122, 0.06860639338728236, 0.8035367737904144, 0.5770848752730677, 0.23830765817439337, 0.518669631003302, 0.17083922694604858, 0.8899105324103652, 0.27849005403104854, 0.13053804669752234, 0.6137265288577614, 0.7191049281575008, 0.5540852511794613, 0.7267775595227726, 0.8008387956945263, 0.4683262236209187, 0.01594340724457699, 0.05092623239230154, 0.7431585636256232, 0.2730451388270769, 0.20710859196130127, 0.12714219616406108, 0.4248694937720582, 0.5716103209911358, 0.1390264157664991, 0.15793845400594098, 0.9205222368812058, 0.5400262792856813, 0.11414700791664245, 0.7845334996707634, 0.23735692601144187, 0.182531236826311, 0.9963071086880603, 0.7840071094737375, 0.5156752161185648, 0.8862929291064444, 0.5388069981947261, 0.11536782305466686, 0.1787016883241933, 0.14453244137618082, 0.1483639623042904, 0.6327911217177035, 0.1731373007129995, 0.695567067147224, 0.914493989864942, 0.027183862916617563, 0.7570735203487416, 0.40234647893792985, 0.04969167409028352, 0.17918231969395348, 0.7087864333335029, 0.6838064758063599, 0.22469647356089073, 0.7320564015178809, 0.9382378772805143, 0.6063071019015392, 0.9905841061220996, 0.8171729541430858]"
321f6360-972d-4a3a-85c7-8758739a5af4,Organic Whole Bean Coffee,Beverages,Whole Bean Coffee,14.13,0.27,"[0.9088927294448177, 0.9270393464795238, 0.29538782304587774, 0.037743461239423404, 0.5910468699055477, 0.7821971769839617, 0.28051733940262047, 0.8576497556839432, 0.17349528160050898, 0.21485940439853657, 0.6598714433206526, 0.5974454179524927, 0.7630776938828164, 0.6136999142068901, 0.4225449034307204, 0.9901317577408129, 0.6191447381007112, 0.5092495105352582, 0.11448981090449861, 0.8180134545642447, 0.9920349415660268, 0.07637018963806053, 0.266153839973314, 0.08455334953392579, 0.4358962927970985, 0.006773563607572863, 0.3227301767404157, 0.031048217156611768, 0.8167489945761306, 0.7740948468500488, 0.25875121907806664, 0.7431446446417972, 0.3491719846040836, 0.9369879698530241, 0.5963253554633697, 0.7755397074167915, 0.25458173380927596, 0.19592205152730435, 0.7527451797706607, 0.38162798076712123, 0.2150601386103157, 0.5079194925745731, 0.42332032321990265, 0.21910862677594356, 0.31010292929772454, 0.6392739401683851, 0.9609446793370662, 0.04848141032797004, 0.20443716818517588, 0.6341651881977071, 0.4162463358388251, 0.9335698020167688, 0.7091900859271302, 0.30414320590641497, 0.010050162431306742, 0.7854989053600459, 0.14614506966236518, 0.4009005657700524, 0.9136389801671838, 0.6387866448678138, 0.8030504294495002, 0.31748106412901334, 0.7927196965661606, 0.08738460966603134, 0.8606443794022233, 0.9034482169276289, 0.9324197536005518, 0.6806883271737999, 0.00806382978335174, 0.20763530122630192, 0.5926983420951576, 0.44800630056966373, 0.7788596208250298, 0.5260195376788145, 0.2299511913468233, 0.22657046773981337, 0.44980586484562957, 0.3913520122630385, 0.4541409223622789, 0.4270060531232397, 0.5869537795618751, 0.3986901174853018, 0.44777557835727877, 0.5569532396138213, 0.06750894305444255, 0.918553380909614, 0.5356647629002276, 0.4164958194213241, 0.059340985061087315, 0.5694849734714583, 0.17625988513040025, 0.2834488471015587, 0.5382851899200372, 0.3515683791343718, 0.6301140829071796, 0.49564140477657326, 0.7821227670515084, 0.47985856757474155, 0.6211665521672671, 0.9579543008156134, 0.7244869394023031, 0.6212848871368273, 0.35442010580078764, 0.3080309968573558, 0.06837409517177706, 0.299251550619523, 0.6021548470033505, 0.016080425437233647, 0.3694438448069879, 0.6087646594405732, 0.05995099868570186, 0.2895799238593204, 0.7949555949288304, 0.848839708596853, 0.5506825302441476, 0.36379496818656276, 0.8105390404648465, 0.8687308528707486, 0.6337049688787908, 0.34012173791939715, 0.4076162235490737, 0.695955221953694, 0.94681376819219, 0.6884336719280986, 0.08493249981298256, 0.034276648322318026, 0.26094245338682287, 0.6948542547733471]"
27366ea9-7d9d-40ad-ab66-17f827a45e78,Essential Peanut Butter,Pantry,Peanut Butter,22.12,0.3,"[0.3503310295977895, 0.8961827642579937, 0.9987499593550472, 0.3295699565364191, 0.660678935154479, 0.7438538486148767, 0.11095915710796977, 0.02270997406081765, 0.17737314224261247, 0.959441796856313, 0.9095676760755822, 0.9339725726691541, 0.7798225980323363, 0.19855402923558407, 0.658807967174215, 0.8326861179783314, 0.43114819647310465, 0.0932426538069685, 0.7561558951246216, 0.19150017484672788, 0.0478537571902623, 0.9129533663975564, 0.4337187732614952, 0.5137047614584678, 0.566400984514067, 0.4055295595346696, 0.7526460445623095, 0.37407045304289177, 0.6186119147596776, 0.8772113891710369, 0.5005035254450061, 0.6871536714169286, 0.9784884777216704, 0.6343642003819628, 0.9766038746440657, 0.25399782884908706, 0.1273995705339297, 0.15522829431067497, 0.8054290188835894, 0.9496139858685009, 0.6287519687050089, 0.8349544197202248, 0.9341337638585315, 0.7927771369051243, 0.9291191857440623, 0.2978559553380674, 0.5544655446596264, 0.04490558397359401, 0.5672952112003252, 0.4709225927477102, 0.5741682445272955, 0.8304266246250397, 0.015253720127040404, 0.46677750480173286, 0.5301545486657863, 0.5787004158123926, 0.8454275034846777, 0.19439534974620132, 0.5731241333588248, 0.15540321125834344, 0.07664926351084667, 0.6376058207284263, 0.4156633450823798, 0.035808801589964356, 0.8606938551612187, 0.5194786892717373, 0.7964706605860147, 0.48061866465615555, 0.005859053550793858, 0.8575358154376154, 0.20322924096126993, 0.8104732223405698, 0.8733711607898375, 0.15011728235620148, 0.23578961079431682, 0.13028564241961482, 0.9342135645348514, 0.6875445761348377, 0.844795722532793, 0.8169729873980384, 0.3889121443693764, 0.9034587392132967, 0.7988463830273925, 0.8290160943444684, 0.4661279118487136, 0.4215579307782118, 0.956278028287493, 0.545724063960931, 0.5233864181292871, 0.5784562336792091, 0.8921340481853184, 0.5106821365716819, 0.7056755023577956, 0.4035119956688966, 0.9106766392106006, 0.26750313811332893, 0.6222365927453278, 0.8231608519968286, 0.9151526154714567, 0.10006146383441361, 0.7930376840952307, 0.6991164888973026, 0.25696329722673716, 0.7072667066891949, 0.9901291100971757, 0.90433994769148, 0.9654774296330612, 0.5353553439436578, 0.16552712341901055, 0.3110119652349186, 0.6988854346223367, 0.9399605136100635, 0.35249826490805636, 0.7583025450126131, 0.41152833615475803, 0.9765661215395967, 0.7804134743052624, 0.7515472595635388, 0.07071740402354576, 0.2585177299532486, 0.052992316112441484, 0.363278936035737, 0.5048216891069646, 0.6296830707679909, 0.2785313331918162, 0.7231059271930897, 0.5314281674932452, 0.873256557443783]"
59d6d6c9-1940-4e0a-a3ed-ca04666e89b9,Premium Pork Chops,Meat & Seafood,Pork Chops,24.05,0.29,"[0.04429056827043365, 0.13269741323237327, 0.5424952647870331, 0.8319338488186793, 0.5226905840068173, 0.8914644081040402, 0.973434406453344, 0.7851697115884753, 0.23058043218600577, 0.36004637089178315, 0.7765825120206643, 0.5641777312291837, 0.4231906526270107, 0.02827602905563731, 0.9465323215854208, 0.7164489555594434, 0.9484952744802589, 0.8551634189818147, 0.9030980392576828, 0.28155032724088447, 0.32942601121148274, 0.5199995740413862, 0.0502184405860685, 0.9284580955343943, 0.5394977719565281, 0.4369834861464543, 0.47153313592226753, 0.9733663395802192, 0.05437708943740982, 0.5850059536921837, 0.3522845256856073, 0.9248210714358149, 0.2703825598191991, 0.2811404689608201, 0.02364100014314241, 0.0400899388814594, 0.8378174966658032, 0.4722668247574502, 0.1211895009239129, 0.5111718269980272, 0.40170482889310355, 0.054129533145019115, 0.9703334749695587, 0.634950789889738, 0.011040136339056872, 0.9332187592831029, 0.7180275276324664, 0.2829198245822586, 0.31014138051853024, 0.11419869149325035, 0.7356093904861281, 0.9279962176587484, 0.7683256304744699, 0.043077443094525214, 0.9796709950431998, 0.6768421301631672, 0.592676849461374, 0.38309871386940897, 0.8467907146071069, 0.44808527703689016, 0.700100057946871, 0.4546750116988365, 0.08668009972236024, 0.45042589535992017, 0.43404665544883003, 0.34049462361599303, 0.4371756405704762, 0.4090305531923464, 0.10273925876316703, 0.41995659090949666, 0.06763711838369169, 0.37020977389771337, 0.7969720672317285, 0.18183590234380775, 0.1447860894217341, 0.8084922718244579, 0.17224461722858053, 0.7220620304755913, 0.617578426359338, 0.8230780553378008, 0.02810914160027378, 0.5928295519241019, 0.39324759216612504, 0.49156234648144237, 0.2887443138881006, 0.9793716967268432, 0.27542974193859404, 0.8737380779275822, 0.32457153159795804, 0.02508289121907914, 0.5232164000269052, 0.5923852558245996, 0.21557224202059966, 0.8554696027936003, 0.2043193319206632, 0.6968733113374459, 0.8357159802300947, 0.7624766699373675, 0.27829525261031673, 0.6359858000737206, 0.4496781805954372, 0.3672375966479198, 0.9111374502687057, 0.5580411317047298, 0.7154468676329113, 0.11027187854188669, 0.5113826818604988, 0.09861941945012864, 0.8266319634605444, 0.3325364359360026, 0.7137385223293465, 0.48997778257589664, 0.16869172085269535, 0.9847134423556596, 0.03574073330222749, 0.7161935543168851, 0.6928031588865035, 0.22319442589545968, 0.14348224553787015, 0.640051030974085, 0.37164211412797343, 0.8450707476267073, 0.6280484620467545, 0.14022391310981586, 0.8569015995602621, 0.00047638953004147666, 0.2366047446819719, 0.3243085287143751]"
8998e993-9ba7-4ede-965c-cee7af7a4457,Premium Greek Yogurt,Dairy & Eggs,Greek Yogurt,12.41,0.19,"[0.40064024129164044, 0.03864044487981444, 0.9162689440540877, 0.8052977505176127, 0.2721397706584119, 0.06989218644350992, 0.625114114087869, 0.8541432787730593, 0.7918729398677576, 0.5604650003079062, 0.26496951649570133, 0.9716233981997081, 0.4066751651532893, 0.2847008887878655, 0.2359368976260552, 0.9920265968068515, 0.43058418987402824, 0.61400654894914, 0.3377273425771993, 0.9306879730503513, 0.12344716936847244, 0.21208017352254982, 0.8445000748519219, 0.9007383218767949, 0.5855730725511221, 0.40651243017085525, 0.3392409124894058, 0.880285214913093, 0.5082097786789175, 0.16185045051968638, 0.29785965734272024, 0.04277984494711018, 0.8075406038036992, 0.014094480656457908, 0.2112676591006587, 0.9260133550713127, 0.7943419455987766, 0.06246868920531323, 0.6366766015404848, 0.7074929711092259, 0.3377649243721119, 0.1373526167651059, 0.8344726232635907, 0.8652662085199323, 0.2752635738011763, 0.7764060793092883, 0.24638862202463208, 0.3800938711029316, 0.5448105549245758, 0.38572586719263047, 0.910157928394715, 0.041497099865605125, 0.7920094470039245, 0.03303840415508241, 0.5663078114245808, 0.2212279309797348, 0.3283752807484105, 0.7578576066023778, 0.45877036745979394, 0.39827809121779445, 0.6591043620678458, 0.5795378134523334, 0.655146197763617, 0.6203711566960298, 0.9662677210135158, 0.9472466828734284, 0.17011633064916543, 0.8984771662039447, 0.14385859511482013, 0.24715374727906925, 0.3604553694191359, 0.9107471353924262, 0.42617973662644204, 0.2726456859924995, 0.17363620885232423, 0.25953297739200654, 0.5574518253406262, 0.798693552068226, 0.7779627643896921, 0.9141215372794443, 0.07175588729239424, 0.18441201885985836, 0.886759201608257, 0.029353087118211274, 0.43472126764916574, 0.0499230152504081, 0.25994074461863637, 0.7981378430052108, 0.6504722380464448, 0.4791021647989574, 0.7900897090140393, 0.8007488894603073, 0.8033141517782838, 0.7058533376038809, 0.030619665836631227, 0.2531985998895768, 0.6217399566997238, 0.6840144246168477, 0.16822469047298794, 0.6991621448773224, 0.5053909903981038, 0.8767531477116053, 0.2160809040898387, 0.29787435136038, 0.7028725642905941, 0.65470027619079, 0.5467436436529135, 0.616963097111393, 0.8435640867486679, 0.46795910283163256, 0.32445352639629077, 0.5883663185121318, 0.037670880958754815, 0.02224048759790309, 0.7387113805323647, 0.3142555065052268, 0.4971581372627898, 0.6524206018267805, 0.007149426156956018, 0.9851296442607087, 0.730038331271684, 0.19918484217144872, 0.13283565627724214, 0.8436569190898826, 0.6229010378411435, 0.4542331364719474, 0.9526601122691362, 0.8720242214805732]"
3b0e25b0-04f3-4476-891e-18d67e3329ed,Everyday Sparkling Water,Beverages,Sparkling Water,22.73,0.28,"[0.07958075800563547, 0.7618039199756205, 0.04113480044743545, 0.8265413551023548, 0.1964743404507141, 0.39105187284794274, 0.2425891506058233, 0.9719736773718199, 0.04523680208977543, 0.5779035224106017, 0.9533614421640472, 0.6596393695069808, 0.9869067686446972, 0.754093518551112, 0.347330962941771, 0.4777548667761108, 0.6766985159162953, 0.08536690914166045, 0.056133116507558034, 0.13321839627259724, 0.6024319956981714, 0.15887552381816283, 0.3578935449872218, 0.3179139173551083, 0.8339027684825328, 0.49481303240493846, 0.37096839906995716, 0.46411204596931555, 0.18387351447901767, 0.012264380837125444, 0.8426789091599927, 0.0479276801748737, 0.8680622459787428, 0.24891420722593693, 0.7131374928638305, 0.03616403324684103, 0.46122855558107945, 0.4165298795002279, 0.08721106160486924, 0.7091959617099691, 0.2150033973057277, 0.44896403967315957, 0.09431855335367112, 0.44191163014516976, 0.5091017890346845, 0.7810843017300466, 0.6633624967550907, 0.8641768830434853, 0.5801764110874413, 0.8506602711520542, 0.15061564261649318, 0.49148244172850275, 0.16551387686835783, 0.7844998830925144, 0.9612796526370256, 0.523522669154396, 0.4244185180940858, 0.6936704752463121, 0.828495848118668, 0.31334593413276024, 0.897150838762432, 0.9846576403233789, 0.12012767669665769, 0.016764937682378522, 0.3633508627463421, 0.7608888377143, 0.6420935502470448, 0.5637864828854866, 0.9597143379119686, 0.3707243666066642, 0.08160543138426357, 0.26195115941589253, 0.35182468266573674, 0.4779658768666396, 0.6237878891215255, 0.4288079990734065, 0.04718507810861783, 0.19481060253106874, 0.771048033849099, 0.6672219175967727, 0.9477541085610419, 0.2497817370223795, 0.39898072513804383, 0.6117979543810602, 0.4222522677186459, 0.5578738649641081, 0.03972927688187755, 0.0746968000649022, 0.6706337694188564, 0.6071706000271627, 0.402728436304543, 0.00555431993219857, 0.5188915003106728, 0.5787970219147036, 0.0970505531858229, 0.4938759236708945, 0.07672626299865082, 0.9487827232523505, 0.5865435569829304, 0.8790512474162097, 0.19353315890443756, 0.535204613437137, 0.4289662245567133, 0.23351480688192283, 0.02932157414720138, 0.17154182351326175, 0.8686791496814689, 0.2744156190817576, 0.7940383031011599, 0.9221766512687456, 0.7756973725574565, 0.875321803085914, 0.2258133065078155, 0.3229997725767916, 0.8900400251183196, 0.8423939760672051, 0.8226284326333282, 0.44343616887626625, 0.13888431224011022, 0.4777643857227598, 0.9231948561423894, 0.17782456387985823, 0.0736639011624306, 0.7947391419340525, 0.1352597646536925, 0.1842448824125218, 0.34379360786088475, 0.7031568827612028]"
9183c4c5-47db-4e6d-af05-9eafe1f586a0,Fresh Whole Bean Coffee,Beverages,Whole Bean Coffee,20.51,0.35,"[0.8874042390448511, 0.3769225985401724, 0.7965403506164624, 0.8875511449678971, 0.9307205262378504, 0.8604728033479502, 0.23205561862955104, 0.5685054691055366, 0.6631437264046183, 0.7804791731772573, 0.5850464835974893, 0.42333050428896135, 0.8139051369512742, 0.9277292416501514, 0.5842027212573165, 0.6577913728671146, 0.9721835950676553, 0.6746810073014654, 0.8802278618003697, 0.12142411439475587, 0.2774088610004348, 0.2828308325264933, 0.18790302486669408, 0.14231314152670582, 0.30971513739934586, 0.3802572843247657, 0.1913459404721075, 0.27208753824642795, 0.5563158083724287, 0.09601165416510826, 0.2910639013262205, 0.8961017613584855, 0.26823204451197313, 0.4140071226834853, 0.5393528960032896, 0.5546937810170643, 0.42039555851013743, 0.2727726085207557, 0.439912092646807, 0.5559419665139596, 0.8713205170004545, 0.6912581660015412, 0.6198116626187972, 0.3269631753865463, 0.7189880174482313, 0.666693087490255, 0.9067389253854261, 0.04052537065234163, 0.5641671191833555, 0.5379156452593163, 0.20175560643123114, 0.18228518528413162, 0.17559615939986117, 0.09751910738728264, 0.9834429179008555, 0.24408607211619948, 0.6394097002368229, 0.7604316699925426, 0.11238946951765116, 0.2743671789059472, 0.9308841207839788, 0.31706680625850336, 0.753270631497881, 0.6346536290172176, 0.6354181985988248, 0.8815116269826805, 0.25558844495359656, 0.3081476331783656, 0.6787000592142142, 0.5289329322628622, 0.4514750337012, 0.9450971658296945, 0.2544231274239087, 0.2537600166433116, 0.2797758436513855, 0.7917221652390489, 0.8010696350001094, 0.35461014918090683, 0.21740332978834942, 0.4051209378734879, 0.6473423090561637, 0.995624659205572, 0.044553320530616336, 0.703551766000471, 0.20429817296637898, 0.9430473382479768, 0.4254455580996631, 0.41554988219052924, 0.8287620589573992, 0.9097192484907768, 0.13548372358948646, 0.9462487466843803, 0.7011383828394852, 0.5840739544567187, 0.29362520137878845, 0.9753723457122215, 0.6769362846387195, 0.411440343273923, 0.5079859206044878, 0.17955895223537366, 0.20075834699492268, 0.41421830705479945, 0.3917257602377432, 0.8008613639829901, 0.15101722553693553, 0.8809223247167752, 0.2629310324287665, 0.6946296090616901, 0.18909817007957508, 0.40334962401826835, 0.013350513843306655, 0.9191643705785961, 0.30227300604636, 0.5633050296966873, 0.6870751319788395, 0.09577262708426737, 0.6962326265587759, 0.37723847285702927, 0.6919499366761904, 0.14867406287075713, 0.617600352576768, 0.2685459852594909, 0.8336845150467473, 0.7600298001662921, 0.9459012044422976, 0.45342640183412863, 0.8264145335033117, 0.6483314569654284]"
ad3fe337-ec17-4244-8e4e-9f2e174215e4,Essential Greek Yogurt,Dairy & Eggs,Greek Yogurt,8.28,0.39,"[0.21243255255860916, 0.8890632834601045, 0.6659913754495506, 0.46507608980833715, 0.0032394873195796814, 0.9893200843962585, 0.20846025894156628, 0.7751203509680311, 0.5479593859827151, 0.11518932883572286, 0.5625582517860858, 0.4376891967855001, 0.003315334766673894, 0.563410494315777, 0.054308857160748514, 0.9520661305170404, 0.15965888447044552, 0.6873244478207972, 0.5120376422050502, 0.11131692640840363, 0.9024760317163584, 0.3909756945131866, 0.6688155486064177, 0.25493217014819236, 0.4234749464243919, 0.756220194093121, 0.8040551056825325, 0.19412314616603754, 0.30792373765758907, 0.09192030898731562, 0.28770911369822827, 0.6583227631030304, 0.049743294016826645, 0.708342591172842, 0.08083159387268501, 0.8937024108520225, 0.8391474844609951, 0.6305620417519414, 0.793988111933938, 0.4817078406990325, 0.8939322140496665, 0.7181345401813933, 0.611417978647851, 0.7703942853189065, 0.9467353628608197, 0.05242853311110396, 0.6862468677628982, 0.1319942976458145, 0.23874912624037992, 0.258206854797966, 0.23485686440374165, 0.3853319870288864, 0.405063986045776, 0.5011407318226928, 0.7170375080815162, 0.6033785021637779, 0.19094092774071347, 0.24824093038539174, 0.6327458183903422, 0.9934921006557124, 0.16241719430541302, 0.38901267440296006, 0.0886063476222344, 0.5532020990830357, 0.2419907556544405, 0.08654953796386133, 0.7027384630940222, 0.7490554542313241, 0.9130617784555747, 0.30533457109658557, 0.9077907398184302, 0.02043592311821174, 0.2531457671182976, 0.20668412388700053, 0.11146895661213307, 0.42544462578510456, 0.28546386452198946, 0.2075057362582361, 0.32334153618302586, 0.19339077660044746, 0.47392848657374, 0.6865969213829477, 0.38413825019184455, 0.6782534177261963, 0.7467571963791706, 0.8844808647976204, 0.5691844303524095, 0.9755556084033701, 0.07459894512775911, 0.08464955705855104, 0.3136039492549255, 0.3750200359543596, 0.9928564032478984, 0.2002158493996108, 0.5001054574653603, 0.014856307356622134, 0.7764413624272243, 0.14466632714116334, 0.19644417790337498, 0.5251979785485806, 0.9236980936381889, 0.09769808544886238, 0.2195657769818541, 0.952535835350302, 0.6043940916365695, 0.5530644340310384, 0.5942697607000499, 0.6767685107177039, 0.16864147360427095, 0.6417613631576766, 0.6420634435715397, 0.5384331786001988, 0.20041376616886575, 0.6096584961778053, 0.8773054444449697, 0.6222573738443672, 0.30341367608590164, 0.8351218059263061, 0.49423585627763633, 0.5926128945895304, 0.4739222177329926, 0.29664447467366695, 0.03200910714723226, 0.8483061878822513, 0.8770042352314257, 0.2559558968575998, 0.8714305471259467, 0.36204833114228496]"
8dd60692-d201-4c50-a580-7850c1e95f00,Organic Hot Dogs,Meat & Seafood,Hot Dogs,9.78,0.34,"[0.9829280399126883, 0.8607408648933303, 0.540235614590881, 0.4128578712851113, 0.6026052350807929, 0.060310572840461374, 0.6633170651644363, 0.27316802810939156, 0.9620398627335124, 0.5687848064596799, 0.6602677710076682, 0.6401405770226353, 0.7436319024941963, 0.13661719562759633, 0.4231043145453196, 0.04561366517046672, 0.4278007997113472, 0.24445420915572813, 0.8132842034185123, 0.2587789916283022, 0.9330243830187072, 0.5819416062955668, 0.16225912113898355, 0.14776129315081798, 0.5043298807093766, 0.7705049393822626, 0.8372223103365142, 0.115730258755953, 0.02092628064355251, 0.4735896609802812, 0.7115461735212427, 0.39982439824069316, 0.008923176419947887, 0.9774828815279921, 0.35274741841405133, 0.47479928392264714, 0.13018892207401678, 0.9796508789594688, 0.1676095711414003, 0.015451521676079771, 0.00900619755754184, 0.12045888605507138, 0.48302007648892975, 0.7394042694309004, 0.4059914251106833, 0.10911702422397929, 0.25880400206004506, 0.8058257074232718, 0.2313240235972268, 0.06801305368781008, 0.1671271962723223, 0.6221650026498705, 0.399410292982464, 0.9828130865544158, 0.3088021593085031, 0.1301301521666658, 0.058201608083723766, 0.19152235650608285, 0.6353246959190253, 0.5872962104394915, 0.6414043754723747, 0.7001951948562848, 0.7831524358862401, 0.4482709438479956, 0.8127291069109942, 0.3030646805527195, 0.00274296665735152, 0.6390500208649783, 0.48853574053242155, 0.5030905902158246, 0.8736152680348777, 0.6205021256521652, 0.9524145388960817, 0.04571496004416198, 0.25724061180943236, 0.7436884706101737, 0.1131432324164856, 0.4118300756455643, 0.9466404702167478, 0.6469432393118895, 0.6932986632760882, 0.7993372521674805, 0.5581112535017615, 0.7234316905451157, 0.6965835742098336, 0.5096489889592046, 0.017178482781546878, 0.712059663634463, 0.19139554916539536, 0.6998551856472743, 0.9665612976960622, 0.04635409502372845, 0.2690891283489515, 0.21283536538000725, 0.4016861371129963, 0.7721632748062665, 0.8419358798910928, 0.16453131104148289, 0.9918236026472143, 0.9168514605814369, 0.9145369024897257, 0.04899806319223654, 0.7469301948620222, 0.6311889098137149, 0.5567805695314516, 0.09738954290360025, 0.6351532531009513, 0.8009196088487844, 0.7472274571839965, 0.3497744942607327, 0.3644425404149343, 0.7641727041150246, 0.5760499248592164, 0.08312638524888583, 0.6793353044008333, 0.6775166928945132, 0.7590437312535182, 0.548032867583014, 0.6459401015871395, 0.7491382192182431, 0.21325418098641757, 0.64463893488845, 0.40169117504733665, 0.9500360025060359, 0.6951747392841231, 0.44445706942588126, 0.819079750793428, 0.15300257642932458]"
19526f67-9ddf-4aab-b411-0bee51cec320,Organic Ground Coffee,Beverages,Ground Coffee,10.55,0.06,"[0.5724241814019394, 0.42679604176036, 0.4193896184830481, 0.26929236430377834, 0.47449614880228674, 0.8836997785134728, 0.44894575998241204, 0.34356413612045955, 0.16234985726288276, 0.32093319026866396, 0.46148970179045024, 0.6284416467954542, 0.9319179539068844, 0.555484019474465, 0.10737320081960422, 0.003130638865883495, 0.033714120690291005, 0.17975163776966419, 0.7240450081787412, 0.1983595537538182, 0.969546772815918, 0.6666450693361625, 0.62624426460572, 0.864619815939398, 0.11506598733509987, 0.26445829434345136, 0.1727648595651513, 0.950900556510444, 0.1205201496702919, 0.11020869099324437, 0.05713019470819647, 0.7966073393287897, 0.8774819976143536, 0.4206226847025487, 0.24667059465854158, 0.8972117350367904, 0.49369958915584045, 0.7263009397974928, 0.2422566922137479, 0.3937367116031206, 0.1570214740426069, 0.0081113728054788, 0.09603455021380225, 0.210407805952476, 0.3725293749642734, 0.31773907927630207, 0.7931655173914255, 0.8213362157571337, 0.7514740492497921, 0.6464890251531411, 0.2345245074756942, 0.788571407100883, 0.3550197426042089, 0.12691781392882495, 0.4638203562516384, 0.25673105069897595, 0.33593174771593703, 0.11342932725176846, 0.31559559237398427, 0.1963089855604555, 0.11563542939522264, 0.4753962433843556, 0.2928391639262947, 0.06876446043173745, 0.24941259922418757, 0.8680523310781127, 0.9837297249724266, 0.7151858845164519, 0.0563137226035596, 0.720606290192731, 0.24447692129899634, 0.7518862299164446, 0.4045154732781061, 0.5441034841843037, 0.25076002433448397, 0.7268942177621797, 0.9212279580979285, 0.4519513783505522, 0.6856271231603069, 0.6567264045216518, 0.7645343084605827, 0.4203483550325664, 0.8384388476778322, 0.9980981683105604, 0.530880531931117, 0.8476916556028431, 0.014709742932704883, 0.628756096255241, 0.5766366942829808, 0.5426002767634931, 0.9561077113200086, 0.7420151175570173, 0.9664093356797593, 0.13245502106500784, 0.183584299435688, 0.40016060615934224, 0.3206926601122234, 0.4102774320032382, 0.26860937111840444, 0.22527561280225428, 0.5212723767405778, 0.2267385971801671, 0.2854806660019057, 0.828494154758951, 0.20029951598133433, 0.613231837479521, 0.4435846065392657, 0.4538513118047578, 0.06543081670055284, 0.6472266287964317, 0.9701253058284048, 0.8599898914989421, 0.17443357504932178, 0.5577535521341189, 0.6278843645290436, 0.9256235431289443, 0.017366526402517235, 0.015763706882418127, 0.5669467142355409, 0.4898125514382917, 0.270639972478698, 0.4954960577552352, 0.2278845710088473, 0.5497664826128849, 0.25477701203868397, 0.8744277240326698, 0.7626024347521598, 0.4973984307089888]"
51de8c93-7a17-4f51-ba8f-d0ac995c566a,Organic Cola Soda,Beverages,Cola Soda,3.92,0.23,"[0.9170097587234858, 0.7653073976436133, 0.7188784161301899, 0.70297954819265, 0.2668895309962652, 0.8780237259525507, 0.921826671215606, 0.09688785640653041, 0.6289337180860844, 0.4881081872525316, 0.9279095636326837, 0.7058440373014206, 0.04748967660761194, 0.6048216920136786, 0.24239094405468942, 0.21424088876446967, 0.08563554742308754, 0.1986390805106848, 0.8354062020612462, 0.601872063861861, 0.6144491618487747, 0.29699664459366926, 0.14663259120061167, 0.962535536081046, 0.5164384050593417, 0.4724299944634337, 0.11335684957371406, 0.22580272779600175, 0.7539783899716263, 0.7361916592694867, 0.6907704242082422, 0.9371175565913543, 0.06560716298981129, 0.9285114995541158, 0.20407224772805166, 0.9633600121970591, 0.6594166698224898, 0.6457868690344859, 0.7199991665257628, 0.24029837924269937, 0.8101814380363126, 0.2267852215142765, 0.8116611125541155, 0.04805448051198391, 0.8052143576420432, 0.6246952385898505, 0.2450652654623645, 0.4029888825129153, 0.6138951496630125, 0.4434249261427201, 0.5895119066766306, 0.4396559582042254, 0.8177922443769737, 0.8884289310640312, 0.6007496337926677, 0.09763453594471405, 0.5558105600301866, 0.6025400111361845, 0.6955049170152401, 0.8793498235083168, 0.5507486081181193, 0.08400625188738986, 0.057551074072971886, 0.8436667463750194, 0.8407827505712805, 0.21791312241760852, 0.6230699352170387, 0.13042420608645422, 0.3831863195327524, 0.6400405372995381, 0.9128778646348281, 0.04570174994799581, 0.04197639231868977, 0.8161232428375873, 0.7063957169220964, 0.41434508209205234, 0.8581194339674968, 0.6011256709445885, 0.6813959444283315, 0.9364165106449562, 0.0771010067241934, 0.35182252864946173, 0.15885093215963675, 0.5646919093262078, 0.30079348349054613, 0.7980649093930305, 0.23691251236083277, 0.5927291964560734, 0.11592346071010462, 0.6164233677850516, 0.22512422614830863, 0.9068196963882856, 0.15507891581787836, 0.6524008906624792, 0.27717279060451616, 0.24636348029273392, 0.23345186972851117, 0.3454968078517231, 0.9036574643891199, 0.5535536742452108, 0.6301278517486836, 0.30560379710328356, 0.7235536095838659, 0.29339016697250564, 0.3348203841390932, 0.11128480654291273, 0.5383905792866123, 0.33431738263041477, 0.2728024482865533, 0.6733288765614474, 0.9015948346377488, 0.42957398674494396, 0.4176760528693628, 0.8191415686077641, 0.8615590346395025, 0.9569923316852972, 0.8404985206744316, 0.019494017690689702, 0.051156259826093176, 0.45460913225801325, 0.9747565402514494, 0.68987038332542, 0.3842202250587835, 0.28452917045827075, 0.505046033827327, 0.3782190571489912, 0.254944770496498, 0.8865488678597951]"
370920ed-3f8d-46f5-b78d-f4d5c426c5e2,Organic Penne Pasta,Pantry,Penne Pasta,23.27,0.38,"[0.8677197342428746, 0.30438460812119184, 0.2099933325816079, 0.2750213130120498, 0.9954559833906265, 0.5394394114058765, 0.33667234356241693, 0.33620133019353016, 0.7181660750563678, 0.6400343019702596, 0.8843663587235315, 0.6221672016727556, 0.4304120972543436, 0.9412432178799895, 0.32329135558315447, 0.5758152605747756, 0.9210003893716479, 0.9846982891402406, 0.030159392190798218, 0.48559507975790295, 0.5366875659995308, 0.005251156522880773, 0.6813121762150264, 0.8064153714206886, 0.9268853071138876, 0.34447952938274007, 0.5544128394357375, 0.9760816966381588, 0.13427553565563266, 0.18222867672201315, 0.7926825011255191, 0.7806524668624086, 0.6455679978509262, 0.9041997982563565, 0.22171872555175454, 0.18869314583264363, 0.6386977480587478, 0.7427722025849037, 0.8575645016161848, 0.575543080440943, 0.26578412800090223, 0.5390213773036502, 0.3393928481687326, 0.5550939008493281, 0.6999218371090369, 0.0011899869611560199, 0.12593449775236332, 0.3464736520477807, 0.9397798448838076, 0.5735152847404865, 0.739738215213497, 0.3581982778599718, 0.6068688650373035, 0.39099868445971697, 0.32296696130932045, 0.8000207323036328, 0.797284266459317, 0.7620508883209319, 0.5700027809422396, 0.1815982727987947, 0.28796629898323456, 0.24881463952663074, 0.427597284648066, 0.3746872262844615, 0.3940334483661151, 0.14185575957687668, 0.00185423413201935, 0.06674010028057265, 0.7821916216990287, 0.3521816300853162, 0.6360896032244047, 0.09172088161732417, 0.648662581573807, 0.0021086160329134573, 0.9872763227389462, 0.543736109407367, 0.7514925772939215, 0.33503545322169637, 0.04212901206408448, 0.7028481180275217, 0.1815993587086302, 0.33787928538613976, 0.4891143659797943, 0.06503372148339692, 0.7978619642712786, 0.25182219451566545, 0.09426630069846498, 0.480795588425763, 0.9502151635572897, 0.023292486368393317, 0.8977572396021921, 0.19227738432175734, 0.024610035432277133, 0.8645299410781546, 0.10143965552385481, 0.7168703658650748, 0.6750600833430921, 0.4130593619905666, 0.44648610210209017, 0.7987504134272456, 0.1020347720200121, 0.06784715228389948, 0.13752031290817446, 0.4484432068557235, 0.8735548860244269, 0.4880042833586937, 0.18061761226403594, 0.14303098402674908, 0.4933220688294745, 0.6873157831501365, 0.22913524642136873, 0.06623791588545491, 0.46083333246118985, 0.3088322472953504, 0.8615205660975235, 0.6240934785951527, 0.43246652335077884, 0.03761999765409918, 0.7644654093591929, 0.7257330575243518, 0.5348547634044195, 0.8779037197943089, 0.46498064730043265, 0.8068523591115996, 0.21329245601319813, 0.8509002219333653, 0.5711778472421531, 0.13936195102488247]"
eaf75b03-369e-4f19-9773-1a8ed15cec34,Organic Penne Pasta,Pantry,Penne Pasta,17.39,0.05,"[0.6413760032194932, 0.060826807243055114, 0.04522663871346877, 0.8876747740407673, 0.9371114929287446, 0.988419208829107, 0.051132363788578994, 0.9394171706854545, 0.298449352938584, 0.050587182153124965, 0.5743769083201811, 0.9879819502946289, 0.589164272844762, 0.030266243196325093, 0.7561299326825336, 0.6552607722589341, 0.3382821970249953, 0.8109471215052696, 0.597435626187536, 0.055713032461658485, 0.13348677752950466, 0.2910307987008004, 0.12618299398158417, 0.1568755921169881, 0.443620776003691, 0.4121991511505706, 0.8282494222271197, 0.2862015341017319, 0.11321413731383323, 0.25236139889335873, 0.9678847917974743, 0.027571993108251314, 0.9529904349494484, 0.4140612993360182, 0.3164390259579941, 0.8680875533400078, 0.9152354457827052, 0.11308914385250357, 0.9466388669360523, 0.6918683815478431, 0.7511013559185351, 0.19466656712775987, 0.04519153393713804, 0.8198964862037917, 0.4540653311834626, 0.2298697196550824, 0.6702473023429277, 0.08206641400407222, 0.7250218195039851, 0.7363516842818976, 0.765614902046527, 0.08253934219538928, 0.7835547298510974, 0.691336964684271, 0.746541003173494, 0.8265088851997323, 0.776087631526763, 0.328691027557228, 0.46569196887904896, 0.9923356518663055, 0.6595969681100348, 0.4102652517683131, 0.22447071643940086, 0.9595977813578829, 0.8241202500185355, 0.59275724333506, 0.33554516602264184, 0.26872380561621567, 0.7698817507577845, 0.2789773517171309, 0.5128287586710584, 0.01269218192717747, 0.8301214569025286, 0.08412837452584276, 0.7929943483924783, 0.2424937285083919, 0.5804139161512543, 0.7119424478917553, 0.31836335261107895, 0.4052785724543121, 0.6158963636076127, 0.6721710211766068, 0.04567530034029155, 0.47961009653690967, 0.3427196387697842, 0.7369394965179713, 0.9324336771827012, 0.5391906015528691, 0.17715752609104196, 0.9197874518186936, 0.3301498933481578, 0.7444714679554488, 0.24329484672952684, 0.07612163210764189, 0.6337105766600086, 0.9293315493631207, 0.7586598664563119, 0.06408905440406965, 0.15541036781809858, 0.9276091458709402, 0.8327930258647486, 0.16302278692478345, 0.5842660628969946, 0.22062790964919354, 0.2422762081524461, 0.3902012263952188, 0.2608466955472083, 0.35737969656350155, 0.2493963749741156, 0.42309650868404036, 0.7848827011879541, 0.6487893210994363, 0.0663203882972484, 0.09676849061536741, 0.5079922290159875, 0.7392786938922963, 0.9707542108474377, 0.6658588308737631, 0.6231303220127093, 0.9943472627095883, 0.08222740400212125, 0.6178172904522914, 0.9757925914771557, 0.3625274317719328, 0.139544173155836, 0.00973981436968252, 0.8020195752057393, 0.6057458128685307]"
f08ab47d-3ff6-49f4-ad4c-b00fe9042589,Essential Laundry Detergent,Home Care,Laundry Detergent,5.69,0.32,"[0.5678860608988338, 0.9293781956816952, 0.37396852330929864, 0.9194078050473785, 0.9410070408504317, 0.4950839685095547, 0.4944794059455935, 0.771173200912147, 0.5706478767050752, 0.2523462488112804, 0.6444747121990602, 0.043151139075160216, 0.9391775063185777, 0.4777813516442305, 0.10963506908100029, 0.28838859193551414, 0.24858625771812037, 0.5216156573048926, 0.24589195262615748, 0.0759712896465845, 0.8522391427400133, 0.6962739540230104, 0.9084146863096353, 0.9181101415237624, 0.28233043037774064, 0.8059350631579805, 0.6143640248250734, 0.8772967903324987, 0.3299929606883367, 0.8484942562070957, 0.591203688587079, 0.02811413755126635, 0.8486622793639377, 0.3313826738419524, 0.12478540286537376, 0.7311164599199572, 0.2838491766800221, 0.883972925622954, 0.06736995775082, 0.6570409548660814, 0.9998764496741779, 0.7490779620217776, 0.7169179940786475, 0.32478884972353683, 0.0784782348905324, 0.021325083478401563, 0.8907379546988846, 0.9460392705492467, 0.27353356927990813, 0.8403512173901512, 0.1275863230464822, 0.8313093034031429, 0.7603831004962986, 0.17335317576185139, 0.6619044154700943, 0.4512022541387024, 0.8267136330882051, 0.5695316687978432, 0.8559550299318044, 0.7916605674365026, 0.9650908029434174, 0.47298975730534454, 0.9345611559807723, 0.44998206332709334, 0.2171712138825156, 0.40604121754473343, 0.9552706631461723, 0.5784451931049316, 0.11382325034426266, 0.11122255911790957, 0.43128382031143686, 0.05993006213393248, 0.40003102316296224, 0.9682500713023893, 0.5420061170066043, 0.5891736650990561, 0.3314920847996815, 0.8959303465741254, 0.4667116634593509, 0.6317360270361493, 0.4690517237740299, 0.3372999047505528, 0.47570839410864674, 0.44167127448720267, 0.11358813293487013, 0.3347123521926909, 0.7211553732287126, 0.23749486978107415, 0.592429294930001, 0.6185535904762594, 0.5878027083148419, 0.011408339189086458, 0.8569187480072944, 0.21837317815873225, 0.3423392049957933, 0.5995207898261362, 0.9128682359761966, 0.04192591833593351, 0.4518541162195564, 0.10631809670201342, 0.08699349912573529, 0.7655571505861661, 0.44953036147742287, 0.11457959776878213, 0.1392231640578785, 0.8365066968388781, 0.7954896636992783, 0.35158449714299045, 0.4261322179035799, 0.9140563152823263, 0.6403337072038351, 0.9588955315662199, 0.9470473590493869, 0.25804570139280913, 0.6081856743644878, 0.234785809569788, 0.6991595035043293, 0.09203507246202369, 0.2514613209534481, 0.2726088698844161, 0.9119627399669313, 0.6327162820114167, 0.31461530819762906, 0.5566680840330601, 0.9452929443865424, 0.6357792210100687, 0.10294226151847008, 0.4065754316711947]"
9234bb80-ceff-4626-9cc6-fc6f757ee0d6,Essential Shampoo,Personal Care,Shampoo,14.93,0.36,"[0.7472887100245172, 0.7357366997770505, 0.39258652983827946, 0.705443356610996, 0.30918774601034793, 0.7294255957098702, 0.4726867469810889, 0.953096296209895, 0.6421269982466724, 0.31282576789787475, 0.09955090311157211, 0.12155023668164566, 0.485590119093416, 0.147925292323553, 0.3632664851186884, 0.7736617585223721, 0.7360873603409006, 0.7624316419862519, 0.09647496328043914, 0.3504013921151339, 0.36367610100511205, 0.5440129979514715, 0.9161920599349079, 0.4465874628092775, 0.8660884649037663, 0.6325267564324969, 0.7362767537009033, 0.5167906294259916, 0.6034466065494751, 0.21811489068135348, 0.5309378187245154, 0.9234403769410416, 0.7820816774835783, 0.10307293448025656, 0.2783845704598864, 0.3604049805623518, 0.7861809919937276, 0.9697584670150877, 0.7419853261722783, 0.2921175183950524, 0.8766645628830554, 0.9695289587388669, 0.27778488638252175, 0.6462902595253371, 0.8043948599563974, 0.9975901798328876, 0.9400657193410883, 0.009987650267807124, 0.6799714018007037, 0.18256390820861634, 0.9844046436715366, 0.5077099788478459, 0.8345854556885998, 0.5959965089736681, 0.6866542235577842, 0.7010347906280323, 0.7704288304708035, 0.9038929108965741, 0.3046369619046576, 0.7498475624402354, 0.5145989536728366, 0.5671318044796614, 0.835003997551591, 0.64905081276647, 0.859745219079976, 0.9474545299873592, 0.35512931350393395, 0.0695876705767261, 0.10892894607490822, 0.24477123036026338, 0.5625284360503828, 0.7161884163462323, 0.17758377050245588, 0.2815605077469303, 0.9804042829958249, 0.8150387132823813, 0.049301703646162265, 0.6520040154950908, 0.5767130860784125, 0.7362017922971158, 0.9842516539218678, 0.38061633561378283, 0.6229020793050368, 0.33433510285139645, 0.05190426293331485, 0.5853960500539326, 0.6071003391576358, 0.3139930846882255, 0.5906469976195401, 0.15150244137809754, 0.006846759225513921, 0.26816780044494426, 0.11013066897467771, 0.8909853956827898, 0.6559829148575702, 0.9093581465184162, 0.434018080800481, 0.8131289074211391, 0.17811536101372816, 0.3056021200283925, 0.9835843944372663, 0.292784680705126, 0.5262545193680435, 0.8385766596918613, 0.6745082891401245, 0.3532561590706059, 0.9558604829860429, 0.5083801857703063, 0.3991331652059946, 0.58621393134665, 0.3757940564281409, 0.5774981117254151, 0.8753455257060747, 0.37716355324834216, 0.5167502824310177, 0.04145202547919524, 0.9295019408707592, 0.6531076108204363, 0.8410899020905139, 0.10863050391101736, 0.6506472198122646, 0.7210265583029386, 0.7856825064671958, 0.017132562120193318, 0.3258975212655535, 0.5354033390007363, 0.619352124693759, 0.9776698163137858]"
4dbf9778-98c0-4446-9ec8-916ba556fdad,Organic 2% Milk,Dairy & Eggs,2% Milk,7.96,0.07,"[0.49699988708310994, 0.040739343390538196, 0.7650296551577364, 0.7020771289807797, 0.9315694538899715, 0.9752337057552498, 0.8577630959514845, 0.8717461570675447, 0.9753895311285081, 0.48027368745494037, 0.35118121604180597, 0.8255554536297304, 0.0021919325450979743, 0.02076240173912758, 0.19265283049643667, 0.6775699228806196, 0.9268183875805607, 0.5874520817918685, 0.3486016739711443, 0.7412013740971235, 0.22688135702912426, 0.7336415362370001, 0.8244199555306609, 0.18610269544450253, 0.5848526448937353, 0.14605747580644624, 0.9141949299358193, 0.6489263102418382, 0.20593986474841652, 0.7139740186749338, 0.7645459393735735, 0.08785497325544611, 0.44341400993089075, 0.9144390439206598, 0.6390492033859386, 0.3329602904334993, 0.6646146761155205, 0.05053990482888859, 0.19615710293216915, 0.7649564617465938, 0.3975891817621694, 0.14865906554897002, 0.46516027802137216, 0.6960567464135033, 0.532528193234771, 0.6419796058431764, 0.8836128920238078, 0.9522486278641659, 0.5710968563158411, 0.5469321632280096, 0.8046660198627398, 0.3583756750154703, 0.16517402148026883, 0.4018409868856304, 0.8003760506192275, 0.05013934429471478, 0.12573518625780233, 0.4574789956894636, 0.18914707048283363, 0.44815576546423985, 0.6963314700544726, 0.3826207084119382, 0.07875215847405992, 0.10250826112697486, 0.20370916847392428, 0.31932723585865297, 0.8859588942125812, 0.35341990669383605, 0.7475020842146497, 0.15528442133507225, 0.727359040217808, 0.39473750255230144, 0.4289272203712863, 0.3049652514821475, 0.48922822667873145, 0.944176258156369, 0.7265654871892709, 0.7080425452032197, 0.8519290489836526, 0.13343975707211975, 0.22055770809971842, 0.22973541667856856, 0.5994418617555481, 0.934519530520096, 0.5919352613593015, 0.5539863495705698, 0.6993631657721454, 0.016333964884432395, 0.03550955534954059, 0.15379597913258147, 0.10431851019456895, 0.2811675590905961, 0.5977589218622366, 0.7927837859479216, 0.3982986842045735, 0.5472910257090813, 0.3778663566970879, 0.4198184227149515, 0.004591675049157584, 0.06600248452364665, 0.24253024245994192, 0.5025033881712555, 0.37565618757213126, 0.934012101675145, 0.09117658317979171, 0.3619908177971899, 0.9884244485290307, 0.5257977069058021, 0.6041986914264317, 0.4632137235000183, 0.24407284844186383, 0.7873568063094861, 0.1666767282871906, 0.7542563764721647, 0.10893597389078202, 0.03631350786801435, 0.202980972667265, 0.36337164206593, 0.7990427998710588, 0.31155997536695546, 0.8881290111489422, 0.9075707363597203, 0.40614251886733477, 0.31021217441216253, 0.48787175523768167, 0.40196830544061235, 0.8799774515434836, 0.484498135698767]"
a81b33a7-ba53-452c-8801-04aabe7f038f,Essential Sausage,Meat & Seafood,Sausage,19.32,0.15,"[0.9244869672442797, 0.3913124784102382, 0.3589301380832124, 0.07892578253058202, 0.9377964619521315, 0.10814289721921966, 0.5891398240359984, 0.6916627330998395, 0.750974937487567, 0.2484674969111178, 0.7528077525948881, 0.23495614349432214, 0.6697435931120083, 0.7869414490316045, 0.5546047338796843, 0.9437151327975919, 0.614862372756179, 0.8643661151003289, 0.4564919939713734, 0.8810025829341548, 0.860929414022668, 0.8126921213986998, 0.9458944270770846, 0.41796449839906413, 0.71970680393618, 0.6896933251091417, 0.7957901854562305, 0.6461511182506396, 0.7322950720950249, 0.3006696685252298, 0.6817396878203577, 0.21441052215633538, 0.8690331983102082, 0.5576341223057201, 0.7124742516700053, 0.8885381920765871, 0.04676436187909083, 0.4644680398811838, 0.3867143867833329, 0.23563073532066048, 0.6983019266701163, 0.9830804534876119, 0.2999352541173308, 0.8658081005064895, 0.8983318112307282, 0.7706295976947707, 0.5670530134299678, 0.3897869358837671, 0.5184610027271811, 0.3004630921865823, 0.554096776930871, 0.8594668925202145, 0.3794245665510645, 0.8916554364658268, 0.6606275313081615, 0.11928683058819323, 0.400632227727186, 0.41644317155973964, 0.8604378697551659, 0.17767651957770936, 0.7587427470709767, 0.8149688124762396, 0.14319539013221172, 0.937178188851698, 0.5624010197202756, 0.722444648966091, 0.6023045154341854, 0.4742227714816931, 0.16687940272401036, 0.6433891519742433, 0.048060131664198646, 0.7707329310726891, 0.9070540278276257, 0.4092204044174711, 0.11917741112742453, 0.7101471593366423, 0.6638703571035278, 0.5735946461051585, 0.7497859871497273, 0.3060430039726748, 0.02126260618880782, 0.7779844390420638, 0.8051396515582706, 0.8880902547313321, 0.03528846514849837, 0.5338306522572139, 0.23725615388404153, 0.6692462400181057, 0.6409325568376034, 0.9986638906068873, 0.7156305521674157, 0.26443021973456515, 0.08410540069682715, 0.6401799981452704, 0.20976378895963022, 0.5540933894425675, 0.8585973701287849, 0.3732702776187473, 0.8530038954915447, 0.3706283007309177, 0.7134764781007605, 0.9575884238351754, 0.7025282724471433, 0.726342583161519, 0.6185258607802102, 0.4351021405891078, 0.736379719852565, 0.8763166490470069, 0.23665519022598658, 0.7672122567918903, 0.17739040475670298, 0.4895803874781537, 0.21041298022247745, 0.21123721789404348, 0.6358679244334948, 0.9323924767049142, 0.4838312807887951, 0.6681809759496915, 0.7881652953824198, 0.9890019489627438, 0.9334533462149589, 0.598644483363121, 0.22549565415286676, 0.779155299253076, 0.48001436982006107, 0.2956974619851165, 0.14592373353996546, 0.38808150895605675]"
1e19d020-8de6-4885-b1d8-2b9aff3f3d33,Premium Butter,Dairy & Eggs,Butter,18.26,0.34,"[0.9004958544235261, 0.8870651702648114, 0.08448043569976393, 0.1712061672956331, 0.5290893447261286, 0.027196032767398348, 0.09776735473525966, 0.28422500585367305, 0.7463986025277923, 0.7691405931755095, 0.15406525757998424, 0.6015589716242674, 0.9888411870501351, 0.8568749667862863, 0.6453932909550071, 0.3236339364489298, 0.817318597240657, 0.7528974374548033, 0.16127549331994673, 0.6439702516539636, 0.5117013065743041, 0.8248599881284895, 0.6269491567141521, 0.8808782018559513, 0.8222350061006225, 0.19726246767298217, 0.7053134969430443, 0.712297455433071, 0.4530048652147074, 0.3452942102028149, 0.13436495356148703, 0.7658622317231009, 0.50608256310075, 0.8586673179151254, 0.4193673900968674, 0.9682902235752214, 0.8118957843931713, 0.43417013632336954, 0.7730746416068809, 0.44485421550401016, 0.4511625965486433, 0.019942831418827467, 0.7766843848955166, 0.23422822423650647, 0.5576757884356585, 0.6696819376533211, 0.15138861164186046, 0.3563155867688399, 0.07255320447118563, 0.06611099721608582, 0.7021285774215229, 0.15096074053610165, 0.870644911128764, 0.8613797740446588, 0.6541219214047967, 0.1647075781739311, 0.9610130927948417, 0.7379152448238073, 0.19718775000799849, 0.8200132716722071, 0.6919474391933024, 0.15192299651447994, 0.715602693190475, 0.8117707972381863, 0.7706140505425231, 0.2028852126930747, 0.27190795703295645, 0.5330597889596419, 0.2079374986887298, 0.196225178979188, 0.11221509579114053, 0.7284372168206443, 0.8330916438673907, 0.369260336587925, 0.47331544931012914, 0.3977438361918153, 0.07860212951080559, 0.32064534255017296, 0.8593315192422336, 0.42109280967919915, 0.9962505233137007, 0.9815767837704151, 0.831666831135466, 0.21448844345368823, 0.6342945882880995, 0.7146374324201793, 0.15615564034069285, 0.18361771821325212, 0.33332948267136353, 0.7657737636486146, 0.4912086479030501, 0.023289678789650825, 0.5499597913730105, 0.5478250598083806, 0.16517094250380915, 0.7454128615186618, 0.7761003954161046, 0.9334514256366514, 0.6793193595041594, 0.3761988800443301, 0.8731755131263446, 0.5747474524268119, 0.026515996794432617, 0.6490085654911041, 0.8203809412234058, 0.07774277726654177, 0.8388276529444304, 0.32707787087386464, 0.5106858415945994, 0.44483903655501533, 0.9441752754929357, 0.7002204835195601, 0.7582835185202885, 0.47187586431100126, 0.15444806322261084, 0.10986246029016822, 0.9817377157788958, 0.1889965688057309, 0.6760438511853762, 0.5189329151327136, 0.9456424612418005, 0.5139649068163723, 0.08616883758458649, 0.8611953127474627, 0.0880300851724084, 0.5632612086213321, 0.43832486913896707, 0.904869274090622]"
464065f2-15f0-4a2e-b25d-516dfff9dcca,Fresh Free-Range Eggs,Dairy & Eggs,Free-Range Eggs,21.49,0.1,"[0.30664216721976023, 0.4720853336986227, 0.9917272531220844, 0.6587112300082212, 0.4250079778127108, 0.710014069955771, 0.487193608517726, 0.061296748293119596, 0.28991764724265623, 0.8291917901455067, 0.5462641241502317, 0.7229566365414243, 0.2091597481533174, 0.7623304707798501, 0.7416138521551983, 0.4886723633635477, 0.3397014323860911, 0.53182290061018, 0.9080841564567641, 0.25945707305908594, 0.23222185428724584, 0.27388639775687806, 0.59624222377671, 0.6916624991944068, 0.615634699921644, 0.31113364752797135, 0.6038020760005435, 0.9378254357939472, 0.8244446719703608, 0.916180944732225, 0.5611902184227756, 0.8008582988500444, 0.07199822960351487, 0.4757029033870609, 0.14627673291071897, 0.4947941372166812, 0.3074900071170853, 0.04411989379576742, 0.29556767398800166, 0.5191806003635264, 0.0962950097956291, 0.32229224810092105, 0.7150927518358764, 0.06511672807809588, 0.6851121233406738, 0.7898865721113884, 0.6473299538037146, 0.13855640180995865, 0.9143063943089819, 0.3321527683446013, 0.7889661465245751, 0.8955326194505477, 0.4823951363663842, 0.01385330467041923, 0.5856118837341278, 0.6216443336582577, 0.2029779000606774, 0.03788959253386559, 0.6005692338702705, 0.5339306448530802, 0.8486761700505911, 0.7326534219078831, 0.44132211265674337, 0.25483550768082, 0.46706421350375793, 0.6556554442086208, 0.811834997359794, 0.08442057541148074, 0.8414342019921662, 0.9422903599085184, 0.9992084550823219, 0.9001455824594782, 0.29200283562963714, 0.18699938028952712, 0.6944665243444655, 0.27259368921120364, 0.3206571817720676, 0.7913075314509547, 0.2278626608492479, 0.45289594590219273, 0.08896904152581875, 0.2385795045215403, 0.972516173934924, 0.21388404152326013, 0.9962164751778966, 0.17261226021864007, 0.8412274253105936, 0.9346258636281863, 0.5123483005800602, 0.7596303955672972, 0.009768061312396159, 0.944492535215424, 0.3049444187046989, 0.006120069456935329, 0.07409523934054774, 0.2359407299569254, 0.30321627242326454, 0.23722213040702522, 0.8655674466123294, 0.9109742919046717, 0.1608368147775785, 0.9165748294763665, 0.46711653660116503, 0.6497213473146903, 0.42339157716621534, 0.14989078160472824, 0.916911481500442, 0.5234445728066061, 0.6379661130712322, 0.359353845095154, 0.7160863326344258, 0.388039095078188, 0.804955356139405, 0.2587876095974715, 0.16844109410227281, 0.10174644742417949, 0.09753191864007804, 0.2186745503200065, 0.16640823226573553, 0.36905234787097274, 0.9331495208268854, 0.9203575556271262, 0.01813639216800078, 0.5401741064325538, 0.45368581520447515, 0.004352235074862487, 0.26587498995366665, 0.36207655774737146]"
31a62e0b-956a-4338-9c88-02b3f7ede7b6,Premium Hand Lotion,Personal Care,Hand Lotion,2.56,0.1,"[0.057064534538783795, 0.03275534330251495, 0.24317371267568655, 0.7352446934013592, 0.7948976567508966, 0.9699727477032856, 0.3374120750197208, 0.47742987243993973, 0.46475642273927187, 0.019556052018819936, 0.3582553523558064, 0.17814590944566577, 0.7027655911799664, 0.6515593550214653, 0.9792563683237783, 0.47577346342785365, 0.08161261147840582, 0.948341085253237, 0.6779540213622215, 0.7779025128974076, 0.2914805356557426, 0.4397839552613241, 0.5056930608210909, 0.4500008313610777, 0.6387498147931743, 0.7394349636451637, 0.99996387282555, 0.012123778211032499, 0.621937530753927, 0.3710823765724883, 0.509312829179583, 0.8271030627877002, 0.5051237624524164, 0.8396288614846324, 0.5355779563163854, 0.34269893545118746, 0.5184195686446856, 0.5324197583189222, 0.31389489960847783, 0.8897042356688102, 0.08311867993320599, 0.2012521229820441, 0.7392286260221318, 0.10626309142911339, 0.008107799991971532, 0.40309349278773954, 0.5087194343833141, 0.20180601988415414, 0.2927690509189972, 0.3344300517887846, 0.01683427788304359, 0.5743041562669569, 0.5125404100456876, 0.752228576302658, 0.6424677221970784, 0.046094189146498876, 0.048234338921247844, 0.7771694051350926, 0.7711819101231103, 0.7354302977367732, 0.39059129456493746, 0.46714802071887584, 0.24236813388312206, 0.028592599063812063, 0.5311476932797573, 0.3186016263363325, 0.957382737075209, 0.761138721882532, 0.7504172315944353, 0.17064744996236803, 0.3493501718102442, 0.42776879105600807, 0.3881764913786938, 0.04002515498412185, 0.31274394363938374, 0.8238356084474282, 0.6875917646819285, 0.41772711863692136, 0.8225604846519297, 0.4402879229062945, 0.9308141576001359, 0.9395849657610111, 0.22614156115241213, 0.355772310945615, 0.0530625107267505, 0.02495165751908668, 0.570148361888488, 0.9265664386972755, 0.5307254448126703, 0.4935605950081454, 0.7271199044603398, 0.6486693811444915, 0.9554388058383577, 0.5222781943590766, 0.33784382995250684, 0.34917299226141185, 0.5080535397545903, 0.04699452980886709, 0.5860912655877618, 0.550377272014034, 0.7711844506980655, 0.5494779973048654, 0.8527304046255778, 0.5135270487653142, 0.4321184377044165, 0.2120657896188921, 0.09965521903915142, 0.19662823621295067, 0.13381943343224179, 0.3935768903453637, 0.5641236773182579, 0.3207135459096776, 0.6261364490321991, 0.665183065976672, 0.9543610754181981, 0.33563901281233843, 0.6282615353750557, 0.945881216514485, 0.739641789272206, 0.23167645178024776, 0.5582772396015808, 0.17739401617985162, 0.5755521353832544, 0.4948653550217794, 0.9580714959205222, 0.28514650739721803, 0.2332181346683888, 0.47723306955657374]"
22a51531-4be1-45dc-9e5d-2c9c0df0de82,Everyday Whole Milk,Dairy & Eggs,Whole Milk,21.12,0.27,"[0.73647616566844, 0.4393026546942632, 0.5878534678366766, 0.4908542909191248, 0.9969209575133974, 0.8634747058082167, 0.1726820993267556, 0.7848760770193853, 0.26782139745381817, 0.15027449127373282, 0.3439313197928676, 0.7677296909535161, 0.8035077595692848, 0.9610471357696406, 0.463447228734293, 0.5161345123637876, 0.8652248681427681, 0.4443722253901585, 0.6614887555763935, 0.014821844826585884, 0.06233521981888912, 0.49263200368796356, 0.713482355114052, 0.5491627424080009, 0.041771429718142516, 0.5463909631546444, 0.26421640146030534, 0.3907854459868808, 0.08114336467247119, 0.24307386524691355, 0.35565161150668234, 0.26353464687118444, 0.3418822602920515, 0.447520857128499, 0.20003173788421413, 0.1215964933886785, 0.38663156312913405, 0.5018611713690597, 0.19426499019755217, 0.4335657482152414, 0.95847716239293, 0.888725107634369, 0.4923511154750483, 0.40986045834845697, 0.5119590282856927, 0.36570545939969734, 0.012405275013170458, 0.0027060858996128534, 0.22351748419717132, 0.6684444468095219, 0.09054860300663403, 0.3674425307147984, 0.8196406941076435, 0.703003543199065, 0.9848744959716992, 0.39930612938022136, 0.815613035462008, 0.05725468604685835, 0.5574500866009902, 0.48946555958155613, 0.9216335103222545, 0.2204193556712285, 0.6153893092605048, 0.9114057041397726, 0.7477385170151055, 0.6833993547657115, 0.9865099599613697, 0.8578221419055609, 0.06391645654263389, 0.18273321974717605, 0.9408915075729702, 0.08572355585319269, 0.1898902509418936, 0.5960005975722918, 0.004946411012705099, 0.6495129922469458, 0.22883199713106261, 0.6193793949413884, 0.4295009186905647, 0.657298284902745, 0.5668579800993593, 0.7434213741247508, 0.9696194654417956, 0.31148448271182905, 0.9570053181292529, 0.11471280204229017, 0.5464525961368469, 0.07254466133173398, 0.2591202287904726, 0.44295720289677565, 0.8444069793342389, 0.37538872280041813, 0.395136000462061, 0.36591186082522786, 0.7754486261920706, 0.40694933377833653, 0.25888724562017407, 0.5984259675589404, 0.3305539720087437, 0.7986853755386096, 0.9772198511568213, 0.3329444248992822, 0.19448000106933172, 0.19280645205387803, 0.4410451388889842, 0.7442101812099895, 0.2673672962593143, 0.7345778548980804, 0.9871614894438601, 0.3320131476394781, 0.7045836739494368, 0.11558724974273638, 0.49383695012866624, 0.9300466868396229, 0.34157302496857256, 0.9917492124355961, 0.6528208592418346, 0.9129100036830028, 0.3343486950469784, 0.9270912045518064, 0.12446599691033344, 0.7762067642882092, 0.4628534917785254, 0.47558721401570925, 0.8726775293693209, 0.17908079728494353, 0.6028558110522018, 0.07027593567482648]"
28c08598-0919-4ad4-a544-1e20d0d0dc44,Organic Large Brown Eggs,Dairy & Eggs,Large Brown Eggs,5.14,0.38,"[0.29824328072115724, 0.7252980694710274, 0.4647863483818879, 0.97374225711622, 0.8928473014771815, 0.7597923799595694, 0.7161479939215812, 0.12494077080285004, 0.014700410047880141, 0.545086756195024, 0.2949384383259299, 0.404429072223501, 0.8455191078162284, 0.848309945170306, 0.049525332186326265, 0.04041929937109301, 0.3153490714853753, 0.9869908359511517, 0.37256959497280007, 0.8510111125970644, 0.2233550596353131, 0.1319028219310885, 0.5346860995105011, 0.6455533714321314, 0.2988943482901585, 0.46234975729719296, 0.8923326064371875, 0.11600500378694878, 0.6430366203989667, 0.713858041322395, 0.2869508797342607, 0.26057636957415653, 0.9658901709241509, 0.9804534027653579, 0.7419903766473985, 0.915068042891621, 0.06718009026043925, 0.811251022517711, 0.6057226193344566, 0.8318095591944124, 0.6770793039351277, 0.21222547078660392, 0.5506961368344209, 0.160679813988158, 0.13335561805512686, 0.21139009725712288, 0.5338581278281549, 0.10245997090656644, 0.6978693752886471, 0.582021575121564, 0.6962720229232172, 0.4811566001019104, 0.20455760908931997, 0.5012764813379366, 0.828996263346788, 0.9895126469159877, 0.6610906494096034, 0.3936995183873049, 0.9781538951920014, 0.9501550513134948, 0.8637382983203868, 0.3722334461897632, 0.11943044541014558, 0.458327339216796, 0.8866695674025501, 0.12266552102740302, 0.7952352819831467, 0.5049860336314168, 0.865640151819972, 0.6369726766449029, 0.0764157814651013, 0.6004078733453906, 0.8798254727277472, 0.23788928029192724, 0.8515016128403575, 0.33196791662509095, 0.06572757567692489, 0.10039929397245617, 0.7578428756335708, 0.05397324247558344, 0.28016417159540463, 0.5533027317233687, 0.7780004964994258, 0.3971621821450454, 0.8073991716225082, 0.16003232690936997, 0.5685896582889636, 0.06075826029662956, 0.062364417026166574, 0.20190362771081571, 0.16107589455926596, 0.43408255589001066, 0.8429270188467113, 0.42918359208678325, 0.6763511188138794, 0.25287565404381207, 0.08504811129040457, 0.35241599831392456, 0.15534993145838194, 0.14781497704991353, 0.713721658959647, 0.6202166043190194, 0.034517601814889165, 0.6885434765724833, 0.2505246923243276, 0.7493289185572382, 0.2688087471645545, 0.01641458628058512, 0.6061021843774153, 0.1663937866066072, 0.6281771277967734, 0.5948195130444499, 0.8318013936426172, 0.16132500101830916, 0.07541714513322928, 0.13363832672891307, 0.9517153125875151, 0.1989750856142426, 0.7764138074309404, 0.6306014026895513, 0.3954283982034994, 0.7391746690520626, 0.1470205828101293, 0.48392439604387505, 0.5909230667246445, 0.2529202969946819, 0.40600336510206325, 0.3792650089504026]"
25370a5c-dc1e-4a10-bfdc-ad1bca8f7981,Nature's Sausage,Meat & Seafood,Sausage,14.22,0.35,"[0.5979873239497195, 0.17653973883091545, 0.747062817705068, 0.7166840445326629, 0.1177118424898943, 0.1732932414986783, 0.07341284687435834, 0.9656693565516176, 0.7439012938725053, 0.28400747844214, 0.02381765549520476, 0.6690867741427949, 0.6131169333059345, 0.5795973341676056, 0.5463694163971403, 0.30216272439400416, 0.2223329960372672, 0.9404321676900455, 0.799006536063993, 0.514480418112503, 0.20780941017656518, 0.1511339804712778, 0.5934194542017851, 0.9347570008334813, 0.08518651048431047, 0.18457276719345572, 0.032468386164898555, 0.9274759266843909, 0.5725448184307314, 0.5546253910923329, 0.5678658902420748, 0.5948188628024097, 0.06751483007639358, 0.12496016190233805, 0.8162059399846412, 0.6045663040033813, 0.7131065766442429, 0.7964502135159516, 0.001559971886826328, 0.9812254918868937, 0.956397703178517, 0.20892088994840807, 0.4707845369891731, 0.8417903668923492, 0.8124498364091612, 0.40755610396573694, 0.17327734003960749, 0.7700645368658265, 0.28303603436385505, 0.695992656106074, 0.21103549679333278, 0.0004287343011254441, 0.8905558880327874, 0.4177405887988428, 0.17259987976880697, 0.4598346753293623, 0.0923542047947764, 0.5905748819301195, 0.4303910543314192, 0.17631064262113605, 0.8348065040123139, 0.36224649844035983, 0.38356263705828475, 0.551657404130591, 0.764152545583202, 0.5925604912781809, 0.393342873646798, 0.00838851663777973, 0.36174278540141347, 0.8322394347447619, 0.5913711258110125, 0.6252362925407016, 0.09452423736959603, 0.5126546605529892, 0.3628252510439024, 0.342934384064873, 0.5504789764386682, 0.8424444676925374, 0.7319098620242496, 0.9141882742885783, 0.00642822478395455, 0.8461483956140667, 0.49512077542413657, 0.3739700116053062, 0.49418303026234556, 0.8228639116642196, 0.6495605658320206, 0.45552350283203025, 0.35631351044936077, 0.8759835454778606, 0.8661836295669554, 0.7342271575124932, 0.7093201792917796, 0.10157290271596175, 0.12415899340052061, 0.30100621794020344, 0.6026532784480982, 0.21342913447088163, 0.9867529198005761, 0.8502104656150937, 0.6682990157711783, 0.7357337285933307, 0.40490453218753275, 0.32205712004391773, 0.4302133676497577, 0.8239433193371216, 0.30790053289781727, 0.8771562113837231, 0.7055917998310168, 0.034837383592742466, 0.007865207214527659, 0.9487030587172277, 0.852167148525542, 0.3274942661892897, 0.2564106524367502, 0.7230320169741592, 0.6923092663041924, 0.6871790767725485, 0.6575031087216601, 0.08267864030054373, 0.7551680360488969, 0.8497951364415574, 0.5144940718862407, 0.5595503215625544, 0.2683803196787441, 0.15968004483221954, 0.9620483139407483, 0.21737528011815432]"
7f6a74aa-f09a-4f60-a39c-a0c68ccf7ddb,Essential Hot Dogs,Meat & Seafood,Hot Dogs,2.8,0.37,"[0.3136697269065355, 0.11375703261853343, 0.4056949135018889, 0.08720718284281792, 0.6898407291579322, 0.2557632028182222, 0.21091104880916733, 0.6475132715876208, 0.38909353403213864, 0.09740571077605709, 0.2952441074118295, 0.856254133273185, 0.7916335367919793, 0.12124976941317234, 0.30831202377428313, 0.768679837939947, 0.5681209323665574, 0.6817768559688213, 0.556297575504282, 0.2876229290353156, 0.11450197146478125, 0.37399342538600155, 0.8671156598013882, 0.448644718509697, 0.3169711679730728, 0.35720229424490724, 0.36245538843631975, 0.16778169887904149, 0.9036524892666024, 0.2680638498273069, 0.03879802092706475, 0.5564732606797453, 0.1221835624147466, 0.6813495567582054, 0.6285509265623286, 0.16660460515176878, 0.16278098941869046, 0.19612686349321296, 0.38528381432851655, 0.8806878652823817, 0.8444043076336744, 0.526868780751053, 0.07464559075147581, 0.048670677405652896, 0.8429891508395442, 0.3013005577558635, 0.5372618593986737, 0.271283601658191, 0.05488974176921535, 0.11081520564124103, 0.6435166204998112, 0.31409360361871674, 0.27668263737981447, 0.18117257168305612, 0.9190899848331971, 0.17752735640033523, 0.011549771296099576, 0.6927041782163815, 0.09778762396678475, 0.03499909626878939, 0.9501632900785383, 0.2760496742263071, 0.15640010970759122, 0.6848546774976921, 0.04033360959851018, 0.5067325929126663, 0.5175485871893603, 0.5089577719769759, 0.9064303384386532, 0.7736713491170737, 0.8151429838557616, 0.19007393686170682, 0.5807661706261584, 0.31523859339739435, 0.6832756130687162, 0.42698948214737975, 0.14756340611276286, 0.19928095095542497, 0.16066538379804263, 0.4251089493075835, 0.9831190556844229, 0.07140877463936479, 0.09279803871323211, 0.2996136392991072, 0.9935155139993591, 0.5637330990338277, 0.0786412859160528, 0.6233936315518229, 0.8997958476717773, 0.9247201360792437, 0.685934964786151, 0.8050933783391121, 0.9479107003041677, 0.7599404253283107, 0.7516953641870265, 0.9414328421518944, 0.10964667668120665, 0.5968788631238305, 0.4084697242488301, 0.5941595524267967, 0.16492374571639545, 0.7957876732600068, 0.27350267457699196, 0.49262097627964796, 0.6320677853579437, 0.6253300549955112, 0.06504216149835429, 0.3615956933568364, 0.025110946190199934, 0.6410601891755104, 0.5330897722073713, 0.580630128195965, 0.8288793327256875, 0.07595171128250977, 0.8679470194327109, 0.8354239383417233, 0.18571442990502118, 0.07980585460188372, 0.922891633298733, 0.06129316252798489, 0.2658181662166622, 0.9875320614277299, 0.5743960954708063, 0.38427068862642544, 0.03788929818192932, 0.8169076394946205, 0.9526605467695165, 0.9357155625705422]"
bb3acd74-a761-49bd-b7bc-fbf35502e696,Premium Body Wash,Personal Care,Body Wash,16.34,0.24,"[0.2545919680715405, 0.10069166517652384, 0.19942029091395252, 0.3296816360267155, 0.07527777600170737, 0.7775466063674642, 0.6359370432910918, 0.6126274014915902, 0.4401809311860777, 0.9782070815761488, 0.48552358773876503, 0.7706629098260681, 0.9012889534713414, 0.26709489118978125, 0.06413828686257528, 0.9829948566879168, 0.32031713263561035, 0.041513779181666655, 0.8396118891513688, 0.9580242267432496, 0.37700031463168626, 0.19686840839903086, 0.4057955153449436, 0.7304568439082134, 0.11609916368861561, 0.5806226480961709, 0.09289943101547238, 0.9148871479823784, 0.17038701114546084, 0.4559174436853026, 0.7744291341527746, 0.5266464103901201, 0.2986108571446845, 0.564174046755861, 0.9853838891243917, 0.21484165736257754, 0.04491504415378833, 0.82507818552955, 0.9093491719581439, 0.309789287590045, 0.737360115334201, 0.5339211938766424, 0.051367635304295, 0.04135499407579435, 0.5791214186764841, 0.7292531787749073, 0.02382687709026765, 0.39771087212836764, 0.7969838190887231, 0.8278514422900368, 0.24906458052375224, 0.4905172490557237, 0.855638353207773, 0.5068875041815832, 0.8898567628404525, 0.16383024081230746, 0.9828615513517112, 0.8639697556302697, 0.046709570251925236, 0.5451485159630187, 0.9486164317316265, 0.008997821297116126, 0.8590338662502521, 0.5814750111761562, 0.4933901373970082, 0.5147094250365295, 0.058425649614045505, 0.8651422597815887, 0.6160689769441258, 0.8408627201740233, 0.4913670094082615, 0.5020843127066544, 0.28794196353675283, 0.993860532622816, 0.5916049601910097, 0.014503561008883614, 0.20005953090488882, 0.09694814351531067, 0.1588165099718747, 0.3022396309132379, 0.7839250330265176, 0.17266831812004557, 0.08053906096740637, 0.716076122457757, 0.8256519159808388, 0.7839716457185295, 0.6757865769917576, 0.36778454460720533, 0.8782093999715057, 0.7450382387917378, 0.7352266577061793, 0.70432970404191, 0.4345849952015832, 0.05729135564041343, 0.31633311121238616, 0.07039415383230785, 0.3143647272312352, 0.0825915294785966, 0.43903059813843226, 0.0778342564000637, 0.8954607930979116, 0.7362719548183502, 0.42827103932050914, 0.37205569245592496, 0.2960450695683978, 0.342828075514662, 0.3872018612883129, 0.9834232325861104, 0.676776115641234, 0.6277294748137499, 0.5643272249810352, 0.3527738577806202, 0.3589076513911269, 0.013459822811902611, 0.035158729081152806, 0.259049439306113, 0.8475234821478412, 0.013217686057812483, 0.9496071229984109, 0.6490928089134096, 0.22811259263323946, 0.030571883134885236, 0.7939462295531664, 0.18549247853374073, 0.7969750901766366, 0.19397534264775018, 0.8587053139297943, 0.7087158881128847]"
ea11794b-9211-4543-87ff-999e6bd73cef,Fresh Glass Cleaner,Home Care,Glass Cleaner,24.78,0.11,"[0.7923633954248808, 0.3558585492511085, 0.22993453271454733, 0.8263660821461265, 0.3671832416075371, 0.6708509025448004, 0.924130072359289, 0.5035557230983688, 0.1791412544761225, 0.5617632933803173, 0.6617372123197421, 0.968219298929643, 0.42281039387149466, 0.3258899275039179, 0.7421499612892266, 0.7004476148614395, 0.21296105982409574, 0.2837389454222049, 0.2420603903558376, 0.2514052273338623, 0.27048522484092075, 0.4405283553964907, 0.7279889274863968, 0.07977499084446671, 0.3853535988665391, 0.4192150120110991, 0.21120135641013127, 0.874343966892067, 0.1725287178736986, 0.2942492844745519, 0.014738433925758021, 0.29156946832733144, 0.3046665314310475, 0.7811159541241952, 0.9575179799004987, 0.7835419943901164, 0.962503865001023, 0.8617717958883266, 0.08995837375334625, 0.5549063054476147, 0.5428282591609694, 0.27787333064974873, 0.8534175217626179, 0.19314552122894435, 0.5991164082057354, 0.4248199732712956, 0.890895714398897, 0.6477961870313569, 0.9836773171589803, 0.8220202625928729, 0.05791010966748922, 0.7663849385054095, 0.9775315591520602, 0.3826736344347542, 0.061896607130597636, 0.7771833891095642, 0.3704372362742221, 0.3547781392436893, 0.7945308140561426, 0.23635683828624254, 0.13380652989790043, 0.471387615552499, 0.4050522100975813, 0.046535239042420184, 0.06980420333633586, 0.06998502059714162, 0.37404176094043384, 0.9112623029023655, 0.6559313008979025, 0.5669344086799474, 0.7660716809210284, 0.43214976460629906, 0.6606983479146319, 0.5368353823937603, 0.7650602952215559, 0.11943322921242339, 0.14550716581331502, 0.931403524219315, 0.19296838797337823, 0.11360359734547787, 0.29229419820277425, 0.5625223378809713, 0.759699313341272, 0.9380897103018543, 0.8770022630562428, 0.5471374736286534, 0.3071216973823906, 0.7523112430540287, 0.3069497610983186, 0.9729943363321126, 0.9536467363958037, 0.9731872981326745, 0.470994597588676, 0.5092026815733601, 0.06005766659787459, 0.9924286792098219, 0.5302123636778038, 0.8626192457550971, 0.21545936393050646, 0.4141856069058092, 0.6467361602334158, 0.7107097127351774, 0.9107733763565479, 0.9663972469571828, 0.4519271698191283, 0.977758116507779, 0.4372413944794158, 0.4203664810901271, 0.9147424751174406, 0.6546413957498632, 0.7081150472208447, 0.909845965793481, 0.6933646652511534, 0.06617486458982158, 0.669604237451936, 0.4535433595552373, 0.12486855151053511, 0.7332757523117905, 0.13999955738163405, 0.9418739707080148, 0.1489509284579441, 0.8304296125684483, 0.8346806939142317, 0.2988794480112721, 0.4262819852181786, 0.8322874020418375, 0.5313627747025989, 0.5510638545021923]"
c85fdb82-bfb8-466b-8587-2c4a96321250,Nature's Body Wash,Personal Care,Body Wash,4.34,0.4,"[0.2882627929704512, 0.6047326696751925, 0.48066181809714015, 0.9640452803247468, 0.503661349087517, 0.40397171473268567, 0.2907956726363262, 0.03186024280716093, 0.6089948116786976, 0.997163321589907, 0.3631961759125557, 0.638380793484589, 0.20082407534345126, 0.03873460182959476, 0.4363775992485376, 0.19065299413022319, 0.7281679609518629, 0.5251406790796621, 0.7257158557502147, 0.5396387645474826, 0.1703951139130191, 0.7647163930922025, 0.9552980090151904, 0.7315064428347928, 0.7071904901226347, 0.8620597683508725, 0.7983819995208666, 0.9834027759211263, 0.8197544163267573, 0.04544614273853109, 0.057577450579360145, 0.22182641866515584, 0.0014625246400440384, 0.6753887975888506, 0.9503196682710696, 0.676601900163421, 0.4733189327106504, 0.5698435735827656, 0.0708734489229339, 0.3283076024811553, 0.3087825606178778, 0.8208239572746907, 0.09901077127044511, 0.019279723949502725, 0.3451495266048178, 0.2706731878092704, 0.8676209936711734, 0.688244084654391, 0.49407311170864165, 0.6616957478879127, 0.5931268354608794, 0.03156611763204353, 0.8710201973133116, 0.2627348239047097, 0.022509816772630087, 0.8616464595349949, 0.016294359599137387, 0.25610643902096863, 0.19116665476225703, 0.8085999054325116, 0.4140650454868996, 0.07458050090388524, 0.4034496705582413, 0.860494905455738, 0.4431151486022129, 0.6811821151430076, 0.4462429783713002, 0.6180726908661087, 0.3308551015682356, 0.47142413087055546, 0.05986083763926853, 0.4561760688278347, 0.4253804768650473, 0.7467354231538439, 0.640880642318606, 0.4539316733129447, 0.0426138442112568, 0.6213492247532889, 0.5507311810109078, 0.18477476529084735, 0.6537162583743434, 0.7039448660262141, 0.2568207190485806, 0.21991478180647828, 0.11320216628063129, 0.8324783946866835, 0.49999565935639456, 0.7380778701807601, 0.44654650533655116, 0.46958828068040703, 0.7729709883347717, 0.8219818301368349, 0.362705597162179, 0.07951119449574806, 0.6365860257832784, 0.7905211916863594, 0.8950179378459796, 0.2724286685860481, 0.4911084459365048, 0.9613498335470477, 0.1994734942078299, 0.8667546173591589, 0.713052849271333, 0.81047973848429, 0.37566597674266966, 0.8540154929439967, 0.47330556003001945, 0.7613716294708192, 0.7402461612524479, 0.12525842428134903, 0.4068569965475459, 0.3286688565198398, 0.4158117845715781, 0.6627957956549597, 0.12612706679516938, 0.2943350062020119, 0.4715970012761971, 0.6255775401043736, 0.014907755217765328, 0.4851354092570923, 0.8272875230967179, 0.8531280527323648, 0.7592886391440072, 0.7235489526862627, 0.22581692286231891, 0.8021201099398142, 0.49211545617298236, 0.27950124629240436]"
4f829757-7e33-48b8-9950-69136f62b668,Premium Laundry Detergent,Home Care,Laundry Detergent,1.97,0.24,"[0.8137849697944319, 0.49729388903064464, 0.7120678528107214, 0.7355375047015142, 0.5889021231402591, 0.1646048658731869, 0.8773874480588779, 0.4800723967635254, 0.828830277061339, 0.23624229456390733, 0.5144775947375274, 0.5875633328193263, 0.8137786979958943, 0.9092622012231899, 0.4774483813658936, 0.3227619955643136, 0.4487895169080742, 0.8630758734672684, 0.6201280281488435, 0.9688235536923828, 0.6543884202330037, 0.03299273947145476, 0.5815077374927692, 0.9266325463787101, 0.5845404789712216, 0.9693019320659718, 0.5500825248085465, 0.1275587587000313, 0.6323598467812519, 0.4040102871815531, 0.31078503648749867, 0.4860265354942165, 0.8598629365666585, 0.5739095531052997, 0.12271198049727738, 0.42610737083884076, 0.41518535984395755, 0.1926434794854036, 0.7565302266425437, 0.35678606269824287, 0.07758549715415564, 0.13784412329069828, 0.281152675609206, 0.12128305865620226, 0.8731283666590359, 0.11632896141204596, 0.3845049121177322, 0.42670317056400753, 0.5150303589757838, 0.6953783683466326, 0.19013850662309117, 0.5838405924471489, 0.011861653861008903, 0.9118829631172203, 0.5907525131819736, 0.07087420476393425, 0.9103407203097346, 0.9215516595245725, 0.4602591050186703, 0.6005674957057366, 0.3915439513718878, 0.45167538583362954, 0.10601390836978464, 0.8854855886871332, 0.9431576095603498, 0.9515955381552229, 0.0412543829211276, 0.3362602273387897, 0.808165468418407, 0.506431065975836, 0.9674330473419721, 0.26081748801862803, 0.36225759449372297, 0.9278560606685139, 0.3596440147707559, 0.7022270259652933, 0.8692906750987565, 0.6023104564935822, 0.0026299329161687535, 0.4620125580269291, 0.09115137307278953, 0.7480050605806281, 0.9150605935105225, 0.7972571352551066, 0.06248095832978595, 0.12382101780727728, 0.09386876082496387, 0.05917704674246027, 0.6830372157609053, 0.411316664290555, 0.7864733861741678, 0.9497518521557123, 0.9801479180943249, 0.19531497214999238, 0.3890677014171292, 0.8358761014809909, 0.7508087701454916, 0.3263139148375146, 0.48795149562324147, 0.9145979700820187, 0.5360433757207115, 0.9077455507388613, 0.5719605923230563, 0.1009111041690196, 0.2818078400506464, 0.6712837208532579, 0.539528662012153, 0.02676096449416121, 0.6697618741975659, 0.9461500060024391, 0.41666861225539886, 0.7637815046276023, 0.8613598777733007, 0.41177889330891637, 0.17209386467362464, 0.05384313210326952, 0.31332441423493973, 0.8198708845669186, 0.8178657259973668, 0.5217632115156449, 0.7096441325082502, 0.5644015031439145, 0.6355482076685486, 0.46281779737994144, 0.2875902059349271, 0.6786865176759195, 0.2816552617409782, 0.8695983835011086]"
54c76350-7f69-4f75-b451-d79351462bca,Fresh Milk Chocolate Bar,Snacks,Milk Chocolate Bar,6.43,0.27,"[0.6937312095035557, 0.20572199036667616, 0.07279200648214978, 0.012839765912803669, 0.10330949953201796, 0.3843543411707737, 0.45587018230058785, 0.5944650160568823, 0.658190350556734, 0.7704109275659217, 0.7904488079003443, 0.9204475078081513, 0.6141696815210061, 0.5837311807712635, 0.5029457448732503, 0.19232928187999654, 0.467682255948041, 0.7130585305822911, 0.9337682520267258, 0.27776891124031133, 0.05591166240329626, 0.014330424764103289, 0.1468567133694787, 0.22880738406929424, 0.10395607555768183, 0.7585188004960189, 0.26953799435505443, 0.321570345800233, 0.6557232131358273, 0.2641178612194883, 0.5683629886061026, 0.20803430457110184, 0.265404467546943, 0.478177066638793, 0.599458581554483, 0.02284347362458128, 0.21136387421903302, 0.9281072205721592, 0.9614961027903823, 0.2993176857018728, 0.08164986344193859, 0.6283997353937834, 0.7479440549342061, 0.4983982059719184, 0.15454220574341715, 0.7233328611340278, 0.3102345680083449, 0.15191460046799343, 0.16477305477116144, 0.8863153182073873, 0.4059555981713673, 0.22890633578804098, 0.8371214615128372, 0.6985469732139997, 0.6324407425210721, 0.28978185522039646, 0.13096933860014837, 0.7147462688688572, 0.7945844136772294, 0.8637476785477085, 0.6629877552897988, 0.33596453561654094, 0.23858473860358287, 0.45283893410034537, 0.4384381848736958, 0.004009021704589499, 0.5319085634933475, 0.9761749380637823, 0.05704650062249139, 0.7570418032138955, 0.9743522349260515, 0.14887302632198263, 0.7414600245937041, 0.058071913420301824, 0.7507075120629111, 0.28097083550426494, 0.5250770555476826, 0.6947238764530073, 0.1771683736486498, 0.1936442872850821, 0.04416678874196467, 0.0973686760249689, 0.7551684542307605, 0.5616548214545095, 0.6772861272692411, 0.8024102548361103, 0.975034369107322, 0.8079074112323876, 0.8981492854393073, 0.7681123111776107, 0.320549455091956, 0.7229046960756347, 0.6706842442010681, 0.992379913328721, 0.8278761766312134, 0.4610005963948657, 0.6343196051660093, 0.2753691656614937, 0.35896841943457236, 0.5569982999472155, 0.12840852000763592, 0.9410902746816824, 0.340614293877189, 0.5251575161518373, 0.9084976948766927, 0.04826762568334908, 0.03782732780546383, 0.23161906429384094, 0.7226626192603044, 0.27116639970273915, 0.5477137203966197, 0.5381705193128306, 0.36329936584830413, 0.7039659842908401, 0.37836486957606275, 0.5660774392053268, 0.4372058556275491, 0.9722865746340495, 0.3037148262848204, 0.16430254903077224, 0.4101812983184917, 0.941695680180397, 0.5785702443749545, 0.6729352068753457, 0.5075238202972899, 0.976421393989184, 0.04663043572643477, 0.5688419669478288]"
d98ac824-b1cb-493c-b4dc-fa735d579080,Premium Jasmine Rice,Pantry,Jasmine Rice,7.03,0.29,"[0.05528767447123284, 0.0373403863404036, 0.16184628940742285, 0.26877602422609304, 0.3480105086489258, 0.7185630851928014, 0.824278772372306, 0.3261129694783592, 0.25321389465465627, 0.705589055920959, 0.3989397538390459, 0.5459779397509757, 0.20079808821611977, 0.281152233583184, 0.7121054607963291, 0.030121042558410305, 0.2501964268274287, 0.16042001216774338, 0.518195908172764, 0.8011568861391463, 0.349404330612898, 0.5870214292200137, 0.13835807232010766, 0.342895221202162, 0.2084568690792986, 0.6745957331086202, 0.67676839164753, 0.9113838540613275, 0.36198260925668146, 0.632418406109332, 0.8953562261926707, 0.2862570581025996, 0.9072328499051014, 0.21585616704453492, 0.6994896304469793, 0.7929636323529264, 0.9598950199851091, 0.7487274310576626, 0.26742056480447984, 0.6945305443449407, 0.8363683093110067, 0.013749098280649519, 0.4235572958180336, 0.4477267833147831, 0.5327301753844937, 0.942319272635584, 0.24650658394497527, 0.9115330760269269, 0.036523196937810476, 0.36308092793726143, 0.8972503460629062, 0.6668313260303512, 0.3302781435419432, 0.3121291420157405, 0.5259263052074749, 0.7283576142013949, 0.023445551808890297, 0.7149957383550724, 0.49651568352516295, 0.45290317814000847, 0.7797488796550399, 0.28806081555734475, 0.8510730652886676, 0.022713465739972682, 0.927537535603891, 0.6916132943570387, 0.8579924770533137, 0.7541228739400774, 0.07570523476058977, 0.17599420611412087, 0.06487955860976713, 0.17890599659293827, 0.6050680036177165, 0.790517311878628, 0.06796567126781039, 0.5840026528073738, 0.25404650832778286, 0.93501300947846, 0.11741306436614751, 0.6564648972417629, 0.13461250309109407, 0.3292242581234579, 0.16404677322033612, 0.7249270167986568, 0.07075005338530171, 0.482137311606051, 0.6174368701828685, 0.9555208696977598, 0.8174525602317486, 0.05755211842855512, 0.040227323211896926, 0.8588408074444147, 0.10534766339729396, 0.33868461331691935, 0.32742501159270376, 0.09133605898800867, 0.37175561973096194, 0.6444277673263111, 0.9077371449608994, 0.6476214153012397, 0.7898180265958246, 0.2430051268363631, 0.5635455343476846, 0.8063155298779245, 0.577987077325218, 0.5168627869632384, 0.747908599374063, 0.8511923029137503, 0.4745615896026415, 0.06727969405037237, 0.12756297591785748, 0.29731024887219026, 0.33288700445720687, 0.032801807625582824, 0.027255065074675677, 0.6578439858463331, 0.05282477246513073, 0.6719542632151858, 0.5367564196293164, 0.5462001877630889, 0.7371312868964558, 0.6896041340220955, 0.270177059484371, 0.1777002639413231, 0.14767163834275598, 0.9969019964076649, 0.659726850423243, 0.582333217047]"
34b6ae28-67da-41cb-83b1-c97b33dfdb64,Everyday Body Wash,Personal Care,Body Wash,6.69,0.38,"[0.8055251348988636, 0.9466635739305768, 0.10799737632512574, 0.7282447337126289, 0.43397235785511323, 0.15751972448751783, 0.3860832363937151, 0.43239775259945257, 0.48815781310563944, 0.04205088029102855, 0.14175575071564517, 0.09096776898734571, 0.9459867044193647, 0.44647981989114005, 0.17096933053042684, 0.5636218348431029, 0.23263850204534609, 0.22541376315664208, 0.06667062141347468, 0.47995739645854296, 0.41686880561298745, 0.1696107077310134, 0.7255641935328033, 0.5378867031400182, 0.6689914357867212, 0.5816680304071722, 0.12409958434999357, 0.8337491286197733, 0.03019117917659031, 0.08478571895192144, 0.9251000669008402, 0.9028991942503983, 0.21643420104727074, 0.12005093766229868, 0.7224713559685062, 0.1596522433302764, 0.9210091748947583, 0.32445706737771185, 0.654313034259877, 0.21559345262787166, 0.8238690721999687, 0.7260793873412347, 0.9711095187991633, 0.8867641800804633, 0.14622476330026235, 0.5983047446969593, 0.2635272678085304, 0.6228829172642065, 0.5206864307406974, 0.5354290798880046, 0.2887138441687125, 0.989221665223299, 0.6392528050668735, 0.194943748354251, 0.6506089516369334, 0.8718126056306209, 0.9602396818222664, 0.6991484412298511, 0.740371226594046, 0.15831128900604474, 0.781921138434972, 0.8207863365105267, 0.39408032847107255, 0.40950877100772975, 0.27745133146013623, 0.22668586796741708, 0.670536702120606, 0.050122923386647256, 0.20641454772302792, 0.8288150843534688, 0.14057702920032888, 0.5456318743399673, 0.9551895910556149, 0.6773233604472942, 0.5014999724142989, 0.27132679888841604, 0.9203073167010448, 0.046223468883752616, 0.0005595514832250625, 0.2679830902584923, 0.5550222252625892, 0.16312073950006212, 0.22511652920264857, 0.7119247792960055, 0.9179627575657879, 0.9355572879809652, 0.33410345555576604, 0.8245190060045823, 0.7330023521519251, 0.053073495115883995, 0.6105651494284248, 0.04178082136778993, 0.2944672094732732, 0.5860391556829387, 0.1347962144695093, 0.6131097253280602, 0.13744942210044353, 0.5130739653440416, 0.7286876731318153, 0.2645402555859636, 0.6854143590845656, 0.413289220678573, 0.4359234202426878, 0.7856260670920375, 0.04096217414460346, 0.674741055030451, 0.8929039208704628, 0.6540096980550313, 0.6617763418423172, 0.5921209388211586, 0.83588542695904, 0.11196680872315479, 0.7740540110756138, 0.4724272785200275, 0.6399998217190492, 0.29330949497614023, 0.8159793169334605, 0.29450361062763797, 0.1267754316298415, 0.33264836178428914, 0.14631802752423473, 0.7046738275589047, 0.12184528168219966, 0.5514542639253687, 0.4599149524512769, 0.9584085312105911, 0.3078929627509528, 0.5383581451785235]"
a85314f2-4706-4d04-af9d-12e821756358,Premium Black Tea Bags,Beverages,Black Tea Bags,15.31,0.19,"[0.7987270449160019, 0.18377286321415598, 0.14526192211748168, 0.10334905422993401, 0.9806758775743072, 0.6059727144564556, 0.12994325160780262, 0.35352164101904127, 0.5919338686229293, 0.24649165807726892, 0.5616278608324157, 0.07858113820297274, 0.7722044273614367, 0.8815169738799922, 0.1737281830955706, 0.5246115352961658, 0.5696400255723684, 0.10411085889460836, 0.09424833555446588, 0.5639182948656578, 0.4908510943198532, 0.7034423876853793, 0.4606134295410773, 0.5970791549531245, 0.42403191740654256, 0.02394738115287398, 0.6094162121978955, 0.7916427864393241, 0.06110313357529762, 0.2692307513127068, 0.9378859339967855, 0.8806629124655855, 0.6853219236957593, 0.9822213818675875, 0.19692009772297903, 0.24066344008689444, 0.6985001427972137, 0.9094606343836819, 0.7357465304291968, 0.7141682423596696, 0.12406722405472459, 0.22689616055145445, 0.21186751382089275, 0.7754211036495358, 0.1425048385437816, 0.18202105140052893, 0.46209174235156314, 0.5917270811325059, 0.8651150908005496, 0.7702590115258646, 0.505056405993068, 0.348770547864508, 0.4545189557024616, 0.11207671100445427, 0.22209951616615087, 0.13447982158635796, 0.061024167119855255, 0.20645723296945118, 0.334040898901491, 0.4334714489779474, 0.5345539706605299, 0.7854899547833879, 0.16750859956162834, 0.9395486150422556, 0.08876028143375725, 0.993879027229488, 0.7499712482977119, 0.4384330733301478, 0.07602046689824127, 0.8113983517007917, 0.7610779584629411, 0.9302419005873126, 0.41288356335974175, 0.7371288331935784, 0.9236613940545936, 0.9117501788166853, 0.387731042642282, 0.4140823588600162, 0.42774291455424196, 0.8457064165925406, 0.4406456443780006, 0.24173841135153085, 0.09518554420200387, 0.9039934909025509, 0.372786223884668, 0.6386154536527814, 0.48801802513084136, 0.7885795315803524, 0.7565233073044986, 0.27163559243180835, 0.6851915946903371, 0.806950422043196, 0.1013493015079292, 0.03510149160583054, 0.4415698824833242, 0.5584836983718978, 0.12179920449786796, 0.6633577070650335, 0.49838997456466183, 0.29776543168491687, 0.8101736260019375, 0.6489287536849501, 0.18797146710457946, 0.9959626644909494, 0.20895016105098718, 0.3217642900285901, 0.046350208194932185, 0.3858286888922211, 0.20653948402931877, 0.2734627807457901, 0.07976771818520412, 0.2518605091997098, 0.09582441282375653, 0.6586672591813566, 0.9801384805129516, 0.8052676609504907, 0.5939612343766971, 0.22627016884705442, 0.42185825719235337, 0.8612182806397222, 0.13163183657085042, 0.9900038762591041, 0.46589237531134553, 0.36448450157160517, 0.9479440537056933, 0.8890662780761569, 0.9152231291440646, 0.6460737510583542]"
c8692397-bab9-445a-90ae-7439cc46cd74,Essential Microwave Popcorn,Snacks,Microwave Popcorn,7.25,0.33,"[0.8107583783339812, 0.47242668040987523, 0.06507941324197541, 0.5965249156956306, 0.5320936793141415, 0.8805427805826411, 0.5224060013355539, 0.13159562031401295, 0.04177057697954023, 0.25540757487719246, 0.6577198883609666, 0.14260031422485775, 0.1108922970384838, 0.40721942197520034, 0.7306829614142141, 0.2641364900237192, 0.3146397886249792, 0.9723659325832029, 0.5175251150523165, 0.05902916713005679, 0.1550240284929334, 0.9913180214195686, 0.08635828237306586, 0.39367576332997223, 0.1529678138111651, 0.14756118923248374, 0.11457123299127092, 0.6209164357132879, 0.14020956188692413, 0.8862393745720956, 0.7386364965454016, 0.48924308840873, 0.6890260040544613, 0.7439213186055212, 0.35129575162116367, 0.797057695811833, 0.09666043942489133, 0.31514006036562026, 0.4346525720305533, 0.37235445505735854, 0.12768715167814548, 0.7771175607023835, 0.27041779241152497, 0.4258696855578109, 0.5947615941931218, 0.4482814326572887, 0.12590992938028245, 0.4946709101776948, 0.7705171682540977, 0.9198696065070064, 0.7862403214857752, 0.7653608263014806, 0.734764021659876, 0.03743050712834828, 0.9182757840914608, 0.6077551883792476, 0.12375342525567301, 0.3621605976338953, 0.6058112070208325, 0.9348583878806738, 0.9699011888780051, 0.39240557763643014, 0.279945151421954, 0.012917352529947634, 0.10461832056643061, 0.10784813600377807, 0.4316843905777501, 0.3581018645079762, 0.7656949481042101, 0.46692168744612694, 0.53913502550988, 0.486889430442648, 0.3595219960240881, 0.635719303474207, 0.8978628732940828, 0.7378362391140425, 0.03422258850076343, 0.7035728912993903, 0.5550522062670922, 0.4994293906549223, 0.7228245217877365, 0.6121111253647227, 0.9132269688265757, 0.5176931808591329, 0.42518106675207323, 0.10664878227144414, 0.5485391580428901, 0.5702301650194858, 0.09794837763529818, 0.06644668423057687, 0.7688312645610818, 0.23808079128150472, 0.31915598764707853, 0.26513719688616855, 0.051624679333056256, 0.27483409874341236, 0.3876031908289219, 0.8471264042753961, 0.4178514059576659, 0.3639741637970969, 0.0331269237385311, 0.159518775296837, 0.3630698335322329, 0.35796611599861705, 0.3922309930909249, 0.1712391202829633, 0.9508022359768151, 0.24357073362339066, 0.314428418024128, 0.16776477357738506, 0.9334050991186077, 0.20684429178166597, 0.06466283860695021, 0.13520592415616473, 0.7973996330875517, 0.9984397398180788, 0.47830802226614544, 0.40061119862830663, 0.7241707795726445, 0.2455351601678235, 0.5097628589085796, 0.08699367465407604, 0.3837944363377951, 0.05223326209324941, 0.03934926566432151, 0.8065683888029019, 0.3391754549794549, 0.8697127716310518]"
a2aa5c5f-237b-4acf-bd4d-896ec1b7d815,Nature's Tomato Sauce,Pantry,Tomato Sauce,14.03,0.33,"[0.7869613682666128, 0.12337816184596084, 0.12606741423361179, 0.0024807036928927717, 0.12579887911329757, 0.5739135246990354, 0.3302006211268189, 0.1010148921769376, 0.7131744816243167, 0.4474067199405315, 0.10684978865620554, 0.9784382953552997, 0.8066883701206724, 0.9395743391003963, 0.23000352357357234, 0.2834345324555998, 0.3419896165025397, 0.8638278209774083, 0.9703887188336309, 0.7704239543871683, 0.7917543609175081, 0.8578324991846122, 0.19301880369548197, 0.9947753478979368, 0.8236999591704635, 0.5592611086732169, 0.7202644157596604, 0.05311970399936905, 0.05497728632418941, 0.2041385750673742, 0.22797627677425392, 0.8011937319644866, 0.3136065941183035, 0.06760280135421359, 0.6717919840720725, 0.8825917739199811, 0.32321838245538603, 0.10370408764719763, 0.5992411466201153, 0.31520278248793376, 0.10798729388074679, 0.27005402145105184, 0.3205986953112635, 0.46464932550706006, 0.2540014318081244, 0.912406216343583, 0.48520806796383886, 0.6933990162777245, 0.43033330760082544, 0.6415110595929725, 0.10573365096871445, 0.9643398135395375, 0.8367652915166769, 0.22790187587116284, 0.39203301063497076, 0.17719399904062838, 0.2169249235350349, 0.27048636208252064, 0.7685545878374399, 0.6022042395113781, 0.9112706452969783, 0.2167834059057968, 0.9933607353980953, 0.3758195640106171, 0.6573670053557851, 0.09863332725609952, 0.1330403490161569, 0.8434395640446094, 0.08919139430449552, 0.3216655739759313, 0.3234613627441505, 0.24402598241946705, 0.10586566320951674, 0.3305737663124013, 0.7757991371233287, 0.7159113338916578, 0.16814419145769433, 0.02583746224388206, 0.00788360389841336, 0.8635012550447388, 0.914197008662846, 0.4972728899608876, 0.4568936045819799, 0.38002842158245353, 0.2122319809179125, 0.09540059141995061, 0.4455839499893759, 0.040014002864042664, 0.7884927017539936, 0.010885529554927054, 0.6440236927916113, 0.44458892868638256, 0.8416530107304426, 0.34340601028803286, 0.41051798924017113, 0.4957845393155105, 0.15444523960360323, 0.7977869112319869, 0.14356770023151855, 0.5401757497604032, 0.29677312373530795, 0.9935913359735905, 0.6456834904613966, 0.7782151202349824, 0.015670283888999492, 0.3544857546743386, 0.4724954372488952, 0.44471008084577834, 0.8266031815518751, 0.7242854653496043, 0.8682539691466645, 0.8708899478456187, 0.9173326127407672, 0.9218949415043494, 0.2749129906575677, 0.8484061051070962, 0.5773413114399897, 0.8436353249444076, 0.17775130228247826, 0.3850461537190002, 0.07669560437290968, 0.04264843467476953, 0.9607803758371718, 0.6763311779731205, 0.16655813797996366, 0.4950042304903094, 0.9136217281678527, 0.6246967894403925]"
f980ab87-d699-456c-a96a-e362bfd00c92,Organic Oatmeal,Pantry,Oatmeal,7.83,0.4,"[0.3959356374739852, 0.6407398841953623, 0.31179154401759523, 0.43616883417125085, 0.3112146336564705, 0.6314515317686122, 0.7319866037059527, 0.4642424810029536, 0.050632685059498916, 0.6898053328608282, 0.015952729363146068, 0.7694306305137765, 0.04613955412386783, 0.5082828036296814, 0.6403522561236052, 0.8934129890841624, 0.20726775944308218, 0.015690260419802926, 0.18464091846283115, 0.2213119583320735, 0.34243815817218226, 0.8086241103010939, 0.4569301607098315, 0.024254662375206792, 0.22556363352484332, 0.7600064707497317, 0.40360748238457855, 0.5260130515435282, 0.6801747655490015, 0.1226840840959812, 0.8711987637229383, 0.6961586336252322, 0.7201180816929674, 0.4536320652700725, 0.5674186495355887, 0.6506887208350083, 0.9558957862834543, 0.1214448443854923, 0.9858998129355485, 0.32885030854222286, 0.962244616698461, 0.0004237846735793971, 0.7749681866454874, 0.2621105670244006, 0.6253421474983071, 0.7288121009178913, 0.45866510736623756, 0.9315879728401365, 0.6851269019400744, 0.5942864150579945, 0.18700151010969834, 0.19566787168659383, 0.07600749303957788, 0.6896638815282573, 0.38758350088725324, 0.6344936657248793, 0.5469479515181805, 0.23281751662143513, 0.9646868685885501, 0.5609034273619966, 0.3957437766312313, 0.5058188004504639, 0.5965278191825039, 0.5509362961240671, 0.7993908346704856, 0.7841055018606518, 0.3467578897754624, 0.45433101558969546, 0.4170642482475396, 0.11063673974118704, 0.5657729003210006, 0.4634289381867638, 0.6780324952410807, 0.9756660782949615, 0.7248564330229399, 0.8151189720691452, 0.2002812102594781, 0.7871112632994469, 0.4608106035058086, 0.6050227760179434, 0.5750847872786562, 0.04371278844448845, 0.36866999975596404, 0.3904065453949581, 0.665767490527614, 0.8811821259538609, 0.19708884471706467, 0.6392319751567328, 0.8499002397141698, 0.7419077573166967, 0.7823520267702613, 0.26192902323634437, 0.12147245173080479, 0.6656152898648529, 0.1406227705422991, 0.8102609247761456, 0.44281417938117096, 0.93488710631823, 0.5007573507491512, 0.5731301552261633, 0.49153145795883335, 0.3764719218679041, 0.43107183185881737, 0.7022488088162676, 0.4968311315157192, 0.8084700100218614, 0.18914310146245938, 0.15631269087352373, 0.506110828944982, 0.42559854300319055, 0.24079542373057883, 0.03785251979348758, 0.8369298338053413, 0.8103584264696277, 0.07188202402212496, 0.6502111122999744, 0.1507147675544609, 0.6900619096350971, 0.7777522191165819, 0.24447851998114256, 0.055938560829285056, 0.9510002213124064, 0.9883266080396397, 0.2013692266321918, 0.8985284785660771, 0.3201074321808012, 0.1934454952208292, 0.9271976959033332]"
6b43d3b7-aca8-4905-9318-b1c3fbed419e,Premium Apple Juice,Beverages,Apple Juice,8.42,0.08,"[0.20329222718697149, 0.9515424283497159, 0.13891237245067112, 0.2946169817972307, 0.10496306215567885, 0.948312910427385, 0.4869625660168384, 0.5891167872534173, 0.071410954513357, 0.9214603648603931, 0.8798932266444136, 0.49156713820843123, 0.9540166966274506, 0.31924849350064466, 0.6519437601951381, 0.3507705455686607, 0.9300922619988758, 0.2128435581512904, 0.9049724452465652, 0.7845028644231218, 0.8890279107659482, 0.7924876038823678, 0.5736835357755262, 0.2537828534549432, 0.20466844808239648, 0.09735769053122656, 0.5302890307173518, 0.6155800288239146, 0.0944685813676327, 0.07580115056258485, 0.16267273309270724, 0.8825739220580845, 0.026924691177738214, 0.8116667772941146, 0.07881534715807614, 0.4486428507767778, 0.1569280367530953, 0.9538004713623459, 0.5690841635759382, 0.7993839769986002, 0.2620612865468158, 0.34757395287021575, 0.2552696438143425, 0.44340707561015025, 0.5747215269051817, 0.22809689892406093, 0.14243065410247036, 0.10281881788628089, 0.5010077042563564, 0.87001836229886, 0.5855518586081313, 0.05557822439701399, 0.2786641886087873, 0.6184391419416437, 0.41553613567037573, 0.15704913134721954, 0.8251707212134807, 0.024604788932113153, 0.4775247761532839, 0.7445643320959675, 0.9625708053909324, 0.3019637818156101, 0.24758584753088875, 0.5522020440398842, 0.5072687159629279, 0.917334987802831, 0.3453188552075901, 0.1779970561066595, 0.4987592718661693, 0.0876216706410694, 0.14875131049705348, 0.012521897859476883, 0.7847891410963842, 0.36959565134929384, 0.917534319752619, 0.022997567782162665, 0.7559172225407448, 0.5694727705164063, 0.5266450679420751, 0.34586359545356826, 0.09327581863504786, 0.6667446040620892, 0.1552436088932314, 0.9656267314644826, 0.9907576708759608, 0.9198464627279158, 0.6841269421347297, 0.6181492500445003, 0.1226755840306788, 0.7001153658129349, 0.6960219803983296, 0.055539397912022004, 0.04065418149080424, 0.09344840781544095, 0.6236994580653946, 0.9753593283751945, 0.09445479419771863, 0.030756656884784905, 0.9696182924144825, 0.860108971601722, 0.8325581626483783, 0.2933576996915126, 0.9286656089625497, 0.8240312166374242, 0.6420106149822637, 0.3408118774681457, 0.1546030731779121, 0.4492569414452483, 0.9936919967841307, 0.20196597779644743, 0.07283531518961606, 0.7274129578158922, 0.5627795089580899, 0.8104560682750003, 0.1169185266673809, 0.13410144643348965, 0.7889639628181236, 0.12631468433893212, 0.7234589686389046, 0.12349550893815164, 0.05628053521639809, 0.4721517951849161, 0.3208275573896424, 0.3825224007796908, 0.47059856313851545, 0.43975755407172057, 0.7043557045720132, 0.7050659543004251]"
dc65cf1c-922f-4f2a-be7d-7f596ab58867,Essential Oatmeal,Pantry,Oatmeal,10.55,0.19,"[0.36249647500800997, 0.5568893123594327, 0.25930710635194476, 0.5983912355247588, 0.7218377909262174, 0.9749938084779926, 0.7206238313426467, 0.6944919790749904, 0.09442354207035775, 0.2385339297361071, 0.9751982383818051, 0.911877187871483, 0.0886048041728672, 0.8014232991663299, 0.5413223342449642, 0.1977353320062224, 0.20856035235375026, 0.24193893382180143, 0.6500869257723908, 0.1555873786278158, 0.654040253123854, 0.0976090410451963, 0.5370647796589456, 0.9494315315547133, 0.3050154047237146, 0.03617543794938005, 0.4999453165014217, 0.023146015634705197, 0.6673427587603029, 0.914488728001923, 0.18078662724804728, 0.512497322669241, 0.012887094124772625, 0.43774236173787606, 0.38453821041703595, 0.08256203080309166, 0.015487795695588558, 0.3583077301087695, 0.5913829175877218, 0.8349995921878773, 0.4924066120883066, 0.06809447355829246, 0.7960112476090905, 0.06535253493857696, 0.5711041760786705, 0.44388903852297745, 0.4634832399886093, 0.21672950833604876, 0.09423793736802522, 0.8331027501858507, 0.681128180205904, 0.11553768451982593, 0.08650909294199949, 0.5937277383687906, 0.8502897969242847, 0.28625379063653833, 0.9721024957188086, 0.44854492448723937, 0.28736762764245416, 0.8566103520979527, 0.7247259464057271, 0.0749633825302829, 0.4372773020524494, 0.3064128275172022, 0.12596399362329969, 0.3536106567559997, 0.33532871943966547, 0.9588774386686705, 0.23423838914026984, 0.43221326914887626, 0.994755770405342, 0.898881965986199, 0.4649601591023298, 0.11288734228708264, 0.28533121319834964, 0.8728725421238807, 0.5942254784108535, 0.32541982266322567, 0.15318087654201418, 0.7331075374384888, 0.6120016760778799, 0.975632050596444, 0.39926504503280014, 0.09626741119712079, 0.6120948402120452, 0.7766579371189261, 0.6444543287906093, 0.700747679442577, 0.7200406507217844, 0.17527161164991378, 0.3280950510297692, 0.277431378715261, 0.8402525968269402, 0.786657702440034, 0.4664336229395759, 0.2643781343802549, 0.8316860137474676, 0.688490902166396, 0.5451612054174877, 0.8649890924683551, 0.9045128144207272, 0.5820430735204843, 0.2997460212581876, 0.9054780157671973, 0.15978509068620006, 0.3865291549453689, 0.6338404544423092, 0.06564684588535641, 0.08135796350652225, 0.7282526403736509, 0.6135170348389973, 0.01701119850105537, 0.40140014828493964, 0.4613436257136786, 0.27850571098107424, 0.3101540327710629, 0.6607981205981285, 0.05780550958852004, 0.30493078695393383, 0.9941954257626641, 0.31387784066589075, 0.9461493726720371, 0.1553424586107326, 0.15872899961570897, 0.9219700721001505, 0.8688408164590921, 0.5710520741873603, 0.694747887290988]"
e17a19cd-8381-40b6-8771-702f3a282e0c,Nature's Potato Chips,Snacks,Potato Chips,8.09,0.15,"[0.7751698146505622, 0.98431503966568, 0.22188013377730975, 0.5909826097279056, 0.028318015392730822, 0.6859309328081606, 0.6209025310714147, 0.8404482380745754, 0.9855193228541897, 0.6777330208607811, 0.2930894635920015, 0.9898657474299373, 0.5144571816847424, 0.8441160126781226, 0.09294610946976556, 0.15097548638271796, 0.22503169767890685, 0.030946609078735032, 0.10699303245420921, 0.1494088370564558, 0.9570047510646099, 0.7142685475722033, 0.17881372123273043, 0.8235594922149297, 0.17941486099948167, 0.7059641258741101, 0.7119163287950326, 0.8983496788652134, 0.48938710506412597, 0.9253826348086511, 0.8551692634609906, 0.6510072742498828, 0.812199394414804, 0.93237445227128, 0.9203515091259628, 0.9059276041219627, 0.016009974204031607, 0.156599924718682, 0.519157467205705, 0.2964727791939139, 0.6951931114753679, 0.412680930258151, 0.6305278207755307, 0.6960833671665335, 0.8700826333745654, 0.3148118016529524, 0.17742411344423814, 0.01076752849940199, 0.42679915005309854, 0.697168124694445, 0.614245841553884, 0.6179803927487425, 0.25990644984191524, 0.44704218574162424, 0.6209524177129419, 0.1968094603414836, 0.8454764032128569, 0.6475572359523607, 0.5301848576863092, 0.8484272787773294, 0.5764186131543498, 0.7926393669478483, 0.8901347665514018, 0.24859456137767966, 0.3546506022298165, 0.9039848494582938, 0.151946224067237, 0.33172388437139444, 0.2898015063359174, 0.5789504445190791, 0.8411074386314686, 0.26386230210437656, 0.5957565826848326, 0.6812451927571853, 0.7015323289531885, 0.329098558652518, 0.5397439381819104, 0.8312665077988691, 0.47043905898993066, 0.36032332734209005, 0.9907041900909573, 0.33289912058347215, 0.24906989764345933, 0.7529154408088126, 0.025468501233044005, 0.4401151862310678, 0.5810841734265599, 0.01829221095044864, 0.10050734364501035, 0.7993476120288253, 0.9231539094178589, 0.8386094064865268, 0.972908195594018, 0.10703922684261147, 0.836214086187826, 0.36322860958955483, 0.659794685462827, 0.8345907765299622, 0.2976872336120273, 0.379008905568165, 0.9508651602331116, 0.3026829079920492, 0.24235733688019467, 0.6019140643251673, 0.23650232150514683, 0.5865014380889313, 0.4541142195414971, 0.7737405794445739, 0.9828045521785973, 0.17225679265643112, 0.24347533698652024, 0.33757228448002674, 0.8044089932878787, 0.746587413706121, 0.40717368175728685, 0.7813650197686675, 0.14151921947853163, 0.3918129428983782, 0.36273452930988037, 0.37295090387895, 0.2669045285794204, 0.5133630868795033, 0.6141590331081208, 0.43482990034840974, 0.5576801736111595, 0.5288985640935675, 0.1321697427314309, 0.7550864773176047]"
8245b2fb-a8af-474b-8d23-4304a5e9a19f,Nature's Fruit Snacks,Snacks,Fruit Snacks,5.46,0.28,"[0.7522919076770428, 0.7632856089233457, 0.824138054301779, 0.46010482469283676, 0.7089098525564262, 0.048170878738634904, 0.518138818115, 0.4122360126957536, 0.714790342237909, 0.793677110548915, 0.09910706651709944, 0.6038746032346323, 0.8074571329306822, 0.038337323574290094, 0.5811985481361023, 0.9775830024401115, 0.7756108362572399, 0.5146735109688967, 0.06067360136521793, 0.21663331251728535, 0.6517389538115458, 0.4550843409725642, 0.6737789123262191, 0.31191106578889694, 0.026507623483412845, 0.9280542659696556, 0.367086245905894, 0.6222504113378139, 0.8129657293540623, 0.48959980312197016, 0.20802287517895102, 0.016017830279951184, 0.3532380898266484, 0.14699922939593346, 0.7402230793430072, 0.4180257373653081, 0.9146113826223107, 0.4188746775058212, 0.5152141009173667, 0.03792597365505823, 0.4507786626482517, 0.322862091912138, 0.7743839050319277, 0.6591224081690605, 0.761501376754724, 0.10110194639256698, 0.2623327473026613, 0.14620551745146504, 0.9310026975205221, 0.5170820182928154, 0.3391241211276106, 0.7540214683574333, 0.5522349084401851, 0.7657667986139189, 0.1561227381788387, 0.5530701335446228, 0.03429975611322955, 0.4244867991171314, 0.5724016791297102, 0.7233771951715073, 0.6526679140770165, 0.9464824582861352, 0.23976293892889156, 0.4849483053486433, 0.4192110266675825, 0.6798593334281775, 0.42369271708788714, 0.6729093075854977, 0.6977884181567086, 0.16607958927094857, 0.6143044065343479, 0.884292392591504, 0.3573078285081531, 0.5519634616373952, 0.8283491146593241, 0.022898550640484183, 0.26422547031590393, 0.41594720927081896, 0.2669907164507944, 0.6874823144596717, 0.675024074202858, 0.3508537458323734, 0.8418310169320891, 0.17317352005681785, 0.41089456260416146, 0.8285617973889173, 0.7925023122319192, 0.31021130462156876, 0.4859593191433823, 0.3619632052005268, 0.8241914162318176, 0.500956630510085, 0.6497578215839044, 0.3872259215496806, 0.5119190558816348, 0.8408146646152432, 0.38823357314645024, 0.3989489909373455, 0.8308728480232539, 0.09348311920884367, 0.19448232065718263, 0.5526610215459835, 0.030352839514934504, 0.3543241399331819, 0.20129393121322547, 0.4559868174682389, 0.5019463370818045, 0.6716113432399627, 0.5141081215848019, 0.12533327059792576, 0.1656606701136616, 0.8982548283124896, 0.07261345354223525, 0.8362476893745766, 0.3802871692116353, 0.37507943298128155, 0.3597966555462221, 0.64170038063271, 0.4076508080939014, 0.2278743742007976, 0.6823361463944988, 0.16905325741145383, 0.6112438519828008, 0.32515391164572705, 0.6165654008720114, 0.6606898995737798, 0.18569853363748312, 0.6195524489811616]"
5bdd189c-8321-48aa-bae9-e2962031a00b,Premium Toilet Paper,Home Care,Toilet Paper,9.77,0.17,"[0.5302734675003716, 0.8807255560204833, 0.7700212342991868, 0.34322112340345357, 0.319330107063284, 0.025270233290202393, 0.8974483127622445, 0.8264973188646046, 0.8933346080531867, 0.5410629191630417, 0.3202024392797218, 0.054635821952226715, 0.596446158179084, 0.3857623173242649, 0.19110098180470636, 0.9130223746993152, 0.13394196491800803, 0.4377416843259523, 0.8814411380171047, 0.7058746629992723, 0.21537219165685417, 0.052943158215066566, 0.9259583631668487, 0.015637201401240697, 0.09493535253923735, 0.6665952780283136, 0.004450725684954193, 0.9077263135026729, 0.7762596190547432, 0.37337129843748273, 0.6558458543601077, 0.6771278557337272, 0.38204840131972473, 0.545535955445673, 0.08184756381054703, 0.5235995871837466, 0.3836421604162471, 0.8985406662529822, 0.622096388562925, 0.08355001279749885, 0.4828020092741546, 0.01648227877430286, 0.8299654909403025, 0.25724259347473066, 0.5734964894200951, 0.1843760897454758, 0.017901554138731957, 0.6313139790370006, 0.361779443349434, 0.23707243618133012, 0.6721853653750836, 0.7659528782558879, 0.3840266829744987, 0.24512498143386785, 0.07673735934542647, 0.7024741032258376, 0.3257493217995211, 0.34927195513060016, 0.3733415293577882, 0.5399158175687441, 0.6591004669511448, 0.00886735679497963, 0.6220259446564449, 0.26606982689728087, 0.8994309624907648, 0.53117687745659, 0.25909502870064893, 0.8548011663174191, 0.8226820979763914, 0.30645914336350033, 0.5721246561289159, 0.8490778578511787, 0.1239059006766533, 0.6972612226154442, 0.6177222415250043, 0.9068621444495633, 0.4679609347771865, 0.6457329179296094, 0.17745661306018312, 0.24401521413073124, 0.6318500645252756, 0.3175181537149341, 0.6018675412265317, 0.8889717364376492, 0.538921002310596, 0.13588885459187605, 0.3721532705596763, 0.5258795776605301, 0.48043368511271733, 0.08947422742572297, 0.16380068637342615, 0.994671361786967, 0.7070887782580443, 0.16887516489159937, 0.641945256593855, 0.9680463820052859, 0.970217212675013, 0.8562623320128064, 0.4720371403035829, 0.12467435606839528, 0.14844926169683237, 0.5752608994314374, 0.7209719590828028, 0.24209589995574132, 0.9053590957831062, 0.9140767337804013, 0.48808910082706936, 0.7399281758996524, 0.34428167259408093, 0.10941253845977672, 0.6303672248355745, 0.1871275353167755, 0.545910178774786, 0.9919949270990264, 0.21836736494278408, 0.6519255583451697, 0.7865303427218487, 0.4891276357737151, 0.26600947266039177, 0.7957474979518292, 0.7856396540695462, 0.192408747478365, 0.6413674693765095, 0.33232339345939377, 0.5347672332657417, 0.15479709279223908, 0.9375896402710803, 0.9150565643315283]"
e5990352-abf4-4954-bbe9-48ef19db84b7,Organic Body Wash,Personal Care,Body Wash,21.81,0.33,"[0.875841295878343, 0.3802115275291732, 0.6870811936882083, 0.32360224205204113, 0.01915355782215933, 0.38288282206131063, 0.8289620327876955, 0.9955294339411929, 0.27147588956097957, 0.583637013540607, 0.29197414510952424, 0.5363348842070447, 0.2674879473813988, 0.49175001641485994, 0.11832898910652911, 0.4168247549309707, 0.7949102841973172, 0.3528927038728563, 0.8923529448390034, 0.7021990980854063, 0.019755412179647602, 0.5855194588238762, 0.2419562107782698, 0.33005682822833415, 0.8273311726996846, 0.07950408889638083, 0.9557746061031454, 0.5602367150957279, 0.19362003810158235, 0.8979269626244317, 0.1406856432990139, 0.3199767597291808, 0.09185111206507923, 0.697503689148859, 0.24264619236149276, 0.19058715443590724, 0.043578767157294696, 0.018801126881898167, 0.890264004974898, 0.7873300005411393, 0.926500018898104, 0.9223385256818952, 0.15271286833364317, 0.6314156305934935, 0.1918386471465917, 0.540508727201872, 0.8330965277490685, 0.4402079618436622, 0.21413359977933089, 0.29831373737470157, 0.8815822870259068, 0.3538212941295863, 0.8305987509263872, 0.043549449486341874, 0.7345637284948272, 0.14457594896101, 0.4085377266185509, 0.8059384008152339, 0.9867930385831248, 0.2832606446697925, 0.9207693473371792, 0.7902022352960213, 0.21625867891535466, 0.18821531597279673, 0.8802765258547227, 0.827270196137031, 0.7879752253258104, 0.1722979208905403, 0.6627479776693703, 0.4933995935622105, 0.21048105420502905, 0.3968586953315755, 0.9207093964126994, 0.175059513103078, 0.1029219574295217, 0.13184181344801993, 0.9108805331074891, 0.7807916974604462, 0.031287639949374224, 0.7879152896285628, 0.5304352076247929, 0.36238954644327426, 0.5289435356584422, 0.16807006227006105, 0.24206655588419346, 0.5837928951805289, 0.48814135719423646, 0.6819504798197958, 0.2565136244022367, 0.3194121828514541, 0.9877755753549056, 0.44166419226612874, 0.2706193530137999, 0.08352040057348009, 0.901485063705281, 0.4629756760494863, 0.48100620429424723, 0.9211892390685498, 0.6560527966273257, 0.11723054008136169, 0.2588627420288999, 0.5362291630507988, 0.9927263305379683, 0.5188836705921671, 0.2595002121603338, 0.3077381794682231, 0.2395378537347106, 0.22394806918852583, 0.17631737019928095, 0.4163311960916727, 0.7803706826375189, 0.3259505588449101, 0.32281259696223896, 0.6948639487808623, 0.983699321154346, 0.7429519633601577, 0.24118713589744045, 0.232766565410381, 0.7101530221714281, 0.43691864598924457, 0.3378210753964742, 0.20376617889408744, 0.8573358718642977, 0.7399492042045023, 0.3809585265414299, 0.18134993474141115, 0.879283854442288, 0.5969312551660032]"
4560ad24-ab8b-4c2a-9a93-593950d0c317,Everyday Body Wash,Personal Care,Body Wash,10.01,0.11,"[0.43815159041149365, 0.28308786727758506, 0.4479881955187621, 0.9126319488142632, 0.9411712436376929, 0.9706723715614672, 0.980708541730106, 0.43115232443961715, 0.00974397262926674, 0.9033968631109823, 0.21294396675067628, 0.6762245307754424, 0.6585536263125401, 0.8212977026634132, 0.5119426059893044, 0.5930409001401542, 0.43632183366566835, 0.7017065056170217, 0.3888814475023751, 0.3468043752751412, 0.9144888948319898, 0.08779943291229775, 0.14477588743351077, 0.9473218987793676, 0.9300912882566038, 0.8296879946083422, 0.36910747582776293, 0.5394694986587583, 0.5136434664969505, 0.20159283795052174, 0.7018910018417971, 0.24459802638270756, 0.20741456898856403, 0.3603152870213898, 0.8600469780629334, 0.04515894875856441, 0.6904326800543997, 0.9372178120429275, 0.4183160014974142, 0.09853151250595538, 0.21550767309655383, 0.15451173719131328, 0.26499277974262525, 0.5430265099234198, 0.28254727998552853, 0.189978224159689, 0.8275451215352893, 0.36714100846389064, 0.9777507539365661, 0.8714620436686946, 0.7433278247906088, 0.45179249044236525, 0.32334871419940137, 0.7344518837231921, 0.44112211920062394, 0.020249610705425414, 0.19280868453812283, 0.9372604750447431, 0.14021964632967343, 0.14968523418436186, 0.2781850837339275, 0.8693116772032667, 0.12145169289763236, 0.9623698880952292, 0.9800202338125495, 0.8742570567460711, 0.6892684294749511, 0.6546119082634319, 0.18598508686973092, 0.1827109043415851, 0.7207490334953988, 0.7852196277410065, 0.3056302760091315, 0.7468747305788747, 0.655326226448258, 0.1090854033007641, 0.9492826988109238, 0.8343604350644295, 0.5086857691699626, 0.9372488457425583, 0.5014167691941781, 0.08112947777842439, 0.6673800595311254, 0.3500528185186469, 0.8486912187811748, 0.5085530101109981, 0.46523300407559165, 0.4256050488909727, 0.6910914780388235, 0.21071225057686693, 0.2088185358103084, 0.19981670143332075, 0.51031648508976, 0.26287774411818, 0.023985178886556824, 0.9187696694841628, 0.2846261021928629, 0.5216476638669781, 0.2859727633286433, 0.7938921567013401, 0.18656183035932017, 0.30029228910790506, 0.15958421451931126, 0.27178844004157166, 0.5053336409243784, 0.5555150510987175, 0.30825787478124234, 0.3525205220783939, 0.7855703558437617, 0.10999095388055513, 0.3955228669907608, 0.2586012103764589, 0.9537746627992109, 0.8387958521981317, 0.03809301648811081, 0.046711928569186933, 0.9593828858536158, 0.6918757772343316, 0.3075831459110706, 0.8082829447384715, 0.6706178733993298, 0.5495926449809337, 0.2679966573446726, 0.03372327824599897, 0.14441059674926782, 0.028558683839560395, 0.7542200475229542, 0.7804879911577273]"
262281ca-9da1-4f48-bcc9-dac7c497ca85,Organic Penne Pasta,Pantry,Penne Pasta,12.48,0.27,"[0.7657582158151037, 0.5508575483556144, 0.6021716433888434, 0.05884410719204125, 0.34238799305031575, 0.9890179357998213, 0.26215654682773637, 0.5482797780763536, 0.25479973807923095, 0.6106205057105853, 0.02367236885706725, 0.17844534333074302, 0.20688905659403878, 0.1461923594310467, 0.5987794416078496, 0.21422239624938622, 0.0015289753725400423, 0.4190606961817359, 0.0020410490686503246, 0.7216926000913104, 0.23998509802091395, 0.926874309193339, 0.8460527815103266, 0.5004117322693239, 0.572596750537655, 0.8393658468990811, 0.9316065687207107, 0.22774588150829622, 0.5396064371887076, 0.44378691122790725, 0.3783090519292879, 0.45908841435271264, 0.563949431155551, 0.8380800898516444, 0.5020382672235464, 0.31296718012986113, 0.3110965178992462, 0.16369946831258986, 0.7065264951402925, 0.8708811926606485, 0.327090995792505, 0.9790756273481591, 0.22610130412227902, 0.27782794561744617, 0.08276706751260654, 0.2560205559999784, 0.16561958915026032, 0.49068224682317696, 0.19899573851767294, 0.22352317701710567, 0.7011274227585752, 0.44974341974931265, 0.06961593189328807, 0.04371014448342225, 0.8054490619691566, 0.6829628022271237, 0.7456389899158794, 0.44664919429992267, 0.8579639099408042, 0.28922889466526547, 0.9819116543000928, 0.9610366114943713, 0.3219098069765177, 0.9294025021197972, 0.07023210790068968, 0.2705401255831561, 0.17943838756475228, 0.39776606282582405, 0.053526964365801843, 0.15107230685176087, 0.47522226413176627, 0.7596121696255229, 0.02851821408611699, 0.8990984175938018, 0.9615001741676523, 0.9359306629777023, 0.4779729282451526, 0.7239552221836504, 0.9851529734362879, 0.052640442851909164, 0.13624047285071694, 0.713477936456547, 0.6223732447567181, 0.387675492794088, 0.009183059580604058, 0.4945808642336299, 0.25337806279148256, 0.6704758422913746, 0.8444403995215755, 0.3452084621542014, 0.617774562656718, 0.5673389914844255, 0.6076834439217506, 0.7428297509248415, 0.7744802824838298, 0.6707962039415395, 0.7884156265819339, 0.0876913024932523, 0.8544227953838681, 0.42612082266609586, 0.17483001557064415, 0.8671895968430795, 0.7557743401101864, 0.9985035146770953, 0.06252842393129543, 0.5483723103328376, 0.47933694231326185, 0.5260585564289478, 0.34316791381092804, 0.03450706176958396, 0.285488714027643, 0.16752804213441586, 0.7297731089459567, 0.3046480366021893, 0.6709625824917808, 0.5007712078476195, 0.8212648397901916, 0.6855369049572042, 0.6220253514603432, 0.6853107468838721, 0.1920967404625229, 0.6021162666122765, 0.23079040564225672, 0.702334998711742, 0.3296846370188614, 0.2941396593237926, 0.8421118508324477, 0.226857169400007]"
3198b1d3-c10a-433e-946a-be88a2f22060,Essential Whole Bean Coffee,Beverages,Whole Bean Coffee,20.72,0.4,"[0.9428269195886724, 0.9481909487694293, 0.313020670596739, 0.630259263288309, 0.35321617527699856, 0.42595562881174687, 0.04806646728655406, 0.31758088371406124, 0.13099695704677938, 0.9053047812750215, 0.8120881217436893, 0.5085326832724789, 0.41165369560783793, 0.5182596333937863, 0.45120260222421416, 0.5817437464116006, 0.41595175803838114, 0.9537874366873198, 0.9572377176073934, 0.9856374938210954, 0.06487980056300091, 0.9200139625853722, 0.6957728578262038, 0.6014328360514766, 0.26067446914938286, 0.5759684398073293, 0.12863399082922067, 0.9648622493520793, 0.5153334180875936, 0.1589896981991087, 0.17905773084010557, 0.02438145513953327, 0.8034625024778711, 0.15154925014178988, 0.9507727565740002, 0.28140813236159923, 0.5983136446546569, 0.8373001778588719, 0.9682147719201029, 0.8410540445361185, 0.2797142353821971, 0.6118034890847478, 0.41011219581809544, 0.866813835372969, 0.3547618966595577, 0.26851800190546615, 0.9413003954954331, 0.14606555242583863, 0.9811426046965368, 0.6053242511514135, 0.04869249538331877, 0.762310171127098, 0.006484108284943502, 0.770759418900749, 0.34626231808620156, 0.6479887473447677, 0.041293157901865274, 0.4337074736224882, 0.4251036272804636, 0.45907044294789046, 0.96155626982433, 0.2914657987610426, 0.4377852097693228, 0.9433400879170456, 0.10220921456257315, 0.6028566077853638, 0.18981178515962815, 0.24591089544943967, 0.017150977125165556, 0.8210380660454153, 0.9591115623814115, 0.9806945302613403, 0.20877986229276801, 0.5001376261390049, 0.09472237542367945, 0.354506079964951, 0.5197183242311879, 0.6644871819887282, 0.4053180310480754, 0.5517577589360513, 0.3055833406423323, 0.9351088639877159, 0.18494794673028048, 0.7181939124052986, 0.364395662235546, 0.08350901913765663, 0.6698968522832699, 0.7729244168484325, 0.5329793957005289, 0.35508567562542304, 0.06683393907623525, 0.06549915178402776, 0.8682146116762589, 0.6012455076674533, 0.24465255525396035, 0.494363139307888, 0.19996749641525202, 0.2275668069764356, 0.00267406995786168, 0.2003002880478304, 0.3616450543274482, 0.8654705081364674, 0.954033583561936, 0.28018385595246287, 0.4017318731083964, 0.5204341897153586, 0.11374375778049184, 0.8522006402383598, 0.11955042088097767, 0.3499267140795628, 0.7050350206910186, 0.49399065353487137, 0.1991958851113934, 0.7553974646922264, 0.9570980205903441, 0.2495764255498537, 0.19226675230400947, 0.8048503506518105, 0.7972773972781968, 0.1389032497037167, 0.4770614343306807, 0.5503486079203278, 0.35411712053869315, 0.655121468773959, 0.7459259766561719, 0.4216636581563379, 0.8502101900967715, 0.15347488738848203]"
80a4d750-7c17-4c78-b91c-5b63cd80c7eb,Fresh Cola Soda,Beverages,Cola Soda,2.22,0.34,"[0.20613862338263822, 0.8793201938009405, 0.9627920394210491, 0.24577256129619707, 0.3806279762183221, 0.6640062143708187, 0.8091960499077769, 0.9903560347814625, 0.6545639058632085, 0.5557414112178616, 0.18333829190554418, 0.01695077585838911, 0.3063735411645384, 0.9589074492994499, 0.18145841574882737, 0.5471315210469464, 0.8688707625499515, 0.7117467731106146, 0.5146282086948111, 0.13019282161434476, 0.4114165580552792, 0.2299260493227735, 0.647248707836751, 0.9275490560910975, 0.4049063951198735, 0.17595470460666807, 0.4412921000074159, 0.26706743863358806, 0.5636375879545797, 0.44780349680620524, 0.13869711385541061, 0.1668392249745494, 0.23045385905389137, 0.8430208719481659, 0.25475295620066774, 0.4195220461219006, 0.10352708204865946, 0.16128523699532438, 0.259119604381973, 0.13952727260968645, 0.43766427434003585, 0.34036987146441766, 0.3405615665829381, 0.5644748310127847, 0.7484422739405601, 0.3530514007989394, 0.8507472108536509, 0.321045285449577, 0.16285125354869223, 0.5723149986711104, 0.5092895761237791, 0.10826908615847142, 0.4555210189025367, 0.6452990357146657, 0.2865491691748945, 0.3029229143053144, 0.9969432888691346, 0.2736077631323067, 0.8149047639956655, 0.5595925072217236, 0.8772241203419107, 0.8409470225297466, 0.6896774002927213, 0.7830263885120028, 0.9571297543718879, 0.6485898821677426, 0.34555738455758733, 0.7600688022462114, 0.031102911211126627, 0.32623101244571706, 0.5879970309545881, 0.07399690972083228, 0.25486517833461, 0.7838374772340351, 0.9771609904115248, 0.9290501905254906, 0.04639280059603934, 0.9855743660770594, 0.8888379996999115, 0.818867860713757, 0.7780365270371148, 0.4100308189143921, 0.855798649786092, 0.7089048468690198, 0.07825636767409228, 0.11951659850019936, 0.2450470998773695, 0.7901978466198429, 0.47793161351147295, 0.3883362272154228, 0.14981012027034712, 0.21120000984551734, 0.7014491135634023, 0.5481606598813732, 0.13951329488445785, 0.7741329405922717, 0.3471323540565596, 0.6598782185064073, 0.1482260490114674, 0.011190622955971952, 0.8194386769426331, 0.7108390810925009, 0.5917102733476192, 0.2013933276211255, 0.6324017981581721, 0.0953494707610062, 0.79860305480963, 0.32566011674580475, 0.20242063833792168, 0.39070823231354324, 0.09586838483478022, 0.7623097229601911, 0.30497009282540755, 0.9526102929081373, 0.6541845747068381, 0.010235859763133237, 0.32415870797712043, 0.1184910137343822, 0.8070596823284177, 0.9608020651996466, 0.26073949933135643, 0.5100122095080714, 0.5674943385715729, 0.32322845657292465, 0.8861509106606371, 0.9365573635893613, 0.5557673099133383, 0.0873440919091929]"
63b5e370-7388-4536-8ed7-a21a4a41d06f,Essential Bacon,Meat & Seafood,Bacon,4.62,0.26,"[0.39061427798886317, 0.7087901259243292, 0.3853573807067997, 0.5005196681074526, 0.9779305619279981, 0.13661243987286908, 0.0769856280582033, 0.5231491382069475, 0.04109538325373163, 0.7118883581925987, 0.41275496167598036, 0.19424081672386917, 0.21113256545705428, 0.7880330522572679, 0.1090407379446332, 0.7949084676430596, 0.3598129763617487, 0.7359227364773313, 0.10156084394910547, 0.8072224094986133, 0.6691703353478368, 0.9466843532554887, 0.6750439748475774, 0.17525576852152047, 0.7213997123984904, 0.5551317332276434, 0.840487727649419, 0.649968942410874, 0.4489107133443129, 0.4901701969555927, 0.32646114870757514, 0.3851012009989214, 0.4617381183381296, 0.7523893348761659, 0.20698896758478003, 0.1900828835284082, 0.6062173579209206, 0.1267510021229149, 0.1407572287061255, 0.22342658788160807, 0.05963823152779757, 0.4754909078379749, 0.2962679811563519, 0.038360485936789535, 0.25694400515089355, 0.274277895531173, 0.09295739097990807, 0.7400077983071689, 0.8129952797434319, 0.7883861707767552, 0.47225280277721804, 0.4654715964490096, 0.11224887260515659, 0.8231009105662471, 0.805143121431574, 0.651844492341377, 0.9909492854490751, 0.17236953220446727, 0.41495870580581273, 0.05164328035151311, 0.4270371765543255, 0.25642855307264334, 0.9840897401002312, 0.7741658959427966, 0.9866769944191337, 0.3280353120024193, 0.9223533231002496, 0.5324650782497704, 0.9248415634301167, 0.22920970584544242, 0.07157258516586273, 0.8718281568233041, 0.21558521551884913, 0.1563972651070631, 0.6536888331456544, 0.7677173519738683, 0.9756173548451804, 0.8206370623362784, 0.4388157074942517, 0.714100511260599, 0.580773547922708, 0.3598576821120657, 0.9584083295631955, 0.44082348718698905, 0.9475154872382732, 0.25650143915752066, 0.6464348887541048, 0.5768290055832025, 0.3864889109494225, 0.08240676800255653, 0.2736342627502403, 0.21496450987389448, 0.04138340911016225, 0.08186201331838916, 0.8810956100178621, 0.1033328750437702, 0.23690380592598737, 0.942713088948136, 0.27579437417161456, 0.25446573864848854, 0.8154786809675103, 0.29040943331450353, 0.8968395119352414, 0.1938823444874589, 0.07954104213157853, 0.886734338389329, 0.7430230916905741, 0.5124352075034624, 0.2788704807640371, 0.9921865280403143, 0.9923329592311116, 0.7456152479486717, 0.4924360748043478, 0.8911881967325904, 0.8042238074209731, 0.9651718633243392, 0.16477595809952228, 0.082798532485722, 0.36844389947044653, 0.05519813906839055, 0.8744355774694054, 0.5987491746470259, 0.7276568155207246, 0.08123039078378425, 0.6324229663228437, 0.3736818076265581, 0.7351542900092425, 0.7928918248166874]"
f6f56971-131f-45a6-8e96-4504bb012c40,Premium Whole Milk,Dairy & Eggs,Whole Milk,11.84,0.06,"[0.31055993819617433, 0.9595572226208835, 0.3944300332045093, 0.33239621898340466, 0.8652264936269258, 0.018893074859968828, 0.32375785955326686, 0.08469647453857965, 0.2529033450454147, 0.13030212531540197, 0.5809496741562856, 0.27087412936870237, 0.24367102408172514, 0.201592584280759, 0.23241863904798354, 0.3985112150207393, 0.853461935179005, 0.9258560132755094, 0.2426590157513694, 0.4329304976834165, 0.5708730792305783, 0.41012902197701917, 0.6485757789686832, 0.6962535286034928, 0.37073881495879846, 0.32863437366455306, 0.4189929586757908, 0.13044769904061104, 0.11580262874883984, 0.30674121400848253, 0.4557926273481243, 0.8794003653779096, 0.40745879664013196, 0.1296985120303562, 0.517407655298681, 0.29411804063290325, 0.46729954480761393, 0.3687605174119568, 0.71921208962678, 0.8542785058844676, 0.00043711259216838716, 0.29003997963228656, 0.36221323103467895, 0.06569098092391967, 0.7203291461314034, 0.9135298225672961, 0.5808700585313101, 0.9071398191254378, 0.6407061971286332, 0.9254108135802174, 0.7391296192434997, 0.3888569560888029, 0.21310529388448196, 0.7435339754114265, 0.0545072661594983, 0.14996768909119174, 0.9304288869656026, 0.9828497458020444, 0.1977964463505555, 0.6411184411574944, 0.3805236890757352, 0.9740900138939947, 0.2756688358032445, 0.15625042427136226, 0.7102820855470324, 0.6983928246863316, 0.2873310392720919, 0.3160486665448956, 0.6379467035593992, 0.4598809570591488, 0.138156428920729, 0.08259442484582502, 0.5553309578970737, 0.07504955008523628, 0.5200041688602915, 0.7403435976013275, 0.39985180794636366, 0.5796394532619653, 0.16953832928886348, 0.44158379628187416, 0.1339804069559818, 0.8729948932224516, 0.060262069182256184, 0.31365712492861053, 0.7624457427240369, 0.3261436037848833, 0.5345314417737058, 0.9854810481928401, 0.12634252258563572, 0.02994471740392257, 0.9359367401693233, 0.8126949086065716, 0.704276614786155, 0.5163514313854032, 0.30406979390293065, 0.8599326866479838, 0.34965674915494316, 0.6757151277431503, 0.2500284353544301, 0.34202048678268326, 0.2624038088451065, 0.8506675101917499, 0.6138177910616194, 0.5569329903952719, 0.20344524099420347, 0.8734487756508995, 0.45184371855319827, 0.9012532783335913, 0.9203714016544065, 0.3956216204455677, 0.27684385055308613, 0.31346486339914337, 0.624854348653568, 0.09669844158434138, 0.48627115477088834, 0.3282416006747453, 0.1888174549125088, 0.9063389500214504, 0.7488517197724446, 0.14170434049245884, 0.8982072992727096, 0.6512802953090924, 0.10228189538639765, 0.8070308089463489, 0.3317249843465834, 0.1184090592996686, 0.22388735388148717, 0.7544648952891909]"
e4f08e85-289e-40c7-ad90-983f186d02dc,Nature's Potato Chips,Snacks,Potato Chips,2.67,0.34,"[0.40402157548575934, 0.8823376217051291, 0.4841309460897749, 0.14292014094488004, 0.1569542578573241, 0.49836435155851777, 0.5740530992814947, 0.20059874717533444, 0.8128739920879595, 0.7219412031566746, 0.20998341932230635, 0.6494651637174353, 0.904958092194273, 0.19751644253242773, 0.07829142322379401, 0.3181507771209551, 0.16428660776019688, 0.48157653896350794, 0.4561444591206315, 0.6592189157023391, 0.3994668087514509, 0.4479519333431512, 0.4677960766714556, 0.9246609221145612, 0.5366569974791501, 0.8177773818322576, 0.6189329998003568, 0.5638155161307934, 0.5953903996120457, 0.45930383154953214, 0.4150828321402633, 0.6692571815509253, 0.009323779043551306, 0.9915291764338755, 0.2847926829032079, 0.6339965541796024, 0.8492113966877421, 0.43316761729460673, 0.09317565761660396, 0.942956269158356, 0.3510467613804985, 0.6832992967300163, 0.5832035695262069, 0.7373372340641033, 0.7353073880508479, 0.8716492219805394, 0.6912318156960577, 0.46947468942638626, 0.5670997210817414, 0.24099901372986265, 0.23626675228096694, 0.996070260445213, 0.7508965830464217, 0.1342179016820546, 0.5758605814619009, 0.9745185477487152, 0.5367551414730733, 0.09859118277234902, 0.20041075827899157, 0.6059911925343294, 0.935870969616599, 0.8562719648254221, 0.41812163802723024, 0.12182169150865074, 0.9638420066412048, 0.1705807851261455, 0.18536893417527844, 0.6109900242373925, 0.8018239157092772, 0.30260437181965505, 0.7043065719867029, 0.3001592686385187, 0.9596327353027948, 0.6788762279835872, 0.9290386110536537, 0.34014833384603294, 0.5410267542370493, 0.9522464637092318, 0.13999644122513388, 0.13634753764121665, 0.9973454956841046, 0.49777458367611527, 0.1124458747072925, 0.4211351427748702, 0.8988341768376102, 0.11656365641670674, 0.5017295772064955, 0.06441671040698715, 0.24469308823853297, 0.5233374780365132, 0.76466478207586, 0.7372773213893798, 0.7696220765134367, 0.2979852178467821, 0.3663659542872042, 0.7304880589701113, 0.550409659617525, 0.01183756254601731, 0.08446085074681664, 0.4308204754025665, 0.7546852699919121, 0.06607639522925068, 0.6487086873411535, 0.17462148618844286, 0.2844791410292321, 0.5066323183467902, 0.8633477678970669, 0.533754994485636, 0.5255558392024964, 0.23697019459090762, 0.36127813034193557, 0.9730007501632978, 0.060361925367267144, 0.9651045683924077, 0.14699906871775548, 0.7791749095584573, 0.25214669363988207, 0.13820889034835726, 0.8445114225039023, 0.886420357157868, 0.2669659671286312, 0.01665999993875067, 0.8362674571787576, 0.41846495533443273, 0.47749411546806797, 0.9893559333356242, 0.6296466309934382, 0.28758739409919576]"
6f6d558c-4b40-4c66-a4e6-e46524190ebc,Essential Extra Virgin Olive Oil,Pantry,Extra Virgin Olive Oil,7.44,0.15,"[0.3912369907580513, 0.33996853861127563, 0.9340583865350568, 0.818334637338039, 0.7069733660292883, 0.5756608984910879, 0.21735025175717348, 0.4434293490332323, 0.5979825280000267, 0.24677299302906186, 0.5512935931886942, 0.769898071969416, 0.7612645319629838, 0.8604154380874927, 0.8711390504742506, 0.44532844407051764, 0.24648449935182626, 0.3424605370653039, 0.7931346845599888, 0.7108016515907706, 0.07990523040241149, 0.40837614419147417, 0.7320658420759983, 0.6618243519339515, 0.7025964766298243, 0.8679660517690512, 0.5692149765867948, 0.09674300353056853, 0.622731250289478, 0.5791270171128302, 0.747618103222926, 0.002518326916275293, 0.9328004076023593, 0.8479619267523691, 0.8650177876389054, 0.5131065505539236, 0.16110948517906154, 0.8197008123712385, 0.26990306519830787, 0.47323063635093066, 0.8935321361236523, 0.3766107500820316, 0.4934433162106806, 0.9051061297706171, 0.9269438744846775, 0.8170823441256183, 0.31249377564282754, 0.5269925200257025, 0.9620328940298066, 0.9944739972395424, 0.6105997668084001, 0.4185581878657816, 0.7365796953650574, 0.4173743074469649, 0.7158297888092355, 0.015121527385787314, 0.39814904314599, 0.15650665036623201, 0.25792542413138253, 0.8589285855448424, 0.7245361850896497, 0.8808158265050805, 0.29547200636362336, 0.9946404562921388, 0.6650078233762052, 0.5343108750353139, 0.9550532210660595, 0.03296749853040548, 0.5274495756373639, 0.08569090485485786, 0.5610529490786554, 0.7171972345145607, 0.0593355635081696, 0.901063871116878, 0.5701428236936698, 0.5825492050216072, 0.22481039076532083, 0.6450684997840291, 0.24514963266816592, 0.5940065702854249, 0.9307352163948841, 0.567509717162305, 0.38547642539535665, 0.15099590642979366, 0.10068870555350085, 0.06551173826599854, 0.5458059213599598, 0.834277665227846, 0.5232269627265312, 0.11132954412594964, 0.6382075547968795, 0.18346271625313937, 0.7319893390274381, 0.00756891819055705, 0.2611595862810341, 0.20074997817147, 0.4591281785090705, 0.1541683490012763, 0.4554486073814329, 0.26125023206639797, 0.259660874687063, 0.4749395329933467, 0.4018084837165613, 0.7268265348350234, 0.5255076726208937, 0.12157616551275008, 0.5862904621338381, 0.6000050596659399, 0.21594049048405095, 0.5733025188967944, 0.9975126199543393, 0.9160771913176823, 0.8170102616097812, 0.3387037745568917, 0.5653510286575544, 0.3427806123106859, 0.6500438636978377, 0.47461333351520296, 0.2133645541214234, 0.8008831071592271, 0.5870581851812291, 0.8958846383157686, 0.8319755652479576, 0.2760212034249, 0.4684134233297633, 0.10858997516362723, 0.2994214637396906, 0.9201162793532703]"
6cf1c788-97e2-4ecc-b9a3-f96831a30d8d,Nature's Granola Bars,Snacks,Granola Bars,2.97,0.24,"[0.3841426504726463, 0.13101856044776328, 0.8610865668052583, 0.2950296285238493, 0.5294951562047182, 0.7212982401462178, 0.700437965865601, 0.08382153286271943, 0.42716665394104114, 0.22359548123606776, 0.18318332064441822, 0.7251096549106046, 0.047932858408336165, 0.37131771749853926, 0.8375612082607636, 0.43009995068704165, 0.6878805274631562, 0.399210089907707, 0.4396152976261526, 0.5145512545840505, 0.858810490752016, 0.6675306889032978, 0.8818907078427048, 0.8786216268901853, 0.3441138312284815, 0.842726567045504, 0.06603057666165535, 0.7627390658917623, 0.48659480510833797, 0.9508710336303253, 0.9640869287250402, 0.6710716742342973, 0.16399687503181093, 0.7799319215651528, 0.33010042894032887, 0.22849436993234384, 0.9710132543263568, 0.6719692740415587, 0.47596162914806417, 0.9866560358239346, 0.20143991331123745, 0.05270211371777722, 0.019909114831909935, 0.5294637600826897, 0.07601373136403522, 0.5041066724439014, 0.19169502928284177, 0.5293601917958237, 0.9039334735228496, 0.8813355164857655, 0.07973401580187056, 0.5746948486256885, 0.6434202643311546, 0.5791289440512336, 0.2605295260146263, 0.16841780424964847, 0.6398496266162425, 0.7805167099004424, 0.724904363903388, 0.6597604210040268, 0.7024452249797163, 0.5657454563152279, 0.9522138899673515, 0.12235637338294436, 0.9172530782179066, 0.3302417199918871, 0.9159093575905021, 0.38112611876491764, 0.8953534737210203, 0.13328362836122498, 0.025706244054348293, 0.11297906171293293, 0.15711144846323488, 0.36689968844654364, 0.24375367109319956, 0.3973756763306835, 0.2425905936013215, 0.6593464683629536, 0.8075831008341107, 0.8728470760476545, 0.6783583991555597, 0.74452573246509, 0.7908636831609105, 0.4730744874223708, 0.5792088414269714, 0.7797419557023282, 0.10914419648976104, 0.547840577639061, 0.8075040464292843, 0.771378274893628, 0.891499571182744, 0.11433869669400964, 0.2407419737928389, 0.17968779426173265, 0.8347103354808002, 0.795695945481883, 0.35384539647670377, 0.7229705080417538, 0.39277871894202865, 0.8427249435469706, 0.7413184199655346, 0.8716317924334199, 0.6962633488044668, 0.18585563817365924, 0.7247834644373325, 0.148943876317023, 0.0006127516518620313, 0.26818096271043934, 0.8733992617751656, 0.9302340395971239, 0.263965121377683, 0.20866515534874153, 0.05747451765136946, 0.6549502682772252, 0.015731745324737423, 0.5580269113060268, 0.8539616477614895, 0.15173179003763182, 0.49811608772181326, 0.1282219175644813, 0.5024885563142923, 0.42092648876229644, 0.2780069742318497, 0.002667213570741289, 0.06278535344137759, 0.482777176451862, 0.5820994357572138, 0.4034031049531418]"
39e9c2c9-901f-499e-8c46-57804a2f9255,Nature's Dish Soap,Home Care,Dish Soap,24.35,0.36,"[0.879418131201387, 0.9190892622459104, 0.28267403474630626, 0.8879549268712116, 0.35412618982583577, 0.36798103758365586, 0.621477121207642, 0.971902141595132, 0.7159504097967226, 0.3955500868501365, 0.07862472207875038, 0.8408110209427729, 0.7643674160186349, 0.8318450101567314, 0.2734173261802674, 0.5131773079072077, 0.3757810976332394, 0.33757304772882935, 0.9585127071734406, 0.7414170363696435, 0.3492894169311186, 0.7435903213634546, 0.32882555693105986, 0.042185318714375586, 0.47850390772450135, 0.7557108378372135, 0.08739521512522008, 0.41088905969913236, 0.05876464700101891, 0.7780070522418808, 0.14892260131850876, 0.16881735196606285, 0.23738157721674136, 0.5943333952767328, 0.29083595261315387, 0.7148203969939426, 0.44153230210819916, 0.687555033379735, 0.3676027315013064, 0.5804633743082447, 0.2131254393590304, 0.9043009998049301, 0.31229085128477163, 0.4214991457696101, 0.15288797015102973, 0.021369663937382377, 0.4226806893268017, 0.10829623747167483, 0.6405943523295068, 0.17240904146648484, 0.9334499474074479, 0.030432155647215797, 0.9661379340866495, 0.11223631836116954, 0.8213953754235587, 0.066086051344449, 0.03914290298664358, 0.7503233353795926, 0.4577727887390868, 0.8772460033843898, 0.9710387899899445, 0.8622153358782925, 0.4135071896079219, 0.1251464456612209, 0.437677390681257, 0.9687864012939709, 0.2662777505355244, 0.413537847101627, 0.04165833416081621, 0.8416590989647551, 0.8072790889225899, 0.20945088790462252, 0.06436361336431684, 0.9852689737116117, 0.48926525535343024, 0.48024679741099197, 0.7594838298096313, 0.7616694026727417, 0.4850374038724108, 0.7441436088168834, 0.8132159985368607, 0.06442149733066016, 0.33310287688818585, 0.4830504052538779, 0.940267866329655, 0.7772031119675573, 0.15891735588674438, 0.6615554070122549, 0.052824559738474886, 0.4836828525754929, 0.7366471045923726, 0.3818378409227031, 0.5688908186668806, 0.9848171327747264, 0.49673242671288376, 0.20806707669712643, 0.16112643097734414, 0.3815301786732429, 0.8978094112567514, 0.9318538213914448, 0.15968906550320905, 0.7203288420783832, 0.6282616909113472, 0.2597863542050014, 0.8183364307229544, 0.7556101898227573, 0.8419369055169702, 0.8483848409813385, 0.626177836921146, 0.674393601184109, 0.7935427720387058, 0.6018128817132159, 0.28007310897168747, 0.8120045826602664, 0.009129611024283224, 0.1711788199410308, 0.4426639426357496, 0.6714251417703422, 0.5826692514746892, 0.35743931922324024, 0.4053370659441651, 0.9564889214840862, 0.9360583736205651, 0.5658654400651743, 0.3461139844905803, 0.7177154439390142, 0.13668933754201662, 0.8032438935958762]"
c3163de1-b9cd-44a7-93e9-588433a1e23f,Premium Glass Cleaner,Home Care,Glass Cleaner,13.45,0.27,"[0.8187086203371753, 0.5630626609783772, 0.1091162612011306, 0.5384246377483254, 0.13363841427574097, 0.9392352282123214, 0.7577714634360623, 0.5132118452390682, 0.4311184404918832, 0.25669730171733585, 0.4629923041125632, 0.09576450255066604, 0.4242357761083716, 0.7609961041276515, 0.8757157606271709, 0.49528076975583935, 0.8981011923340557, 0.3443049465508726, 0.8644261115347095, 0.6275572304107915, 0.6753119926982917, 0.1259908458348361, 0.7987359297346917, 0.29510716729060094, 0.519585100338162, 0.8210476174364538, 0.8274067568252449, 0.3161121976511716, 0.33412428719560094, 0.0014530241174631753, 0.5497991444282646, 0.21556535714541725, 0.3052827115605541, 0.6381856712335632, 0.05114191019667291, 0.322779943879308, 0.4805154924652636, 0.25583023275660366, 0.7933305710184504, 0.6608680386921818, 0.6005556890698217, 0.27778799669547793, 0.855156551699441, 0.9293157086164041, 0.8896155627980986, 0.08367959960034055, 0.30211843553518836, 0.9119125423580734, 0.48045459569953175, 0.5098597277949771, 0.7328855002301857, 0.16590266725451885, 0.6517373848334957, 0.6386037885259735, 0.8973603077832574, 0.12187488103211652, 0.7217045537766863, 0.21152512282936897, 0.40903096984894627, 0.3753968337498731, 0.7959715080118034, 0.4638483007652735, 0.018315819111739295, 0.8907911996250758, 0.5972660209860665, 0.8390749713947055, 0.3206774695620239, 0.29569325106518995, 0.4775431443469961, 0.8611490742167738, 0.2530761606800377, 0.09929113357112984, 0.8749849738659279, 0.155550782254122, 0.7333314621088273, 0.6171497420847738, 0.8586358110607191, 0.7279996874487916, 0.033174034652930895, 0.28433218544970484, 0.38342691750950864, 0.07874787014025697, 0.986455323363257, 0.6136666224194114, 0.684248752123555, 0.13821059663841118, 0.8234883329400264, 0.1848781378353096, 0.48096086313204023, 0.3118352829133122, 0.30438790721638453, 0.586187125926515, 0.1039421621502955, 0.9840501135110103, 0.8590128228579904, 0.10588732178293925, 0.4448555709419214, 0.6389063549226921, 0.6861197895795678, 0.002669520935507097, 0.955767797117469, 0.6409371340224754, 0.24615100835913128, 0.7791671857636825, 0.1887547605286236, 0.04435272426727832, 0.6541080414563342, 0.11215392023842075, 0.06482556981508547, 0.5679932357471296, 0.9256299981435512, 0.38563660522357257, 0.8978089931830319, 0.47425983828033913, 0.8831244432121935, 0.21954908692534802, 0.27306952276652063, 0.36870711849660087, 0.7329123349155573, 0.2082010598277314, 0.049501086384222015, 0.9412845830807522, 0.273425910299505, 0.16639439937403389, 0.7973688006122363, 0.5506401268526305, 0.9592148136963411, 0.2571935341183733]"
c0dc7454-44d3-4bda-817b-d31875e44201,Fresh Shrimp,Meat & Seafood,Shrimp,5.56,0.28,"[0.9368650361275618, 0.7872763486447961, 0.48464338222259506, 0.1794503981507497, 0.8411246782641996, 0.7481080738372813, 0.17052574729702163, 0.4423589113778389, 0.06386883889864126, 0.9970977768418716, 0.867465458748364, 0.371562259262035, 0.3652393225323104, 0.670707438025751, 0.04146696108352654, 0.8198115405200724, 0.08113126860003972, 0.9889196607465457, 0.07504620762763237, 0.5111377245846033, 0.2761174015767124, 0.5159001667105393, 0.35916917036997964, 0.7054344892950292, 0.08665713491478788, 0.6363372953990541, 0.4001069733992213, 0.6500850503331157, 0.2087240266183562, 0.3957227094109246, 0.4996732946424268, 0.4502621280973593, 0.8199208226634297, 0.7197132321310716, 0.46661074371733435, 0.03277703940605925, 0.5161030423381283, 0.8370834031688721, 0.7989012010472576, 0.20876930548572536, 0.3597063478924408, 0.22285376694485892, 0.641540238730236, 0.5764382309094858, 0.7813097342797309, 0.08928969512998164, 0.5173889669933781, 0.49464233690920556, 0.9474752683277874, 0.0639592964118394, 0.2594350242172453, 0.4138421346467813, 0.583068756826541, 0.3546060965040836, 0.8983945719240196, 0.4470778028777803, 0.6145950500163202, 0.6166789859526463, 0.45640590191369135, 0.8852028447255851, 0.7926406993293736, 0.7111926754388134, 0.08620380591598131, 0.7830370642463675, 0.15763452460106986, 0.02908239678201796, 0.4754355201586644, 0.6048444380730196, 0.27458786378468647, 0.8053356063373449, 0.021684629057686422, 0.44954679679720855, 0.4699597945697548, 0.6515012790770497, 0.04108792785509219, 0.44818140007707474, 0.5356143406474044, 0.4793581479270468, 0.7206101560660176, 0.9071435315589066, 0.2862164356650646, 0.01432781642132952, 0.660619703363052, 0.7405483925200542, 0.19704057916694517, 0.3193272188485028, 0.12065085421007449, 0.13550566803746333, 0.8836574460791479, 0.5816307659175514, 0.49663286746318425, 0.8042852500740257, 0.5771190760334585, 0.8605858059667116, 0.05814405607898154, 0.19690216950367412, 0.3979556755163731, 0.8217318247350334, 0.33125714199811007, 0.38996178541921334, 0.46949144649461527, 0.4979580570512764, 0.8747726363601026, 0.30878475365805924, 0.5177642487767455, 0.2212538304850299, 0.28793533390794945, 0.14964571635775326, 0.13375487256809293, 0.5441802423551548, 0.32567122659577297, 0.4375067559508756, 0.7432207756631264, 0.8120821788272902, 0.259991903921411, 0.3816228122806211, 0.8895162578713822, 0.7454873529384614, 0.89103136601048, 0.41365893267883125, 0.5138128236569953, 0.05264962879230528, 0.11485926896920873, 0.40787952341262435, 0.22807886815057987, 0.9370238181096175, 0.38519420568557383, 0.7000546289793641]"
cf9874d1-705f-46b6-b3e9-cbe1e58e3847,Organic Toothpaste,Personal Care,Toothpaste,24.34,0.19,"[0.6640410864843724, 0.4436773878607404, 0.6287944299013233, 0.20769384622833942, 0.5118124146037505, 0.687579656236541, 0.6445635581318107, 0.6842103425390038, 0.3055031106247281, 0.9202074818578143, 0.00012856286509577153, 0.279762176800624, 0.05962687179531623, 0.46586366213678354, 0.05600045598241765, 0.49048830723782455, 0.6024462121579444, 0.6080612623824817, 0.9962908875786812, 0.031197933662008626, 0.08816515614377207, 0.7907469004699944, 0.4051259582387027, 0.5909537589115862, 0.1515854886603084, 0.07143587750396796, 0.0278880911427265, 0.14350273509663536, 0.0833139264150703, 0.20244772250337373, 0.5647321110004226, 0.9930978072190446, 0.955087382231355, 0.6228007053145129, 0.3098018215407621, 0.8393053969818857, 0.6282314264093959, 0.02461313434119583, 0.7418511324414419, 0.1246394797060113, 0.9097701407576189, 0.48478596358820836, 0.35441914830298693, 0.5779928773651816, 0.23214231686021136, 0.22240547351382856, 0.714524890200027, 0.3398610812238968, 0.976318226773139, 0.0035592752888523593, 0.1178145401690347, 0.1335395256800619, 0.2866491094991639, 0.08643403910098257, 0.3353830723821444, 0.06458992488463411, 0.5662165428453021, 0.5600135772672493, 0.8673080703227505, 0.03620371328485361, 0.36218699427640133, 0.09876576893014732, 0.6775308633353488, 0.004178993259504882, 0.33647868046970986, 0.4159142583808525, 0.09232174320317899, 0.8125296840299508, 0.29687636108763016, 0.521109847378734, 0.5621291953459615, 0.23980441157805266, 0.7883826369988112, 0.21546797678417007, 0.18744948482770596, 0.49762214302519603, 0.4721757650767209, 0.868030614808287, 0.4536889459664909, 0.151470707342785, 0.31999688600234766, 0.7640545985627436, 0.5917551360519399, 0.14053223420040128, 0.5870615650367726, 0.29929420505356363, 0.618733392933005, 0.05719450155749517, 0.8598235233734873, 0.20932152449445685, 0.14599511141312838, 0.6167914651775971, 0.47038568347552523, 0.6176862890408269, 0.35111374758038993, 0.31930705128786907, 0.3494289796187481, 0.45399639288332827, 0.16905631557816214, 0.794398461603111, 0.17870239356732265, 0.3098466245165846, 0.7758488608080941, 0.8332815091596202, 0.570764346822685, 0.7233963786466193, 0.8600014108948624, 0.02614544190202439, 0.46180030235513836, 0.08627001983903515, 0.20645349268192548, 0.8515807615300488, 0.497451213018435, 0.002748451031297172, 0.325415657143483, 0.010592905093172456, 0.5177900760798058, 0.3832041323044528, 0.9447048622510389, 0.8903935853688757, 0.19152125395331443, 0.9563507486553693, 0.9242863204692179, 0.5440786581180482, 0.5410023326426358, 0.9221634859588257, 0.3661064841205559, 0.3775541704728901]"
cf925fde-e447-40d6-8073-e23c6f551820,Premium Pretzels,Snacks,Pretzels,19.74,0.19,"[0.6123940871782553, 0.5919241509220594, 0.7817171119612055, 0.548024432659395, 0.8400788830665951, 0.5112950623126534, 0.41922789377543723, 0.1321161198493891, 0.5655984056036183, 0.31829088711118203, 0.43056166991374734, 0.7510733105282856, 0.3897301562022414, 0.03283107247616701, 0.09880084477425677, 0.5191292859547019, 0.6902191643594676, 0.3895468668122488, 0.09079915182253517, 0.6381552205204057, 0.42349635665642416, 0.5820739626598427, 0.9706545772907595, 0.6156250042910683, 0.4121989290250827, 0.19491515336967724, 0.2428320828261521, 0.14539955035099472, 0.41330886849284876, 0.7662230745947036, 0.9431779129648918, 0.3004874718959909, 0.2934946927514489, 0.3816367578578447, 0.773059102010659, 0.3292748895554837, 0.29815066600417484, 0.8539556754397067, 0.012260252809402128, 0.7338556852440714, 0.916147697127937, 0.6846081680511361, 0.6489156192236544, 0.849258676995476, 0.665550946849803, 0.5507830408371025, 0.4303781163173832, 0.0345065982327899, 0.947990724503419, 0.16606055462080282, 0.1354481630265293, 0.191634565022887, 0.18835871131329407, 0.7531259353399533, 0.02571032371452353, 0.6148446385120703, 0.8737942159629629, 0.17794671145634844, 0.7301713667244543, 0.42053584759584905, 0.6676917885472475, 0.14609497923421988, 0.4806947274733496, 0.07101539912228383, 0.6191309037089793, 0.1712071084035286, 0.462940243117968, 0.43221180844342155, 0.9944591425644175, 0.6095706674391804, 0.4070198557620084, 0.7812520267692858, 0.8552181220383679, 0.03566395925259391, 0.392646110413969, 0.5561387909628837, 0.9582092544418644, 0.8941633220293045, 0.7298605846454628, 0.029031995120303633, 0.9419761489799225, 0.9155807187570857, 0.08403510995315033, 0.4551263458892041, 0.15228404610588497, 0.08601901127134115, 0.8121397668373906, 0.8564069191589103, 0.7226966917371428, 0.39662611784314705, 0.9119269337603153, 0.6865079697988473, 0.69733033924268, 0.1712579173099773, 0.21988133054433967, 0.017159030803498898, 0.4382983582240674, 0.20844633096482734, 0.12179064333466316, 0.9988488009031613, 0.14979834383417867, 0.402836623418256, 0.8266417387436644, 0.7246058038504776, 0.02868482305026898, 0.33339593813333646, 0.27196133398030287, 0.9216350162415163, 0.8496989139892199, 0.004375756791690555, 0.5656702253971088, 0.48246427262221847, 0.8106526838669524, 0.032334229503137024, 0.3939990519344587, 0.7202930835976697, 0.09347460892470938, 0.015152288912626433, 0.417750538812931, 0.6987855960497926, 0.5287205763037398, 0.09211630140989602, 0.5085441787046371, 0.32879161288225545, 0.0970575009894804, 0.5485531650873966, 0.17518398224503617, 0.5442846613539789]"
