purchase_id,customer_id,anonymous_id,product_id,purchase_timestamp,discount_applied,quantity
ba2f4a55-e081-4381-b85f-6f2b7e4b8363,,c57ec685-f016-4fcb-81e0-d236a447876c,a81b33a7-ba53-452c-8801-04aabe7f038f,2026-06-09T23:13:53.739253Z,0.03,4
18a8b9c7-702a-489c-b82a-2102349edf77,4e177d60-5959-49c5-bcd4-1d77c4ff1a95,,6f6d558c-4b40-4c66-a4e6-e46524190ebc,2025-09-25T16:16:23.739272Z,0.15,4
33842fc4-4818-4b25-b2f6-001583337cc6,69cae572-5dac-44b8-9774-94bd8be10195,,a81b33a7-ba53-452c-8801-04aabe7f038f,2026-06-08T10:37:25.739303Z,0.1,3
9357e495-9e30-4114-9c34-1a35d8151e7b,7b1f75b4-44d7-4ed5-9c63-74b7d6d2032f,,39e9c2c9-901f-499e-8c46-57804a2f9255,2026-04-25T04:02:36.739321Z,0.05,1
c6b50d8f-a175-4cd3-bddf-0521676e3281,d61841d6-2c66-4132-87bb-6efc7dc20ff7,,6b43d3b7-aca8-4905-9318-b1c3fbed419e,2026-03-21T06:44:05.739392Z,0.24,3
78175bc7-d949-4473-b330-39c303d46d3c,3ecae672-5af1-46e1-9a0e-51072774bdb6,,6b43d3b7-aca8-4905-9318-b1c3fbed419e,2025-11-16T12:27:32.739443Z,0.22,1
29b46087-8ba1-4ac3-bbf4-22eb508dcf1a,bf282578-4e04-4255-b024-b80b82b09ea3,,bb3acd74-a761-49bd-b7bc-fbf35502e696,2025-07-10T11:48:03.739486Z,0.21,5
cd29d1f0-ee45-4527-b674-2fd3e0a0222d,,dabd77f8-49f5-440a-852a-58f32657b506,a85314f2-4706-4d04-af9d-12e821756358,2025-10-13T07:26:52.739715Z,0.22,5
f81df808-5f31-45aa-9ad0-ff346e441bb6,8cd24d66-af22-45cc-8b9d-b92a34d2d09e,,58b8f572-3bba-4143-9f32-b6fbe9afedb9,2026-01-09T15:23:58.739733Z,0.16,3
065925cc-2b55-43f5-b104-f45e614d6f02,b3b1e070-a7c2-4c04-83b3-8c13ba8ed013,,cf9874d1-705f-46b6-b3e9-cbe1e58e3847,2026-05-31T18:19:55.739816Z,0.1,1
e848eafc-12b5-40d9-9918-a2508263a935,0587d620-94a5-4a12-8e78-d2beb6b9b0c5,,58b8f572-3bba-4143-9f32-b6fbe9afedb9,2025-11-21T06:03:54.739862Z,0.12,2
98677d8c-4b57-4f4d-8ae5-800a4277d364,4f82579a-270a-4e62-9755-662aa16d3159,,95176c1b-f8b5-4499-af67-49f7732c6c68,2025-10-11T05:23:12.739910Z,0.11,2
65bc95a3-b8f1-4983-b997-a93548862316,25132108-bb6d-46c2-87b3-c00023e596af,,464065f2-15f0-4a2e-b25d-516dfff9dcca,2026-06-12T13:57:04.739957Z,0.24,2
9ab9b99e-b66c-4eac-be49-7fce7211f2ef,fcd5220e-ef72-42c1-a491-e64bb6430821,,eae4837f-4e9f-40fb-a287-f3ea4195f02e,2026-03-29T14:43:18.739982Z,0.14,5
d4e13310-26b3-42d2-871f-7f3493bb8a9c,9438779f-1292-4d84-b39f-fc1e728535f6,,77016229-03e7-4ace-860b-79ee16b3f42b,2025-09-13T12:51:09.740046Z,0.07,5
c69fa98c-a40c-4280-972d-2db11ac430ff,,16c5dadc-c34e-4924-860a-b69fed34cc1f,28c08598-0919-4ad4-a544-1e20d0d0dc44,2025-12-06T19:07:10.740076Z,0.18,1
3c2e09e3-d5d8-482b-81d7-69c249a9183e,ca0da774-1aab-4c48-92be-298e5115308b,,8dd60692-d201-4c50-a580-7850c1e95f00,2026-02-24T09:55:07.740183Z,0.2,3
bb678fa8-4fec-4d62-997e-8cb421612fe0,74839d8f-ff2c-4461-8ee3-42f8d15aa679,,7f6a74aa-f09a-4f60-a39c-a0c68ccf7ddb,2026-03-25T08:10:52.740267Z,0.2,2
e5b064b0-9dad-4a12-a62c-ff83d88d33b6,32790fb2-51fc-4e80-89a0-49842a98d5f4,,58b8f572-3bba-4143-9f32-b6fbe9afedb9,2026-06-18T02:31:06.740285Z,0.16,2
0ad2a181-fafd-408b-bef4-27ed922cf7b3,ea59da10-ccd4-421d-957f-d3efcefbdaa0,,c85fdb82-bfb8-466b-8587-2c4a96321250,2025-12-31T16:56:44.740371Z,0.15,2
28250899-bccd-40d9-ba5e-d953210725dd,34e3713e-527b-4a61-bb6b-5cdd9a46816d,,f980ab87-d699-456c-a96a-e362bfd00c92,2025-10-17T01:15:57.740413Z,0.13,5
049584d2-c3c5-4335-8d12-088ecf816105,,920b79fe-8f45-4a13-8535-3079ddddaa1e,34b6ae28-67da-41cb-83b1-c97b33dfdb64,2026-02-03T19:34:46.740491Z,0.13,5
9b77843e-8900-4143-b256-ce3782533935,,826b73e9-e1d8-4dda-bb7b-78bf32c6a7c2,1cac4b7d-9687-4005-8aba-406a7a82bb35,2026-03-19T23:12:41.740509Z,0.26,2
52ea9e07-ea9e-469f-a248-86bad14fa672,0d229103-cd1b-43ce-8b78-f16fda8cffd5,,51de8c93-7a17-4f51-ba8f-d0ac995c566a,2025-11-30T17:26:43.740527Z,0.02,5
96d56370-a8a2-4891-92da-c1b1f88a1eea,,95d0ad31-ebc7-47e7-8d7f-2c503d6c563b,8245b2fb-a8af-474b-8d23-4304a5e9a19f,2026-01-09T07:58:37.740641Z,0.05,3
a6464e86-21c3-4ba9-a905-884dc9f96db1,03c2229f-51c6-4ea1-86c2-73383ab89428,,1209a847-3e6d-4ef1-a2ac-448ae204babe,2026-02-14T08:22:24.740702Z,0.17,1
c6b76bf6-91e3-4255-9030-18f9c52f07c6,f39c2618-4169-4953-a205-2049fc8b422b,,c6fa1138-4ec2-4637-9504-2749bc13e06f,2025-10-13T16:39:49.740720Z,0.07,2
88ac5c00-abfc-458c-99be-deed7ac7b5fa,284521e2-1408-4fa0-9578-492efc8edfe3,,9183c4c5-47db-4e6d-af05-9eafe1f586a0,2025-08-11T05:06:57.740797Z,0.19,5
8e28c66c-ff1a-4aac-9800-6412110ba01b,38bac53d-813a-4fec-a36b-81693c06e94a,,e4f08e85-289e-40c7-ad90-983f186d02dc,2025-09-14T12:09:30.740886Z,0.26,2
5421af65-59db-4587-8f30-2c72fe8f7e81,cb5f5348-66ea-442c-a31c-9df34040c85b,,f08ab47d-3ff6-49f4-ad4c-b00fe9042589,2025-09-21T18:17:49.741029Z,0.11,5
7af936ff-a991-4cfa-999c-787153a330cc,e198e982-441e-4186-b2a7-6509354bc0f2,,d98ac824-b1cb-493c-b4dc-fa735d579080,2025-06-30T04:09:01.741047Z,0.12,1
98987910-387f-4cbb-a2a2-670089da06e4,,d2aa12c9-c56d-45c2-81ab-c7b151250a7f,eab47c6e-60d0-411e-ade2-82fc0a973fef,2026-05-01T23:34:38.741073Z,0.26,2
1303aa19-eeea-4c08-a2ca-a2dc11a237cd,,7f7047a9-1fe5-41bb-91ec-a9f1cded6c76,f6f56971-131f-45a6-8e96-4504bb012c40,2026-03-11T19:46:59.741095Z,0.01,3
0078f8a2-d577-4072-8f96-57162d172967,,d4fcb461-9987-4de6-9d8c-7db9895fd113,34b6ae28-67da-41cb-83b1-c97b33dfdb64,2026-05-08T04:39:00.741114Z,0.16,3
7777dd54-bec1-4029-abb9-2eb4cfd0c94c,daaafc21-ddee-4be2-acc9-cb35709e0993,,eaf75b03-369e-4f19-9773-1a8ed15cec34,2026-05-15T15:02:43.741131Z,0.07,4
8e2daf33-f7ae-4f23-95f3-40c04a938c1a,38bac53d-813a-4fec-a36b-81693c06e94a,,ad3fe337-ec17-4244-8e4e-9f2e174215e4,2026-01-28T19:42:33.741186Z,0.07,3
e02a5395-8d08-47be-a21f-18031679d4a1,f227bdba-cb26-4fa4-9d1b-6b5eaedda4b9,,145417d2-0475-455c-bfdb-23ddc2020330,2026-03-06T10:10:36.741215Z,0.19,4
8c5b9dc1-a6d3-4f15-acc7-04474d2a406f,3e4f756f-9d46-4c31-9341-4bde73d0a6eb,,ffb35e8a-7d50-4fb3-b500-d6e2b0d928a7,2026-03-16T08:56:41.741252Z,0.28,4
f3b4fc46-54a5-4863-87f8-bf8fa7327add,98af55a9-dfcc-4ad3-bdf7-dd969404ddfe,,37727a64-f037-49a9-bcf8-086215ecb7fd,2025-09-11T06:56:57.741350Z,0.2,4
fa73e787-d50b-46de-a28b-758edf545a02,393e8242-9d2a-4f22-904c-c851b62d9ff5,,e17a19cd-8381-40b6-8771-702f3a282e0c,2026-01-17T19:10:34.741413Z,0.14,5
1d9219dd-4e4b-4eb1-8f7b-eea6b521cec5,ac1df049-a8f3-48c3-a0d7-4709bcda5abf,,372ded30-38b9-4299-bf0d-124cb3f95d09,2025-09-07T10:01:33.741457Z,0.14,1
5acd85b1-c19b-4659-a29c-312dd24c8dae,128ede0b-9fd5-436b-91aa-d31b1c464021,,f08ab47d-3ff6-49f4-ad4c-b00fe9042589,2025-07-29T19:35:31.741511Z,0.24,1
34f63b92-91c1-4add-8da7-f7f144392b2d,,d49d013a-2c76-48d1-b742-2a0c3164b87b,3b0e25b0-04f3-4476-891e-18d67e3329ed,2026-05-23T00:52:25.741613Z,0.04,5
ddc1ee50-c5e0-445f-a8a6-843f288cb997,27b7a965-5245-4af3-9aa1-cea6862290ce,,28c08598-0919-4ad4-a544-1e20d0d0dc44,2026-04-12T04:40:53.741643Z,0.1,2
ef2fba98-e0c3-4f47-935a-0a380caedfcf,,4ad3cdd1-bfd2-48a4-9338-24d6f18a29b0,7f6a74aa-f09a-4f60-a39c-a0c68ccf7ddb,2025-07-19T22:53:45.741733Z,0.22,4
21c3deea-1f94-49a2-9168-47cb31876f8e,,4977b285-16ac-4f5e-9749-bdbd9cfd790c,bb3acd74-a761-49bd-b7bc-fbf35502e696,2026-04-09T03:15:57.741750Z,0.09,5
c3b66f40-036d-4055-916d-718f056c31bf,,e09ed92d-d42f-4f37-925c-89f2372a99c5,af5481f4-1ba7-4d45-aaf7-51c47a71875c,2025-09-11T07:12:00.741768Z,0.02,4
3b803071-6207-458d-8508-395532fcbd16,b534e6a8-e709-438d-ac30-da91cd5872cb,,eaf75b03-369e-4f19-9773-1a8ed15cec34,2026-04-28T15:10:37.741797Z,0.08,3
47171bdf-3ae9-4474-a7d6-34058bff2591,884c46e3-4d4a-4827-aa63-74a8f9bd7f20,,dc65cf1c-922f-4f2a-be7d-7f596ab58867,2025-10-01T22:43:46.741932Z,0.27,4
7838a958-fd46-45b9-bb6d-dbc3c701adac,91861c5e-4dd7-428e-a4a0-5bd6de894207,,51de8c93-7a17-4f51-ba8f-d0ac995c566a,2026-01-11T01:22:40.742013Z,0.14,1
c872ba3d-6b63-4247-bd2d-c4077f388357,ab66ca5d-04cf-47b3-9716-8a39a8619a98,,f6f56971-131f-45a6-8e96-4504bb012c40,2025-07-20T20:36:51.742048Z,0.12,1
8b581e2b-35d5-4996-82af-3db94b6c7385,081dd653-126d-48c5-8df5-309a2eb542f2,,0eea6ab9-a379-49ec-9c3a-9e38263db7f9,2025-10-20T15:47:55.742072Z,0.2,4
43317121-afc5-4350-b34b-7f4fb39a187a,,e03efcbe-55bc-4ece-8307-e911ecb3a13b,23c26c56-4049-472b-850f-65f46207be56,2026-02-14T01:45:19.742190Z,0.13,4
d408ab25-2a0c-4ec7-86c1-b75802adb6f0,,950a58bf-6b62-4217-a541-9bcac525e6b4,f6f56971-131f-45a6-8e96-4504bb012c40,2025-06-27T08:58:24.742213Z,0.08,2
7d70580e-0601-4125-9a74-4e518b601fb4,35c10b5b-773c-4ae2-979d-7a7d3fef1e48,,25370a5c-dc1e-4a10-bfdc-ad1bca8f7981,2026-06-04T19:29:22.742230Z,0.29,1
80fa62d1-3696-4ab9-8076-d08bb6f112ff,,4c2eaf9e-61ec-446c-a520-957f3c52651a,c3163de1-b9cd-44a7-93e9-588433a1e23f,2026-06-07T08:36:13.742247Z,0.02,2
23a0251f-445f-449b-9386-c3421b95a4d5,,fc3b5e37-5bb1-4c96-a52b-c2599d149681,eab47c6e-60d0-411e-ade2-82fc0a973fef,2025-07-03T21:48:03.742295Z,0.05,4
85e7111a-a68a-4c44-83a8-28f538356786,7452846e-37c4-4906-a617-e6a9cbd59165,,6b43d3b7-aca8-4905-9318-b1c3fbed419e,2026-06-09T05:15:25.742348Z,0.23,2
b17ad5c5-342c-4bf2-82b8-e44f0aa9f1b0,72bbd2c0-f9f3-40b5-b0e0-4ecee769bda8,,af5481f4-1ba7-4d45-aaf7-51c47a71875c,2025-09-01T01:27:57.742383Z,0.0,1
e6c09102-a9fa-4e32-a01f-8518a26132d2,c65e5f0b-7042-486d-a15a-e8c26e604df8,,ec97e4e8-1dee-4099-85b0-85d167c59b15,2026-01-04T01:07:26.742401Z,0.21,4
4f58851b-e44c-4b9d-a1e9-873bd3cbbab7,d7377450-ddcf-461c-a571-e7ba4c034892,,d98ac824-b1cb-493c-b4dc-fa735d579080,2025-11-01T06:36:48.742466Z,0.21,3
a4819c84-adde-4185-859a-4f21c5f87913,,5418ae0b-8473-4508-9067-de08a3027c8b,464065f2-15f0-4a2e-b25d-516dfff9dcca,2026-03-22T11:22:47.742485Z,0.22,3
87f8a364-f93f-47c3-be9f-103d49c74698,,1c852f66-49c3-49bc-88cf-dae437ec778c,39e9c2c9-901f-499e-8c46-57804a2f9255,2026-02-11T11:05:43.742502Z,0.27,4
c9114a2d-8cae-467a-8118-9ba341f24739,,2425495a-0793-4e20-a0dc-dc3c8e7355f6,1209a847-3e6d-4ef1-a2ac-448ae204babe,2026-04-19T02:18:50.742519Z,0.11,4
e53ef974-ac96-4e3b-9e0e-dee97363ec09,,0e654933-fbad-4467-ba58-d875efbabd6a,ec97e4e8-1dee-4099-85b0-85d167c59b15,2025-06-20T19:34:33.742549Z,0.14,1
0d398fda-20da-47d5-95bf-9dee03f1d5dc,4cff4e20-7ce9-456d-b799-4fed7c534f0d,,4560ad24-ab8b-4c2a-9a93-593950d0c317,2025-12-26T23:41:26.742674Z,0.21,4
77a25fb6-8884-415a-b07b-fac0f4cab913,780ff89b-58ca-46f6-9018-36030c7a6627,,b4cf6a02-8d8f-4f2a-a7d2-b552fe2cffc6,2026-01-16T03:43:04.742728Z,0.0,4
9f05dcd4-ae3b-400d-ad3d-457ec4ced7e7,84715c32-0e2b-4aa5-8d91-b1978f817bb2,,e4f08e85-289e-40c7-ad90-983f186d02dc,2026-02-01T05:51:04.742812Z,0.14,2
b4c5cdcc-1511-45b2-83e6-27f39128ec78,,d2f9fcc2-01ec-46a4-9647-65195cea859b,f3339075-6de3-4983-84ef-c23595b30f1c,2026-03-27T19:40:08.742877Z,0.12,3
9aab634d-c95d-4b78-abe8-d6327e929ec3,731b131b-d1ef-4842-bd1f-e19a7c462f0f,,59d6d6c9-1940-4e0a-a3ed-ca04666e89b9,2025-11-04T08:24:28.743001Z,0.21,5
28a2ee5d-1c1f-4016-955b-939bd3be7996,,6fd4de59-601f-4d53-bbe6-6ca16ee59f75,63b5e370-7388-4536-8ed7-a21a4a41d06f,2026-05-10T17:48:31.743035Z,0.08,3
9b0eaf92-99d1-4619-ad8c-7bf50bd94b2a,ea59da10-ccd4-421d-957f-d3efcefbdaa0,,c8692397-bab9-445a-90ae-7439cc46cd74,2025-09-03T22:52:58.743065Z,0.08,1
1f34914a-a95d-4c23-a8fb-34983ed50a8c,a2a34423-28fc-47a7-a92b-1958542a76b0,,14c50a07-309d-4aac-8004-a94d51e3ca87,2025-08-24T01:54:57.743143Z,0.07,3
ed73ead9-c82c-4649-b7ae-9dd90fb5e1cf,,f477fab7-e29b-493b-a64b-e78969aba2d5,805d0c82-7625-40a2-ac29-8f766fc3f6ff,2025-09-23T17:45:09.743175Z,0.01,2
2aed5034-66d6-4f7c-92a7-9245856528cf,,900ddfba-0fe3-4782-991a-f94893c6aaf8,a81b33a7-ba53-452c-8801-04aabe7f038f,2025-07-27T21:08:11.743193Z,0.01,2
c405ebbf-711a-4793-86c7-f5d932c0e642,,d35e9932-a555-46f5-963b-fe4e08a9247d,1638242a-9e18-4c5a-8ba7-dcb01ef7c6b0,2026-03-04T13:45:49.743280Z,0.07,2
fc1e7b5b-f329-4197-9c5c-b8926a5d096f,38d8fe88-7a5a-465e-83d4-7a21757f37cd,,27366ea9-7d9d-40ad-ab66-17f827a45e78,2025-09-18T03:54:11.743302Z,0.13,5
241db6f8-4d40-41cf-b0f1-16b5b7d1442c,3ecae672-5af1-46e1-9a0e-51072774bdb6,,4249ce6f-0248-4265-950f-9f03188f5497,2026-05-19T18:53:08.743373Z,0.26,3
3d263456-9fff-4ecf-b168-98b12f4358ae,fc734de3-f02e-44d9-b400-98a8f542d580,,17d8280d-5414-49df-ac1c-db72a02c6e18,2025-07-05T23:59:24.743428Z,0.18,3
4efa3cc7-0088-4667-bcbd-f0a7430e0a10,66ea7225-0970-4ca9-bedb-0ff2dc6bcde5,,f0bc20ac-801d-4401-bafa-1a2d45fdf2fd,2025-11-11T08:11:43.743469Z,0.25,1
0da18afc-b11a-43fb-bf6a-ef1702cbffd4,1e6c0808-fcda-4f34-8356-c295e6a3bb11,,eab47c6e-60d0-411e-ade2-82fc0a973fef,2025-12-23T03:52:22.743499Z,0.27,2
638fa491-de08-4fae-a051-d9be4064d9d0,,71b9dc59-9609-45ae-bf44-b03f4f836329,c0dc7454-44d3-4bda-817b-d31875e44201,2026-05-05T11:53:02.743540Z,0.01,3
19a32108-bda5-41bc-9a1b-65dc64737a07,718f45a3-0876-40bc-9e9b-c8f9c8d94e7a,,ffb35e8a-7d50-4fb3-b500-d6e2b0d928a7,2025-08-17T06:24:35.743667Z,0.29,4
873721d1-75c4-454d-a135-3d84626ace80,a1cc74df-b78d-4e9a-82a7-cf3c47b85d92,,250b4af0-e307-4429-bc29-3797dfce07ad,2026-03-06T02:26:19.743702Z,0.25,2
ff663ddb-b82b-4a84-9122-c0573c9aee66,6971669a-3acc-4929-a81b-51116d8188ad,,5bdd189c-8321-48aa-bae9-e2962031a00b,2026-04-26T20:06:41.743720Z,0.06,2
c80f7e8d-5e81-4ece-a2a2-2a9ce1ae4c21,7f2fc0fa-7e88-46d9-9367-bea32902ae90,,63b5e370-7388-4536-8ed7-a21a4a41d06f,2025-08-08T16:13:57.743770Z,0.03,1
5155eafb-f036-421f-8a41-5c05bdd3338b,0abd6459-65a2-4d0f-b922-bf86580aa91a,,372ded30-38b9-4299-bf0d-124cb3f95d09,2025-07-31T13:21:39.743841Z,0.09,4
6dcc010b-8e9d-4a20-942b-93f9eba09a16,,309088d8-a9e4-4cb1-a2d7-178b47fdc1fd,6b85123c-b94f-4258-9142-0599eff0a787,2026-04-24T00:19:38.743906Z,0.19,2
1a7aface-80cd-4ccd-98ad-e6282a9442dc,,4f30b98f-f6e3-458b-b413-ff2f6b1c7a55,9183c4c5-47db-4e6d-af05-9eafe1f586a0,2026-04-16T09:28:40.743952Z,0.0,2
d8d8e430-6737-414c-ad13-c4d54789e7fa,de4af6c9-7f7e-4b11-a7cc-02b4e2518048,,174b1816-01c1-46c2-8a46-6e6ad57e5965,2026-02-22T23:00:53.743970Z,0.15,2
14bc56eb-ce45-424b-97aa-5aa481e70efe,e48601f7-7854-4f5c-90c1-a5b4e61cbbc6,,8ac69fa0-f2a2-4e7e-8d20-db1696a88a49,2026-05-15T01:10:18.743988Z,0.09,5
52d6f7dc-7475-4c49-91bc-04bdaa1f1a00,e9679519-56ba-4007-bae4-1cd922e9f605,,ea11794b-9211-4543-87ff-999e6bd73cef,2026-02-13T04:37:53.744005Z,0.23,4
d8a6f51a-449b-4709-a406-9389d0b1422a,462bdce4-5d31-496b-9f72-65901779f309,,c8692397-bab9-445a-90ae-7439cc46cd74,2025-09-29T11:44:12.744140Z,0.18,3
85a088ea-d699-487a-b6dd-a367db0fb586,f483e088-2c1d-4574-add1-03aa91bfb55b,,882325b0-d544-426c-b74e-9b64ff3ef4cc,2026-03-14T01:52:34.744200Z,0.29,4
84cdc27d-af7b-466d-91f7-248785263116,d1cf4810-eeec-4674-835f-53914a8c2859,,8ac69fa0-f2a2-4e7e-8d20-db1696a88a49,2025-08-13T14:50:08.744218Z,0.24,5
465bc85f-786b-41da-bc9e-3b2aaabb5cf7,c8aadad9-9b37-4350-a20b-928e2cab5566,,f08ab47d-3ff6-49f4-ad4c-b00fe9042589,2025-10-31T19:06:00.744270Z,0.1,3
ed994a69-c26b-4582-85cd-203efdc66a85,f402778e-5da5-4f36-a834-a374c21a1106,,b4cf6a02-8d8f-4f2a-a7d2-b552fe2cffc6,2025-10-17T10:45:42.744288Z,0.21,2
a472c511-bb84-4b66-b2ff-9d056fd97c87,,32ccfd1c-3389-4cf9-9cee-913c4e1f10b6,54c76350-7f69-4f75-b451-d79351462bca,2025-10-31T06:09:21.744334Z,0.24,2
7992764c-8034-4451-9392-397c4b7c422d,336fe19f-6533-42e4-9889-9f123cfc4a1c,,7f6a74aa-f09a-4f60-a39c-a0c68ccf7ddb,2025-07-16T15:18:49.744380Z,0.09,4
2b7c521a-b533-4540-8f60-fa449db720bd,ee9020c0-6f9f-4ed2-810a-4a1abf6ca4f6,,dc65cf1c-922f-4f2a-be7d-7f596ab58867,2026-01-16T11:59:22.744403Z,0.3,2
324226a4-8356-4b30-bd07-a8eccb82e8ff,64c7bfb1-aa9c-4a62-a649-a09c9024ab8b,,8245b2fb-a8af-474b-8d23-4304a5e9a19f,2026-02-09T20:11:34.744432Z,0.16,5
4d3c8793-f0b4-4ec3-8b28-133524f4b2cf,33023839-f105-4e5e-9642-a8e9c9eb9ef0,,0eea6ab9-a379-49ec-9c3a-9e38263db7f9,2025-10-17T03:56:05.744450Z,0.22,3
4ee22627-8933-418e-ae51-8aea15acf158,bf282578-4e04-4255-b024-b80b82b09ea3,,22a51531-4be1-45dc-9e5d-2c9c0df0de82,2026-01-15T02:45:10.744470Z,0.03,2
ae7929e2-1bf1-44fd-8da7-a7370a4d4b96,6e088c5f-39b5-44fb-97db-fb9f5abd57ff,,34b6ae28-67da-41cb-83b1-c97b33dfdb64,2025-07-23T18:35:43.744563Z,0.27,4
0110069a-0ee5-43a7-9b26-af4a12c68aa2,,3cc0fc33-efb1-4867-b4bc-283c82b4c05d,f3339075-6de3-4983-84ef-c23595b30f1c,2025-12-03T16:17:57.744684Z,0.16,5
d3d66ad3-e2f2-4166-b447-f94495c508a6,f05d21fe-1d01-46da-81a2-d4afc8637211,,6b85123c-b94f-4258-9142-0599eff0a787,2025-07-24T15:40:27.744725Z,0.06,1
7f8f2d8c-2844-48b4-87c9-8a0b0fa09c7d,f39c2618-4169-4953-a205-2049fc8b422b,,4f829757-7e33-48b8-9950-69136f62b668,2025-10-03T12:58:27.744742Z,0.09,1
84b979fd-1ff6-4c03-b0db-7363b818b021,,1e8b7b5d-c53b-42a5-a5b6-400e754394d5,370920ed-3f8d-46f5-b78d-f4d5c426c5e2,2026-03-11T06:45:56.744805Z,0.21,2
e5813917-281b-4e5f-9628-41fe529a30b3,,d62043e0-50c4-495d-942a-78293038fcfb,bdfcdbcc-7d63-4ecb-9a8f-8ae73ee085fb,2026-02-13T12:18:35.744874Z,0.1,1
d5a0b15d-f8b6-4f23-87e0-28736d99ed00,,77b69433-0272-479c-bc10-538c2f92704d,95176c1b-f8b5-4499-af67-49f7732c6c68,2026-03-27T06:05:42.744950Z,0.21,3
95c8057f-b0be-439b-bf3e-896c992287d7,7452846e-37c4-4906-a617-e6a9cbd59165,,6f6d558c-4b40-4c66-a4e6-e46524190ebc,2025-11-07T09:09:23.744969Z,0.2,1
6d76d8b0-69ed-4e07-ab8c-63cbc8bb4c40,70d6fa5d-dce8-49be-b012-d0b91638fa22,,39e9c2c9-901f-499e-8c46-57804a2f9255,2025-07-03T12:02:21.744986Z,0.05,3
5cdd61aa-a665-4919-8d38-bae6b859447b,79674428-f04f-4f7c-a90c-5e1747d54c5e,,4249ce6f-0248-4265-950f-9f03188f5497,2026-04-03T12:26:45.745033Z,0.14,1
4df14b68-6ab8-490c-bcfc-874fe83fd766,fbfdbb51-843d-411c-9496-2d9fc6aa2df5,,25370a5c-dc1e-4a10-bfdc-ad1bca8f7981,2026-04-23T11:52:35.745076Z,0.13,5
ebb2db43-649a-4c66-9c52-c668d860cf11,ef599fab-e22b-4153-9214-cacf5a81b0da,,c85fdb82-bfb8-466b-8587-2c4a96321250,2026-02-20T16:20:56.745112Z,0.05,3
33063b0c-505f-44ed-a1c7-657aebe9e9dd,135f492f-201d-422d-bb56-4cb4fbb56371,,99a57440-b846-4581-bc1a-44f38a214cf6,2026-03-02T10:01:39.745148Z,0.29,1
5c78fed3-3154-453c-b8a6-233337a08cc2,,5dbf7135-19c4-44f4-89f2-39febb1b4bca,34b6ae28-67da-41cb-83b1-c97b33dfdb64,2025-08-14T01:34:18.745189Z,0.16,2
2615b53b-5eef-4d0e-9a55-c7638fe85132,,26a4eb83-bedc-44f3-add6-4a1afc728807,25370a5c-dc1e-4a10-bfdc-ad1bca8f7981,2026-04-09T04:15:46.745331Z,0.04,1
cd8650e4-b7f6-4f4c-9f65-2a0216f3c2cd,c343dfee-5c83-4696-b3a0-0f340278fb7a,,174b1816-01c1-46c2-8a46-6e6ad57e5965,2025-08-04T12:31:21.745361Z,0.12,3
ef9ffca2-43bf-47c2-8f23-e2b1f48deb72,,e842d0ee-c7cd-48ca-b5b5-4eefa809da63,c8692397-bab9-445a-90ae-7439cc46cd74,2026-04-15T22:21:52.745378Z,0.13,5
347521a1-239c-4811-aa90-d3e1292d8954,76a1556c-80e1-41e0-b989-1e0c1d6057b5,,9234bb80-ceff-4626-9cc6-fc6f757ee0d6,2026-04-09T13:03:42.745407Z,0.26,2
73bac887-8cc5-45a6-9a53-efd2559282f3,58c748e0-c1e8-4279-8eb2-b7af473589e2,,1638242a-9e18-4c5a-8ba7-dcb01ef7c6b0,2025-09-08T08:00:52.745436Z,0.1,4
c01480a8-d0fc-456f-9db7-1bb7d61b26fb,daaafc21-ddee-4be2-acc9-cb35709e0993,,eae4837f-4e9f-40fb-a287-f3ea4195f02e,2025-06-28T20:52:42.745454Z,0.15,3
82436624-0569-4c87-9bc1-b7d1490fbb86,,a11dd7b3-1068-4f91-a2b9-bd7effbc8723,51de8c93-7a17-4f51-ba8f-d0ac995c566a,2026-03-02T08:15:38.745478Z,0.05,4
9f0ecd8e-43d6-4d0a-825c-7b9b10d65037,4f782818-803d-4494-86b0-18c174d4f6df,,dc65cf1c-922f-4f2a-be7d-7f596ab58867,2025-08-08T04:27:03.745553Z,0.02,4
a3ee890e-11d8-4f25-b7c9-64f09d05e96e,adfd8947-c7d0-4fd9-828d-4e92a2731969,,cf925fde-e447-40d6-8073-e23c6f551820,2025-07-26T01:17:56.745570Z,0.3,2
4e1cbdf0-5603-4232-a234-5ae44f396356,b6e2a889-04f2-41cd-827d-1c8d679cd520,,464065f2-15f0-4a2e-b25d-516dfff9dcca,2025-07-07T01:55:01.745611Z,0.06,2
25819f22-3106-4844-896a-79b95d5943e4,9fa106c7-15c8-40ec-b1b2-024fbda49ebf,,181c0491-9549-4f06-acf3-4e0bf1af8724,2026-02-26T09:37:38.745653Z,0.24,1
175e3971-b1c0-4088-b30b-8983f5ead9e6,38d8fe88-7a5a-465e-83d4-7a21757f37cd,,0eea6ab9-a379-49ec-9c3a-9e38263db7f9,2026-05-13T05:00:44.745716Z,0.27,3
064da456-cb1e-4b85-bacf-452fd803046d,18c3e1da-6877-487b-8648-3e489b693c24,,23c26c56-4049-472b-850f-65f46207be56,2025-10-03T09:12:26.745828Z,0.1,3
6fe2dc62-ce57-4739-a4e5-2d4762a6946e,1f210a6b-e1a4-4c39-93db-4d5b7da526e6,,37727a64-f037-49a9-bcf8-086215ecb7fd,2025-08-21T15:21:59.745846Z,0.13,1
5ed1cab4-3d05-4259-8c6c-ba3a9a91eb45,ef9cd077-1222-4ebb-8809-c0d061d6e69f,,a85314f2-4706-4d04-af9d-12e821756358,2026-02-22T11:59:52.745892Z,0.27,3
f320c9af-672c-421f-b6ab-f7be27a1a2a0,7f4df1df-0114-41c6-802f-75d44ed99b5e,,5bdd189c-8321-48aa-bae9-e2962031a00b,2025-07-15T21:54:22.745915Z,0.1,4
08a84788-e195-4c16-860b-6506b17660cf,,4d6be3e5-72ca-4d7c-ba2b-93a5178a0ce7,eae4837f-4e9f-40fb-a287-f3ea4195f02e,2025-07-23T18:37:00.745933Z,0.1,5
21ddd03e-1ae1-4f99-8215-200bf3c1b6ed,,213e7675-54a5-4a8d-9b0d-b24dee7be6e5,59d6d6c9-1940-4e0a-a3ed-ca04666e89b9,2026-05-06T02:15:59.746034Z,0.2,2
865df9e3-e9dc-475f-bc04-b6c8721dde3f,135f492f-201d-422d-bb56-4cb4fbb56371,,370920ed-3f8d-46f5-b78d-f4d5c426c5e2,2026-05-31T18:35:10.746087Z,0.22,2
d57de916-d768-4298-a139-fda59dbc57d0,3ecae672-5af1-46e1-9a0e-51072774bdb6,,8998e993-9ba7-4ede-965c-cee7af7a4457,2026-05-16T21:19:21.746116Z,0.01,2
8d297b4a-5508-459a-bb47-8999fbc6dafe,df7aa237-7381-47be-a062-6fa5f8aa9f42,,77016229-03e7-4ace-860b-79ee16b3f42b,2025-10-02T02:14:50.746192Z,0.16,1
707eb49f-4df2-46b8-beaa-1503a29bf9dc,,1d364ec3-4ad6-473d-8108-67fbe49d7718,cf9874d1-705f-46b6-b3e9-cbe1e58e3847,2026-05-31T21:27:35.746233Z,0.22,1
f99ebbc0-7552-4645-b5f8-09568b9b7c1f,6fc891a0-e87a-4a77-b887-1abee0839df8,,8ac69fa0-f2a2-4e7e-8d20-db1696a88a49,2026-06-08T09:55:25.746262Z,0.26,4
8dd2adbe-544f-4ef6-b227-29738d0ec019,,71662d41-08c6-4288-9a5a-da58f180881a,94ee9444-6941-48b4-b4dd-5e9bc164aefe,2026-06-09T02:03:40.746297Z,0.11,5
d2148637-e4c5-492f-86a1-142db221fe17,4d91b12c-8c53-4afb-a6c3-c1d4c4eb0f6e,,c85fdb82-bfb8-466b-8587-2c4a96321250,2025-09-22T21:01:47.746314Z,0.23,3
b27b874e-6c28-4043-872d-6ffa6a7b9f16,24240383-abe7-4470-be69-d968d0fd03ec,,28c08598-0919-4ad4-a544-1e20d0d0dc44,2025-09-25T21:17:39.746377Z,0.12,1
e4d4a784-36e0-4a0d-9d87-d77715fc798a,584dce34-f543-4297-a4aa-0427585c5c9e,,4249ce6f-0248-4265-950f-9f03188f5497,2025-10-19T03:46:57.746460Z,0.03,3
b99adc13-c4a2-4f88-9043-9b2713fa7a65,,6e3a272e-4d80-4699-ba5b-fd43650b5876,bb3acd74-a761-49bd-b7bc-fbf35502e696,2025-08-24T13:42:08.746489Z,0.11,1
734ff41f-9a48-4022-9428-66129b14370c,84197273-d738-468e-ae5f-34937988f908,,e4f08e85-289e-40c7-ad90-983f186d02dc,2026-04-09T02:23:50.746546Z,0.13,4
aed68432-704c-4e21-9bfc-5847d4118259,6971669a-3acc-4929-a81b-51116d8188ad,,262281ca-9da1-4f48-bcc9-dac7c497ca85,2026-06-17T10:00:09.746564Z,0.22,2
80303be8-d16f-4c28-9065-6c3e66785acd,d0ec78f1-6dde-48e6-adbf-4cd5fb215028,,02310335-8d93-4be9-af7d-55de45097af6,2025-12-17T13:09:13.746582Z,0.13,4
b103ddf4-0d5b-47e1-9ef3-cad87e460985,,b5df1a18-2c78-49e1-a096-854352e64b30,37727a64-f037-49a9-bcf8-086215ecb7fd,2026-01-31T02:27:38.746612Z,0.21,2
0ebd88bc-c0e8-4b22-a5c3-82624c0f2ed4,a7fd865e-9a7e-4c20-b38c-844ea50f001f,,51de8c93-7a17-4f51-ba8f-d0ac995c566a,2026-03-07T23:57:06.746635Z,0.08,2
911ed827-5625-4dff-a060-fd7cf460abeb,,6f2819ec-bcf6-4a46-a8ba-7c1ee612640c,242a17b5-0a2b-4177-a01c-b2d07b8435df,2025-09-08T04:50:30.746659Z,0.17,5
12762fd4-61c9-4bc8-9d64-62c016c3844a,,238560a1-700d-42b7-9f24-18fca9d8df52,6f6d558c-4b40-4c66-a4e6-e46524190ebc,2025-11-16T03:34:20.746728Z,0.07,2
038bf40b-bfca-42e9-9bf8-4e12e51c4a1e,abef59d4-32b8-4336-b7dd-9f375c1ce473,,f08ab47d-3ff6-49f4-ad4c-b00fe9042589,2026-05-31T04:00:38.746761Z,0.02,1
7fcaa558-65a7-4b9a-a1ff-b9c790c0950b,bbacff3d-da6e-4bc0-a25b-80425273eeff,,94ee9444-6941-48b4-b4dd-5e9bc164aefe,2025-07-25T08:40:35.746790Z,0.23,3
dff31eaa-c7a5-4a58-bc71-2bab05a2c53b,2cd62bc0-da0c-43f5-8eb1-e0cb90d0bd12,,5bdd189c-8321-48aa-bae9-e2962031a00b,2026-06-12T18:22:58.746808Z,0.17,5
720d74c4-b40a-43b0-98de-330c4225e9e2,,38596dec-8166-46b0-8f54-fe9336c487ae,1209a847-3e6d-4ef1-a2ac-448ae204babe,2026-04-23T20:34:02.746825Z,0.2,4
c0ef95ed-fb01-4ea1-80d7-66bb48eeb67f,6e57b55c-419f-4d5a-9e0f-6a06b8fb770b,,ea11794b-9211-4543-87ff-999e6bd73cef,2025-11-01T16:33:50.746937Z,0.22,5
6a68e836-068a-41a8-899c-b27e02b2520e,,cd666914-446b-4bbb-b5da-a949d9e4b37f,80a4d750-7c17-4c78-b91c-5b63cd80c7eb,2026-04-20T10:46:56.746979Z,0.17,4
c3371303-2e58-43dd-97d4-467766ffc805,bf2b13a2-8bd7-45ba-9a26-4840a59aa128,,12e3fbe3-5387-41d3-b055-ed6b543f5f0f,2025-07-28T23:19:25.747093Z,0.14,4
54735d15-ef66-405a-96e6-82fb069b0692,08f8ef0f-aa6b-462d-81a9-c861892c8ec1,,96164111-3295-4ecd-9696-77c13aa1e9c6,2026-05-01T19:19:39.747111Z,0.23,5
2d47bcd9-54d8-4fa2-91ab-697416e6e2da,,a0a46988-0053-4bd3-98eb-5a1a073b0c5d,3198b1d3-c10a-433e-946a-be88a2f22060,2026-02-16T03:09:09.747148Z,0.17,2
1cfa413c-d782-4878-957a-513210f05529,57dbd749-7b4d-4f82-b7bb-4aac6c352ab3,,3198b1d3-c10a-433e-946a-be88a2f22060,2025-12-30T08:46:38.747189Z,0.17,4
2290d834-54c7-4a1e-bf5b-1557bc8ce791,b5893277-2b7b-475a-8b85-665f277f6976,,31a62e0b-956a-4338-9c88-02b3f7ede7b6,2026-05-28T09:54:18.747206Z,0.28,3
0650261e-d86f-484c-b500-c2d807f63fe6,8827c663-8283-4f30-b121-e332ab5acbc7,,ad3fe337-ec17-4244-8e4e-9f2e174215e4,2025-09-03T16:26:21.747236Z,0.21,2
69a070f2-11e7-4c10-947a-c515a23fffc2,46b2e2f2-9440-4e0e-9e81-15ba9bc82d20,,95176c1b-f8b5-4499-af67-49f7732c6c68,2025-09-13T03:53:25.747264Z,0.18,2
aed3d26b-0174-46f4-b094-04864ef10a4e,a1f51051-5815-4ccc-b680-859cc8a9523a,,96164111-3295-4ecd-9696-77c13aa1e9c6,2026-01-30T04:09:08.747283Z,0.28,5
a821587b-e9cd-4285-8942-8ec343763472,,07997abb-320a-4246-a2a3-5a087d766dd6,c9d3792c-59ed-4d20-b80d-de9e5af11e7c,2026-06-01T17:58:09.747335Z,0.28,5
4e32c828-2238-42e0-b00c-0f75fa5181e7,,9de3aefc-466d-4bf1-bfc4-4c61c55acda8,19526f67-9ddf-4aab-b411-0bee51cec320,2025-08-02T05:39:31.747352Z,0.21,2
96fbcf7b-1fc7-41a9-96e5-ca70997c76fe,,37623802-48b5-4ff5-bad7-d1d8776960a8,4dbf9778-98c0-4446-9ec8-916ba556fdad,2026-04-23T12:48:09.747452Z,0.29,4
a7c3f808-6287-4c0b-8a35-06800087cb24,7ffcfcf4-36a5-4ed3-b007-1d25d64f030f,,1cac4b7d-9687-4005-8aba-406a7a82bb35,2026-03-22T17:03:26.747481Z,0.05,1
5e96e702-ebf1-4868-8d0d-4fd3821c9e78,1ae6a029-f385-4b5d-b447-21328103559e,,d98ac824-b1cb-493c-b4dc-fa735d579080,2025-07-29T06:16:54.747515Z,0.11,5
ea7f10d9-5ee8-4fac-bea2-c52da31ae68d,,e1336c61-7642-4c78-8cc9-5c5e0c0ce3e9,0eea6ab9-a379-49ec-9c3a-9e38263db7f9,2025-11-24T18:15:11.747560Z,0.08,2
34d48bb7-6fee-4853-8f31-91266c0c43eb,5bf657c0-badb-4888-9955-cc0cc667fdff,,5bdd189c-8321-48aa-bae9-e2962031a00b,2026-03-31T03:46:03.747578Z,0.22,5
1345abd1-6bd1-46f8-b25e-dae3c0030d97,,1136d0e9-946b-438c-96b9-3c1573d080ac,ec97e4e8-1dee-4099-85b0-85d167c59b15,2025-07-23T05:39:29.747618Z,0.05,2
5728c6f7-231e-44d5-89c0-896bea18a418,4c4b2e6b-1e62-4742-b87f-3e396a760820,,c0dc7454-44d3-4bda-817b-d31875e44201,2026-02-06T21:45:42.747666Z,0.29,4
805fa795-3320-4e0b-bb7a-3b1c87ca8793,e96b0330-2bf2-4221-8c83-a0321dc564fa,,4560ad24-ab8b-4c2a-9a93-593950d0c317,2025-10-23T17:14:18.747730Z,0.27,1
0b8edeb9-c752-4b60-b396-05790cd0901d,,90fbdef1-fa5f-4835-9393-a50197802dfc,1cac4b7d-9687-4005-8aba-406a7a82bb35,2026-03-18T21:21:09.747779Z,0.08,5
993c74c9-de18-4eb1-abfa-9df87f2f4dd0,5cc64a2c-a457-4d5b-a9f8-7fd951f48fa5,,12e3fbe3-5387-41d3-b055-ed6b543f5f0f,2026-04-06T18:45:54.747866Z,0.22,1
e24bbe7a-af19-42e5-9360-7aba791d2aa2,5926d593-9a55-4c12-8e05-e795a7ca689d,,8245b2fb-a8af-474b-8d23-4304a5e9a19f,2025-11-01T07:52:38.747902Z,0.08,1
36cefe5d-051c-4f63-a5cb-cbcd3ddd49f2,dc52679f-ed2d-4c43-a350-50327c99be6c,,ffb35e8a-7d50-4fb3-b500-d6e2b0d928a7,2025-10-21T05:15:16.747925Z,0.1,4
1d3ad732-b756-4376-beb8-f872914905ff,,3535b62e-731c-4f3b-b75f-f90cdfcdfe1d,e4f08e85-289e-40c7-ad90-983f186d02dc,2026-03-07T22:53:34.748010Z,0.04,1
91dbce67-e919-4717-bfc5-b8fb0da52b9a,37c52c6a-bf4d-4fda-8e8d-8d74f697fb2c,,b4cf6a02-8d8f-4f2a-a7d2-b552fe2cffc6,2025-06-22T17:11:30.748086Z,0.16,1
4b01d76a-f7db-4b52-94ba-6950f7b63a66,a0056f36-e02b-4281-91c2-1d9501fb9645,,c3163de1-b9cd-44a7-93e9-588433a1e23f,2026-05-28T03:21:12.748103Z,0.21,4
f1624433-ddf0-44a3-a0d9-808d2d877642,d73af61d-0a94-4835-b3ea-fe140d26a2a6,,181c0491-9549-4f06-acf3-4e0bf1af8724,2026-05-13T03:48:20.748183Z,0.07,4
2e494b5d-2359-4b19-a8cb-786aeb76c375,825bb01c-5869-456e-b77f-eba89ebc2312,,b4cf6a02-8d8f-4f2a-a7d2-b552fe2cffc6,2026-01-10T10:00:03.748218Z,0.08,5
e336136f-e15c-4bc0-b4de-0ed9bdbe6f5f,02df37e7-d9a7-4261-89cf-e625ac86587b,,77016229-03e7-4ace-860b-79ee16b3f42b,2026-02-17T13:31:38.748275Z,0.13,4
9ec1575d-1253-41b3-909f-7386dc0b2332,e9679519-56ba-4007-bae4-1cd922e9f605,,54c76350-7f69-4f75-b451-d79351462bca,2026-04-26T16:43:31.748300Z,0.02,3
ae4a88bb-e16d-47ac-b5ac-a892c11a4ac2,,c7a67dcc-fb7b-4c94-be15-8a31ec60c187,c3163de1-b9cd-44a7-93e9-588433a1e23f,2025-09-30T15:41:20.748317Z,0.07,2
9e2d40f0-27b1-43e4-8888-1e32ed3c37f7,,a7154a96-039c-4417-8d82-621317fb6e1e,c8692397-bab9-445a-90ae-7439cc46cd74,2026-05-28T03:01:36.748363Z,0.15,3
c9241aff-7306-4452-966c-962cb95adf6a,,2c966131-581d-4b3d-acaf-63bf264cd1a2,3b0e25b0-04f3-4476-891e-18d67e3329ed,2026-03-17T14:01:47.748461Z,0.06,3
00494bd8-7086-46fe-9013-9ab27371ea90,750e3190-9384-4e97-9b12-b67b0e25a9ac,,8998e993-9ba7-4ede-965c-cee7af7a4457,2026-01-05T12:59:13.748479Z,0.28,1
7dd2294f-f5e3-4a1d-bc46-5d40d4a088bc,755dc9d4-d2b1-46e3-a1c1-b06013ec4b71,,f980ab87-d699-456c-a96a-e362bfd00c92,2025-08-21T21:49:13.748502Z,0.23,1
1e2c82a2-6fa6-4fe1-a49c-623a86530dc5,daaafc21-ddee-4be2-acc9-cb35709e0993,,17d8280d-5414-49df-ac1c-db72a02c6e18,2026-03-25T12:16:55.748642Z,0.11,2
25f8291d-f000-43f2-a6f5-834b05b22936,,ee510540-64a5-4f3b-82d3-6dd88ec77213,e17a19cd-8381-40b6-8771-702f3a282e0c,2025-08-05T11:48:35.748677Z,0.08,5
7913c027-d3ce-4294-bb79-a0fc7d57a7fc,,52796e9d-5eed-4d8f-8f6b-6d0cb390581e,5bdd189c-8321-48aa-bae9-e2962031a00b,2025-06-23T11:34:00.748706Z,0.07,5
2302500c-7f5d-4deb-854b-daeec1f34b0f,2f7934c3-a58c-4260-92f3-05c4d15d3f3c,,b4cf6a02-8d8f-4f2a-a7d2-b552fe2cffc6,2025-10-12T00:07:38.748723Z,0.27,1
0f9a60e1-b8d6-40c7-81c7-c407e2d4376d,bc2d7a33-bbbc-4c57-bc09-10e08146f5da,,59d6d6c9-1940-4e0a-a3ed-ca04666e89b9,2026-02-14T11:26:06.748871Z,0.05,2
7a39423a-9296-49f7-9d81-3a0fd5257a97,393e8242-9d2a-4f22-904c-c851b62d9ff5,,1209a847-3e6d-4ef1-a2ac-448ae204babe,2025-11-18T14:51:02.748929Z,0.29,2
e084bbbf-b99d-4dcd-81d9-61f8395d4090,284521e2-1408-4fa0-9578-492efc8edfe3,,6f6d558c-4b40-4c66-a4e6-e46524190ebc,2025-08-12T09:20:51.748986Z,0.18,2
17f3bb97-73f7-4d34-b9aa-2640e9a6117b,8380deca-4ea4-449f-a1d0-ed1e4ab52e59,,24a56de7-f7f9-4a74-84ac-6ee7f5d63eeb,2026-06-11T22:59:36.749027Z,0.22,5
71b329e8-b5d3-44bc-b09a-d15960797758,,a849dbdf-6196-4eb0-85d3-142490c897ab,882325b0-d544-426c-b74e-9b64ff3ef4cc,2025-09-01T05:20:22.749056Z,0.15,2
5e23b959-c9c0-459f-98c0-aacf7e1545ce,,a05262d6-dabb-4e20-a8f4-bab9c2fad241,cf9874d1-705f-46b6-b3e9-cbe1e58e3847,2025-08-31T11:57:23.749085Z,0.16,3
732cec75-9927-4edc-88f0-3e29c6e353f2,50d63bd5-61fe-4e78-8ff3-2c6fc971d3e1,,51de8c93-7a17-4f51-ba8f-d0ac995c566a,2025-08-29T06:08:12.749127Z,0.2,2
03aa9207-b530-4720-a6b9-1c4db93c5b4a,9ff27fc3-11b2-42d1-92b1-3d4931281312,,7f6a74aa-f09a-4f60-a39c-a0c68ccf7ddb,2025-10-23T07:23:22.749173Z,0.21,5
2a54b504-c2d1-4302-afe7-166ecf266831,723d20ef-52e1-4d8d-8e5c-c99424c3b0be,,54c76350-7f69-4f75-b451-d79351462bca,2026-01-19T10:00:38.749202Z,0.02,1
26556c96-90db-4872-a47e-ccf4fb55e2c9,50d63bd5-61fe-4e78-8ff3-2c6fc971d3e1,,a85314f2-4706-4d04-af9d-12e821756358,2026-02-24T15:07:04.749236Z,0.09,3
523b2f53-ec5c-4f30-87af-6ea3ff4b448b,,43aa7fad-4901-46e4-a537-3465a853f5a5,370920ed-3f8d-46f5-b78d-f4d5c426c5e2,2025-12-05T14:10:43.749324Z,0.22,1
0eb277d0-fd45-4a82-9713-f2a8d74d9c07,,3c87bd7a-fb86-4926-866e-cd287e7a1848,59d6d6c9-1940-4e0a-a3ed-ca04666e89b9,2026-02-10T01:26:15.749411Z,0.19,5
6e080c96-16ba-42b6-8e10-79bb1017990d,307b46a1-51b3-4526-bce2-af544e5e4684,,3b0e25b0-04f3-4476-891e-18d67e3329ed,2025-08-24T06:04:53.749453Z,0.19,4
5da5ab24-7dcb-4578-8729-08ba2db35633,,40e27651-ab07-493d-99e9-f4153d54a9d6,02310335-8d93-4be9-af7d-55de45097af6,2025-07-23T19:14:22.749482Z,0.1,2
c9749aa3-6f7e-4f07-8103-c804b5fadabd,,d2f83b23-8cda-4077-b8d0-9a3068dd08a1,ffb35e8a-7d50-4fb3-b500-d6e2b0d928a7,2026-02-17T05:48:29.749522Z,0.24,4
b137d1cd-172d-4a67-833f-78fc65e954b2,90b20c66-347f-4f98-9432-00dcc7360c0d,,a85314f2-4706-4d04-af9d-12e821756358,2025-09-06T07:27:36.749580Z,0.03,2
056db162-cc95-4feb-aee8-760ce3df1109,,7ae705bf-af0e-4ab9-914a-8744b4446c0c,370920ed-3f8d-46f5-b78d-f4d5c426c5e2,2026-01-16T08:33:34.749637Z,0.1,4
71309fd1-f82e-4627-ad68-ba5a7f27d946,58c748e0-c1e8-4279-8eb2-b7af473589e2,,6f6d558c-4b40-4c66-a4e6-e46524190ebc,2025-09-19T03:22:44.749666Z,0.1,1
89fcf8a5-cdd1-40c1-964b-b1fad7b0d442,,ef5e2978-e8f1-42b0-84df-8bf14d8082a5,3eb8e419-ccc6-4064-8260-5b43602f9983,2025-06-20T17:30:40.749870Z,0.17,3
08c7246f-7a99-4391-b2d8-be8e209da7b4,755dc9d4-d2b1-46e3-a1c1-b06013ec4b71,,ea11794b-9211-4543-87ff-999e6bd73cef,2026-01-27T00:59:38.749891Z,0.27,2
f9a86698-4fd1-4c57-9c03-94f2f05973fe,81745aea-08e5-4021-a4ad-5139b256656c,,9234bb80-ceff-4626-9cc6-fc6f757ee0d6,2026-01-25T12:37:34.749915Z,0.02,2
794efe93-f62c-4f75-9efd-91aad35cfcf4,,da642999-25c7-41b9-a1e3-62ee61d83aaf,eaf75b03-369e-4f19-9773-1a8ed15cec34,2025-08-17T07:18:37.749985Z,0.2,1
a7893167-fd3e-404f-a8bb-44c96afd1726,2dc4e34e-479b-4900-89c4-b6f717ee896c,,31a62e0b-956a-4338-9c88-02b3f7ede7b6,2026-01-17T10:59:32.750002Z,0.26,2
e65b945c-c968-41d3-af04-1e5e40b8b1bc,2dcca842-c403-4924-9c19-def81bc4244b,,9183c4c5-47db-4e6d-af05-9eafe1f586a0,2025-12-06T18:09:31.750019Z,0.01,3
59bbb823-2d00-4cba-97a5-04661b82f8f0,,aa80894d-3f37-4fff-b8e9-26c8de050173,5e2bc8e4-1797-4c5f-82a7-e5f343789acd,2026-05-18T23:50:16.750048Z,0.22,3
5dda7d51-34e0-446a-88bb-58b37538c8aa,042102a1-7598-4ea5-a80c-28a54e7b5715,,dc65cf1c-922f-4f2a-be7d-7f596ab58867,2025-12-26T17:16:27.750100Z,0.13,2
36897911-9bff-442b-b04a-a8e18a4a9122,,2dba38f7-bcbb-47ad-9da3-260970cca417,bdfcdbcc-7d63-4ecb-9a8f-8ae73ee085fb,2025-08-11T10:25:24.750168Z,0.11,2
fa43e6d7-21f1-4bcf-b6dd-399a06b5dd59,f39c2618-4169-4953-a205-2049fc8b422b,,1e19d020-8de6-4885-b1d8-2b9aff3f3d33,2025-07-20T07:34:32.750191Z,0.27,1
647c6cde-65cd-4405-8697-1b9acb80a0dc,,c197d494-e3d3-401d-8953-183f26a2be13,262281ca-9da1-4f48-bcc9-dac7c497ca85,2026-02-09T22:16:02.750249Z,0.22,1
5a1243db-d158-49e3-bb56-950d65eb8078,5c317db8-eada-4482-8e89-ba5590a15d7d,,8245b2fb-a8af-474b-8d23-4304a5e9a19f,2026-03-11T22:16:50.750296Z,0.19,3
3df76c99-5cd4-4a12-9e6a-c93b206227ce,4d91b12c-8c53-4afb-a6c3-c1d4c4eb0f6e,,3198b1d3-c10a-433e-946a-be88a2f22060,2026-03-31T01:06:17.750365Z,0.16,2
4b7eef12-f7b9-4c6b-8fd4-1fc8b0779b42,4cff4e20-7ce9-456d-b799-4fed7c534f0d,,af5481f4-1ba7-4d45-aaf7-51c47a71875c,2025-12-17T14:56:00.750382Z,0.02,4
6ea2718a-25a6-4f02-a9ad-e9d0987f36f8,,31b8f6ae-edbc-4c43-b9c8-e2e7d8d497ce,51de8c93-7a17-4f51-ba8f-d0ac995c566a,2026-03-06T10:13:08.750400Z,0.12,3
98a62e3e-87c8-4f93-9d4b-39edfbcc09f9,ee6d6129-cdb8-4e94-a4d5-1d1717ff13ff,,80a4d750-7c17-4c78-b91c-5b63cd80c7eb,2025-11-14T09:03:38.750417Z,0.17,5
2abb5a2e-408c-49dd-8a15-26609b1f34b2,7b1f75b4-44d7-4ed5-9c63-74b7d6d2032f,,95176c1b-f8b5-4499-af67-49f7732c6c68,2026-02-28T14:50:06.750477Z,0.15,4
5b2c4027-fdcd-4231-ac8d-d126da1b3606,,4be0389d-9bea-407f-8670-f69547edabb0,262281ca-9da1-4f48-bcc9-dac7c497ca85,2026-06-03T17:41:16.750529Z,0.29,4
0db42a20-b6b4-4451-a80a-94cada30a6e6,bc2d7a33-bbbc-4c57-bc09-10e08146f5da,,5e2bc8e4-1797-4c5f-82a7-e5f343789acd,2026-02-03T04:48:08.750570Z,0.26,1
f4aa4a84-2f7e-44ca-a4ca-bb1ff8505198,4a5c6de9-e24b-4808-a544-9bd7c3cb8fed,,02310335-8d93-4be9-af7d-55de45097af6,2026-06-01T08:51:05.750599Z,0.02,4
91205beb-c442-49df-84dd-80df92141de1,81745aea-08e5-4021-a4ad-5139b256656c,,d98ac824-b1cb-493c-b4dc-fa735d579080,2025-12-20T00:53:09.750636Z,0.01,5
107ead37-ef34-49b7-8211-373e6bd9e832,00ca2b1f-8a0f-4552-bd32-c770a13c2b62,,31a62e0b-956a-4338-9c88-02b3f7ede7b6,2025-10-09T22:10:37.750675Z,0.02,4
c6b2a77f-3c73-4f01-8c71-587ba8d4ed0d,e56bf6e0-1d91-4983-8a4b-9c738c58c2e5,,242a17b5-0a2b-4177-a01c-b2d07b8435df,2025-11-15T23:09:31.750705Z,0.17,3
973b4bad-34a6-408b-9bf6-0b374f6e70d9,,8fec1abc-5275-4829-abbd-768afb928f7e,e17a19cd-8381-40b6-8771-702f3a282e0c,2025-10-03T15:02:57.750745Z,0.19,4
edb4b181-42e7-451f-a4d5-10c03269f052,bbacff3d-da6e-4bc0-a25b-80425273eeff,,8dd60692-d201-4c50-a580-7850c1e95f00,2025-09-16T13:45:42.750762Z,0.22,4
2a13e6b1-edee-4b3a-b4f8-26f08f910c4f,,8e87a553-61e8-4d71-9a3e-58cf564bff8e,181c0491-9549-4f06-acf3-4e0bf1af8724,2026-03-14T06:58:52.750843Z,0.3,4
a90d9864-58bc-4889-9f39-ed0c249e8c52,e96b0330-2bf2-4221-8c83-a0321dc564fa,,3eb8e419-ccc6-4064-8260-5b43602f9983,2025-06-24T22:26:24.750875Z,0.12,4
4250eac0-0f3c-4517-b4a0-d08115f28f8c,38d8fe88-7a5a-465e-83d4-7a21757f37cd,,95176c1b-f8b5-4499-af67-49f7732c6c68,2025-11-29T03:02:13.750904Z,0.16,2
e9cb662e-338d-411a-a926-39ee60f7ee65,66f4385b-9519-4c6a-981c-c650a69bdb4a,,eae4837f-4e9f-40fb-a287-f3ea4195f02e,2026-05-25T23:26:46.751006Z,0.05,3
dfed0a57-718c-4562-a60f-a86623c4c0dc,,6abc6d55-0ea2-4eb2-8e1e-e0b82d049dac,464065f2-15f0-4a2e-b25d-516dfff9dcca,2025-06-20T23:49:27.751046Z,0.08,4
04e94981-b6f1-4b4e-af8d-32f2586d6f4c,,17824ab2-7dc3-49e4-afb9-4e64793a0b3e,24a56de7-f7f9-4a74-84ac-6ee7f5d63eeb,2025-09-16T03:48:17.751063Z,0.05,5
e9b9e5db-0849-431f-a64a-2ae90cfa5d8d,,2800c7f4-d7d4-4f5e-b300-a940498ced16,58b8f572-3bba-4143-9f32-b6fbe9afedb9,2026-02-02T12:38:55.751081Z,0.25,1
cf92ca73-a804-4033-ba01-4f6f67d1fb62,27cc181c-2196-4226-bb41-96405f7b58ad,,262281ca-9da1-4f48-bcc9-dac7c497ca85,2026-01-26T00:12:52.751110Z,0.21,1
9daf2137-3b03-41bf-a3d6-cdeed713f02d,,32ccfd1c-3389-4cf9-9cee-913c4e1f10b6,370920ed-3f8d-46f5-b78d-f4d5c426c5e2,2025-09-03T22:13:19.751127Z,0.2,4
0059c975-fffb-4ae2-89d3-2dfa0e233970,,ee6742f9-8ec4-4939-918b-3af115227928,34b6ae28-67da-41cb-83b1-c97b33dfdb64,2025-07-11T08:55:25.751215Z,0.26,1
6e82735f-3ee6-49f9-be0d-a3513a1a602d,fbfdbb51-843d-411c-9496-2d9fc6aa2df5,,805d0c82-7625-40a2-ac29-8f766fc3f6ff,2026-03-23T16:23:08.751244Z,0.02,3
7e466786-ff14-4614-818a-6e87c075ea37,0789256b-0781-44b8-87de-82a9880227cb,,4dbf9778-98c0-4446-9ec8-916ba556fdad,2026-03-16T04:08:46.751266Z,0.01,1
a8fc1c84-dd07-4c43-96ae-aea2654c2a10,,302bdd09-bce4-4d9f-a0a5-1bf163549b43,1cac4b7d-9687-4005-8aba-406a7a82bb35,2025-08-27T20:45:55.751289Z,0.06,1
1e7ca839-b7e7-428c-9b97-5a5c7ae4daf5,,9cf4f702-7405-4461-8819-c3e39f470aa9,b4cf6a02-8d8f-4f2a-a7d2-b552fe2cffc6,2025-08-21T06:46:06.751324Z,0.13,1
9c1349c2-7816-4d42-b4aa-48631688c829,,f4441e50-7d69-40a8-8ea1-17fa29cfa3fd,c0dc7454-44d3-4bda-817b-d31875e44201,2025-08-25T21:33:50.751412Z,0.24,1
7cc6509d-ace9-4b5a-8867-9121f2e6326f,24629382-0184-4ee9-a7ae-6b330bde3774,,22a51531-4be1-45dc-9e5d-2c9c0df0de82,2026-01-08T10:46:28.751440Z,0.23,1
a3a75c37-17ee-420d-ba07-7d2d1d3288e6,3e44a27c-9bd1-4833-be31-5443fd5f30da,,370920ed-3f8d-46f5-b78d-f4d5c426c5e2,2025-07-11T01:52:35.751465Z,0.12,2
216ae63e-dc57-4ee6-beec-e72fef3e92ca,bb57e5b7-892f-4015-b5c5-9165eddab54b,,262281ca-9da1-4f48-bcc9-dac7c497ca85,2026-03-23T16:43:16.751512Z,0.22,5
551a4d87-70bc-42c9-a05c-4af9bd413a72,3e44a27c-9bd1-4833-be31-5443fd5f30da,,c0dc7454-44d3-4bda-817b-d31875e44201,2026-02-23T05:13:54.751536Z,0.09,4
589e80f0-b506-44e1-a454-a44ac2d77dd8,0e0fe04f-f176-4fb6-8d0a-82fe1691ccd7,,ffb35e8a-7d50-4fb3-b500-d6e2b0d928a7,2026-01-20T06:59:40.751553Z,0.07,4
65195a5a-6c64-4c4a-b3f1-02a8f1fd56cf,6733c67e-27e3-4470-b212-033cdbebfc91,,14c50a07-309d-4aac-8004-a94d51e3ca87,2025-12-22T19:14:52.751582Z,0.0,2
0584b89e-6b25-46e1-934c-29fb46d77e48,7c0bba81-fc80-4e18-ac26-123b81363c49,,8245b2fb-a8af-474b-8d23-4304a5e9a19f,2025-07-05T15:11:38.751624Z,0.19,1
48209310-1f2f-46d1-a01f-4f7b9faf07c7,,56813f37-f784-415a-9264-ab5321df0ea6,6b85123c-b94f-4258-9142-0599eff0a787,2026-03-12T07:00:02.751658Z,0.13,5
383fa468-5e8a-415a-9b3b-e32496862743,71ce25f5-0d70-476a-8e30-7d8c01c702cb,,882325b0-d544-426c-b74e-9b64ff3ef4cc,2025-12-04T14:22:27.751704Z,0.29,1
db3f7ba3-3322-41b7-9bab-1581428817e5,abef59d4-32b8-4336-b7dd-9f375c1ce473,,ea11794b-9211-4543-87ff-999e6bd73cef,2025-09-03T09:20:30.751808Z,0.22,2
a99bb24b-ba1e-40d2-88bd-d971bf810506,8380deca-4ea4-449f-a1d0-ed1e4ab52e59,,ad5fcac7-aeb1-477e-b4a7-962a3e8bd739,2025-12-02T12:25:53.751825Z,0.03,2
9ee255be-b0b6-4f20-ad5d-89a2d3b837ab,ef9cd077-1222-4ebb-8809-c0d061d6e69f,,37727a64-f037-49a9-bcf8-086215ecb7fd,2026-03-06T06:36:18.751865Z,0.14,4
79ba6567-1f67-4174-aebf-5d482f283c25,2020cf92-33bc-461a-bc2c-dcf46acc0da8,,39e9c2c9-901f-499e-8c46-57804a2f9255,2025-12-15T11:53:32.751905Z,0.09,1
636849ac-9c5c-4b9b-9b40-c330e3b6bebd,,5dbf7135-19c4-44f4-89f2-39febb1b4bca,31a62e0b-956a-4338-9c88-02b3f7ede7b6,2026-05-03T10:07:07.751936Z,0.27,4
b48320da-2521-49b2-868a-48b1b0ad5d97,,03820f90-6ba5-4385-bcba-b5c57d7c9400,8ac69fa0-f2a2-4e7e-8d20-db1696a88a49,2025-07-03T16:21:34.751964Z,0.23,2
657f8ddc-36c9-40e3-abcf-d22c2d123829,,59feea34-77f2-481e-8c57-eec5c968ae62,a81b33a7-ba53-452c-8801-04aabe7f038f,2026-01-28T12:51:32.752040Z,0.27,3
be7e6b02-23d8-4923-bb78-e10b767bc87c,ada08aee-5c6a-496c-ac31-9874d65fa9e1,,27366ea9-7d9d-40ad-ab66-17f827a45e78,2026-02-09T23:16:56.752069Z,0.21,4
f1ae26fd-fe4f-44b0-945b-27214c855d5f,704ed6b2-33df-4a7c-9e2f-e37d650c515e,,af5481f4-1ba7-4d45-aaf7-51c47a71875c,2025-07-09T09:01:23.752091Z,0.18,2
5bcc6fc1-ca3e-454f-a32a-0930b5739c3e,,774b6e79-c264-4482-b7de-ff9da5036544,250b4af0-e307-4429-bc29-3797dfce07ad,2025-09-22T05:51:26.752121Z,0.17,1
ef0463e3-c530-498f-bc8e-aed56a79f0ee,081dd653-126d-48c5-8df5-309a2eb542f2,,59d6d6c9-1940-4e0a-a3ed-ca04666e89b9,2026-01-02T21:50:31.752156Z,0.11,4
3d785998-2ad2-4479-8a79-651ed6ca3c7a,fc734de3-f02e-44d9-b400-98a8f542d580,,a2aa5c5f-237b-4acf-bd4d-896ec1b7d815,2025-07-15T19:56:12.752173Z,0.06,2
874274a6-e251-4d04-8e00-055df392dfb9,4c56e24d-31c5-433e-861b-a265429a86eb,,19526f67-9ddf-4aab-b411-0bee51cec320,2025-07-20T14:17:42.752202Z,0.0,1
24b58091-ee17-4c94-90cb-2ec11cb544ff,,5f255ad4-43b2-400c-a6a5-872cd6dccf0b,242a17b5-0a2b-4177-a01c-b2d07b8435df,2025-06-28T02:26:30.752226Z,0.01,1
39f441d2-ce82-4bf1-8939-585f20e6341f,04f36282-fbff-4c18-b7e3-c386d0acdabf,,5bdd189c-8321-48aa-bae9-e2962031a00b,2026-04-20T23:11:16.752254Z,0.04,4
29dfae98-2580-421b-a1a4-3ba293d92aa7,518f6089-7637-4b06-a632-afa91eeb04b9,,370920ed-3f8d-46f5-b78d-f4d5c426c5e2,2026-01-23T18:05:33.752271Z,0.05,4
c7ea5421-3114-4f69-b6bd-3a1797dc44c2,4e25a264-6ccc-46db-a66c-7060def6d1f1,,372ded30-38b9-4299-bf0d-124cb3f95d09,2025-10-14T02:26:58.752294Z,0.28,3
d8b5c2ad-a35f-442e-934d-80e4b71e4b4c,,deef467d-2b5b-4ee2-b5c0-4601bcf573ae,a81b33a7-ba53-452c-8801-04aabe7f038f,2025-12-23T19:55:17.752311Z,0.2,4
9a8d3818-9fdb-4b23-8300-999c5b027d9d,,faa39b03-0f21-41e4-a01d-279202dd9648,805d0c82-7625-40a2-ac29-8f766fc3f6ff,2025-12-24T03:22:37.752352Z,0.12,3
9e230d14-848f-4355-8553-551e00393ec7,,6d081633-623a-47c9-93c5-9d232296d956,25370a5c-dc1e-4a10-bfdc-ad1bca8f7981,2026-04-30T10:41:41.752371Z,0.09,1
cbe24045-bd88-49e2-9d1a-029d0756da7e,584dce34-f543-4297-a4aa-0427585c5c9e,,ffb35e8a-7d50-4fb3-b500-d6e2b0d928a7,2026-04-27T03:13:18.752389Z,0.24,3
d1b7765a-fac8-413a-b3d6-37f6546bb29b,a2590639-6168-4882-9f9e-122d8a03909d,,f6f56971-131f-45a6-8e96-4504bb012c40,2025-10-13T19:39:45.752431Z,0.17,4
bbc3584c-d5c4-4723-a950-92cddb94d720,,96e9ac72-e7df-43b8-8aab-5a7f7a8a9289,242a17b5-0a2b-4177-a01c-b2d07b8435df,2025-12-09T10:35:53.752449Z,0.15,1
3e467b84-9236-4ad8-9490-f4a7483e2943,49da153f-b4fe-4c8c-80bd-3929f8491250,,4560ad24-ab8b-4c2a-9a93-593950d0c317,2025-07-22T08:38:56.752466Z,0.11,1
ea423992-a505-4829-9ee7-32b69182cb84,,4b2c2db7-0050-4313-bf72-fb52ca03e63c,242a17b5-0a2b-4177-a01c-b2d07b8435df,2025-08-31T04:48:28.752483Z,0.17,5
13a42fd4-c92e-4b00-8890-9043441a2c46,075c9b58-ca2b-4b1e-85cc-c56602c4ab69,,bdfcdbcc-7d63-4ecb-9a8f-8ae73ee085fb,2026-02-07T04:43:50.752502Z,0.02,5
5d5d255d-8307-4f75-9cd0-eac35c425254,5926d593-9a55-4c12-8e05-e795a7ca689d,,54c76350-7f69-4f75-b451-d79351462bca,2025-08-22T02:23:27.752583Z,0.29,3
952f19f9-d181-4877-be58-c04f3010e9e1,d8a7239b-0dda-4d60-a52b-152115c39c3f,,f3339075-6de3-4983-84ef-c23595b30f1c,2026-06-10T22:26:33.752601Z,0.28,2
f5e27b17-2d99-4d42-af46-0c2e35ba3a04,,7e167be0-d55f-4778-b272-be20104c2e42,ec97e4e8-1dee-4099-85b0-85d167c59b15,2025-08-16T21:01:57.752642Z,0.26,2
48744773-a6cd-4ee0-849b-4cde2c7cbbc3,,4b97ff0a-08cb-41a5-8b30-9e5c9aebe6e4,370920ed-3f8d-46f5-b78d-f4d5c426c5e2,2025-12-25T11:54:02.752659Z,0.11,2
d37bc8fa-f413-48b9-82ee-4d30944e1e36,5c317db8-eada-4482-8e89-ba5590a15d7d,,262281ca-9da1-4f48-bcc9-dac7c497ca85,2026-02-24T04:37:25.752680Z,0.26,1
f5dc70cb-fe7a-451f-9cff-ef317a25b1d0,,41c6c430-9e19-4c61-af25-4fcedbcf3e24,ffb35e8a-7d50-4fb3-b500-d6e2b0d928a7,2025-11-17T21:22:41.752704Z,0.08,3
aca084bd-ee43-4ff3-9213-13e80a494e6b,35c10b5b-773c-4ae2-979d-7a7d3fef1e48,,2e4f561e-34fc-4f84-969f-fafa2cfe8587,2025-11-11T18:10:31.752803Z,0.02,4
370a9769-965a-48fa-9d31-a6d84c9af656,ac74d504-fc8a-4598-ab45-fe9b0c52e06f,,f0bc20ac-801d-4401-bafa-1a2d45fdf2fd,2026-05-29T23:54:14.752832Z,0.04,4
ebc82cd1-bb17-42a0-81d9-18219e2815f2,,2ba85955-d8b5-42d8-b8c6-20b2271d5add,96164111-3295-4ecd-9696-77c13aa1e9c6,2026-01-25T02:11:06.752861Z,0.21,4
aad7770b-2227-42ef-be10-317ba39e3c58,16346993-23ec-449d-8f4b-c7d0d31cf7ba,,6cf1c788-97e2-4ecc-b9a3-f96831a30d8d,2025-12-08T16:54:04.752878Z,0.17,3
321060e2-9299-44bd-a76d-018b4a35b5bb,,279c54b9-9396-43e9-832d-b0827cabd861,250b4af0-e307-4429-bc29-3797dfce07ad,2025-10-10T01:05:12.752930Z,0.23,3
25149182-8e0f-400e-b777-335506f0fdde,70de7a55-61f7-4dc3-a849-259b83d39e6f,,bb3acd74-a761-49bd-b7bc-fbf35502e696,2026-01-24T18:58:43.752947Z,0.14,1
566f4b14-4d42-47df-9288-b0e5ab8f6c94,,672c17a3-e8af-4c4c-bc0f-7c89d34f4edb,19526f67-9ddf-4aab-b411-0bee51cec320,2026-04-28T15:19:53.753040Z,0.13,1
ba6af9ce-b9ae-406a-b21f-c5363082a704,,98270779-bcfd-43b9-a93e-57214a0486ef,a7af19b9-f0fe-40b8-9d1a-c7fcda914ea2,2026-06-01T06:36:52.753057Z,0.07,2
d4b487a1-d911-411d-b109-73c9320e0bfe,7f154fb8-3f46-4cc7-af4f-d6665b2ed14b,,af5481f4-1ba7-4d45-aaf7-51c47a71875c,2025-12-21T06:15:16.753098Z,0.03,5
a8a453ab-c73a-4ef5-8022-af343c22aba9,f67dbfa0-ba5f-459d-a062-6f1f31dec761,,145417d2-0475-455c-bfdb-23ddc2020330,2025-10-17T22:56:39.753115Z,0.03,4
f2bc4d43-bff7-43d5-87b2-db5af3cbe91b,,a11dd7b3-1068-4f91-a2b9-bd7effbc8723,c8692397-bab9-445a-90ae-7439cc46cd74,2026-06-16T06:01:57.753140Z,0.1,5
eb280f7b-1508-4f3d-a9b2-f86c061de2d1,,3db73a06-e489-44c5-ac85-866710e4e558,22a51531-4be1-45dc-9e5d-2c9c0df0de82,2025-11-17T11:23:55.753181Z,0.07,4
1407d3d2-9e30-46a4-a28b-58402f9f0704,,9b510c52-2319-44dc-b608-52defc0f3d13,c8692397-bab9-445a-90ae-7439cc46cd74,2025-09-09T14:28:52.753227Z,0.09,4
74366107-341b-4e56-b893-a94ce5b02f82,fa758a21-f806-45a8-88df-4b03b0e7acb4,,ffb35e8a-7d50-4fb3-b500-d6e2b0d928a7,2025-08-25T07:50:18.753244Z,0.28,4
827ae26b-6344-4363-a27b-925559f82360,,a01bbd45-20ff-45c1-bea4-7ff0366c5684,02310335-8d93-4be9-af7d-55de45097af6,2025-09-29T14:19:23.753273Z,0.07,2
5c5e5aa3-8404-4a8a-ae3b-1df8e2cd0499,62fa8cfd-924a-462b-9362-8a50b950a6f2,,1209a847-3e6d-4ef1-a2ac-448ae204babe,2026-03-18T17:04:54.753291Z,0.13,2
c82eeffe-850d-4fa8-b3d2-31dd1a6a8995,7f154fb8-3f46-4cc7-af4f-d6665b2ed14b,,a2aa5c5f-237b-4acf-bd4d-896ec1b7d815,2025-12-24T17:35:07.753337Z,0.14,1
22da863d-c6f5-4928-a973-b5f6f0c0e3a5,,16888e64-f1b8-49ed-bc84-0bcf0d48c149,805d0c82-7625-40a2-ac29-8f766fc3f6ff,2026-03-11T05:02:10.753415Z,0.3,1
cf7ffc9b-6b72-4ec9-8312-d4a789290c3c,,826b73e9-e1d8-4dda-bb7b-78bf32c6a7c2,262281ca-9da1-4f48-bcc9-dac7c497ca85,2025-12-18T18:56:13.753433Z,0.19,1
b749ae3e-2f71-40c0-aea1-bb97534e9a30,,b08f994f-c3cf-47a0-9cec-b57d623f4dc1,dc65cf1c-922f-4f2a-be7d-7f596ab58867,2025-11-05T01:45:43.753469Z,0.02,4
98d00851-2704-4216-abf2-dd20181a56f3,24240383-abe7-4470-be69-d968d0fd03ec,,22a51531-4be1-45dc-9e5d-2c9c0df0de82,2026-04-12T23:07:57.753556Z,0.02,2
8ef64257-1a8f-4030-806c-4379835024ad,,faa39b03-0f21-41e4-a01d-279202dd9648,0eea6ab9-a379-49ec-9c3a-9e38263db7f9,2026-03-23T10:07:45.753654Z,0.21,2
a3ee8f7f-dadf-4af4-b806-4e2f178048a6,94c2eb26-5544-46e3-81c9-7c10ba8d378d,,17d8280d-5414-49df-ac1c-db72a02c6e18,2025-07-11T03:27:03.753707Z,0.12,1
f9712ef2-bd1c-4fd1-b895-60fd589670de,e9d8031c-e926-486d-aa20-2cdbb0252049,,b4cf6a02-8d8f-4f2a-a7d2-b552fe2cffc6,2025-12-12T00:49:50.753737Z,0.05,3
ab776279-1645-4a4c-8b7b-18c45c743556,4e177d60-5959-49c5-bcd4-1d77c4ff1a95,,370920ed-3f8d-46f5-b78d-f4d5c426c5e2,2026-01-14T06:11:37.753772Z,0.08,1
b759a071-8b43-45c4-8c48-e4edb0ef4b48,1fe9a4fc-5f35-4aa3-9406-fde8490f740b,,37727a64-f037-49a9-bcf8-086215ecb7fd,2025-09-14T10:20:41.753818Z,0.1,3
8e5fb83b-45a4-4d7a-a4f9-91fadde4b3a9,b6e2a889-04f2-41cd-827d-1c8d679cd520,,174b1816-01c1-46c2-8a46-6e6ad57e5965,2025-11-14T05:29:38.753842Z,0.0,2
792bb3ef-c5a2-4156-bc2a-915c98a29fb1,c19b95f5-3a9c-4cd3-b5f7-dd277fa82f4c,,99a57440-b846-4581-bc1a-44f38a214cf6,2025-10-23T18:47:02.753871Z,0.06,3
6c60df88-e322-4b60-a698-6b5a09faf83b,5ae1f454-5ad6-4bbb-9ece-4d9266d4fae4,,882325b0-d544-426c-b74e-9b64ff3ef4cc,2025-12-16T08:06:01.753889Z,0.29,2
d354eac3-de9a-449b-9a6e-eec7d3200989,dd263c9c-e558-4bca-8114-66d0fa78cee6,,c6fa1138-4ec2-4637-9504-2749bc13e06f,2025-12-25T22:21:28.753912Z,0.14,2
b822e5ec-c54b-46ad-9f6f-6a2ffaeed10d,38bac53d-813a-4fec-a36b-81693c06e94a,,23c26c56-4049-472b-850f-65f46207be56,2026-05-16T22:12:29.753929Z,0.07,2
0cd8f1a0-0dd0-4329-94c9-c6cffe9b3b18,1f210a6b-e1a4-4c39-93db-4d5b7da526e6,,9183c4c5-47db-4e6d-af05-9eafe1f586a0,2026-03-23T21:30:45.753946Z,0.25,5
0b2e3c09-fcec-4d73-9d55-4091e716588b,507e7c35-3a3b-498a-8cb9-fdad839946f1,,372ded30-38b9-4299-bf0d-124cb3f95d09,2026-04-24T20:45:51.753970Z,0.01,1
d133af4b-c829-4101-bcb6-83cf5224f258,,2ca7d1bb-76cc-47af-bb20-f3811c4c98b8,242a17b5-0a2b-4177-a01c-b2d07b8435df,2025-10-10T14:37:44.754072Z,0.11,5
36f0ad63-be4a-4de9-a6e9-5d0b3b3641f9,,49082170-0cd0-41a6-8515-78ffb787f0c6,181c0491-9549-4f06-acf3-4e0bf1af8724,2025-07-24T12:34:13.754100Z,0.09,1
9781adfb-fe6b-4ed5-9c1c-84696a1017f7,,ac9ebf3f-81e1-41d5-998c-3f55029dd6d9,34b6ae28-67da-41cb-83b1-c97b33dfdb64,2026-02-08T22:08:43.754129Z,0.1,3
5ec9a52b-cb04-445a-a947-08b8e93a71f4,,e7d67336-6a14-4916-be05-9a9ea1cc62ff,23c26c56-4049-472b-850f-65f46207be56,2026-01-09T15:31:03.754182Z,0.18,5
c5d70ac8-1570-495e-85bf-6ac4785f2bcf,dc52679f-ed2d-4c43-a350-50327c99be6c,,1e19d020-8de6-4885-b1d8-2b9aff3f3d33,2025-07-03T16:09:19.754199Z,0.26,4
35a610ba-2e9b-4706-be84-6629e72cca58,40cae0e9-cc22-45b7-83f8-5ca5013987c5,,c8692397-bab9-445a-90ae-7439cc46cd74,2025-08-11T06:12:45.754228Z,0.05,2
509c45fa-4fa9-455f-ae6e-081bc47f02e9,c13c3f9b-c525-4034-bd65-30290e0dce41,,17d8280d-5414-49df-ac1c-db72a02c6e18,2025-12-06T12:55:47.754311Z,0.09,2
d8aba31c-2ad6-4e9b-9ef0-8d294b8e7315,6ea8ea9b-65e2-40e2-b1bf-17f6e7e339da,,9183c4c5-47db-4e6d-af05-9eafe1f586a0,2026-02-20T12:51:30.754335Z,0.13,2
d4c51029-a93a-4f02-860b-daa229b20357,38bac53d-813a-4fec-a36b-81693c06e94a,,b4cf6a02-8d8f-4f2a-a7d2-b552fe2cffc6,2025-11-20T03:01:48.754369Z,0.17,4
2ca0a8a8-f4ad-487a-84c7-986bda8fde7c,bb57e5b7-892f-4015-b5c5-9165eddab54b,,372ded30-38b9-4299-bf0d-124cb3f95d09,2025-06-26T09:42:10.754414Z,0.17,1
36be1110-dcf1-46e4-9c35-27e890951c41,,ddaa98f7-5cd4-4f49-949e-dbabe3b98789,ad5fcac7-aeb1-477e-b4a7-962a3e8bd739,2026-03-20T14:45:38.754517Z,0.19,2
e5b3b267-f46f-4df6-9003-f8fec6c94e59,556103b6-69df-46b1-9c1b-4d9cc3dad857,,ad3fe337-ec17-4244-8e4e-9f2e174215e4,2026-05-04T21:31:12.754547Z,0.05,5
90d6bfec-c993-4b18-8ec9-0faee16d68a8,b6db8d1a-217c-47a2-a209-d08ec9cbf2d0,,6b43d3b7-aca8-4905-9318-b1c3fbed419e,2025-11-30T17:22:43.754576Z,0.2,3
515f77e6-37e2-456f-bf1f-e9ba3b3147dc,,259ea425-71d4-4249-9524-a28b829f44b3,22a51531-4be1-45dc-9e5d-2c9c0df0de82,2025-10-18T04:32:03.754772Z,0.08,5
2ed6dc72-af61-42a4-b117-4fca2f405bec,8827c663-8283-4f30-b121-e332ab5acbc7,,39e9c2c9-901f-499e-8c46-57804a2f9255,2026-03-03T10:46:11.754789Z,0.1,5
d7cbf59b-f452-4d48-9586-ca5ee18e81d5,,e3dc27fa-1a40-47ec-966c-69e204205122,8998e993-9ba7-4ede-965c-cee7af7a4457,2026-05-15T06:08:54.754876Z,0.03,2
df380bdb-e4fa-47cc-8804-c214a0706def,,3b7033fc-b1c6-4ff0-9c88-06f2b0afca46,eab47c6e-60d0-411e-ade2-82fc0a973fef,2026-06-05T11:41:25.754899Z,0.27,1
37d6e0df-284e-43b4-9df1-9aeef0b24f7e,48d4d733-056a-40c1-809e-9644d46961d2,,12e3fbe3-5387-41d3-b055-ed6b543f5f0f,2025-08-25T04:00:02.754916Z,0.21,2
e245a645-9822-4088-a39f-7bfc2a20f765,4f82579a-270a-4e62-9755-662aa16d3159,,ffb35e8a-7d50-4fb3-b500-d6e2b0d928a7,2026-01-10T15:11:39.754934Z,0.07,2
a63a0ecc-6730-4fad-b93f-936ed94dad21,,826b73e9-e1d8-4dda-bb7b-78bf32c6a7c2,181c0491-9549-4f06-acf3-4e0bf1af8724,2025-10-11T03:12:11.754987Z,0.03,4
7fb6580a-0902-4d4e-a7ae-ba16c891a9ff,336fe19f-6533-42e4-9889-9f123cfc4a1c,,f980ab87-d699-456c-a96a-e362bfd00c92,2025-12-29T18:12:54.755015Z,0.02,3
6e080fe0-ee90-4d38-a284-00c32bf4b9e9,,80327e1f-dc95-4dae-9cdf-b91d4f40774d,95176c1b-f8b5-4499-af67-49f7732c6c68,2026-02-21T19:14:13.755079Z,0.14,1
8dfb4694-a806-407d-90c0-a76599b5b076,,80327e1f-dc95-4dae-9cdf-b91d4f40774d,80a4d750-7c17-4c78-b91c-5b63cd80c7eb,2026-04-04T10:11:35.755109Z,0.26,2
056d25c6-8a4e-4900-a32f-ec219c2fa8f7,,03820f90-6ba5-4385-bcba-b5c57d7c9400,262281ca-9da1-4f48-bcc9-dac7c497ca85,2025-11-29T04:05:26.755156Z,0.14,4
8d975a76-fb36-4bf1-951f-43e19e4936f5,5bf657c0-badb-4888-9955-cc0cc667fdff,,1cac4b7d-9687-4005-8aba-406a7a82bb35,2026-04-01T10:01:46.755201Z,0.04,3
7210dbe4-e0bb-4bf3-a041-b0e917d35aee,7228b3d7-ca33-490a-b2e0-810ee8eb72a2,,22a51531-4be1-45dc-9e5d-2c9c0df0de82,2026-05-18T08:50:46.755364Z,0.01,2
cc48647d-cde7-4568-a927-47096b159b88,,5c2611cd-1adf-4a7c-aabf-d1b1fb9b118c,37727a64-f037-49a9-bcf8-086215ecb7fd,2025-09-19T10:51:35.755382Z,0.02,5
e352807b-2ba0-4c5f-9487-b7b9a40888e3,,5038af7d-ae78-4303-b936-556a926b6ce7,242a17b5-0a2b-4177-a01c-b2d07b8435df,2026-02-07T20:53:14.755509Z,0.22,5
647dcebc-0797-4b04-ad9f-54ff7e13b3e8,,2ac5c546-8128-4fd0-bba2-a35e1d9f00a8,372ded30-38b9-4299-bf0d-124cb3f95d09,2026-03-13T02:17:56.755572Z,0.21,5
45f1fab4-0dfb-4eca-a2e0-f110c3d58248,f0edb850-bb09-4ec3-9a80-d80a81143035,,4f829757-7e33-48b8-9950-69136f62b668,2025-07-09T10:36:51.755613Z,0.04,5
f8cce9dd-83b7-413c-b73a-b47f51b74e6d,54352cc7-79ae-49ac-9bff-3462af44cf4d,,4249ce6f-0248-4265-950f-9f03188f5497,2025-11-05T02:04:41.755630Z,0.16,3
02627bc7-26ae-45fd-9927-f45a07446179,83e48783-daeb-493d-8c48-229e2c47c5f1,,58b8f572-3bba-4143-9f32-b6fbe9afedb9,2025-10-31T11:13:36.755661Z,0.24,5
423aa135-2dc2-43c8-8b1a-9a9b35b930a4,82e244b2-87a6-48ad-b9c6-ab291657e7de,,ec97e4e8-1dee-4099-85b0-85d167c59b15,2026-01-23T16:44:18.755685Z,0.19,5
c3a02d86-1882-492d-9e5e-e2efb6919b1c,8c6e883e-fda2-4512-b521-4d5e4f1a24cf,,a7af19b9-f0fe-40b8-9d1a-c7fcda914ea2,2025-09-09T09:50:08.755720Z,0.1,4
36fcd648-3821-4b68-9651-fd2c226f1c77,,902bac42-4aac-4884-bc78-73cc283d763d,eae4837f-4e9f-40fb-a287-f3ea4195f02e,2025-12-27T20:53:34.755848Z,0.13,4
b941603f-3ae0-4435-883f-3adcdaa92c2d,,03eb40c5-1f77-49dd-a376-b6098f862e1b,59d6d6c9-1940-4e0a-a3ed-ca04666e89b9,2026-05-03T03:02:54.755865Z,0.16,4
5fc09532-43d8-4f3f-8dcb-f9959576aee1,462f73b1-9c2d-4365-a6cc-d8749f314bee,,eaf75b03-369e-4f19-9773-1a8ed15cec34,2025-12-16T15:35:57.755894Z,0.26,2
f394f1c3-0250-484b-9daa-62ded9f67071,8b0653cc-f0d2-4f32-bbb9-0ed4754f9153,,c0dc7454-44d3-4bda-817b-d31875e44201,2026-05-16T16:45:51.755958Z,0.24,3
a92dbd9b-d249-4fd6-9698-9451df7a0a51,ada08aee-5c6a-496c-ac31-9874d65fa9e1,,17ef5cb2-dbbc-4423-a159-fe66957fb5c2,2025-10-15T13:29:26.755999Z,0.26,2
c6a74d18-d8bd-4e27-bde8-6e21db7912b7,419dcecd-203f-4ded-8c96-1e9e717204a8,,31a62e0b-956a-4338-9c88-02b3f7ede7b6,2025-12-31T00:17:53.756028Z,0.08,3
94f73ebd-2c38-45b6-975f-b879384fd0ca,,1d364ec3-4ad6-473d-8108-67fbe49d7718,cf925fde-e447-40d6-8073-e23c6f551820,2026-04-26T01:25:35.756079Z,0.07,5
10d76d8c-ad6b-43ce-b9f7-17de72e4e5d5,,0f47388a-e7f4-4244-8e21-b736370fc7d1,3b0e25b0-04f3-4476-891e-18d67e3329ed,2026-03-27T19:49:30.756097Z,0.03,5
0a7bd58a-f097-4e2d-842f-159aa0fac447,42debc32-6b5a-43ce-9ed8-e833104e5d9a,,321f6360-972d-4a3a-85c7-8758739a5af4,2026-03-04T23:07:55.756120Z,0.26,4
4df92f56-56e3-4b3e-bc67-3cf87ca5c694,,902bac42-4aac-4884-bc78-73cc283d763d,145417d2-0475-455c-bfdb-23ddc2020330,2026-05-27T03:28:31.756278Z,0.11,4
17a943cd-d708-4c9b-bf4d-46ac131cedb3,3c1f0252-67db-4fc6-a57a-5a311ff5453b,,c3163de1-b9cd-44a7-93e9-588433a1e23f,2025-06-27T10:44:33.756388Z,0.18,2
560af592-9f1f-4477-83ae-00487b10a676,,419cb1b2-cd34-491b-9d27-5ad6e0e5a08b,174b1816-01c1-46c2-8a46-6e6ad57e5965,2026-02-23T12:12:19.756407Z,0.21,3
e81a0e90-ade3-4c20-8a85-8ff8a41e3435,39fcfcb7-7a61-4c8f-a325-fd614eb31fc3,,17ef5cb2-dbbc-4423-a159-fe66957fb5c2,2026-03-13T02:58:18.756436Z,0.23,2
c281b3aa-11e0-4d2f-8967-6cde71832b93,04f36282-fbff-4c18-b7e3-c386d0acdabf,,eae4837f-4e9f-40fb-a287-f3ea4195f02e,2025-07-17T21:20:26.756453Z,0.3,5
1d41aec2-0fa0-4f8b-a1fb-69eaefe3b51b,,9e25edaa-df59-4b69-abd9-486a8a4bc150,8998e993-9ba7-4ede-965c-cee7af7a4457,2025-08-09T12:11:17.756487Z,0.24,4
a6efb619-bf24-41de-a573-46bcc632efc1,,e05ad74b-68f6-4b57-bc4b-ed91c6907aed,3b0e25b0-04f3-4476-891e-18d67e3329ed,2026-05-28T05:43:22.756517Z,0.12,5
25192dbc-b43c-4c36-bed2-7695b97dff1b,81213520-07aa-4c23-b65a-1570a1c8c2d3,,242a17b5-0a2b-4177-a01c-b2d07b8435df,2026-03-21T15:22:46.756595Z,0.25,2
2446b9a2-978a-4b5f-bd02-d813e65fc096,b8309d59-5dff-43ad-861c-05c59ffc736c,,a81b33a7-ba53-452c-8801-04aabe7f038f,2025-11-07T13:07:33.756613Z,0.14,1
e39cd4fb-01d2-47fb-ad2d-738348624683,9cccee8d-dae0-44b4-890d-e8804ed2ba6a,,f3339075-6de3-4983-84ef-c23595b30f1c,2026-03-08T15:34:01.756635Z,0.1,4
aa629e92-4b3d-486f-aaed-01f5d39d7d74,a0056f36-e02b-4281-91c2-1d9501fb9645,,17ef5cb2-dbbc-4423-a159-fe66957fb5c2,2025-12-15T00:16:52.756709Z,0.27,5
d57a3bc2-a59f-4e94-b1eb-22bffd6906a2,71ce25f5-0d70-476a-8e30-7d8c01c702cb,,4f829757-7e33-48b8-9950-69136f62b668,2025-10-18T12:12:08.756773Z,0.02,2
c0afd6b8-4e42-44ac-8707-614c1fecf655,82e244b2-87a6-48ad-b9c6-ab291657e7de,,250b4af0-e307-4429-bc29-3797dfce07ad,2025-12-28T04:31:31.756790Z,0.23,4
dafce0fc-fe7e-479a-b18c-29fb4a8f3ba7,,4ad3cdd1-bfd2-48a4-9338-24d6f18a29b0,cf9874d1-705f-46b6-b3e9-cbe1e58e3847,2026-04-05T03:52:47.757048Z,0.09,5
5a2c43d4-c81a-4728-aa8a-885f1e523077,91861c5e-4dd7-428e-a4a0-5bd6de894207,,22a51531-4be1-45dc-9e5d-2c9c0df0de82,2026-06-10T21:07:41.757078Z,0.1,1
13ed9d6d-5818-40d1-875d-7853d9be8497,f248f19b-3dfb-4be6-8482-67b21b6825c8,,a2aa5c5f-237b-4acf-bd4d-896ec1b7d815,2025-12-20T16:49:51.757112Z,0.01,1
8a03f3b8-83c5-45d3-9a55-dc6bdf5b129f,,c7a67dcc-fb7b-4c94-be15-8a31ec60c187,372ded30-38b9-4299-bf0d-124cb3f95d09,2026-01-17T22:05:02.757141Z,0.07,2
5d0fecb3-4887-4406-8838-74874e5ca6b3,9645001f-849d-4a94-ace1-bf5bff8ff829,,242a17b5-0a2b-4177-a01c-b2d07b8435df,2026-06-18T02:15:27.757170Z,0.26,3
f78dadf5-de16-4e07-b74f-72fe7e29cc75,,17824ab2-7dc3-49e4-afb9-4e64793a0b3e,f08ab47d-3ff6-49f4-ad4c-b00fe9042589,2025-11-10T06:27:50.757210Z,0.15,3
d6aadd52-97b0-4bd4-8a27-e425ef2a8975,ca0da774-1aab-4c48-92be-298e5115308b,,27366ea9-7d9d-40ad-ab66-17f827a45e78,2025-08-28T12:23:27.757238Z,0.11,5
797880c5-2936-4ab9-9817-93a4b5763dff,64c7bfb1-aa9c-4a62-a649-a09c9024ab8b,,2e4f561e-34fc-4f84-969f-fafa2cfe8587,2026-03-14T09:59:42.757278Z,0.25,3
e65ceb3c-c8b4-41a2-9d41-baa958e79c09,,03820f90-6ba5-4385-bcba-b5c57d7c9400,c0dc7454-44d3-4bda-817b-d31875e44201,2026-05-15T14:05:25.757314Z,0.03,4
678a72e4-2f49-4a37-bdd7-8e72240f77b6,294a2906-edce-4866-bd26-edd6c8155aa2,,ec97e4e8-1dee-4099-85b0-85d167c59b15,2026-05-28T18:42:38.757331Z,0.01,4
0bf293f3-f9f7-4483-88b0-f7e950afee61,fc734de3-f02e-44d9-b400-98a8f542d580,,eaf75b03-369e-4f19-9773-1a8ed15cec34,2025-11-08T21:07:47.757394Z,0.03,1
1ee74e14-6640-4443-9fb3-a8afbf91eea0,d8a7239b-0dda-4d60-a52b-152115c39c3f,,6b43d3b7-aca8-4905-9318-b1c3fbed419e,2025-12-26T16:34:57.757435Z,0.26,4
4b17e176-3837-4758-b19b-32400f61b6f4,f227bdba-cb26-4fa4-9d1b-6b5eaedda4b9,,4560ad24-ab8b-4c2a-9a93-593950d0c317,2025-07-09T03:01:02.757486Z,0.12,3
42164227-dcc4-40cf-8983-d4578e392862,06d4ac74-90eb-4aae-a2f9-1c9f8ff66438,,22a51531-4be1-45dc-9e5d-2c9c0df0de82,2026-03-24T06:28:45.757510Z,0.09,3
71262548-1aa4-4ee6-8dd1-6229f5811f35,71c6e6d7-4017-4867-addd-e41f63141a8e,,ffb35e8a-7d50-4fb3-b500-d6e2b0d928a7,2025-11-23T01:20:58.757550Z,0.12,4
f970cf36-b28a-4413-b24f-8a2ba08ad5df,81213520-07aa-4c23-b65a-1570a1c8c2d3,,370920ed-3f8d-46f5-b78d-f4d5c426c5e2,2026-03-25T13:50:00.757590Z,0.01,2
34658d18-7961-4f3e-a1ad-88814fa5ac0a,,8ff5e015-89a5-4263-8b22-d0f7581bfdf3,242a17b5-0a2b-4177-a01c-b2d07b8435df,2025-11-28T04:38:27.757614Z,0.07,1
1ec8f119-4d17-4953-b4f3-1f4b2d85ea91,,a8afdd6b-866d-4842-8865-f37cccd89494,34b6ae28-67da-41cb-83b1-c97b33dfdb64,2025-12-30T23:45:13.757677Z,0.03,4
768f8405-0640-4c36-be35-4767bee17bd8,,c25a2dc5-0638-494d-9a2c-4e4964841181,181c0491-9549-4f06-acf3-4e0bf1af8724,2026-06-10T00:10:09.757700Z,0.1,5
70128258-8315-4d47-9737-ca6270e4a1ab,8fabb7f6-21d5-42ad-8884-7862ed0432d9,,8245b2fb-a8af-474b-8d23-4304a5e9a19f,2026-02-06T14:53:31.757756Z,0.22,3
b2b77388-1f9a-438d-a213-e973b88be91f,,b3d755fb-d31d-4790-bb2a-003dae7243df,37727a64-f037-49a9-bcf8-086215ecb7fd,2025-12-31T16:04:13.757785Z,0.26,5
96152190-30c8-4292-a456-5772eb4e1600,,1c852f66-49c3-49bc-88cf-dae437ec778c,174b1816-01c1-46c2-8a46-6e6ad57e5965,2026-03-07T00:37:52.757871Z,0.26,1
2c31ef9a-0ff7-456f-9609-9acd4f35a13c,f483e088-2c1d-4574-add1-03aa91bfb55b,,dc65cf1c-922f-4f2a-be7d-7f596ab58867,2026-02-06T10:02:54.757905Z,0.07,4
6da6bb8b-ab57-4c63-a7fa-7b6760f14b75,,5fcd29d7-2882-40da-a2c1-a57b6249cfa0,321f6360-972d-4a3a-85c7-8758739a5af4,2025-07-29T15:04:23.757958Z,0.05,1
ed07528b-b90a-41e0-a991-f1557354feae,b6db8d1a-217c-47a2-a209-d08ec9cbf2d0,,1209a847-3e6d-4ef1-a2ac-448ae204babe,2026-03-24T10:43:50.757977Z,0.16,4
33b7e4df-ea76-4201-adba-216dbbce7046,8b0653cc-f0d2-4f32-bbb9-0ed4754f9153,,e4f08e85-289e-40c7-ad90-983f186d02dc,2026-04-28T03:19:13.757999Z,0.22,4
09840333-e833-45ef-858a-6fe26c63dbdb,2dcca842-c403-4924-9c19-def81bc4244b,,0eea6ab9-a379-49ec-9c3a-9e38263db7f9,2026-04-03T10:56:27.758020Z,0.06,5
7a36d168-6640-4fa0-9deb-081c4e9e6790,24629382-0184-4ee9-a7ae-6b330bde3774,,23c26c56-4049-472b-850f-65f46207be56,2026-02-22T15:44:17.758063Z,0.21,2
b201d927-62a4-49e8-b9db-698bb7c2f775,6e9ecfa7-a760-4957-9f8f-1d0d40244d43,,4f829757-7e33-48b8-9950-69136f62b668,2025-11-06T09:57:04.758124Z,0.23,1
94aa1e19-3fb3-4d84-ad6e-cc80668d2e2f,f39d0b58-4f9b-41e5-a4e0-83c0174a0132,,eab47c6e-60d0-411e-ade2-82fc0a973fef,2026-04-08T09:25:12.758147Z,0.13,5
52fecc35-1d78-4c52-a788-2eca315cdf63,bcf3d5f4-08ae-45fc-bee1-810c7876023c,,eaf75b03-369e-4f19-9773-1a8ed15cec34,2025-06-29T03:43:56.758171Z,0.2,5
c9aa61b9-3c4d-494f-99f2-fa6fa06dddbb,,42f6a02b-726b-4884-831f-713345c1dfe9,23c26c56-4049-472b-850f-65f46207be56,2026-05-03T03:55:13.758212Z,0.13,2
7ea8dbb3-52ed-4900-ad16-42fec2c9a234,faf6ac1d-0c14-46c5-8f40-6042d353a0c4,,39e9c2c9-901f-499e-8c46-57804a2f9255,2025-10-28T07:16:15.758326Z,0.14,1
45e2e497-87e5-40ec-8d29-3c64cb07bfb5,8ccba92d-abe0-486c-9d3e-ecb98e769766,,3eb8e419-ccc6-4064-8260-5b43602f9983,2026-02-25T17:12:11.758401Z,0.25,5
e426c4ba-37cd-4a09-bedf-c04795678f5c,2444ce78-0654-4804-8a6b-886935b44474,,1e19d020-8de6-4885-b1d8-2b9aff3f3d33,2025-08-26T05:33:09.758488Z,0.06,2
1d7cd8a6-b910-42b7-b24f-2f0e161a8327,825bb01c-5869-456e-b77f-eba89ebc2312,,ea11794b-9211-4543-87ff-999e6bd73cef,2026-06-18T07:58:20.758540Z,0.03,2
7f9facac-59f3-4ff3-8400-24af51c8b88f,7ffcfcf4-36a5-4ed3-b007-1d25d64f030f,,8245b2fb-a8af-474b-8d23-4304a5e9a19f,2026-03-18T19:05:32.758581Z,0.02,3
7175f1e1-29ec-4fa8-972a-25528b2353c6,cf30a3ee-3fc8-42c0-a371-ca9e028501b0,,c3163de1-b9cd-44a7-93e9-588433a1e23f,2025-07-20T17:25:13.758598Z,0.01,2
22592be2-6b4a-4d81-a247-41d77b34c45c,023f5f9d-6014-463d-ac64-608fe6b8324f,,7f6a74aa-f09a-4f60-a39c-a0c68ccf7ddb,2025-07-21T06:44:42.758638Z,0.12,3
a57f61a8-0f10-401b-892e-eba3c7a312a3,c244224c-37fe-4ee8-9e51-67b473f41ee8,,8998e993-9ba7-4ede-965c-cee7af7a4457,2025-09-27T00:09:59.758656Z,0.25,1
6063112f-5047-4790-b553-2433c8f059f0,,e09ed92d-d42f-4f37-925c-89f2372a99c5,17ef5cb2-dbbc-4423-a159-fe66957fb5c2,2026-03-19T22:04:44.758696Z,0.15,1
0ad0d488-00f1-4ec4-a900-4387954d6683,0789256b-0781-44b8-87de-82a9880227cb,,5e2bc8e4-1797-4c5f-82a7-e5f343789acd,2025-12-31T19:22:19.758771Z,0.22,3
e5c70203-53c1-408d-bb6e-072da3fe6d75,f5be1c8d-ff9f-4a97-82e2-da26824cf742,,250b4af0-e307-4429-bc29-3797dfce07ad,2026-03-25T03:23:06.758800Z,0.05,1
7bae16f8-e7aa-4a8d-8370-1637585b7449,,259ea425-71d4-4249-9524-a28b829f44b3,c0dc7454-44d3-4bda-817b-d31875e44201,2025-08-07T20:43:17.758823Z,0.2,3
c814f5c9-601b-40c9-88b1-687b1cac6b2d,,341c03e0-be35-4fae-aa05-f466568bb5b7,96164111-3295-4ecd-9696-77c13aa1e9c6,2025-10-17T03:57:16.758875Z,0.28,3
ed00284b-42d3-4e5b-a678-6ba80b239359,49da153f-b4fe-4c8c-80bd-3929f8491250,,eaf75b03-369e-4f19-9773-1a8ed15cec34,2026-01-20T23:10:06.758967Z,0.15,2
011df402-6dac-42c6-9616-34fef9ce2b07,03c2229f-51c6-4ea1-86c2-73383ab89428,,372ded30-38b9-4299-bf0d-124cb3f95d09,2025-10-03T06:35:32.759002Z,0.07,2
a8db6e76-6f84-4a7c-9b47-ad45d0c758ab,336fe19f-6533-42e4-9889-9f123cfc4a1c,,4f829757-7e33-48b8-9950-69136f62b668,2025-12-03T07:15:04.759024Z,0.09,2
8a66546a-e0a0-4279-9436-3aa8944a668d,41a23ecd-369f-4a07-bd2c-bd9fe12a5377,,17d8280d-5414-49df-ac1c-db72a02c6e18,2025-06-27T05:26:17.759053Z,0.15,1
f93119fd-ff12-483b-b207-bb8424902e89,f34430bd-ffb3-4454-8239-8ec839993b51,,e4f08e85-289e-40c7-ad90-983f186d02dc,2025-08-05T15:21:40.759082Z,0.17,1
e6974c9e-a76c-484c-9c2f-1b2824a2217a,,e7cc69cb-f983-4367-b53c-0c992215007e,1cac4b7d-9687-4005-8aba-406a7a82bb35,2026-04-18T16:03:43.759099Z,0.04,5
2dd3e37e-bfa0-41de-8c45-369086586521,94c2eb26-5544-46e3-81c9-7c10ba8d378d,,c9d3792c-59ed-4d20-b80d-de9e5af11e7c,2025-08-23T00:18:03.759162Z,0.18,2
e5c9359f-184f-4b96-9781-c2b091703e73,667a4fd6-9941-4337-80ea-be563e6d75ff,,f980ab87-d699-456c-a96a-e362bfd00c92,2026-06-14T19:41:18.759180Z,0.05,4
a5f33360-5684-4e44-b065-905187e5256d,421a1ef0-8e44-420d-a55a-8ce080fd193f,,37727a64-f037-49a9-bcf8-086215ecb7fd,2025-11-01T03:41:10.759273Z,0.01,5
4a8697c1-74a9-4674-a159-b62b7cd9be9e,46442619-5731-479b-b8ed-c5f7c91e56a5,,c85fdb82-bfb8-466b-8587-2c4a96321250,2026-03-31T23:04:58.759420Z,0.2,2
5b925a98-1fc1-4942-a32e-eee95b1dc3da,,9c0a3682-1a2c-4b43-9dcf-a9c57d7ad71f,464065f2-15f0-4a2e-b25d-516dfff9dcca,2025-08-04T13:41:52.759443Z,0.14,4
75eced18-9dbe-494f-8b9d-6cedc4913a59,,52653adc-b5c7-4393-962d-45c19c6d87d3,6cf1c788-97e2-4ecc-b9a3-f96831a30d8d,2025-11-13T17:00:20.759495Z,0.29,1
7f93a792-6044-46e5-854f-53c74297859b,8412a2d9-9c10-472b-9b14-5451b42f4932,,12e3fbe3-5387-41d3-b055-ed6b543f5f0f,2026-03-13T00:21:37.759611Z,0.23,5
027c9aa4-e9f8-41b9-867f-0686b8255e38,67940b88-e2d8-4ce6-bd5f-a5b9e45bbef2,,3b0e25b0-04f3-4476-891e-18d67e3329ed,2025-11-26T23:45:56.759628Z,0.28,3
a31ded0c-01e0-4f7b-9469-f1d8d611107b,,700dd966-effa-4a5c-93f5-4c22c9c4a508,a7af19b9-f0fe-40b8-9d1a-c7fcda914ea2,2026-04-07T23:47:28.759657Z,0.02,5
3b48d343-30bd-4983-9a17-0de06f00914b,8380deca-4ea4-449f-a1d0-ed1e4ab52e59,,6cf1c788-97e2-4ecc-b9a3-f96831a30d8d,2025-08-28T21:04:19.759698Z,0.23,2
ac07570e-1ea9-4dbc-a624-e50ae69873ae,79674428-f04f-4f7c-a90c-5e1747d54c5e,,a81b33a7-ba53-452c-8801-04aabe7f038f,2026-04-29T13:49:30.759807Z,0.22,4
ec3b8c63-0ba0-41e9-a419-076969bbc0f0,41a23ecd-369f-4a07-bd2c-bd9fe12a5377,,bb3acd74-a761-49bd-b7bc-fbf35502e696,2025-12-24T16:25:42.759824Z,0.17,1
d6f33ea9-1573-442c-be8f-1086784c6040,09e7e9c9-083d-4a69-97de-18d21411c6c9,,1209a847-3e6d-4ef1-a2ac-448ae204babe,2025-06-23T12:50:04.759859Z,0.14,1
4818700a-a966-4f94-ae5f-5dc26b69b04e,,fc7508da-7061-475c-ae09-c8f4bb6788b2,54c76350-7f69-4f75-b451-d79351462bca,2025-07-28T10:21:20.759890Z,0.25,5
407be955-0433-4cd0-a2a7-cff559e745fd,ed3192f6-0576-40a3-9845-af8d9903c8c0,,ea11794b-9211-4543-87ff-999e6bd73cef,2025-10-08T20:54:18.759907Z,0.06,2
fe270015-29c9-470f-8524-9f29fe6f7341,fba3a7c6-235d-4db2-9c8e-0971c3e0b0b0,,181c0491-9549-4f06-acf3-4e0bf1af8724,2025-09-04T11:22:57.759925Z,0.06,3
287422e2-95f9-4d8a-9bd5-a3a0e4f7b685,7f154fb8-3f46-4cc7-af4f-d6665b2ed14b,,58b8f572-3bba-4143-9f32-b6fbe9afedb9,2026-04-13T01:12:22.760113Z,0.06,2
c6b1d9ef-95d4-4720-bdec-4ce5a4630837,c343dfee-5c83-4696-b3a0-0f340278fb7a,,ad5fcac7-aeb1-477e-b4a7-962a3e8bd739,2025-07-20T19:39:13.760130Z,0.23,1
87971a96-7f77-44f8-b1a8-24e7d9d7c707,31332bdc-3407-490e-989d-2aed5320f2f3,,3b0e25b0-04f3-4476-891e-18d67e3329ed,2025-11-20T09:41:14.760335Z,0.1,1
382bb508-c141-4c65-9cae-5b6c5038c362,0a89863b-da2f-4d26-b007-b395731730c7,,51de8c93-7a17-4f51-ba8f-d0ac995c566a,2025-06-29T03:54:35.760397Z,0.21,3
47b9d20a-37a0-4b50-8b2e-5c8b6a71d09b,f34430bd-ffb3-4454-8239-8ec839993b51,,f3339075-6de3-4983-84ef-c23595b30f1c,2026-06-01T09:33:13.760491Z,0.27,2
5f4b01ec-df71-4ec9-880d-b880cf36de31,b71d0401-7b0c-47ad-92f3-6e124731b75d,,f0bc20ac-801d-4401-bafa-1a2d45fdf2fd,2026-05-25T13:43:11.760527Z,0.21,2
a1b59600-9489-4af5-88f3-93a0c6583f77,294a2906-edce-4866-bd26-edd6c8155aa2,,19526f67-9ddf-4aab-b411-0bee51cec320,2026-04-24T00:50:02.760545Z,0.05,4
fb3c4a39-9002-4937-9654-7e268fafd633,,2b2c1a73-311d-47fc-98a1-88c282c13821,9183c4c5-47db-4e6d-af05-9eafe1f586a0,2026-03-10T02:26:20.760587Z,0.12,4
139b8d6f-2814-4480-b3dc-ebb1a7ea75e5,,dfb885e4-7515-481d-b862-8a02fe5986f6,ea11794b-9211-4543-87ff-999e6bd73cef,2025-11-10T07:41:13.760621Z,0.25,2
f2b0d0f3-2503-42d2-a39f-bea017edd648,307b46a1-51b3-4526-bce2-af544e5e4684,,ec97e4e8-1dee-4099-85b0-85d167c59b15,2026-06-05T09:03:57.760874Z,0.25,5
08b254f1-728a-497e-af0c-e1c2a3ac6cf0,,9b510c52-2319-44dc-b608-52defc0f3d13,2e4f561e-34fc-4f84-969f-fafa2cfe8587,2025-08-01T23:44:52.760903Z,0.05,4
174496a8-6706-4701-a7f7-b42cbce2cddb,24629382-0184-4ee9-a7ae-6b330bde3774,,6b85123c-b94f-4258-9142-0599eff0a787,2026-06-10T18:59:53.760978Z,0.28,3
50826d08-34d2-4269-9cd9-5f07c89ae58e,,7dd32821-487f-49c5-a183-a50764d74b8e,02310335-8d93-4be9-af7d-55de45097af6,2025-09-23T04:50:36.761007Z,0.24,2
00ef133d-942e-4def-a7b4-97463eec7250,,63e4ef21-c192-4dbe-a35a-3556312337bd,f0bc20ac-801d-4401-bafa-1a2d45fdf2fd,2026-05-22T18:15:31.761024Z,0.14,5
ba76a78f-7728-4a6a-b98f-7764ce46f60a,c55aa929-b10a-4f91-82f1-c021e296b608,,31a62e0b-956a-4338-9c88-02b3f7ede7b6,2025-07-25T11:06:45.761076Z,0.21,2
9c7dbbbc-d194-4081-a887-4ecd40afcb6a,,398e1fa2-85e7-4650-abd3-ce41b037d8af,96164111-3295-4ecd-9696-77c13aa1e9c6,2025-10-07T10:44:52.761093Z,0.09,1
c3eb252a-1361-4619-bcce-8ac770a56daa,2aa608a0-7a1e-4e5a-ab05-db12c3909931,,c3163de1-b9cd-44a7-93e9-588433a1e23f,2026-01-23T06:01:10.761147Z,0.19,3
09ac45dc-a4e6-4655-a3b9-b1859890e07f,,80479124-c047-4b7e-8f7a-1a19cea8c68d,80a4d750-7c17-4c78-b91c-5b63cd80c7eb,2026-05-29T19:43:38.761176Z,0.01,4
79fe9672-4c01-4f44-8776-fb87e873c66c,,8321892f-e477-4b76-ad86-a1436b248179,c6fa1138-4ec2-4637-9504-2749bc13e06f,2025-06-28T14:27:29.761216Z,0.12,3
961102a7-c333-4dd0-8ed6-5f085bb1f34e,,5a84a505-a5a2-4786-88a0-3d53b50d1e61,242a17b5-0a2b-4177-a01c-b2d07b8435df,2025-09-01T07:58:50.761233Z,0.27,2
5172cc89-a61d-4650-a717-45a9a6586842,,656fbdfe-0b8d-4d82-b357-7ab5751ad311,145417d2-0475-455c-bfdb-23ddc2020330,2025-06-29T23:37:31.761255Z,0.24,5
e3645b09-5905-4330-a24e-b56cdc56182e,,b053b1c6-b4f5-4437-9c30-f44fe5f874a2,19526f67-9ddf-4aab-b411-0bee51cec320,2025-09-19T04:32:31.761331Z,0.2,2
b23ab094-84b8-4a97-b22a-3ee11d903eac,,5421fe71-08f7-48c0-9e74-4ada75ee357a,bdfcdbcc-7d63-4ecb-9a8f-8ae73ee085fb,2025-09-21T05:23:08.761360Z,0.16,1
ac853fca-81df-4f0f-bd66-37b16200011f,a228a116-7208-4e78-ba55-07ea9379e992,,63b5e370-7388-4536-8ed7-a21a4a41d06f,2026-01-20T12:49:08.761436Z,0.1,2
7d1999d6-6d11-4a6b-a53e-d34c0c85e5cf,3856e26a-50d5-4112-aa9f-912be4b2d983,,5e2bc8e4-1797-4c5f-82a7-e5f343789acd,2025-12-26T01:51:51.761453Z,0.15,1
24e35d33-3295-41cb-b914-ba3082dba517,4406244c-4c87-4e43-85a6-2779eee4575d,,24a56de7-f7f9-4a74-84ac-6ee7f5d63eeb,2026-04-18T19:11:37.761498Z,0.18,2
b82cf9f5-5972-41a4-8ec2-5224c083ddaf,,5d2a0230-ff93-4364-95e4-491054f5395d,ea11794b-9211-4543-87ff-999e6bd73cef,2025-07-07T13:33:12.761533Z,0.11,5
7309ab50-ebd1-4232-b666-66f03f977f7a,,f98e34a7-f375-4636-83f3-a5ecb37b7e2b,a85314f2-4706-4d04-af9d-12e821756358,2026-04-05T11:45:12.761561Z,0.28,5
e602722f-7185-4252-a80d-de8b5dbaa1a8,,9dee6800-0538-49db-a181-f78bde6ff6bd,2e4f561e-34fc-4f84-969f-fafa2cfe8587,2025-09-25T04:22:51.761608Z,0.13,3
d2cf36d3-5702-441e-a396-e731f079fa3f,ab66ca5d-04cf-47b3-9716-8a39a8619a98,,a81b33a7-ba53-452c-8801-04aabe7f038f,2025-10-03T19:39:49.761659Z,0.27,4
5b1de65b-ce68-41a4-ba37-cbd526d51037,eaa41640-766a-4508-9068-546288e5d1b4,,1e19d020-8de6-4885-b1d8-2b9aff3f3d33,2025-11-07T00:11:11.761677Z,0.0,5
4dda300c-9c3a-47ec-bb85-8291bbb061e7,,d2f83b23-8cda-4077-b8d0-9a3068dd08a1,e17a19cd-8381-40b6-8771-702f3a282e0c,2026-04-21T18:20:03.761717Z,0.23,3
f0d42146-aaf3-4563-a1a3-73c7dd1d6860,fe856c16-d5ca-4879-a7a0-52cdc72b0ab7,,2e4f561e-34fc-4f84-969f-fafa2cfe8587,2025-09-22T13:42:05.761802Z,0.07,3
ec79b142-1a3c-4440-b6ec-f6ea9279c256,71ce25f5-0d70-476a-8e30-7d8c01c702cb,,882325b0-d544-426c-b74e-9b64ff3ef4cc,2025-08-10T07:06:56.761843Z,0.26,3
0e50d98c-534f-404e-8940-ad1e226fb74a,,a2da89dc-ae89-472f-94da-380331bcf76e,ad3fe337-ec17-4244-8e4e-9f2e174215e4,2025-11-10T17:33:56.761913Z,0.25,1
45d87a65-b520-42fe-a905-7de61cd87580,3be95b54-f629-40a0-81b6-bb547819ffff,,5e2bc8e4-1797-4c5f-82a7-e5f343789acd,2025-12-23T02:57:35.761976Z,0.21,3
2bd5bbe6-63b0-4672-8583-39dec49fb6e4,8d7a5370-917a-4c52-a640-a04f8d0ec760,,39e9c2c9-901f-499e-8c46-57804a2f9255,2025-12-26T20:29:38.762004Z,0.04,5
baa759c7-b92e-4dc4-a653-0cf20b0c6a48,974edd2c-30d3-4ac5-a7c8-9414caca96a4,,8dd60692-d201-4c50-a580-7850c1e95f00,2025-08-21T02:35:52.762022Z,0.07,5
51295349-9d15-4eeb-a67e-e84f6f632508,6e57b55c-419f-4d5a-9e0f-6a06b8fb770b,,96164111-3295-4ecd-9696-77c13aa1e9c6,2025-10-30T14:34:15.762085Z,0.1,5
ee1ee1a7-5fe4-406e-b2aa-6c6fce0442b5,,d8286ab3-a42e-49ff-b43c-3f3fdf062fde,99a57440-b846-4581-bc1a-44f38a214cf6,2026-01-05T19:39:28.762103Z,0.22,2
05f2fbf6-85de-4cab-a87d-a2770519f3cd,,d166c5b1-4de3-4ced-92c0-9f6671ba4c01,37727a64-f037-49a9-bcf8-086215ecb7fd,2026-02-18T16:09:28.762132Z,0.17,1
f4370d8d-636c-4f81-9ae2-2a26f885bff2,884c46e3-4d4a-4827-aa63-74a8f9bd7f20,,7f6a74aa-f09a-4f60-a39c-a0c68ccf7ddb,2025-07-13T02:49:38.762184Z,0.16,1
8e215ef6-a66c-42fc-8b9a-080c53781490,9d4acc71-15e2-46bb-9fb6-92ddfa41416e,,e5990352-abf4-4954-bbe9-48ef19db84b7,2025-11-20T21:19:27.762310Z,0.09,5
9f02fb80-09e7-4da6-99a8-17eebff6cac1,84197273-d738-468e-ae5f-34937988f908,,e5990352-abf4-4954-bbe9-48ef19db84b7,2026-02-24T01:00:11.762328Z,0.2,5
900e14cd-6cfd-4f80-b0b4-b87ada29e32d,755dc9d4-d2b1-46e3-a1c1-b06013ec4b71,,882325b0-d544-426c-b74e-9b64ff3ef4cc,2025-09-21T06:19:41.762362Z,0.12,4
cb929c9b-6ce4-46f8-afc8-f2db26124511,,8578c254-4e8f-47db-a66c-2ee80979f62a,370920ed-3f8d-46f5-b78d-f4d5c426c5e2,2025-06-20T05:06:35.762379Z,0.25,1
2005b342-7202-440f-b5fe-c47563d08f3f,,6292b11e-ff91-49cb-b255-f93791ae3824,58b8f572-3bba-4143-9f32-b6fbe9afedb9,2025-06-18T16:53:35.762484Z,0.16,3
ea67b4aa-89fb-4595-88b0-e01b99fca4c5,bd94c06e-4681-43b0-9d07-1eda730c5033,,eab47c6e-60d0-411e-ade2-82fc0a973fef,2025-11-26T20:44:58.762545Z,0.01,3
9b88076d-cd80-435f-9e61-613839ea323a,d73af61d-0a94-4835-b3ea-fe140d26a2a6,,0eea6ab9-a379-49ec-9c3a-9e38263db7f9,2026-02-09T10:44:58.762577Z,0.11,5
42f0322e-be67-48e1-b009-573728f2cebf,,a42a6031-a14e-4f12-8c71-c6d7d53fc586,3198b1d3-c10a-433e-946a-be88a2f22060,2025-09-23T01:53:33.762595Z,0.19,1
c1b789e3-7c05-447a-b313-5e0169109dcd,,4561a818-9a15-4841-a2d9-c1c36a075019,cf9874d1-705f-46b6-b3e9-cbe1e58e3847,2025-06-26T15:00:11.762614Z,0.25,2
a331feed-3355-4f47-a5f3-c1cba56576d8,6fc891a0-e87a-4a77-b887-1abee0839df8,,c0dc7454-44d3-4bda-817b-d31875e44201,2025-10-05T05:49:47.762643Z,0.0,4
38e61feb-f49a-4042-9ae6-70311cfbca4c,755dc9d4-d2b1-46e3-a1c1-b06013ec4b71,,17ef5cb2-dbbc-4423-a159-fe66957fb5c2,2025-07-15T15:13:53.762660Z,0.06,3
a0db6005-9fff-4ea8-81ae-aa30bddf378b,c2316bda-b2f7-4a2f-99f3-4564d9259f5b,,25370a5c-dc1e-4a10-bfdc-ad1bca8f7981,2026-06-05T03:54:56.762677Z,0.04,5
ff87aeba-5898-410d-a11b-10b569071c76,6ea8ea9b-65e2-40e2-b1bf-17f6e7e339da,,7f6a74aa-f09a-4f60-a39c-a0c68ccf7ddb,2026-05-30T17:46:11.762711Z,0.08,1
7e64118c-7306-4883-8d03-976a51a7adc9,2d9804c7-95c0-4fba-95b6-b77e839f2b6a,,c3163de1-b9cd-44a7-93e9-588433a1e23f,2025-09-24T13:16:36.762728Z,0.22,5
cbf60897-ad36-49b9-8eb2-875b45b017c5,,d2aa12c9-c56d-45c2-81ab-c7b151250a7f,cf925fde-e447-40d6-8073-e23c6f551820,2026-01-17T22:00:55.762756Z,0.05,3
a42b70ed-92fb-4556-96fe-576a94bd71c6,0dbfd0e1-7616-4ed4-9b03-6f43d2f4fb40,,181c0491-9549-4f06-acf3-4e0bf1af8724,2025-12-01T02:38:50.762785Z,0.1,2
e6b111d3-7b68-41ba-9e41-260c9a8fc9c8,fa758a21-f806-45a8-88df-4b03b0e7acb4,,cf925fde-e447-40d6-8073-e23c6f551820,2026-02-17T17:28:38.762934Z,0.29,2
18111250-a800-47ba-9ecb-9411e555b940,be8983c7-ccac-42d2-b835-b4c8ed1999f8,,ec97e4e8-1dee-4099-85b0-85d167c59b15,2026-06-14T00:04:40.762987Z,0.23,4
666113ea-5a71-47d8-99cc-beec37ef2a4c,1f425b5c-fe86-45a1-8c54-8ca2fb90d3f2,,24a56de7-f7f9-4a74-84ac-6ee7f5d63eeb,2025-08-01T04:20:34.763004Z,0.18,4
ada30d12-fdb4-4613-8715-7da65b731167,,9a47cd3a-175b-4904-8987-bcaa39665f8b,f0bc20ac-801d-4401-bafa-1a2d45fdf2fd,2025-10-26T01:45:38.763021Z,0.23,2
a40747ff-cb14-429d-82b4-76eca6842f0c,6e57b55c-419f-4d5a-9e0f-6a06b8fb770b,,eab47c6e-60d0-411e-ade2-82fc0a973fef,2025-10-01T14:35:32.763091Z,0.19,4
9bb9426b-ea9e-45bc-a6f3-979daaa9237d,,275e0003-e1ee-41d1-9fbf-6892a00d929c,f0bc20ac-801d-4401-bafa-1a2d45fdf2fd,2025-07-10T18:53:41.763178Z,0.25,3
5c775dea-e450-4da0-b525-4781a22c271a,,0c8a6ec5-e62b-4e3c-9d00-d7f3b74e025f,a85314f2-4706-4d04-af9d-12e821756358,2025-08-19T20:45:30.763195Z,0.0,1
1018acf6-86f7-43fa-a3e0-beb577f95f20,6358be1c-0d97-4b91-8cce-61d53681f9e6,,4dbf9778-98c0-4446-9ec8-916ba556fdad,2026-03-22T21:57:28.763257Z,0.19,5
31524f21-34c8-4732-a737-8cc04cb5b0a5,,85510ec3-ca1d-4a7b-a05f-51257c93d5d4,cf925fde-e447-40d6-8073-e23c6f551820,2025-09-14T15:49:55.763275Z,0.26,2
693bca47-9516-4602-9f7c-78630514c957,,9b0e6267-fe8d-4832-9544-8371362705ea,6f6d558c-4b40-4c66-a4e6-e46524190ebc,2025-10-25T13:56:40.763350Z,0.03,5
c5889be1-5047-4a36-a081-82efc09ee0ea,cf4581a9-e1d2-4d79-881c-1e784839d621,,8ac69fa0-f2a2-4e7e-8d20-db1696a88a49,2026-03-28T11:36:27.763367Z,0.15,5
7ad63c2a-db69-44a4-b871-f78d35193628,2dcca842-c403-4924-9c19-def81bc4244b,,4560ad24-ab8b-4c2a-9a93-593950d0c317,2025-06-28T16:44:40.763384Z,0.01,1
07b41ec4-f424-493e-9850-877a5aa95e0c,31ca2d81-c9af-4d2e-aff4-0d25f8280112,,a7af19b9-f0fe-40b8-9d1a-c7fcda914ea2,2026-05-04T09:14:02.763443Z,0.28,5
cf0dbed0-8c41-4752-acd0-9f301d46e3f2,075c9b58-ca2b-4b1e-85cc-c56602c4ab69,,e17a19cd-8381-40b6-8771-702f3a282e0c,2025-08-13T05:11:23.763472Z,0.08,4
604cedda-f5c8-46da-adc9-860691f4f6b7,d6658dc0-e7c3-4d26-b720-f6d584b6c2a7,,99a57440-b846-4581-bc1a-44f38a214cf6,2025-06-24T07:35:54.763552Z,0.02,3
b89fe80f-df04-4af6-9a42-2ae204d9266a,db710c0d-073f-4533-a992-2147c6c05480,,5e2bc8e4-1797-4c5f-82a7-e5f343789acd,2026-03-15T02:46:48.763570Z,0.12,5
d7dea8a5-fb86-419d-a595-c1df52156f09,c369c565-e988-4e6e-ae54-accbd9d640fa,,181c0491-9549-4f06-acf3-4e0bf1af8724,2026-03-26T11:24:08.763703Z,0.27,3
e61aa53f-0ee0-439c-9aa8-754792c049dd,,c954f6a2-e433-4ea6-8672-cff37cc0e557,1638242a-9e18-4c5a-8ba7-dcb01ef7c6b0,2026-04-05T06:53:02.763784Z,0.2,2
359e6591-c00a-46af-9dc8-0bcb0167743d,,25aa70c4-e666-4b6e-8f11-30e6b807cf77,4249ce6f-0248-4265-950f-9f03188f5497,2025-12-27T13:18:57.764010Z,0.1,5
e80254b4-18af-44c1-b259-9979143956ac,5e89ceb0-bd8a-405a-8f41-585ff513939a,,f3339075-6de3-4983-84ef-c23595b30f1c,2026-06-18T09:39:14.764178Z,0.01,3
808a7b9a-351f-404a-bc0b-2ec75575ba80,71cadc83-5a63-4e9d-96fd-9f43805fa035,,14c50a07-309d-4aac-8004-a94d51e3ca87,2026-06-12T22:58:02.764195Z,0.03,1
4f2e0e91-d3cc-4cf0-aa44-72bc465f4f81,,48154dc1-1e34-422c-ac12-b582e2ffa3a6,262281ca-9da1-4f48-bcc9-dac7c497ca85,2025-09-12T17:14:42.764230Z,0.21,5
e365adba-01fb-428c-8573-32fac30cadfb,,e78ef74f-ea73-4c7f-a240-50dfe9192b1e,95176c1b-f8b5-4499-af67-49f7732c6c68,2026-02-18T19:30:06.764288Z,0.09,4
03783ec9-45c2-4c87-8fe4-4ecb9317085a,12664488-f887-4fdc-a90e-65705d33b03f,,cf925fde-e447-40d6-8073-e23c6f551820,2026-03-18T21:51:05.764334Z,0.06,4
5dadff17-10c8-422b-ae02-408c60e36a26,b89e0e45-6a5b-47c2-ad49-14d87e32a08c,,5bdd189c-8321-48aa-bae9-e2962031a00b,2025-07-17T13:15:46.764369Z,0.26,3
d63b74ab-a8fc-4e46-838f-5d61153fb631,5cc64a2c-a457-4d5b-a9f8-7fd951f48fa5,,59d6d6c9-1940-4e0a-a3ed-ca04666e89b9,2025-11-20T12:58:30.764469Z,0.03,3
cd362a11-7968-488c-9c9a-74d353420ef8,03c2229f-51c6-4ea1-86c2-73383ab89428,,8998e993-9ba7-4ede-965c-cee7af7a4457,2026-01-22T16:05:08.764498Z,0.28,1
7d54ffb0-a298-45dc-ae3e-8e113e25864e,,f9261d6a-b985-418f-adb8-feee284af581,5e2bc8e4-1797-4c5f-82a7-e5f343789acd,2025-10-06T23:19:02.764553Z,0.26,1
b4fe0281-0166-42ce-a36c-20b035220423,8b072a3a-d751-4d8d-826f-0afbaa855d64,,6cf1c788-97e2-4ecc-b9a3-f96831a30d8d,2025-11-06T08:32:08.764669Z,0.05,2
9fc9f738-52b1-4d52-854b-76cba4101be8,39fcfcb7-7a61-4c8f-a325-fd614eb31fc3,,17ef5cb2-dbbc-4423-a159-fe66957fb5c2,2026-05-22T10:07:15.764686Z,0.18,5
e6f91e61-d734-43ce-b76d-2c5eaf8baf34,,915c8aeb-6aa7-447d-a8fc-495ee251e595,372ded30-38b9-4299-bf0d-124cb3f95d09,2025-08-23T14:34:42.764751Z,0.09,5
c0617997-d302-4301-a393-399d44683259,98980c7a-d247-4c81-9ba5-cf62414322b2,,a81b33a7-ba53-452c-8801-04aabe7f038f,2025-10-25T13:13:05.764780Z,0.07,3
be9740c3-053e-4eb2-bafa-59fa0fbca809,02f35316-5bdb-4e65-a662-954a019a8af8,,1cac4b7d-9687-4005-8aba-406a7a82bb35,2025-06-21T20:23:56.764826Z,0.03,5
52b79c48-1015-4552-ad79-6c7131623379,,700dd966-effa-4a5c-93f5-4c22c9c4a508,ffb35e8a-7d50-4fb3-b500-d6e2b0d928a7,2025-12-03T19:58:46.764843Z,0.21,1
543b7571-54c6-477a-8a21-b086ebed7329,76a1556c-80e1-41e0-b989-1e0c1d6057b5,,ea11794b-9211-4543-87ff-999e6bd73cef,2025-10-31T16:16:28.764893Z,0.07,1
e7cfb1eb-cb35-476e-b3c8-8900d0387c6f,c2316bda-b2f7-4a2f-99f3-4564d9259f5b,,51de8c93-7a17-4f51-ba8f-d0ac995c566a,2026-03-17T08:05:25.764910Z,0.15,1
2755c8ab-3a60-4b69-be70-507cff3e7329,284521e2-1408-4fa0-9578-492efc8edfe3,,464065f2-15f0-4a2e-b25d-516dfff9dcca,2025-11-29T06:06:19.765039Z,0.02,2
ef851e99-2eca-4063-975f-26f27521d9c0,e4a5abab-3a30-411c-a2dd-9f3454034f16,,242a17b5-0a2b-4177-a01c-b2d07b8435df,2026-05-28T20:03:57.765121Z,0.19,4
c4a0f024-5c38-4e27-be6d-10610b051543,494cb9fe-5864-4f3f-b573-d75fc31ba28c,,eab47c6e-60d0-411e-ade2-82fc0a973fef,2025-11-13T05:08:08.765149Z,0.1,4
dc1da7e0-e96f-415f-91e1-3a22d153c8fd,,97f8a856-25c6-434e-ad13-1e2fd7cd4cbe,99a57440-b846-4581-bc1a-44f38a214cf6,2025-07-14T20:03:09.765231Z,0.02,2
c3bc6e54-7e52-44c5-afd5-c4db6bd57688,35618dd2-3ca4-421f-91f7-eb51cf894807,,31a62e0b-956a-4338-9c88-02b3f7ede7b6,2025-08-19T16:37:52.765288Z,0.1,2
e0821bfd-0b61-4591-843f-1b1ae4712d6f,ad8f8469-8b50-4e8a-830d-b61379913b88,,63b5e370-7388-4536-8ed7-a21a4a41d06f,2025-11-21T12:16:30.765311Z,0.08,5
57456cb8-c70b-48bd-8c4a-383ed588233c,780ff89b-58ca-46f6-9018-36030c7a6627,,27366ea9-7d9d-40ad-ab66-17f827a45e78,2025-10-25T18:03:45.765420Z,0.17,1
7bc6ac4b-64ab-4db4-9d1c-52a34005a3d5,69cae572-5dac-44b8-9774-94bd8be10195,,181c0491-9549-4f06-acf3-4e0bf1af8724,2026-01-13T12:24:11.765473Z,0.26,1
5790b243-1200-4018-939b-287807a2ff61,33023839-f105-4e5e-9642-a8e9c9eb9ef0,,321f6360-972d-4a3a-85c7-8758739a5af4,2025-11-08T03:01:34.765496Z,0.04,4
a24c97aa-3f01-459f-b07b-e76554013b76,ac74d504-fc8a-4598-ab45-fe9b0c52e06f,,d98ac824-b1cb-493c-b4dc-fa735d579080,2025-09-11T04:37:18.765520Z,0.08,4
a2b34f95-fb48-49de-bc99-9ebdcc27b678,c034b804-6b68-4938-8964-98f10b1bb2fe,,805d0c82-7625-40a2-ac29-8f766fc3f6ff,2026-05-14T03:25:45.765538Z,0.05,5
d18c5f07-77ea-4f39-89b4-d1430e98551a,e198e982-441e-4186-b2a7-6509354bc0f2,,99a57440-b846-4581-bc1a-44f38a214cf6,2026-05-16T16:21:32.765561Z,0.21,3
968a57ab-2fb8-4bfe-9e69-5efbd68c81d9,,5dbf7135-19c4-44f4-89f2-39febb1b4bca,9234bb80-ceff-4626-9cc6-fc6f757ee0d6,2025-10-11T14:56:23.765579Z,0.24,5
0695c68b-682c-4a14-a16b-ca46ba5ec833,,3aaf63b1-5786-48d5-a781-38442d49b6cd,37727a64-f037-49a9-bcf8-086215ecb7fd,2026-01-02T22:46:00.765608Z,0.05,3
f17df7f9-3f0c-49cc-bb2e-7bbb7751c70a,,b0f48e8b-a714-495f-b06c-4e1c2ca8f4fa,805d0c82-7625-40a2-ac29-8f766fc3f6ff,2025-09-03T12:03:24.765637Z,0.02,5
06065cc6-191c-4934-9d38-e1d564a6dfda,16346993-23ec-449d-8f4b-c7d0d31cf7ba,,17ef5cb2-dbbc-4423-a159-fe66957fb5c2,2026-03-28T02:13:09.765713Z,0.25,2
5877263f-7bf6-4db7-ae54-6edc62f65dc1,,2b9607d3-06c3-40d2-9a80-e15f659b91ae,27366ea9-7d9d-40ad-ab66-17f827a45e78,2025-12-16T04:16:58.765765Z,0.12,4
74c24685-7ac7-46cd-a2f7-ba7d7f02008c,eb6c7f47-465d-48a1-af4c-03c78e322f9c,,94ee9444-6941-48b4-b4dd-5e9bc164aefe,2026-05-07T17:31:04.765816Z,0.06,5
253cb7e3-812c-4908-a5b1-6e87fc6e2d1e,,3ddd17e9-50d5-4666-bc38-0c1171e4973e,1209a847-3e6d-4ef1-a2ac-448ae204babe,2025-10-22T04:25:41.765834Z,0.16,2
0d519b7b-0727-4f3e-8558-a85411c46bd4,9fc326a9-8edb-4aa9-a7e2-bf8cb807fe31,,262281ca-9da1-4f48-bcc9-dac7c497ca85,2025-08-26T00:15:15.765890Z,0.21,4
02d954bc-15b8-4e95-b72d-9b0ed81bafdc,718f45a3-0876-40bc-9e9b-c8f9c8d94e7a,,5e2bc8e4-1797-4c5f-82a7-e5f343789acd,2025-11-24T05:50:24.765944Z,0.24,2
5dcf0b53-61eb-454c-a90c-5b99284fb375,32724db5-f35b-4afb-a6ea-8d067b5f6a24,,e4f08e85-289e-40c7-ad90-983f186d02dc,2025-12-06T10:08:41.766124Z,0.03,4
1ba153e4-b54b-4da2-a110-6cec6f486c16,c244224c-37fe-4ee8-9e51-67b473f41ee8,,b4cf6a02-8d8f-4f2a-a7d2-b552fe2cffc6,2026-04-30T04:15:57.766221Z,0.24,3
641868cf-4be6-4f54-9617-43f63b3ed3ef,,16c5dadc-c34e-4924-860a-b69fed34cc1f,19526f67-9ddf-4aab-b411-0bee51cec320,2025-12-07T13:15:12.766417Z,0.18,4
57c835b1-b6dd-4148-a9fd-ce116d1732d6,71cadc83-5a63-4e9d-96fd-9f43805fa035,,5e2bc8e4-1797-4c5f-82a7-e5f343789acd,2026-01-13T01:38:12.766473Z,0.04,4
4977d474-fd2d-4dd8-91e8-1059c90b7bd0,bf282578-4e04-4255-b024-b80b82b09ea3,,17ef5cb2-dbbc-4423-a159-fe66957fb5c2,2025-06-19T07:17:49.766508Z,0.27,2
35c3465e-c87b-4fe4-bf2c-1d3219cf63d1,,8ce1c84c-fb74-4444-a3cf-8d65a7810e84,c6fa1138-4ec2-4637-9504-2749bc13e06f,2025-10-14T19:06:13.766604Z,0.14,4
ee1216f6-206a-4f0b-9092-f79325b580a6,c19b95f5-3a9c-4cd3-b5f7-dd277fa82f4c,,c6fa1138-4ec2-4637-9504-2749bc13e06f,2025-10-24T05:53:51.766621Z,0.12,4
24351703-42a8-4377-8b55-820eb296861f,4c4b2e6b-1e62-4742-b87f-3e396a760820,,95176c1b-f8b5-4499-af67-49f7732c6c68,2025-10-30T23:11:22.766663Z,0.07,1
a916b7bc-6881-4d40-9f66-3082c76ddcea,462bdce4-5d31-496b-9f72-65901779f309,,bdfcdbcc-7d63-4ecb-9a8f-8ae73ee085fb,2025-12-16T09:42:45.766685Z,0.21,1
400d9803-e82c-4675-ac70-6a2fe2ad6506,4f782818-803d-4494-86b0-18c174d4f6df,,12e3fbe3-5387-41d3-b055-ed6b543f5f0f,2025-09-12T17:54:03.766730Z,0.25,3
98b47e32-ae03-4952-9e94-6c112af91841,a2590639-6168-4882-9f9e-122d8a03909d,,02310335-8d93-4be9-af7d-55de45097af6,2026-01-04T16:42:28.766793Z,0.29,5
6c41b48c-133e-4172-b544-a931f2a09a47,494cb9fe-5864-4f3f-b573-d75fc31ba28c,,02310335-8d93-4be9-af7d-55de45097af6,2026-02-20T05:51:01.766822Z,0.25,2
b258cf45-3693-4b1e-b800-6b0f72861f3e,,8879691a-a4d0-49b6-9466-7138ee539d94,4dbf9778-98c0-4446-9ec8-916ba556fdad,2026-01-04T09:29:42.766839Z,0.04,4
5dc33db2-52e4-4da7-a828-f2786adb718e,755dc9d4-d2b1-46e3-a1c1-b06013ec4b71,,77016229-03e7-4ace-860b-79ee16b3f42b,2025-12-05T20:01:56.766857Z,0.01,4
0ddc0a1f-f3d9-4f24-9d47-7bc5dcff0358,,8321892f-e477-4b76-ad86-a1436b248179,cf925fde-e447-40d6-8073-e23c6f551820,2025-10-03T22:36:09.766875Z,0.05,3
c7fddc96-1980-44c9-9d31-19301c383d8b,a2590639-6168-4882-9f9e-122d8a03909d,,51de8c93-7a17-4f51-ba8f-d0ac995c566a,2026-04-06T18:08:05.766897Z,0.06,2
b2bbb346-4f85-4ab4-a6d9-1671ebb4bf9d,,d936026e-8bbc-49c4-8ae1-a685c2d4182e,8998e993-9ba7-4ede-965c-cee7af7a4457,2025-10-23T01:09:21.767128Z,0.19,5
09b3ce68-47d9-41e3-a73b-3d2eb810ed2a,,db50b17f-7d86-4b31-b511-db5a91197b1b,99a57440-b846-4581-bc1a-44f38a214cf6,2026-03-14T07:05:18.767191Z,0.08,2
a288206b-6179-4517-b556-5062e83060c4,,e79a3d39-b4e7-4f19-979c-8d71230f7450,7f6a74aa-f09a-4f60-a39c-a0c68ccf7ddb,2026-04-04T10:54:07.767208Z,0.03,5
2dc8425f-61be-47b8-8581-83a27d4d7255,31ca2d81-c9af-4d2e-aff4-0d25f8280112,,63b5e370-7388-4536-8ed7-a21a4a41d06f,2025-07-11T19:27:28.767225Z,0.23,1
16157328-75c0-4126-a28d-c9350fd64574,884c46e3-4d4a-4827-aa63-74a8f9bd7f20,,372ded30-38b9-4299-bf0d-124cb3f95d09,2025-07-31T09:19:03.767262Z,0.25,2
955989ae-7831-4cc3-8f81-70d4b76215c5,eaa41640-766a-4508-9068-546288e5d1b4,,a81b33a7-ba53-452c-8801-04aabe7f038f,2026-04-09T04:47:12.767342Z,0.24,3
08609097-9429-4c20-809e-66d071dda592,9438779f-1292-4d84-b39f-fc1e728535f6,,f980ab87-d699-456c-a96a-e362bfd00c92,2025-12-17T01:58:34.767450Z,0.25,4
993a2264-cf40-408b-97ed-fce8b7cc807f,38d8fe88-7a5a-465e-83d4-7a21757f37cd,,0eea6ab9-a379-49ec-9c3a-9e38263db7f9,2025-11-18T08:14:25.767467Z,0.04,5
14bbca04-a5e3-4a05-85c7-addbea75d50b,839bcda0-bab9-4237-9419-c8ee1adeac90,,4dbf9778-98c0-4446-9ec8-916ba556fdad,2025-09-27T08:54:22.767485Z,0.28,3
d4f09b51-3408-403e-8d1b-451a8adf6cf7,,7a821ea9-db0e-42a4-962b-1f4eb5114402,372ded30-38b9-4299-bf0d-124cb3f95d09,2026-01-05T22:58:50.767539Z,0.29,5
a4380760-0a5e-40cf-8089-02fa434a9524,,1f31bd01-f3e2-4c9d-9d43-1ed43fd5a5d9,6b85123c-b94f-4258-9142-0599eff0a787,2026-03-02T17:12:04.767556Z,0.2,4
6852355a-322d-4a32-bed5-6cfe1f02cadd,,7d3a82d1-72d5-4f1d-8977-47ea623b39bd,5e2bc8e4-1797-4c5f-82a7-e5f343789acd,2026-03-07T22:45:42.767585Z,0.16,1
e13ce330-ea68-4920-9e08-ffef8513fc9d,2af61357-846b-47b7-be27-d9b81db693b3,,181c0491-9549-4f06-acf3-4e0bf1af8724,2026-01-11T13:54:38.767606Z,0.08,2
f65ee85c-a0c6-4073-93a6-57db706af9d1,,37823516-bba4-4b18-b3b3-8c88202d663a,3b0e25b0-04f3-4476-891e-18d67e3329ed,2026-02-12T02:41:39.767624Z,0.01,5
bdabe752-fe71-49bd-bb4b-49c0fa70c6ae,c343dfee-5c83-4696-b3a0-0f340278fb7a,,c0dc7454-44d3-4bda-817b-d31875e44201,2025-10-08T12:49:58.767664Z,0.25,5
679505c4-5dbd-4676-a0fe-be2e518235f9,c65b973f-eb2c-4fc5-ae18-0a8a921e7693,,ea11794b-9211-4543-87ff-999e6bd73cef,2026-05-05T12:45:08.767681Z,0.03,5
6e154817-e79d-4072-b8a0-9bd4925e1da7,12025cf1-478e-43fa-8764-fd0a670b1dd0,,c0dc7454-44d3-4bda-817b-d31875e44201,2025-07-18T14:18:50.767721Z,0.17,4
246213c4-2dac-475a-9132-7422dead0e31,7ffcfcf4-36a5-4ed3-b007-1d25d64f030f,,f3339075-6de3-4983-84ef-c23595b30f1c,2025-08-19T06:34:32.767750Z,0.09,2
09519639-b6aa-4ef5-bc7f-29c62bb39658,34e3713e-527b-4a61-bb6b-5cdd9a46816d,,6b43d3b7-aca8-4905-9318-b1c3fbed419e,2026-01-10T01:40:09.767788Z,0.28,4
4c45f165-e116-4ac4-9d38-df0c91756afb,76a1556c-80e1-41e0-b989-1e0c1d6057b5,,464065f2-15f0-4a2e-b25d-516dfff9dcca,2026-05-18T22:30:51.767880Z,0.16,2
a9525d44-b49e-4ce4-898f-c77f806d0821,,88f56499-6a97-4826-bf79-17b390b57e48,c0dc7454-44d3-4bda-817b-d31875e44201,2025-07-07T13:19:43.767897Z,0.06,2
ce8b4508-744b-4eb3-85c0-6fc89636732e,,2dba38f7-bcbb-47ad-9da3-260970cca417,b4cf6a02-8d8f-4f2a-a7d2-b552fe2cffc6,2026-06-14T01:11:04.767914Z,0.12,2
1bbe0704-4e6e-4220-830e-4b3a7d66f05b,504749b2-d6e0-4765-a474-1e9fc843a45c,,99a57440-b846-4581-bc1a-44f38a214cf6,2026-02-07T13:35:05.767961Z,0.28,2
d472e65b-9353-4b20-a3fb-fb023625e684,9fa106c7-15c8-40ec-b1b2-024fbda49ebf,,58b8f572-3bba-4143-9f32-b6fbe9afedb9,2025-11-02T11:08:20.768013Z,0.06,3
feaddcbb-fd04-4524-a57e-77aa820a4702,,f477fab7-e29b-493b-a64b-e78969aba2d5,99a57440-b846-4581-bc1a-44f38a214cf6,2026-02-09T05:38:55.768084Z,0.1,3
ba54182e-9ee7-40ec-8278-404e953bc48a,f1e90caa-ff1f-4164-8403-aacb98494334,,17d8280d-5414-49df-ac1c-db72a02c6e18,2025-11-28T01:02:30.768136Z,0.25,5
292d646a-5e51-4b76-bd07-781e4fad6a1e,11e428d8-4b61-487a-a217-540a50451587,,02310335-8d93-4be9-af7d-55de45097af6,2026-05-22T09:19:09.768160Z,0.17,3
3722713e-25aa-4279-b65c-1f1618174f2a,,e05ad74b-68f6-4b57-bc4b-ed91c6907aed,1e19d020-8de6-4885-b1d8-2b9aff3f3d33,2026-01-04T07:14:41.768177Z,0.27,4
38f302a1-6227-4c78-97f1-1a629c9da30d,,535b2de4-d988-427d-a8ff-3d78ff53c141,f6f56971-131f-45a6-8e96-4504bb012c40,2026-01-18T10:12:56.768220Z,0.14,3
21f9afcf-3d1b-4965-b20f-f9bfd8827323,f402778e-5da5-4f36-a834-a374c21a1106,,eab47c6e-60d0-411e-ade2-82fc0a973fef,2025-09-18T20:47:58.768265Z,0.08,2
e419f6bd-a240-40ea-92ad-a8d2b7535ee4,,3aa513ff-ec0a-42cd-bceb-102f9073a0b6,dc65cf1c-922f-4f2a-be7d-7f596ab58867,2025-06-20T20:11:43.768310Z,0.09,5
d9263f86-e9f7-4d86-938a-5ec36c9f5106,,316ae211-2bf7-4d3b-9725-3f5d5e005c17,5bdd189c-8321-48aa-bae9-e2962031a00b,2025-11-14T05:12:49.768338Z,0.08,2
43585430-5259-4c24-bb27-88f8ba46211f,,652bb990-76d5-4a63-ba0b-2fcf0d8d18a7,8ac69fa0-f2a2-4e7e-8d20-db1696a88a49,2025-08-12T11:46:40.768356Z,0.09,2
485c278b-44ae-40e4-932e-929dae14cbf0,,dabd77f8-49f5-440a-852a-58f32657b506,250b4af0-e307-4429-bc29-3797dfce07ad,2026-02-20T15:48:35.768396Z,0.09,2
cfe46688-f411-4007-af6d-bfd346f05fbc,704ed6b2-33df-4a7c-9e2f-e37d650c515e,,22a51531-4be1-45dc-9e5d-2c9c0df0de82,2026-02-17T02:07:06.768428Z,0.09,4
d5f5cd26-a4f4-449c-968b-e9eaf8de5056,,197a0c63-13d4-44d2-9e5e-3fab8a194905,bdfcdbcc-7d63-4ecb-9a8f-8ae73ee085fb,2026-01-08T18:30:52.768469Z,0.07,3
9b6d9f9d-06ca-46e4-91bc-e9abc470d193,,656fbdfe-0b8d-4d82-b357-7ab5751ad311,34b6ae28-67da-41cb-83b1-c97b33dfdb64,2025-08-07T13:33:28.768527Z,0.07,5
7891d4a0-44e9-4b1d-a165-852a17294394,8c6e883e-fda2-4512-b521-4d5e4f1a24cf,,a2aa5c5f-237b-4acf-bd4d-896ec1b7d815,2025-07-25T10:00:57.768549Z,0.02,4
2cb4962b-4109-43d6-995b-b3b78ef67d31,,449a3924-0021-408b-90d2-cac49de09b38,b4cf6a02-8d8f-4f2a-a7d2-b552fe2cffc6,2026-05-04T03:53:34.768572Z,0.08,2
63f980d5-cd78-4af9-845d-f7387f57423a,b4ae784b-3905-4589-8158-4c344b0cb907,,c0dc7454-44d3-4bda-817b-d31875e44201,2026-01-09T03:45:06.768590Z,0.28,3
f010cd39-7360-44a7-8a88-7510e42caf4b,6358be1c-0d97-4b91-8cce-61d53681f9e6,,372ded30-38b9-4299-bf0d-124cb3f95d09,2026-02-03T10:24:21.768630Z,0.08,5
b4693da2-a08e-4b2f-bb18-6b915bc22662,,7a9a3391-5b44-4ba1-9a99-b7635aa8cd59,54c76350-7f69-4f75-b451-d79351462bca,2025-11-25T14:49:05.768659Z,0.1,2
8c40400d-5215-4bf1-896b-f209022ee44a,,310f0b0c-0e4d-40cb-bf9f-0437a02ee11d,f980ab87-d699-456c-a96a-e362bfd00c92,2025-08-22T18:27:32.768676Z,0.27,5
483ff8a3-5d01-4edc-8038-2aaf6ccfc5c6,,b5df1a18-2c78-49e1-a096-854352e64b30,51de8c93-7a17-4f51-ba8f-d0ac995c566a,2025-10-31T16:16:33.768745Z,0.07,4
75b8dc51-3cb1-433f-a368-f830cfc6dd54,daaafc21-ddee-4be2-acc9-cb35709e0993,,882325b0-d544-426c-b74e-9b64ff3ef4cc,2025-11-01T13:48:02.768809Z,0.17,4
85027ad3-f66c-40b4-910e-6194b25409fb,,d9c34306-c0c0-4c61-82b6-3601f6d68684,9234bb80-ceff-4626-9cc6-fc6f757ee0d6,2026-03-02T13:54:39.768850Z,0.14,5
37aed0a8-e9bf-4cd6-b8c7-5b070a30db71,0aa41ccb-4639-4115-989f-cb299da7289f,,8245b2fb-a8af-474b-8d23-4304a5e9a19f,2026-01-08T13:41:56.768878Z,0.0,4
58e84a0a-b651-4c62-b5d4-cea3e6454242,53085b4b-a2df-449a-95d7-1bddc6a0b1a0,,77016229-03e7-4ace-860b-79ee16b3f42b,2025-11-12T01:36:13.768942Z,0.03,2
c6dc7607-a4a9-4005-b2d0-1fc4d858de20,,4f98c774-a669-4734-a158-9969c759d55c,28c08598-0919-4ad4-a544-1e20d0d0dc44,2026-05-06T12:40:01.768999Z,0.13,1
27843d5e-fa46-4430-8afb-6331cbfab003,462bdce4-5d31-496b-9f72-65901779f309,,8998e993-9ba7-4ede-965c-cee7af7a4457,2026-05-03T05:47:50.769080Z,0.19,1
5bf89e58-4a27-4203-91ab-c78df37fc74f,90b20c66-347f-4f98-9432-00dcc7360c0d,,321f6360-972d-4a3a-85c7-8758739a5af4,2026-01-06T15:38:36.769121Z,0.07,1
8f892d28-c2bc-4a75-af3b-026e4879371c,403b076d-ff6a-4817-a4d4-1f8505ece11d,,ec97e4e8-1dee-4099-85b0-85d167c59b15,2025-10-04T03:36:11.769150Z,0.2,3
2970823d-5c78-400b-95c1-69fc35bf3655,9fa106c7-15c8-40ec-b1b2-024fbda49ebf,,a2aa5c5f-237b-4acf-bd4d-896ec1b7d815,2025-11-08T05:05:47.769224Z,0.03,5
b693bfad-a9af-491a-9477-83067e2cefea,,98cea578-0bb3-4a39-9bb8-416a5ffb22c1,63b5e370-7388-4536-8ed7-a21a4a41d06f,2026-06-08T20:34:29.769273Z,0.23,1
8f4b9a5b-4362-4985-ac44-edcb651c6fd8,fbd89528-fdcd-4c1a-9b89-b6f6b0055aeb,,174b1816-01c1-46c2-8a46-6e6ad57e5965,2026-05-27T19:31:59.769302Z,0.26,1
b0b475c0-7396-4af1-8ba0-ea0f2fbf7c0b,,1cf43f4c-9cdc-4b33-bd74-82c887998661,a85314f2-4706-4d04-af9d-12e821756358,2025-07-25T23:35:16.769378Z,0.01,2
ccdd9b56-11a3-4ec3-97a7-270821891c64,b160209b-16a2-48d9-abfb-6eb2de7e37bb,,3b0e25b0-04f3-4476-891e-18d67e3329ed,2025-07-05T08:23:09.769401Z,0.0,3
66d9ece4-1e26-4949-8a2a-7fa443732ef6,8b0653cc-f0d2-4f32-bbb9-0ed4754f9153,,b4cf6a02-8d8f-4f2a-a7d2-b552fe2cffc6,2026-05-11T14:40:57.769418Z,0.08,1
1684f869-36e2-4e0f-a474-1a8a2cd8520d,2af61357-846b-47b7-be27-d9b81db693b3,,4dbf9778-98c0-4446-9ec8-916ba556fdad,2025-12-25T23:21:08.769459Z,0.14,1
59b7685f-c7c0-44c2-820a-a1fd0bec1789,,739632bb-d2f5-4291-9327-bf37adec6d86,ad3fe337-ec17-4244-8e4e-9f2e174215e4,2026-05-11T14:04:33.769504Z,0.28,1
7ca2de37-1266-44d5-be93-0856d651a976,b5b918af-3492-451b-a8ef-799b0615a9a5,,c0dc7454-44d3-4bda-817b-d31875e44201,2026-02-07T04:24:15.769556Z,0.23,1
8e8388fa-95e2-4da7-a027-61d65e9e5cca,25132108-bb6d-46c2-87b3-c00023e596af,,f08ab47d-3ff6-49f4-ad4c-b00fe9042589,2026-01-14T04:00:42.769632Z,0.27,1
022b8c9f-b62e-464b-9814-6a166788743d,0d75422e-5cdd-4422-aae3-364698c5b3ee,,31a62e0b-956a-4338-9c88-02b3f7ede7b6,2025-08-30T00:27:20.769655Z,0.24,5
99731bb6-6978-48d0-a557-fdcb4244164d,86dae7cb-dd0d-4196-8d1c-7b64e1ca0393,,f3339075-6de3-4983-84ef-c23595b30f1c,2025-11-13T07:58:39.769708Z,0.08,1
a54ae2db-fdfc-4c19-a18f-7e1af6898111,d66bd9b2-8c11-4152-b10c-eeb92a6df2b3,,9234bb80-ceff-4626-9cc6-fc6f757ee0d6,2026-03-17T10:22:44.769725Z,0.18,5
5eb9931c-5874-490e-972d-32a47bc2b832,bc8b90b5-216f-40b4-9d6c-704d1a65a06e,,54c76350-7f69-4f75-b451-d79351462bca,2025-09-19T04:55:21.769754Z,0.18,2
588a3796-9289-48d6-bcdf-3be4c591a99a,c65e5f0b-7042-486d-a15a-e8c26e604df8,,242a17b5-0a2b-4177-a01c-b2d07b8435df,2025-12-21T09:30:45.769771Z,0.04,3
6a73787d-59bf-4993-8094-a2bc1859ac87,,e8bdd7f5-6681-4a5e-a6d6-70c4aa62228b,a81b33a7-ba53-452c-8801-04aabe7f038f,2025-12-10T14:18:13.769788Z,0.18,4
70f23779-a07a-49d0-ba86-4634ab18a492,36de30b3-a22d-4ae9-9186-ada9f09838e4,,e4f08e85-289e-40c7-ad90-983f186d02dc,2026-02-20T10:06:00.769805Z,0.25,5
e606f36e-2aaf-4121-abc2-1c89fa50cc81,fcd5220e-ef72-42c1-a491-e64bb6430821,,a2aa5c5f-237b-4acf-bd4d-896ec1b7d815,2026-05-01T09:22:02.769823Z,0.3,2
4ce2dbc7-c2ed-4339-9c8d-d3aa2c6ad891,a2a34423-28fc-47a7-a92b-1958542a76b0,,eab47c6e-60d0-411e-ade2-82fc0a973fef,2025-08-27T15:36:54.769917Z,0.01,5
3dadfb14-4a6c-4d9f-a52e-04492665624e,bc2d7a33-bbbc-4c57-bc09-10e08146f5da,,58b8f572-3bba-4143-9f32-b6fbe9afedb9,2025-12-10T02:10:04.769940Z,0.28,4
3a06f635-1454-42e6-8b76-ba7679025d2c,,7bf07663-ac02-4b1c-b0c6-6c462b6180bf,c6fa1138-4ec2-4637-9504-2749bc13e06f,2025-09-13T10:12:36.769957Z,0.27,2
e8a42878-7e81-4c04-9ae0-a996cbf652a7,c034b804-6b68-4938-8964-98f10b1bb2fe,,23c26c56-4049-472b-850f-65f46207be56,2025-10-16T02:32:36.769986Z,0.18,4
7219dd34-58ec-4140-ab84-570f807b57e9,84715c32-0e2b-4aa5-8d91-b1978f817bb2,,805d0c82-7625-40a2-ac29-8f766fc3f6ff,2025-07-31T15:00:29.770004Z,0.03,2
cf03d582-f137-4a75-b332-56e09d7e93bb,,2d37a2da-4392-4730-8494-a4f2964fa0f7,31a62e0b-956a-4338-9c88-02b3f7ede7b6,2026-02-21T06:11:35.770082Z,0.16,3
490d0ed3-40cd-4c7e-9b05-66ba471279e4,,f3fc9558-bb64-4c9b-b798-d408471bc562,e5990352-abf4-4954-bbe9-48ef19db84b7,2025-09-15T14:27:47.770141Z,0.15,3
14377c04-d4aa-421f-a636-59415ee15d35,,7bf07663-ac02-4b1c-b0c6-6c462b6180bf,8dd60692-d201-4c50-a580-7850c1e95f00,2025-11-22T21:24:57.770170Z,0.19,1
2af81193-deb3-4414-82d4-e875d7115aec,03c2229f-51c6-4ea1-86c2-73383ab89428,,c0dc7454-44d3-4bda-817b-d31875e44201,2025-11-09T06:03:52.770240Z,0.12,1
47badf01-f941-429b-9ef2-b22aad88f38e,ca0da774-1aab-4c48-92be-298e5115308b,,59d6d6c9-1940-4e0a-a3ed-ca04666e89b9,2025-07-19T23:53:42.770269Z,0.08,2
abd5cd98-5a53-490e-8d2a-c92edf852fcb,67df7533-da3b-47a5-b15d-2717f1105e80,,3b0e25b0-04f3-4476-891e-18d67e3329ed,2026-04-19T05:52:18.770337Z,0.13,1
fe969a88-1d48-4b26-bf0f-f6d6a8b53c66,db710c0d-073f-4533-a992-2147c6c05480,,25370a5c-dc1e-4a10-bfdc-ad1bca8f7981,2026-01-09T04:23:13.770378Z,0.17,3
c9b6ac13-4c48-4bc6-97ba-e930aa492a5b,,03820f90-6ba5-4385-bcba-b5c57d7c9400,5bdd189c-8321-48aa-bae9-e2962031a00b,2025-12-07T06:21:01.770397Z,0.22,5
393c460e-8926-449a-9c62-0503687218ea,d71106b5-3273-4106-ac12-4eeaa74508a1,,eab47c6e-60d0-411e-ade2-82fc0a973fef,2025-12-31T15:54:56.770431Z,0.17,5
d2a81efc-37ce-4a8b-9b81-21510f27decc,a98039d8-aac0-4ab4-aefb-271bbfefb405,,8245b2fb-a8af-474b-8d23-4304a5e9a19f,2025-07-21T00:58:21.770454Z,0.05,3
553426c0-a62d-417e-83e8-926903416baa,d015b03c-9cba-4774-821a-3cc992e1c7f4,,262281ca-9da1-4f48-bcc9-dac7c497ca85,2025-10-23T02:53:06.770471Z,0.19,5
ad8c1d74-12f1-46c1-a4ae-46e82574e16e,02f35316-5bdb-4e65-a662-954a019a8af8,,882325b0-d544-426c-b74e-9b64ff3ef4cc,2025-09-02T06:48:04.770611Z,0.14,4
8ce0dc06-18b8-4015-865b-d0006471dccd,,faa39b03-0f21-41e4-a01d-279202dd9648,f0bc20ac-801d-4401-bafa-1a2d45fdf2fd,2026-03-05T06:20:55.770640Z,0.24,4
0edfe294-ec4f-4904-bc49-2d6dda77d1ef,27b7a965-5245-4af3-9aa1-cea6862290ce,,c8692397-bab9-445a-90ae-7439cc46cd74,2026-02-07T17:51:54.770657Z,0.28,4
8622050b-b242-46be-b289-e2ec8e37144d,50d63bd5-61fe-4e78-8ff3-2c6fc971d3e1,,25370a5c-dc1e-4a10-bfdc-ad1bca8f7981,2025-09-30T00:31:04.770714Z,0.1,2
d56951c2-cfe4-4874-917e-da3e2c71f6eb,4a5c6de9-e24b-4808-a544-9bd7c3cb8fed,,8ac69fa0-f2a2-4e7e-8d20-db1696a88a49,2026-06-05T09:06:38.770732Z,0.16,1
8180d472-ce7e-4de5-9b0e-a0993b3e2d55,,9820b1c5-d896-4bf8-983f-11fb56e0d65c,99a57440-b846-4581-bc1a-44f38a214cf6,2025-10-18T12:22:13.770779Z,0.11,1
9045dbf4-ddc7-4162-be6e-8c927eba97a8,,14f3ba56-bc8e-4182-8b8b-039fd9481fd9,22e8fa38-2c1b-4639-8e7d-d245269424b7,2025-09-06T11:30:03.770819Z,0.03,5
aa114bf5-4a1d-48df-950e-fe3f7d591d4d,09e7e9c9-083d-4a69-97de-18d21411c6c9,,4560ad24-ab8b-4c2a-9a93-593950d0c317,2026-01-21T19:15:57.770853Z,0.02,2
e3fc5139-13e6-4ee7-84a9-8052ad4e02dd,,bfdeee45-1f59-40fd-beb5-e714bcd66a68,22e8fa38-2c1b-4639-8e7d-d245269424b7,2025-07-03T08:42:23.770894Z,0.04,5
64546042-ff10-4a4d-9f96-f5c4ddedd764,f402778e-5da5-4f36-a834-a374c21a1106,,b4cf6a02-8d8f-4f2a-a7d2-b552fe2cffc6,2025-10-22T20:46:39.770923Z,0.09,2
15647ac0-49f2-4264-9b40-cc876aa34b08,33695f6b-97f8-4629-b958-aee9db764e84,,bdfcdbcc-7d63-4ecb-9a8f-8ae73ee085fb,2025-09-27T21:45:09.770975Z,0.12,1
f3909cf9-97b5-4bc3-ab20-d6fa43d91c6a,307b46a1-51b3-4526-bce2-af544e5e4684,,242a17b5-0a2b-4177-a01c-b2d07b8435df,2026-01-24T10:57:13.771021Z,0.12,4
6c9c5224-4948-4df1-8dad-feeda3e0b6ca,37c52c6a-bf4d-4fda-8e8d-8d74f697fb2c,,58b8f572-3bba-4143-9f32-b6fbe9afedb9,2025-12-09T16:20:45.771129Z,0.11,2
4fe69c12-6103-4314-a016-60e1d4d284bd,,bbae2af2-f05b-4d5f-b909-7e4f1c0bd233,22e8fa38-2c1b-4639-8e7d-d245269424b7,2026-03-20T15:42:51.771146Z,0.21,3
0499c403-5143-470e-a4e2-27afb0b46e86,,17b73225-96f4-49e3-ad41-728a4cc6d91e,99a57440-b846-4581-bc1a-44f38a214cf6,2025-07-28T02:01:50.771164Z,0.11,1
05d11f99-7d30-41f7-9511-9ae4e57e4483,,5421fe71-08f7-48c0-9e74-4ada75ee357a,96164111-3295-4ecd-9696-77c13aa1e9c6,2026-02-20T15:39:52.771228Z,0.09,3
da3ba3f0-c984-44d7-be4f-56ebce51ba9b,aae79a82-52c7-4399-85cc-128ffadfd06c,,a2aa5c5f-237b-4acf-bd4d-896ec1b7d815,2025-10-18T05:54:22.771251Z,0.21,5
7dfbbf90-0fcf-4bc6-a6ce-fe806faf3051,,41c6c430-9e19-4c61-af25-4fcedbcf3e24,c9d3792c-59ed-4d20-b80d-de9e5af11e7c,2026-02-23T06:13:27.771268Z,0.2,1
83197058-2c97-4846-a30d-bfa38c4766bc,,14691e6e-503c-4a28-a19d-e16bf5329e66,cf925fde-e447-40d6-8073-e23c6f551820,2025-06-30T20:23:09.771285Z,0.12,5
a5daad98-f9af-4284-ac6b-b55d0e73df66,f483e088-2c1d-4574-add1-03aa91bfb55b,,39e9c2c9-901f-499e-8c46-57804a2f9255,2026-04-30T23:28:09.771330Z,0.29,5
19eb2ed3-e915-46d3-99da-a59cf52e7580,ca8098fd-2626-4a76-8c55-d1fc5ab50d0e,,7f6a74aa-f09a-4f60-a39c-a0c68ccf7ddb,2025-08-11T16:15:48.771400Z,0.0,4
d92965a1-8fa1-4f7c-a6a9-e9449571b33a,0fdccec9-42ee-469f-ad10-d1d6f7bf29bc,,27366ea9-7d9d-40ad-ab66-17f827a45e78,2025-06-25T13:26:39.771429Z,0.18,5
aa15c89b-f346-490a-9fad-f432a1d349d2,,097b7056-9fcf-4ba9-94f8-d06fb3a69607,4f829757-7e33-48b8-9950-69136f62b668,2025-07-29T07:07:04.771492Z,0.07,5
12531e65-2612-4a9f-a0d0-23ebaf2c2368,,38d37467-3cdf-4473-8f69-7ac34dd89e3e,181c0491-9549-4f06-acf3-4e0bf1af8724,2026-02-02T01:44:29.771510Z,0.28,4
0766757b-eef8-4c95-8fd7-2e890d42f2ac,,f7dde010-0d73-4090-8dc1-649edda71ac5,805d0c82-7625-40a2-ac29-8f766fc3f6ff,2025-10-31T05:56:52.771631Z,0.21,3
f0a75b95-bfbd-415e-82f4-341c594da6a5,,2aedb6ef-10a2-45c9-86e2-bb6ea9ffd5f4,cf9874d1-705f-46b6-b3e9-cbe1e58e3847,2026-06-13T02:59:43.771671Z,0.14,4
47902a77-d8e9-4adc-bf07-a183feff562e,e28014e6-9c3a-4f42-9b5e-bfc82f9bb9d7,,1cac4b7d-9687-4005-8aba-406a7a82bb35,2026-02-17T02:14:12.771694Z,0.12,1
fc011d75-83b8-4bf4-963d-e0243796f9d1,8c6e883e-fda2-4512-b521-4d5e4f1a24cf,,d98ac824-b1cb-493c-b4dc-fa735d579080,2026-06-15T19:36:21.771712Z,0.14,5
53ed00c8-b588-4e27-aa47-7bb0c5c683f5,c8aadad9-9b37-4350-a20b-928e2cab5566,,6b43d3b7-aca8-4905-9318-b1c3fbed419e,2025-10-02T22:30:56.771730Z,0.17,1
ca2d847f-3baa-4d4f-b6f7-a401a711fbab,d015b03c-9cba-4774-821a-3cc992e1c7f4,,80a4d750-7c17-4c78-b91c-5b63cd80c7eb,2025-06-26T15:02:03.771753Z,0.01,1
dbb2363f-c5d1-4e2b-8011-940de06389df,,e7fd8665-2d74-4a85-9976-ebd4f4d6c17a,58b8f572-3bba-4143-9f32-b6fbe9afedb9,2026-02-06T19:39:33.771794Z,0.18,4
4d05163b-7993-40cc-bea6-9f4ab86a5d8d,3856e26a-50d5-4112-aa9f-912be4b2d983,,8ac69fa0-f2a2-4e7e-8d20-db1696a88a49,2025-11-14T16:23:56.771916Z,0.11,3
7431da6c-4bb6-4702-babf-dd16c8a34ed8,,56e5e6a7-ed54-4fc2-a4fa-85e9777c2213,1cac4b7d-9687-4005-8aba-406a7a82bb35,2025-12-04T14:43:02.772020Z,0.27,1
ec940fa1-7cf6-4975-869f-84b4d499d139,12664488-f887-4fdc-a90e-65705d33b03f,,145417d2-0475-455c-bfdb-23ddc2020330,2026-03-03T06:20:18.772054Z,0.19,2
a24d9764-99df-4f8a-b63f-3c88bb5b4608,,a0be4537-bab8-462f-8e2e-820598bd159d,1cac4b7d-9687-4005-8aba-406a7a82bb35,2025-07-12T22:15:53.772099Z,0.08,4
5228432f-6920-49c2-a31d-0f690692dbd6,,09351ed2-aa31-43e2-bee6-7050b3892424,3eb8e419-ccc6-4064-8260-5b43602f9983,2026-03-30T12:17:04.772116Z,0.25,3
448516e0-d5d5-436c-bbbf-4518094fd43b,4b8e88b5-4f44-4fa3-9976-b217c8553071,,bb3acd74-a761-49bd-b7bc-fbf35502e696,2026-02-11T08:45:22.772198Z,0.21,4
59946b51-d05e-4ceb-948c-5512ea28d103,884c46e3-4d4a-4827-aa63-74a8f9bd7f20,,4560ad24-ab8b-4c2a-9a93-593950d0c317,2025-12-14T21:53:35.772261Z,0.19,4
b8fb17f9-64d0-499b-8b83-81b0a25b4c42,452e4865-d862-47d6-bcc8-d30a38c8994f,,7f6a74aa-f09a-4f60-a39c-a0c68ccf7ddb,2025-11-29T21:35:28.772278Z,0.22,5
31ae06fb-85b3-4cfe-be66-727be0cdd80a,f8ebdd24-728e-4af2-b7a7-fd68dfdfff44,,370920ed-3f8d-46f5-b78d-f4d5c426c5e2,2026-01-30T19:23:51.772337Z,0.08,2
f5b6b463-5ad5-46f0-a6e7-c5d41d193cc7,a98039d8-aac0-4ab4-aefb-271bbfefb405,,bdfcdbcc-7d63-4ecb-9a8f-8ae73ee085fb,2025-10-06T14:24:32.772366Z,0.14,1
96bd4e87-e2e1-47db-8e6c-1da238532aa0,37c52c6a-bf4d-4fda-8e8d-8d74f697fb2c,,1209a847-3e6d-4ef1-a2ac-448ae204babe,2025-07-28T20:45:38.772390Z,0.23,3
4d4dbe37-b96a-48eb-ad01-930dd583762a,,4727f68c-0333-4fec-9bc1-ae44e3e3e282,63b5e370-7388-4536-8ed7-a21a4a41d06f,2025-12-14T04:57:12.772415Z,0.14,1
520db73a-301f-4bb6-8064-6deb69b6e49e,081dd653-126d-48c5-8df5-309a2eb542f2,,27366ea9-7d9d-40ad-ab66-17f827a45e78,2025-06-19T17:53:53.772433Z,0.29,4
f488aaa6-d232-4d39-a51f-7bf364ffffa1,,73482548-95ff-4900-83c9-c4d503ccceed,24a56de7-f7f9-4a74-84ac-6ee7f5d63eeb,2026-06-01T22:30:34.772499Z,0.0,3
400e1313-0f73-4031-9691-ad1f863ea742,9ba86c77-70e4-49e8-8844-812e9a849822,,23c26c56-4049-472b-850f-65f46207be56,2026-02-21T16:14:15.772555Z,0.23,4
b5206833-5451-4c6f-9def-f4a5a99e1c0a,,5421fe71-08f7-48c0-9e74-4ada75ee357a,f980ab87-d699-456c-a96a-e362bfd00c92,2026-04-26T23:55:02.772578Z,0.0,5
fcd0db16-4611-4b14-8897-185cfa0b09ad,a98039d8-aac0-4ab4-aefb-271bbfefb405,,eae4837f-4e9f-40fb-a287-f3ea4195f02e,2026-04-29T11:47:45.772607Z,0.18,2
8fdadc08-ee02-4983-a819-024bbfd4e0b6,246a8fbe-760a-4f3a-a8e1-8a9c5f39aeca,,6b43d3b7-aca8-4905-9318-b1c3fbed419e,2025-08-30T19:06:32.772624Z,0.0,3
ed48d898-5505-4893-937f-f85ca95eaf7a,,ac321a1a-9afb-41a3-a083-771ed197e454,59d6d6c9-1940-4e0a-a3ed-ca04666e89b9,2025-06-23T08:09:01.772663Z,0.1,1
8076982f-7ca1-4d4f-ba06-9f7dfe1b7ff4,f248f19b-3dfb-4be6-8482-67b21b6825c8,,6b85123c-b94f-4258-9142-0599eff0a787,2025-09-10T19:02:02.772717Z,0.18,1
a50d1acd-4338-4bd8-8d18-282b1708e393,4b74983a-e4f6-4f16-8f37-1d745682f311,,e17a19cd-8381-40b6-8771-702f3a282e0c,2025-12-10T13:16:05.772734Z,0.17,4
a67f68c9-419a-49cd-baa9-7cb966b80819,4d91b12c-8c53-4afb-a6c3-c1d4c4eb0f6e,,ad5fcac7-aeb1-477e-b4a7-962a3e8bd739,2025-11-01T08:57:19.772832Z,0.11,2
632a9125-02ec-4696-bc3e-4074f7819ead,7452846e-37c4-4906-a617-e6a9cbd59165,,bdfcdbcc-7d63-4ecb-9a8f-8ae73ee085fb,2026-04-19T13:55:22.772894Z,0.02,3
e4c401ee-fc4d-4f9a-b4f9-f9593093f1f1,00ca2b1f-8a0f-4552-bd32-c770a13c2b62,,1e19d020-8de6-4885-b1d8-2b9aff3f3d33,2025-10-30T04:56:08.772948Z,0.15,4
d54af6b6-129c-40da-b526-8ad7e82beaae,b8e2751e-fc2e-48b3-b71b-572335d63302,,4f829757-7e33-48b8-9950-69136f62b668,2025-11-16T07:52:22.772977Z,0.18,2
62ab5a47-d309-4de2-b98d-05efa0439d07,70d6fa5d-dce8-49be-b012-d0b91638fa22,,af5481f4-1ba7-4d45-aaf7-51c47a71875c,2026-03-26T10:48:28.773207Z,0.2,1
f5d84c3c-7622-458f-9344-d15f72f70586,33023839-f105-4e5e-9642-a8e9c9eb9ef0,,99a57440-b846-4581-bc1a-44f38a214cf6,2025-12-01T22:29:14.773281Z,0.2,4
cfd655de-7172-4391-b341-66c10a327e4f,,febc24ae-f2a6-4e2a-86f8-cc78e70831b9,eab47c6e-60d0-411e-ade2-82fc0a973fef,2025-07-18T05:52:48.773375Z,0.13,4
b7b18133-0730-4f0e-bd52-44c140b5023b,e4a5abab-3a30-411c-a2dd-9f3454034f16,,6b85123c-b94f-4258-9142-0599eff0a787,2025-08-30T08:51:58.773415Z,0.19,5
9cff732c-8fe3-43cc-a98e-a181610963a2,ada08aee-5c6a-496c-ac31-9874d65fa9e1,,c8692397-bab9-445a-90ae-7439cc46cd74,2025-10-17T05:32:58.773444Z,0.16,5
7144fa9d-9b5a-4459-9378-795e5ecdf2ff,8b072a3a-d751-4d8d-826f-0afbaa855d64,,c0dc7454-44d3-4bda-817b-d31875e44201,2026-01-09T13:48:03.773508Z,0.02,3
50950b62-1b53-4d30-b5e3-8bdbcdd97659,6cc74c31-3b13-4328-b41e-f177a553357b,,f3339075-6de3-4983-84ef-c23595b30f1c,2025-08-13T21:21:43.773602Z,0.27,3
9c1c90ca-5bcf-4de6-95fd-19ea1a4031d4,bc2d7a33-bbbc-4c57-bc09-10e08146f5da,,8ac69fa0-f2a2-4e7e-8d20-db1696a88a49,2025-12-30T22:09:42.773662Z,0.27,3
c86bb619-ca5d-4565-8e18-a4fb7cdffe6b,,80477bc1-22d1-4b0d-9b04-0ee910e4d489,9183c4c5-47db-4e6d-af05-9eafe1f586a0,2025-12-21T03:39:47.773697Z,0.3,2
4f4a383b-6384-474e-93ed-b7957c2731c3,8081212b-78a4-4eb9-82b3-8e7915e2efea,,8dd60692-d201-4c50-a580-7850c1e95f00,2025-11-04T12:22:22.773738Z,0.05,1
76401133-b3cb-4691-8da6-20a6ad07445d,b534e6a8-e709-438d-ac30-da91cd5872cb,,31a62e0b-956a-4338-9c88-02b3f7ede7b6,2025-12-04T09:07:37.773767Z,0.01,3
c420cec3-06d6-4d59-b345-66a2dfb5ec5b,,9a47cd3a-175b-4904-8987-bcaa39665f8b,94ee9444-6941-48b4-b4dd-5e9bc164aefe,2026-05-15T00:09:40.773841Z,0.09,5
5fd23767-2c39-44ef-8ef4-4ade3da01101,,664df926-1b20-488f-93ae-3031b8761af6,37727a64-f037-49a9-bcf8-086215ecb7fd,2026-04-05T16:00:12.773888Z,0.08,3
5a21d21b-62af-4498-9f83-0b4838d2bc1a,dc4c8ee0-f6ff-41dd-ab39-7eca941f23b2,,99a57440-b846-4581-bc1a-44f38a214cf6,2025-07-17T03:40:14.774008Z,0.16,3
02753736-92d4-4776-a9cd-1af550da7c05,81ce4717-4b0e-4e4a-8084-2cefe8eadf9e,,5bdd189c-8321-48aa-bae9-e2962031a00b,2025-11-06T11:43:12.774063Z,0.19,1
bf4fca3c-9977-4d48-b80e-11a88a2b4bd4,03f08c66-cc70-44dc-a662-3ac42bcc9c72,,23c26c56-4049-472b-850f-65f46207be56,2025-10-09T19:30:20.774108Z,0.24,2
1c100c2b-02e1-4dd4-b93e-4cc383a33f9c,09e7e9c9-083d-4a69-97de-18d21411c6c9,,eae4837f-4e9f-40fb-a287-f3ea4195f02e,2026-03-29T09:24:32.774125Z,0.3,2
d6599282-72f3-43bc-a39c-760f70e987fe,fc734de3-f02e-44d9-b400-98a8f542d580,,ffb35e8a-7d50-4fb3-b500-d6e2b0d928a7,2025-09-13T15:33:06.774142Z,0.01,1
ded73fb8-3ad7-4075-98e4-50eedfd92daa,,26df24d8-f4a1-4696-967a-db75b43574bf,eab47c6e-60d0-411e-ade2-82fc0a973fef,2025-07-16T16:54:22.774179Z,0.25,5
812569dd-1c1b-4ef3-b925-622d2edb8e41,,07aa5572-04b3-43f0-a4b7-e35ef21ffb4f,96164111-3295-4ecd-9696-77c13aa1e9c6,2025-11-02T03:40:22.774203Z,0.23,1
f83e0bb2-68bc-4d4f-924d-c09e63e5d4b4,91861c5e-4dd7-428e-a4a0-5bd6de894207,,464065f2-15f0-4a2e-b25d-516dfff9dcca,2026-06-01T06:22:06.774257Z,0.19,1
3c14ab62-39bd-4bc9-a436-047b813e145a,,0600e569-0042-41ad-a25c-5e52fff3274f,63b5e370-7388-4536-8ed7-a21a4a41d06f,2026-01-27T11:32:05.774334Z,0.27,1
64de2635-d817-4fcf-8960-1a6c128c0b88,a7d4c10e-240a-4b3b-829e-98232e58afaa,,b4cf6a02-8d8f-4f2a-a7d2-b552fe2cffc6,2025-07-27T12:34:41.774352Z,0.04,5
a721d045-3a3f-41a8-b3b6-cb4f3eeec35a,3e44a27c-9bd1-4833-be31-5443fd5f30da,,bb3acd74-a761-49bd-b7bc-fbf35502e696,2025-08-05T14:36:25.774461Z,0.09,1
1b1404c3-e5c5-46a1-a947-fa3fa0dd30b8,7512cdd5-a848-40c4-a737-e3ac33674912,,31a62e0b-956a-4338-9c88-02b3f7ede7b6,2025-08-17T08:27:09.774532Z,0.22,3
84054391-6fdd-4665-8b99-63ae0f1f021b,,40cad5d5-ee7a-413b-a841-f1139d7cf6d1,ec97e4e8-1dee-4099-85b0-85d167c59b15,2026-03-27T06:36:21.774627Z,0.29,4
39ac6ba9-361c-4d78-80bd-8fb48ed0be53,,82eae3f1-d057-4c44-8c79-7efbada6a146,02310335-8d93-4be9-af7d-55de45097af6,2025-07-02T22:24:55.774674Z,0.02,1
5a2a8274-4db8-433c-bc25-18b26b35b884,,6d5d90cf-013b-4260-a44a-56991dad57ae,6cf1c788-97e2-4ecc-b9a3-f96831a30d8d,2026-05-03T16:02:29.774694Z,0.2,1
43fbe918-300f-4a6e-9e8e-392a8d782a67,34e3713e-527b-4a61-bb6b-5cdd9a46816d,,23c26c56-4049-472b-850f-65f46207be56,2026-06-07T23:08:44.774749Z,0.1,1
ea9552a3-2809-49c6-ba3d-00cee4c52247,,391b2a75-7d57-4b26-8ebf-e7891df83cb1,37727a64-f037-49a9-bcf8-086215ecb7fd,2026-03-05T00:50:28.774906Z,0.03,4
9af24248-0143-44d7-aebe-300b8c6e8845,0d229103-cd1b-43ce-8b78-f16fda8cffd5,,4249ce6f-0248-4265-950f-9f03188f5497,2025-08-05T19:54:56.774935Z,0.12,4
46ca82c1-e018-4ff6-b585-fd128e546bbe,,3ccf36d4-692d-44ca-9392-3cc6bdd7ebbb,4f829757-7e33-48b8-9950-69136f62b668,2026-01-02T18:03:31.774952Z,0.21,5
755e2fe6-e9fe-4e16-83b5-eb167dfacdf7,83e48783-daeb-493d-8c48-229e2c47c5f1,,f980ab87-d699-456c-a96a-e362bfd00c92,2026-05-27T08:00:37.775003Z,0.25,2
ea50954e-2ed2-4737-aac4-e10bc9f34e42,adfd8947-c7d0-4fd9-828d-4e92a2731969,,19526f67-9ddf-4aab-b411-0bee51cec320,2026-01-10T17:23:43.775032Z,0.13,1
adeb6d1a-af4a-4ec8-a093-ed0e87c58c0d,,9d774eb4-a3f5-4a54-99a3-2f57a2811f62,eab47c6e-60d0-411e-ade2-82fc0a973fef,2026-02-28T11:08:14.775072Z,0.23,5
0f1d2a51-cb15-47e3-8306-aee6e5a095f1,8c6e883e-fda2-4512-b521-4d5e4f1a24cf,,8245b2fb-a8af-474b-8d23-4304a5e9a19f,2025-07-05T07:22:02.775089Z,0.04,3
a982fd68-c864-4e99-98b2-369c03da1fae,0603da0c-982f-4154-9e47-2e31851e6029,,5e2bc8e4-1797-4c5f-82a7-e5f343789acd,2026-05-25T01:20:36.775122Z,0.27,2
4d8a376c-80c1-4954-abb1-2e0babc089e8,,db50b17f-7d86-4b31-b511-db5a91197b1b,c85fdb82-bfb8-466b-8587-2c4a96321250,2025-09-26T00:12:33.775174Z,0.28,2
69d78311-248a-4023-912d-2432326ca8ab,,279c54b9-9396-43e9-832d-b0827cabd861,f0bc20ac-801d-4401-bafa-1a2d45fdf2fd,2025-07-08T05:58:36.775231Z,0.11,3
4d09aede-a15f-46c1-9db4-7aca7fa2e33a,82e244b2-87a6-48ad-b9c6-ab291657e7de,,94ee9444-6941-48b4-b4dd-5e9bc164aefe,2026-05-04T11:01:17.775290Z,0.29,2
1ffcea7e-02d7-4139-b665-3b9002c4cd14,,ecae58ce-0a3f-42af-9d5c-be86d34016bf,77016229-03e7-4ace-860b-79ee16b3f42b,2026-05-02T19:17:41.775347Z,0.02,5
3e5c7a41-c83f-4cc4-9d01-36fd2216c955,,ad12e7c2-4ad0-48c6-a480-dd0d8123aafa,02310335-8d93-4be9-af7d-55de45097af6,2026-03-22T23:27:24.775433Z,0.17,2
cfc69b65-5ba9-46c1-b72b-2036dfb4dd02,50d63bd5-61fe-4e78-8ff3-2c6fc971d3e1,,cf925fde-e447-40d6-8073-e23c6f551820,2026-03-28T23:00:17.775473Z,0.27,3
d49c58fe-6c90-4557-9120-7e9cf6e218ca,d73af61d-0a94-4835-b3ea-fe140d26a2a6,,7f6a74aa-f09a-4f60-a39c-a0c68ccf7ddb,2026-04-10T14:42:13.775550Z,0.15,2
0a3080fa-9829-41cd-922e-b323236bd0a5,91a87b5d-7e05-49a3-bba5-8e0ff848f0e2,,d98ac824-b1cb-493c-b4dc-fa735d579080,2025-09-04T06:05:58.775573Z,0.17,1
0bd0fd65-0f65-47f1-a4fb-35353e48f0b4,0789256b-0781-44b8-87de-82a9880227cb,,f3339075-6de3-4983-84ef-c23595b30f1c,2026-04-20T11:08:23.775614Z,0.08,4
ef080cca-35c0-4ca3-a9d9-bf4e89578b40,,c5730ecf-0c26-4260-b89a-fc5217ff4d05,8ac69fa0-f2a2-4e7e-8d20-db1696a88a49,2026-01-22T13:44:41.775654Z,0.1,1
757352c9-3704-4f79-8596-0faaa77a3b67,e48601f7-7854-4f5c-90c1-a5b4e61cbbc6,,63b5e370-7388-4536-8ed7-a21a4a41d06f,2026-02-09T04:39:43.775682Z,0.0,2
8e41145e-6550-4e82-9df5-0f63ca734c82,,3dc911bf-740f-4345-8b5a-3e3b17ee4eca,c3163de1-b9cd-44a7-93e9-588433a1e23f,2026-05-20T20:46:05.775747Z,0.24,2
80b37a15-4681-4d59-9f87-09bd3bee993a,,68089c96-af0f-4e9e-bb88-ed60ff00e970,ad5fcac7-aeb1-477e-b4a7-962a3e8bd739,2026-03-02T01:28:56.775799Z,0.14,2
af7a3065-e061-409c-b35a-1b73f43f5370,,8e87a553-61e8-4d71-9a3e-58cf564bff8e,f6f56971-131f-45a6-8e96-4504bb012c40,2026-01-30T14:25:00.775838Z,0.14,2
7785bbf6-2b6b-45d8-927c-52d231a873cd,,81a8f490-fab2-4a37-b65e-00f81592a010,bdfcdbcc-7d63-4ecb-9a8f-8ae73ee085fb,2025-07-02T02:16:46.775872Z,0.28,3
1301fddd-80a0-43c7-85ca-8060a0a34aa5,9ad9c95d-58ae-4bb8-b54a-be32daead40a,,1cac4b7d-9687-4005-8aba-406a7a82bb35,2026-03-04T16:40:53.775906Z,0.12,5
9c1ef63d-4b29-4fa5-b9e5-879356159b84,eaa41640-766a-4508-9068-546288e5d1b4,,2e4f561e-34fc-4f84-969f-fafa2cfe8587,2026-05-08T19:27:08.775951Z,0.14,4
0499f6a9-b0d3-4118-8594-5f946c951774,755dc9d4-d2b1-46e3-a1c1-b06013ec4b71,,a2aa5c5f-237b-4acf-bd4d-896ec1b7d815,2025-07-04T02:46:54.775969Z,0.26,3
50820a4e-3c51-46f8-9999-6832bcbe4c7d,,c9d684e7-8f87-4f7f-91b5-290e430c6188,f980ab87-d699-456c-a96a-e362bfd00c92,2025-09-08T23:43:56.776005Z,0.26,5
9f20a312-9f5e-42f4-80fe-8df5f2b5978a,,e0c6f6ab-7794-4b10-a04b-111af6b7d773,96164111-3295-4ecd-9696-77c13aa1e9c6,2025-11-16T05:15:47.776123Z,0.19,5
75ae46fb-8142-4d4f-aa86-20276563b7ea,3292e7e9-c6d1-4783-997c-970b0c1b6061,,63b5e370-7388-4536-8ed7-a21a4a41d06f,2025-09-22T11:55:11.776141Z,0.04,3
320b32be-09d2-4a92-9590-3d096b2130ec,62fa8cfd-924a-462b-9362-8a50b950a6f2,,31a62e0b-956a-4338-9c88-02b3f7ede7b6,2026-03-25T05:03:34.776193Z,0.01,4
a3ae309f-5cbc-4aee-8987-22e2fe996bbd,,84f298f8-6aec-46e8-8c2c-52b5e03bd902,af5481f4-1ba7-4d45-aaf7-51c47a71875c,2025-07-27T19:42:54.776287Z,0.07,1
00610ef5-6589-45bc-96b1-cfd755bbc248,,739632bb-d2f5-4291-9327-bf37adec6d86,8245b2fb-a8af-474b-8d23-4304a5e9a19f,2026-01-11T20:41:02.776310Z,0.07,3
2facbed2-18f6-49fe-81ac-6e6c786d17d5,4c56e24d-31c5-433e-861b-a265429a86eb,,9183c4c5-47db-4e6d-af05-9eafe1f586a0,2026-03-30T05:29:59.776328Z,0.09,1
e4e1ae98-ec14-4095-a74f-e33f2f1af48b,,16888e64-f1b8-49ed-bc84-0bcf0d48c149,dc65cf1c-922f-4f2a-be7d-7f596ab58867,2026-05-21T12:25:18.776346Z,0.26,3
7982580f-c462-4e3e-8ffa-b4966e997de9,81213520-07aa-4c23-b65a-1570a1c8c2d3,,1638242a-9e18-4c5a-8ba7-dcb01ef7c6b0,2026-04-03T02:35:08.776363Z,0.21,4
bcedddfa-cfe6-4b55-9e04-e9d0e878915f,3dfe8aff-e5db-4d6c-9b31-11b683ecca34,,bb3acd74-a761-49bd-b7bc-fbf35502e696,2025-08-24T16:59:31.776415Z,0.01,3
06d0f939-1327-4841-83cd-1de40ca7b617,,f99bd9e6-1c4b-456a-acaa-ca3202d4ce84,dc65cf1c-922f-4f2a-be7d-7f596ab58867,2026-06-06T11:29:01.776453Z,0.08,3
f8bdc0bc-3726-4e76-be42-099ba1c125c1,57dbd749-7b4d-4f82-b7bb-4aac6c352ab3,,28c08598-0919-4ad4-a544-1e20d0d0dc44,2026-05-28T00:01:43.776470Z,0.2,1
6d61afee-b30b-448f-b296-b1daf34f449e,,caf5b3c6-b800-4a45-b04a-27bb4f70cdf8,1209a847-3e6d-4ef1-a2ac-448ae204babe,2025-10-25T23:47:19.776504Z,0.07,3
b5eef2c1-2739-465f-8d0e-a58cc00b494c,ef9cd077-1222-4ebb-8809-c0d061d6e69f,,321f6360-972d-4a3a-85c7-8758739a5af4,2026-02-22T21:36:33.776533Z,0.02,3
da378446-59e3-4e6b-b9ad-d146b99ed58e,0d229103-cd1b-43ce-8b78-f16fda8cffd5,,3eb8e419-ccc6-4064-8260-5b43602f9983,2026-02-02T10:02:24.776550Z,0.17,5
26dfbe36-1df1-4c28-a2fd-15997572945e,81745aea-08e5-4021-a4ad-5139b256656c,,1cac4b7d-9687-4005-8aba-406a7a82bb35,2026-02-10T22:26:51.776572Z,0.15,2
bdfcb926-134d-4067-beff-fc68678b2e72,,1e87409a-da19-4fa0-98fd-72610b0f873f,95176c1b-f8b5-4499-af67-49f7732c6c68,2025-08-13T21:35:45.776592Z,0.1,5
4b3dc127-4129-442e-961a-25c5aaf1d2d3,,2ac1cc4c-2ca5-4de2-b646-fc5d3ee98def,f980ab87-d699-456c-a96a-e362bfd00c92,2026-01-07T23:41:37.776649Z,0.18,4
907b4792-3f71-45ed-8506-d64583e32622,,6a082fe6-5a72-47c4-bd66-14d4e5b8e22f,d98ac824-b1cb-493c-b4dc-fa735d579080,2026-02-20T19:57:35.776666Z,0.23,4
18786d61-2b94-49c6-b914-ebac7c576963,,52063a2b-c09e-4403-a2f4-6620b3c70471,c3163de1-b9cd-44a7-93e9-588433a1e23f,2025-08-23T10:38:32.776683Z,0.1,3
3225d3c7-2a11-4469-8f56-d5d1524319cb,,370379f4-ebce-42c3-bd02-2d31507b5ea6,262281ca-9da1-4f48-bcc9-dac7c497ca85,2025-08-08T17:56:12.776701Z,0.27,2
69711ab0-afac-4864-86bb-70ac5cfc01a1,cb5f5348-66ea-442c-a31c-9df34040c85b,,1638242a-9e18-4c5a-8ba7-dcb01ef7c6b0,2025-10-11T15:18:31.776748Z,0.01,1
0c596798-ab59-40d0-9345-7e25d264c5cd,,38596dec-8166-46b0-8f54-fe9336c487ae,f980ab87-d699-456c-a96a-e362bfd00c92,2026-04-09T15:04:36.776771Z,0.03,3
88fb724f-602f-44ff-b965-fe9308ab33d0,393e8242-9d2a-4f22-904c-c851b62d9ff5,,94ee9444-6941-48b4-b4dd-5e9bc164aefe,2026-01-23T06:59:45.776898Z,0.24,2
26743129-40dc-4f6d-b469-a1e7b383b4c1,5ae1f454-5ad6-4bbb-9ece-4d9266d4fae4,,6b85123c-b94f-4258-9142-0599eff0a787,2025-12-20T15:28:22.776926Z,0.08,4
3edd21cd-b011-4a2b-a787-a70185a47a93,6cc74c31-3b13-4328-b41e-f177a553357b,,3eb8e419-ccc6-4064-8260-5b43602f9983,2025-10-21T02:03:03.776961Z,0.15,4
f5e87afb-583b-4af9-8bc0-94e24cb21864,b631525c-d21d-42be-ab22-ef78024e7501,,37727a64-f037-49a9-bcf8-086215ecb7fd,2026-02-23T02:45:43.777013Z,0.12,3
978f988a-763a-4ecf-92fc-176ec49bcef9,,3af91126-770c-4685-bf3b-3ea9682d265d,99a57440-b846-4581-bc1a-44f38a214cf6,2026-06-07T21:08:01.777066Z,0.26,1
bc95c635-2e2d-4c74-815c-0566e4d4c3e8,0dbfd0e1-7616-4ed4-9b03-6f43d2f4fb40,,12e3fbe3-5387-41d3-b055-ed6b543f5f0f,2025-08-14T15:19:53.777083Z,0.24,1
10c76eca-e8f4-43ec-8d22-088eb1320288,d4e85052-2f91-44f1-a8da-24efc3a6e3e0,,8ac69fa0-f2a2-4e7e-8d20-db1696a88a49,2025-08-25T00:49:19.777169Z,0.1,4
e5fe2fb3-b1d4-4731-90d2-4497830c2da0,b534e6a8-e709-438d-ac30-da91cd5872cb,,250b4af0-e307-4429-bc29-3797dfce07ad,2025-08-02T22:00:36.777190Z,0.02,2
bd8c1767-d4a0-4a1f-8ddd-6e18b2e31f9e,b6480a4f-e22e-4044-abb3-b492359dd3c3,,d98ac824-b1cb-493c-b4dc-fa735d579080,2026-04-29T21:33:58.777207Z,0.06,4
f2db64b4-7e4f-46ee-801e-36f230847061,7c0bba81-fc80-4e18-ac26-123b81363c49,,02310335-8d93-4be9-af7d-55de45097af6,2026-01-12T12:19:21.777230Z,0.01,2
67a5089b-d629-43cb-9e05-eb7fd416e24a,,4b07ac97-a944-440c-812e-00f604dce6ae,c8692397-bab9-445a-90ae-7439cc46cd74,2025-11-18T06:37:28.777254Z,0.01,4
0048ccb0-de5a-4966-b1fd-57db01c5237b,,c25a2dc5-0638-494d-9a2c-4e4964841181,eae4837f-4e9f-40fb-a287-f3ea4195f02e,2025-08-15T10:49:51.777311Z,0.11,2
574679fa-0a1b-4fdb-be94-12224e98d8d7,,eb2b0678-e952-46f8-93e4-9f1ba8cf05f7,9234bb80-ceff-4626-9cc6-fc6f757ee0d6,2025-08-14T06:45:54.777352Z,0.26,5
c60abde4-d26a-462c-b142-a973d14b2315,cf7376b3-d0c3-482a-814d-903b6aa9e8b8,,37727a64-f037-49a9-bcf8-086215ecb7fd,2025-08-11T01:19:25.777410Z,0.1,3
58f19e6a-c417-4180-83c8-02d08afe669a,,275e0003-e1ee-41d1-9fbf-6892a00d929c,7f6a74aa-f09a-4f60-a39c-a0c68ccf7ddb,2026-04-17T18:06:31.777427Z,0.18,4
38dc42fb-ab28-422b-b43d-750b195905d6,452e4865-d862-47d6-bcc8-d30a38c8994f,,eab47c6e-60d0-411e-ade2-82fc0a973fef,2026-05-28T01:08:41.777553Z,0.12,4
c7566c14-01c8-496b-897a-4dfaa18e4c21,,2c24d159-d919-46de-92c4-a9d6de7e4e36,4dbf9778-98c0-4446-9ec8-916ba556fdad,2025-09-03T04:19:46.777571Z,0.09,1
003acdba-6987-40fb-a185-244102efb4cb,be8983c7-ccac-42d2-b835-b4c8ed1999f8,,19526f67-9ddf-4aab-b411-0bee51cec320,2026-03-04T20:52:40.777589Z,0.19,1
4153a20c-ffb4-4c9d-9ffc-c05d4766a19a,c369c565-e988-4e6e-ae54-accbd9d640fa,,a7af19b9-f0fe-40b8-9d1a-c7fcda914ea2,2026-01-02T09:57:54.777624Z,0.27,1
bca567f3-6ef3-4526-9a4f-710a8973a3f9,ed3192f6-0576-40a3-9845-af8d9903c8c0,,321f6360-972d-4a3a-85c7-8758739a5af4,2025-10-06T16:38:00.777641Z,0.16,5
92a8529a-6979-432f-9e08-8e68ebd63f42,f248f19b-3dfb-4be6-8482-67b21b6825c8,,17d8280d-5414-49df-ac1c-db72a02c6e18,2025-09-04T16:33:05.777762Z,0.01,5
5f1377db-18f0-42e9-8f74-a06536954d40,,1fd985d9-6f55-4684-85e7-791e2c83ebe5,31a62e0b-956a-4338-9c88-02b3f7ede7b6,2025-09-06T21:36:12.777802Z,0.25,1
096cb1fd-adea-4e92-a5db-d25b011337c8,ca0da774-1aab-4c48-92be-298e5115308b,,e17a19cd-8381-40b6-8771-702f3a282e0c,2026-05-23T08:49:18.777890Z,0.03,3
ca180899-3f62-4de4-8d3a-c9afb2e4d596,,4dc34ebd-3d8c-45f4-95ca-958c74a73c37,ad5fcac7-aeb1-477e-b4a7-962a3e8bd739,2025-10-09T20:48:21.777908Z,0.18,1
7f3cf49e-74dd-4860-96ea-f2b685ec071f,,965c8fe1-fd9f-458d-904e-cff3de256a0d,321f6360-972d-4a3a-85c7-8758739a5af4,2026-05-12T23:18:30.777926Z,0.27,3
a322a8f6-a4f3-4129-b762-95bf1d3765e1,,1f862502-7b30-4975-a460-5838baa3fef5,4dbf9778-98c0-4446-9ec8-916ba556fdad,2025-12-20T20:54:58.778087Z,0.07,2
58ae55a7-fa02-492a-99a6-5ffad21307fe,4795de92-1574-442c-8f86-3aa6de2c7391,,7f6a74aa-f09a-4f60-a39c-a0c68ccf7ddb,2026-06-18T05:19:31.778162Z,0.21,3
22e19792-9bf0-42ea-9c15-4f654b11fa6f,dc52679f-ed2d-4c43-a350-50327c99be6c,,14c50a07-309d-4aac-8004-a94d51e3ca87,2026-04-27T14:20:01.778204Z,0.14,2
28a0e41b-7820-45e5-9c6e-26e195b6be8f,81213520-07aa-4c23-b65a-1570a1c8c2d3,,a81b33a7-ba53-452c-8801-04aabe7f038f,2025-09-12T08:08:46.778244Z,0.05,3
3cefd423-fdde-4977-8559-55a29b92b7ca,93e06d19-4983-470b-9418-3e93a372ee0e,,c6fa1138-4ec2-4637-9504-2749bc13e06f,2025-10-21T23:41:11.778285Z,0.22,1
0a2a50bd-b8a9-4345-b34b-82ca4765286c,,dfb885e4-7515-481d-b862-8a02fe5986f6,c8692397-bab9-445a-90ae-7439cc46cd74,2026-05-06T04:48:30.778378Z,0.08,2
3624dbfb-fb3e-4322-8f7d-cbf6d8f2d529,,700dd966-effa-4a5c-93f5-4c22c9c4a508,bb3acd74-a761-49bd-b7bc-fbf35502e696,2026-01-13T19:09:19.778401Z,0.04,3
fe6a705a-43b2-4cb6-a1fa-1a47e900a36f,,0600e569-0042-41ad-a25c-5e52fff3274f,f08ab47d-3ff6-49f4-ad4c-b00fe9042589,2025-10-31T08:08:53.778465Z,0.22,5
9c27787e-5270-44f7-9f68-4c2d0f72f5bb,,38d37467-3cdf-4473-8f69-7ac34dd89e3e,4560ad24-ab8b-4c2a-9a93-593950d0c317,2026-04-22T17:49:20.778483Z,0.09,4
3532f5e0-303d-40b6-9eac-e16d6065138c,,ead225b4-7083-4198-869f-2d18b0d6d2b4,51de8c93-7a17-4f51-ba8f-d0ac995c566a,2025-10-24T16:15:22.778615Z,0.14,2
bbb33823-3ba2-473f-8e4a-0fa978045965,49da153f-b4fe-4c8c-80bd-3929f8491250,,e5990352-abf4-4954-bbe9-48ef19db84b7,2025-08-06T01:43:31.778649Z,0.26,4
b67f56aa-a562-401c-a545-65f257f0b3a7,,9482c335-46ee-4c6b-b304-a80349a1ea09,02310335-8d93-4be9-af7d-55de45097af6,2025-07-17T21:56:01.778735Z,0.22,4
75e405e6-2344-4d88-9556-de65152c2245,b4ae784b-3905-4589-8158-4c344b0cb907,,8998e993-9ba7-4ede-965c-cee7af7a4457,2025-09-12T23:58:19.778789Z,0.06,3
52e9a629-3255-47b5-98fc-1ea17518479a,,503a51ed-4dfe-446a-bf7a-18b27f63634c,1e19d020-8de6-4885-b1d8-2b9aff3f3d33,2025-07-18T05:05:53.778893Z,0.2,1
322e685f-bcab-4dd4-992b-e71984f84b28,,13018d9f-0af2-4f2c-9077-c91def87e6d0,372ded30-38b9-4299-bf0d-124cb3f95d09,2026-06-02T05:09:00.778922Z,0.21,1
b8b5313b-c424-4b9c-8e64-09306c9c7ea0,,4fb4715d-a694-4369-9ecb-bb5cf48bad58,77016229-03e7-4ace-860b-79ee16b3f42b,2026-03-17T20:42:22.778996Z,0.06,1
c74f7de6-6804-4c29-b66f-278879003501,,bf4911bb-6daa-4204-9a02-40569c3b4503,c85fdb82-bfb8-466b-8587-2c4a96321250,2025-08-19T20:48:44.779031Z,0.3,4
147d9c3e-5ea2-4a51-a05f-67f7fc855a71,1f5c5636-0115-42cc-89e6-b0ccb70c0ca8,,63b5e370-7388-4536-8ed7-a21a4a41d06f,2025-11-10T02:34:02.779061Z,0.11,5
5f233a8d-834d-41f2-96d0-122c8d6b35fe,,e03efcbe-55bc-4ece-8307-e911ecb3a13b,321f6360-972d-4a3a-85c7-8758739a5af4,2025-09-07T07:01:50.779090Z,0.23,5
80814187-34d0-4479-9373-f48988c740e2,1f5c5636-0115-42cc-89e6-b0ccb70c0ca8,,9234bb80-ceff-4626-9cc6-fc6f757ee0d6,2026-02-20T17:56:18.779118Z,0.01,3
c0275525-5b34-4676-93ed-8e4890fb4b9a,,b5c4d2e5-84bc-4d4d-a65f-f9c3a90ec45a,7f6a74aa-f09a-4f60-a39c-a0c68ccf7ddb,2026-01-10T08:12:08.779194Z,0.29,4
83c1879e-e0ad-4ae9-89e3-9f72ebc35750,,656fbdfe-0b8d-4d82-b357-7ab5751ad311,3b0e25b0-04f3-4476-891e-18d67e3329ed,2025-07-12T12:53:48.779212Z,0.01,2
82d4d1fa-08f5-46bf-967a-c35f614e8759,b8309d59-5dff-43ad-861c-05c59ffc736c,,54c76350-7f69-4f75-b451-d79351462bca,2025-12-22T01:05:54.779231Z,0.21,5
26a1a053-2d6a-4675-ac6a-6237c19966d2,,ba185d56-9f08-4cc5-abbe-f0da64cfe742,262281ca-9da1-4f48-bcc9-dac7c497ca85,2025-12-27T11:58:22.779254Z,0.08,5
12214f2b-6bd0-48c7-b518-93db24c4869f,31332bdc-3407-490e-989d-2aed5320f2f3,,22a51531-4be1-45dc-9e5d-2c9c0df0de82,2025-06-28T16:53:12.779272Z,0.05,5
64602a6d-6d57-4657-9a1a-5e7fb0e328a5,f9b39f19-d5b4-46d1-9aad-1b195cd77400,,24a56de7-f7f9-4a74-84ac-6ee7f5d63eeb,2026-02-02T19:05:55.779381Z,0.29,2
29f08cea-6164-4706-9f5e-a2b4f2de6b54,ef599fab-e22b-4153-9214-cacf5a81b0da,,4249ce6f-0248-4265-950f-9f03188f5497,2025-10-13T23:19:49.779511Z,0.29,1
d27e0c27-5c54-45e2-af5a-504913fcee9f,,16888e64-f1b8-49ed-bc84-0bcf0d48c149,34b6ae28-67da-41cb-83b1-c97b33dfdb64,2025-10-13T19:31:14.779552Z,0.04,1
fe415537-728c-4840-a31f-733041e1416c,,81a8f490-fab2-4a37-b65e-00f81592a010,0eea6ab9-a379-49ec-9c3a-9e38263db7f9,2025-11-06T04:25:40.779581Z,0.19,4
107d117b-40dc-41fa-80c4-04c4d7700baf,865e2c7b-71bd-4f2f-a9ef-009d99d29e7e,,17ef5cb2-dbbc-4423-a159-fe66957fb5c2,2025-07-16T13:25:22.779603Z,0.28,2
6a22c02c-a6f2-40c7-8413-829b0b1d95cb,6358be1c-0d97-4b91-8cce-61d53681f9e6,,19526f67-9ddf-4aab-b411-0bee51cec320,2025-06-18T18:42:14.779661Z,0.21,5
1b434266-4277-4a8d-b9c4-3e7e63151cd1,b71d0401-7b0c-47ad-92f3-6e124731b75d,,59d6d6c9-1940-4e0a-a3ed-ca04666e89b9,2026-02-22T16:43:18.779725Z,0.01,3
d8d8eb92-100d-4247-bf6e-9d7768057ed0,,8ce1c84c-fb74-4444-a3cf-8d65a7810e84,4dbf9778-98c0-4446-9ec8-916ba556fdad,2026-05-23T00:29:46.779743Z,0.15,4
392e6612-310f-464f-b3cb-75a07d543dc5,4d91b12c-8c53-4afb-a6c3-c1d4c4eb0f6e,,f980ab87-d699-456c-a96a-e362bfd00c92,2026-03-08T06:01:25.779957Z,0.18,1
4720e804-db0d-46df-81df-85ac4b1a1d32,,c81f7ee0-6c9c-45dd-b5be-6b9fd9b18fee,a7af19b9-f0fe-40b8-9d1a-c7fcda914ea2,2025-10-26T15:15:40.779986Z,0.2,4
82058f0b-0bfc-42e4-b1b2-85024928500a,,13018d9f-0af2-4f2c-9077-c91def87e6d0,c0dc7454-44d3-4bda-817b-d31875e44201,2025-11-08T14:31:51.780079Z,0.06,1
b7e566c3-e8be-4cf2-8dc7-37e8aaca2eed,ada08aee-5c6a-496c-ac31-9874d65fa9e1,,6f6d558c-4b40-4c66-a4e6-e46524190ebc,2025-08-22T05:25:01.780142Z,0.0,5
59fd9d93-cd0a-4bb7-b9e1-a24b11c06396,c369c565-e988-4e6e-ae54-accbd9d640fa,,262281ca-9da1-4f48-bcc9-dac7c497ca85,2025-11-02T13:53:42.780182Z,0.06,3
cf15d246-d311-41a0-b4a9-6c50c95391b1,,370a8835-5cf6-4088-8ff4-355a5193ce4d,882325b0-d544-426c-b74e-9b64ff3ef4cc,2026-04-10T18:45:39.780235Z,0.2,2
901690f8-3170-4c27-9978-dcdbb22a1fd7,8b0653cc-f0d2-4f32-bbb9-0ed4754f9153,,f08ab47d-3ff6-49f4-ad4c-b00fe9042589,2025-12-10T04:00:32.780252Z,0.21,1
7907407b-4e9a-4c26-8373-13cc4326f54b,081dd653-126d-48c5-8df5-309a2eb542f2,,3eb8e419-ccc6-4064-8260-5b43602f9983,2025-07-01T07:52:32.780269Z,0.16,5
0ea9d56b-9f05-473a-b6b2-07fc0c94f9c8,,c5730ecf-0c26-4260-b89a-fc5217ff4d05,372ded30-38b9-4299-bf0d-124cb3f95d09,2025-09-12T06:59:38.780304Z,0.12,5
be842d1c-aac6-42fa-aed6-01826866dfbd,,c421bb81-2ebc-4ff2-8695-3a10f31e440e,464065f2-15f0-4a2e-b25d-516dfff9dcca,2025-10-17T16:07:27.780360Z,0.13,4
f601e1d7-e701-40cd-b37b-143d43516a4a,6fae9727-3e59-4122-b868-a3cf2ac05a16,,ffb35e8a-7d50-4fb3-b500-d6e2b0d928a7,2026-04-26T02:46:39.780389Z,0.24,2
0dc8ce4e-749e-4b57-bceb-6e82f4f2339b,e1053777-b61a-4ac5-80a1-a50c3f13f99c,,f6f56971-131f-45a6-8e96-4504bb012c40,2025-12-20T04:58:58.780430Z,0.24,4
6651237f-db1c-45f2-95ae-37e1ee3ee71b,,6c4722c6-468d-43e1-901a-915dbbf7f6a6,02310335-8d93-4be9-af7d-55de45097af6,2025-11-07T18:05:02.780453Z,0.06,3
4f91f8df-3974-4651-9e9c-8ba6a38de7a0,,1f171551-142a-417a-bc22-cd6166024132,8ac69fa0-f2a2-4e7e-8d20-db1696a88a49,2026-06-14T16:55:50.780470Z,0.18,2
8de17ee5-1179-48bc-bc13-f93a66268223,4b8e88b5-4f44-4fa3-9976-b217c8553071,,cf9874d1-705f-46b6-b3e9-cbe1e58e3847,2026-01-19T23:20:25.780557Z,0.29,5
eb878ecf-6f84-416d-9b6e-fe0e47c0bcd0,,bd8d3f45-79bd-48f1-8557-63d6452703e6,6f6d558c-4b40-4c66-a4e6-e46524190ebc,2026-02-14T18:25:43.780654Z,0.17,1
a6412548-f2e3-4cc1-afbb-d59e1a4d54af,0527c122-6b13-4e96-ae89-bc3896d71c58,,321f6360-972d-4a3a-85c7-8758739a5af4,2026-04-15T15:37:09.780758Z,0.21,4
7cf7ec91-0bda-4f7f-a1e4-f3102ea31adc,b6e2a889-04f2-41cd-827d-1c8d679cd520,,37727a64-f037-49a9-bcf8-086215ecb7fd,2026-03-13T08:28:31.780857Z,0.26,4
e98f4688-2b56-4ecd-af1e-163a3290b9b1,,d1d5f896-dee3-4362-b98a-357425dbb4f3,96164111-3295-4ecd-9696-77c13aa1e9c6,2025-08-28T19:41:36.780908Z,0.1,4
3879def0-144e-447b-84f1-328c89929767,31ca2d81-c9af-4d2e-aff4-0d25f8280112,,51de8c93-7a17-4f51-ba8f-d0ac995c566a,2025-12-17T05:06:27.780944Z,0.11,1
3625e435-cc70-4a66-9d82-98f13cf7d226,,197a0c63-13d4-44d2-9e5e-3fab8a194905,4dbf9778-98c0-4446-9ec8-916ba556fdad,2026-05-30T23:04:51.781001Z,0.15,1
57dfd947-dd06-4ec4-9d88-eb0aa9e4bc58,,e3751c4e-5b82-4d0e-8a82-15e0abb27544,242a17b5-0a2b-4177-a01c-b2d07b8435df,2026-01-04T21:51:05.781076Z,0.16,3
0a197091-3829-4194-8a71-88751a06c8b7,,391b2a75-7d57-4b26-8ebf-e7891df83cb1,f6f56971-131f-45a6-8e96-4504bb012c40,2026-05-18T21:03:12.781099Z,0.25,4
6e4fa826-c0ac-455e-a5bc-53fc6c6fa3c9,2f7934c3-a58c-4260-92f3-05c4d15d3f3c,,22a51531-4be1-45dc-9e5d-2c9c0df0de82,2025-09-26T10:53:52.781179Z,0.09,2
c051d7e3-dfd1-4bd4-bc97-1d784c1d53f2,,ab5db6df-5509-4137-b19b-a95c81ba9a64,805d0c82-7625-40a2-ac29-8f766fc3f6ff,2025-07-07T13:14:00.781211Z,0.07,3
87b94853-74ed-41ad-b478-95aaa30d0efe,9db95041-3fde-4c77-a277-b9dd057f8869,,a81b33a7-ba53-452c-8801-04aabe7f038f,2026-03-19T16:05:17.781228Z,0.23,5
8beb5760-23bc-4d21-a164-42206875f149,a4e2e6dc-9c0b-4fa2-8763-56f3ee281e63,,24a56de7-f7f9-4a74-84ac-6ee7f5d63eeb,2025-08-14T02:58:43.781270Z,0.01,2
a9fafb7c-6d83-4a30-bc5e-9bc2cbc5d751,961a1c17-3d19-446f-8ffc-596991feabde,,17d8280d-5414-49df-ac1c-db72a02c6e18,2025-11-15T08:35:50.781316Z,0.2,2
01b474ec-994e-44d6-957b-473e9668c89c,ff32a232-51bc-4f19-a5fa-ac9cf90b299a,,28c08598-0919-4ad4-a544-1e20d0d0dc44,2026-03-04T12:00:11.781356Z,0.2,3
835b2554-3518-40d8-9f9d-aafa60117b6c,,16c72744-2a08-47ad-9c66-9d815ec4e8d2,23c26c56-4049-472b-850f-65f46207be56,2026-01-28T00:19:10.781468Z,0.08,1
0cda27b3-32fc-48a4-86cb-421bbf779b30,35618dd2-3ca4-421f-91f7-eb51cf894807,,37727a64-f037-49a9-bcf8-086215ecb7fd,2026-02-04T14:37:09.781508Z,0.09,3
1d91f9ef-9c01-470d-8763-716d164dfe88,556103b6-69df-46b1-9c1b-4d9cc3dad857,,4560ad24-ab8b-4c2a-9a93-593950d0c317,2025-11-21T04:43:18.781525Z,0.27,2
fd8791cc-77c0-43db-b099-c6a5296eb790,,44b24218-6fb0-488c-afc3-7fdf5b30d435,4f829757-7e33-48b8-9950-69136f62b668,2025-11-21T05:19:50.781594Z,0.09,4
51270aa8-4952-4985-8f1d-d6202182d9e9,,e3dc27fa-1a40-47ec-966c-69e204205122,c9d3792c-59ed-4d20-b80d-de9e5af11e7c,2026-01-11T03:36:01.781711Z,0.17,1
6b024fa0-da46-4e00-932b-4e21e39bc52f,,e7cc69cb-f983-4367-b53c-0c992215007e,59d6d6c9-1940-4e0a-a3ed-ca04666e89b9,2025-08-23T12:54:43.781740Z,0.23,1
d5561f5e-b526-43e7-aa79-6d885faaa587,284521e2-1408-4fa0-9578-492efc8edfe3,,12e3fbe3-5387-41d3-b055-ed6b543f5f0f,2026-02-10T12:36:50.781758Z,0.09,2
be1c2c8e-676a-42c8-8905-b9a22bfd79fb,,ee23cb31-b9c6-436b-947e-217d5a6b45ea,174b1816-01c1-46c2-8a46-6e6ad57e5965,2025-07-02T18:42:42.781910Z,0.04,2
804deb6a-430b-4d91-9a23-adca267c5ffd,,64ca1b8d-d4b4-4433-a028-3654e919841a,54c76350-7f69-4f75-b451-d79351462bca,2025-11-29T06:14:57.781938Z,0.07,5
1d15c1d6-e628-4476-bece-1e5412011c56,,7e5c0779-298a-49f1-89d5-f8c6dad38e68,4249ce6f-0248-4265-950f-9f03188f5497,2026-01-17T14:36:51.781967Z,0.19,3
ebb66da6-a988-4121-9158-ffbc2a2102a9,ac1df049-a8f3-48c3-a0d7-4709bcda5abf,,54c76350-7f69-4f75-b451-d79351462bca,2026-03-04T17:03:12.781984Z,0.23,5
bf64c0ca-305e-4e9b-8330-c48fa00541ec,,62534746-ba12-4aaf-9296-5593d62c1f30,ec97e4e8-1dee-4099-85b0-85d167c59b15,2025-07-21T14:10:36.782054Z,0.19,1
8b284b66-43fa-4e45-b87e-ad0e75a9e57f,,95490c62-297f-4433-90cd-270411926078,34b6ae28-67da-41cb-83b1-c97b33dfdb64,2026-03-20T02:31:56.782191Z,0.2,4
d9955ff2-94c9-4f32-bff6-11a6671b2d58,3a1140cc-92c8-4b55-9247-57e4e96b553b,,17ef5cb2-dbbc-4423-a159-fe66957fb5c2,2026-04-11T04:17:05.782209Z,0.07,2
12e4afb7-6fb1-4f7d-8ac6-4949e5fe9cf8,09e7e9c9-083d-4a69-97de-18d21411c6c9,,25370a5c-dc1e-4a10-bfdc-ad1bca8f7981,2025-06-29T23:01:20.782273Z,0.0,3
f3797830-5d40-4cb2-b8a8-356aaa2fede1,b160209b-16a2-48d9-abfb-6eb2de7e37bb,,321f6360-972d-4a3a-85c7-8758739a5af4,2026-05-15T04:27:35.782291Z,0.24,4
7c1c3afe-2178-47e7-ae48-71040c670765,4795de92-1574-442c-8f86-3aa6de2c7391,,6b43d3b7-aca8-4905-9318-b1c3fbed419e,2025-10-21T19:57:38.782372Z,0.18,5
4f1716e5-e4be-4858-8ec0-488071ca28cf,,3db73a06-e489-44c5-ac85-866710e4e558,3198b1d3-c10a-433e-946a-be88a2f22060,2025-08-22T00:25:32.782395Z,0.01,5
2f366b3e-b684-4bc7-9a89-2f083c1a9c40,481c40c1-251e-4c17-a7c2-579d467c47d6,,31a62e0b-956a-4338-9c88-02b3f7ede7b6,2026-05-18T02:02:33.782412Z,0.26,1
c822d82c-04f8-4e06-b947-35f22d386d81,,3aa513ff-ec0a-42cd-bceb-102f9073a0b6,c85fdb82-bfb8-466b-8587-2c4a96321250,2025-07-04T21:51:01.782441Z,0.26,2
5b51c29b-9a88-4766-ade2-2681980b2fec,,d6dd96e6-11c5-4cf3-ae42-6fd552878757,54c76350-7f69-4f75-b451-d79351462bca,2025-07-25T01:50:37.782469Z,0.16,4
f6e17b66-70f9-4f2b-8f5e-815c4ce6254c,,9040717e-839b-4eea-9494-6dc3332e2e43,1209a847-3e6d-4ef1-a2ac-448ae204babe,2025-07-27T11:26:46.782521Z,0.17,5
f1d67a80-fb93-4c67-9e8c-1188ce988d17,,ded03670-4263-40dc-b97c-bb0508d274a8,3198b1d3-c10a-433e-946a-be88a2f22060,2026-04-07T06:24:39.782538Z,0.26,3
266320b0-d012-49be-9e52-59c4bdccc3b5,0f2672d3-0d1d-4747-9e71-a91ada364540,,af5481f4-1ba7-4d45-aaf7-51c47a71875c,2025-12-04T01:38:09.782602Z,0.04,2
c79ee18d-16f2-41fd-8d21-2bf8cae65ef4,,1ea1da6e-ec3e-41b9-a395-ca3043f03359,dc65cf1c-922f-4f2a-be7d-7f596ab58867,2025-07-08T01:47:09.782625Z,0.22,4
46826c75-3081-4ce5-905a-b48a46b4dff8,,631fc80d-c921-4d02-9a8f-24f48c059a49,eab47c6e-60d0-411e-ade2-82fc0a973fef,2026-03-01T01:07:37.782643Z,0.25,3
21475b8e-1ad0-497e-9d80-04f8807f537e,,8df19017-ea33-4cec-b8ab-efc678927bca,31a62e0b-956a-4338-9c88-02b3f7ede7b6,2026-04-04T12:20:26.782711Z,0.11,1
24482250-fd64-4215-a2ac-8d0deef853a4,e198e982-441e-4186-b2a7-6509354bc0f2,,a85314f2-4706-4d04-af9d-12e821756358,2026-02-09T13:46:30.782746Z,0.22,5
9ba3d601-561d-4e3b-a401-2a39b7bc8b22,,bb225081-db3b-4b72-84a2-c65cd9a1ce5a,37727a64-f037-49a9-bcf8-086215ecb7fd,2025-12-15T02:29:36.782796Z,0.2,5
4b30b9d3-5915-4f86-94fe-d79cfec934fb,,47a94c2a-298c-45f0-bdb5-0a509a1a41a4,ec97e4e8-1dee-4099-85b0-85d167c59b15,2025-09-13T14:07:41.782813Z,0.21,1
ae2fed38-47ea-4122-8332-88f736633b19,39fcfcb7-7a61-4c8f-a325-fd614eb31fc3,,9183c4c5-47db-4e6d-af05-9eafe1f586a0,2025-09-17T10:27:02.782830Z,0.02,4
019d7a0e-1c86-4ff5-8f5f-1ceb86ca70c3,,aa80894d-3f37-4fff-b8e9-26c8de050173,882325b0-d544-426c-b74e-9b64ff3ef4cc,2026-04-19T16:50:51.782854Z,0.3,3
8f1f27e2-eac9-4dff-ad9d-933899f12870,,afe1edd5-1ad8-4422-990f-7e2973ea1aba,80a4d750-7c17-4c78-b91c-5b63cd80c7eb,2026-01-01T15:01:29.782924Z,0.02,2
7f3605d0-0939-463e-8b0c-821b4c1b96bb,39fcfcb7-7a61-4c8f-a325-fd614eb31fc3,,eae4837f-4e9f-40fb-a287-f3ea4195f02e,2025-08-21T09:38:58.782941Z,0.22,1
76987e39-7a3c-45e5-a011-82c16d25f463,70d6fa5d-dce8-49be-b012-d0b91638fa22,,0eea6ab9-a379-49ec-9c3a-9e38263db7f9,2026-06-09T06:38:21.782958Z,0.03,3
8a93cc0a-abd8-4cc7-995f-eaa2bf0f76f3,df7aa237-7381-47be-a062-6fa5f8aa9f42,,25370a5c-dc1e-4a10-bfdc-ad1bca8f7981,2025-07-26T20:48:49.783000Z,0.11,5
f8588c14-1ef5-461e-a693-27c198b566f2,,82513d6a-2416-44ca-8e18-629adc230308,cf925fde-e447-40d6-8073-e23c6f551820,2025-07-24T06:36:41.783039Z,0.21,3
009cd0ba-a158-4535-9226-f38e978bc8e8,,b1a9f432-5f8f-4466-8452-6f782bd98e24,14c50a07-309d-4aac-8004-a94d51e3ca87,2026-04-19T06:56:26.783155Z,0.22,4
2d545bd7-b046-4f15-93b1-30cbb49e3227,1fad1639-98e8-496f-a1f9-ff4a86b312a5,,e5990352-abf4-4954-bbe9-48ef19db84b7,2025-11-12T02:37:46.783179Z,0.12,2
319a2944-99b8-496c-9058-d61e74e6c8cd,f402778e-5da5-4f36-a834-a374c21a1106,,ec97e4e8-1dee-4099-85b0-85d167c59b15,2025-07-11T20:05:33.783312Z,0.26,3
8c4d46f5-b4df-4ebf-be0b-b871e6e71cf8,163c3567-4f1f-412e-b985-272c12c41792,,e4f08e85-289e-40c7-ad90-983f186d02dc,2025-08-06T04:19:43.783329Z,0.12,2
afd7b613-1ccb-40e1-af9a-cdddea147669,,bd8d3f45-79bd-48f1-8557-63d6452703e6,54c76350-7f69-4f75-b451-d79351462bca,2026-04-11T14:39:57.783347Z,0.25,3
93d12c81-3bab-43f3-b0e8-75f80deba45d,b89e0e45-6a5b-47c2-ad49-14d87e32a08c,,805d0c82-7625-40a2-ac29-8f766fc3f6ff,2025-08-29T22:05:24.783414Z,0.19,2
dbc55dfc-caee-4207-a551-be96c5bbcc97,a4e2e6dc-9c0b-4fa2-8763-56f3ee281e63,,0eea6ab9-a379-49ec-9c3a-9e38263db7f9,2025-11-08T13:51:16.783431Z,0.08,4
48fafcda-2c6c-4b37-ab80-224cde443051,3c1f0252-67db-4fc6-a57a-5a311ff5453b,,6b43d3b7-aca8-4905-9318-b1c3fbed419e,2026-06-07T01:47:00.783524Z,0.1,4
5a7c6416-16fa-41a6-b5c0-5ff568584b8c,f39c2618-4169-4953-a205-2049fc8b422b,,94ee9444-6941-48b4-b4dd-5e9bc164aefe,2026-05-12T15:21:06.783553Z,0.07,2
7d33e326-b5ef-43be-91e6-8646a02d7ce1,9db95041-3fde-4c77-a277-b9dd057f8869,,cf925fde-e447-40d6-8073-e23c6f551820,2025-11-11T10:00:01.783621Z,0.06,3
129cc472-2757-48b7-ac0e-689c71900eaf,,85671031-389b-47d7-bcc7-bf2356b9ba48,1e19d020-8de6-4885-b1d8-2b9aff3f3d33,2026-02-04T13:28:46.783650Z,0.18,2
bbeeb09d-8583-4d7c-b36a-198d0d610ea6,a7fd865e-9a7e-4c20-b38c-844ea50f001f,,6cf1c788-97e2-4ecc-b9a3-f96831a30d8d,2025-07-26T05:23:59.783678Z,0.07,2
8da6b786-f774-49f3-a293-6a82e77348a3,246a8fbe-760a-4f3a-a8e1-8a9c5f39aeca,,ffb35e8a-7d50-4fb3-b500-d6e2b0d928a7,2025-08-18T07:24:34.783701Z,0.19,5
c42cbcdf-49ff-4711-98f3-66454550679e,32641d01-608a-452b-a81e-79931539d759,,174b1816-01c1-46c2-8a46-6e6ad57e5965,2025-07-18T20:29:11.783743Z,0.09,2
e03cea75-3d61-4dd4-a8ea-cfa716eacc39,,6a63fe7d-754f-4e48-8932-a547aac37fe7,8ac69fa0-f2a2-4e7e-8d20-db1696a88a49,2026-05-05T21:31:34.783789Z,0.09,5
7b0c1305-fac9-41a3-8ad1-d99cb10c4ba8,69cae572-5dac-44b8-9774-94bd8be10195,,882325b0-d544-426c-b74e-9b64ff3ef4cc,2025-11-28T02:39:14.783831Z,0.15,5
17f70159-2d4b-47e5-a042-57f90cc03f43,,ac9ebf3f-81e1-41d5-998c-3f55029dd6d9,8998e993-9ba7-4ede-965c-cee7af7a4457,2025-10-07T20:07:21.784043Z,0.21,1
d8ce2279-a5a5-4f82-9a25-f00d74afe82f,ea901c19-c2b8-4d83-a4ab-c601e53eea75,,5e2bc8e4-1797-4c5f-82a7-e5f343789acd,2025-12-30T06:15:08.784171Z,0.29,5
dc676874-46c5-4d60-847e-f8f10a6ec950,b89e0e45-6a5b-47c2-ad49-14d87e32a08c,,eab47c6e-60d0-411e-ade2-82fc0a973fef,2025-06-18T18:41:04.784195Z,0.07,5
e36b0bcf-c38d-4801-aed3-6eec8944ada3,,6307cf05-5446-489a-bd48-ef262b35b249,37727a64-f037-49a9-bcf8-086215ecb7fd,2026-02-12T18:37:21.784217Z,0.28,1
ea339c3a-7d14-49a9-9fef-845cef8e80a0,4a5c6de9-e24b-4808-a544-9bd7c3cb8fed,,ea11794b-9211-4543-87ff-999e6bd73cef,2025-10-02T11:08:07.784235Z,0.27,1
d4cd4e5d-03f9-4b71-8ef7-c18f84dd111f,37c52c6a-bf4d-4fda-8e8d-8d74f697fb2c,,c9d3792c-59ed-4d20-b80d-de9e5af11e7c,2025-09-20T19:04:57.784318Z,0.02,2
70c3bbe6-3170-4b30-99d1-b9385cb7ed9b,c034b804-6b68-4938-8964-98f10b1bb2fe,,2e4f561e-34fc-4f84-969f-fafa2cfe8587,2025-09-30T12:53:41.784380Z,0.24,4
8936d229-a328-4705-b624-58ac685124a2,,f012e655-7329-49e3-aee6-f411effe2b21,95176c1b-f8b5-4499-af67-49f7732c6c68,2025-09-12T23:48:30.784426Z,0.25,4
240ec3e2-a389-48a4-862c-3a27846bbfe2,,43aa7fad-4901-46e4-a537-3465a853f5a5,eae4837f-4e9f-40fb-a287-f3ea4195f02e,2025-10-16T00:45:52.784471Z,0.22,4
ad17d74a-e52b-4893-861e-1c7a67b542f5,,26df24d8-f4a1-4696-967a-db75b43574bf,28c08598-0919-4ad4-a544-1e20d0d0dc44,2025-07-28T00:33:12.784499Z,0.16,2
3aa9acb7-9f09-442c-9b59-7976e5af6f1a,7ea93906-6ed1-4ad9-98d5-82056a985ded,,17ef5cb2-dbbc-4423-a159-fe66957fb5c2,2025-07-31T08:04:27.784540Z,0.19,4
f94d6a73-de65-457c-bbb2-9fc7559c6239,f89fae14-33e7-4399-a1d2-ea86bbb16485,,59d6d6c9-1940-4e0a-a3ed-ca04666e89b9,2025-08-19T04:53:10.784562Z,0.04,2
a5dc784b-7842-47fc-8d83-3cb48a42213b,,22ef1fbb-f8f7-468a-a72d-e9f9fedd3319,a7af19b9-f0fe-40b8-9d1a-c7fcda914ea2,2025-11-21T03:42:22.784596Z,0.14,5
637acc5a-aba8-40c5-9cbe-c105141b272e,1746998c-acb5-427a-9787-30c373602d57,,242a17b5-0a2b-4177-a01c-b2d07b8435df,2026-05-26T03:33:15.784625Z,0.02,2
0f37a06d-03aa-4198-8b7a-4816dfae499f,884c46e3-4d4a-4827-aa63-74a8f9bd7f20,,cf9874d1-705f-46b6-b3e9-cbe1e58e3847,2025-08-04T14:33:15.784648Z,0.09,4
ba87ac09-ff14-4bbf-8552-f1d493d471fa,cc9847ee-737e-43ce-af61-502b51ed3f76,,f3339075-6de3-4983-84ef-c23595b30f1c,2026-02-10T05:36:41.784706Z,0.26,3
0316ba80-36e8-45f0-83dc-d3a9ef2a55cd,d61841d6-2c66-4132-87bb-6efc7dc20ff7,,cf9874d1-705f-46b6-b3e9-cbe1e58e3847,2025-07-25T09:56:14.784730Z,0.22,4
63a0fb07-05d4-420a-87b0-97721e5d638d,ee9020c0-6f9f-4ed2-810a-4a1abf6ca4f6,,262281ca-9da1-4f48-bcc9-dac7c497ca85,2025-11-01T06:10:25.784771Z,0.26,2
e9a4edd5-ddb8-4cb6-9ee9-155f134832a2,1746998c-acb5-427a-9787-30c373602d57,,17ef5cb2-dbbc-4423-a159-fe66957fb5c2,2026-03-21T02:52:21.784794Z,0.21,4
61a38358-c235-45b3-b87c-f82ebf6fff5f,,e35d2648-50fd-4f2d-b60e-b0f100bb1334,181c0491-9549-4f06-acf3-4e0bf1af8724,2025-11-07T15:02:55.784868Z,0.0,4
ebc9eb23-af97-461a-9a75-41ce2c5f1604,ea59da10-ccd4-421d-957f-d3efcefbdaa0,,242a17b5-0a2b-4177-a01c-b2d07b8435df,2026-01-14T01:25:46.784948Z,0.07,5
6ba67238-5f98-4e26-b772-d35babaf3d61,c034b804-6b68-4938-8964-98f10b1bb2fe,,99a57440-b846-4581-bc1a-44f38a214cf6,2025-07-25T19:43:04.785099Z,0.16,5
ed47f959-a7d4-4cf9-8576-f00945651225,,633840e1-df7a-4412-ada6-7fdde14d97e2,b4cf6a02-8d8f-4f2a-a7d2-b552fe2cffc6,2025-06-27T00:32:05.785116Z,0.15,1
333f9300-55bf-40ab-aab5-b16cff0a1998,9922e5c2-3b8b-45f2-a78d-2bc1e56e7ad6,,242a17b5-0a2b-4177-a01c-b2d07b8435df,2025-08-04T08:57:50.785167Z,0.09,5
4ff2bba5-1c35-4a71-8c51-2cc3331893c0,cf4581a9-e1d2-4d79-881c-1e784839d621,,37727a64-f037-49a9-bcf8-086215ecb7fd,2025-10-02T13:31:10.785196Z,0.04,5
fb70ba49-2c01-436c-8bc0-e13a1f502d9f,,310f0b0c-0e4d-40cb-bf9f-0437a02ee11d,22a51531-4be1-45dc-9e5d-2c9c0df0de82,2026-01-24T07:22:35.785294Z,0.28,4
acbc471f-bb5a-424d-9189-4a79c3bd6812,,334cf2c1-507d-4229-8c68-d479bd35ee4b,2e4f561e-34fc-4f84-969f-fafa2cfe8587,2025-09-04T02:04:58.785333Z,0.14,5
2e0c65c8-178a-4861-88d1-601581abbf92,94c2eb26-5544-46e3-81c9-7c10ba8d378d,,f0bc20ac-801d-4401-bafa-1a2d45fdf2fd,2026-01-25T16:40:07.785362Z,0.25,2
b4ec1f58-29ef-4236-aa42-a7571f39ff31,,b98290e3-2497-46f2-a7e5-54593fe5cf44,464065f2-15f0-4a2e-b25d-516dfff9dcca,2025-12-19T20:41:35.785420Z,0.25,3
ba9338f8-3dd0-4785-9137-910f7a7ca0bf,839bcda0-bab9-4237-9419-c8ee1adeac90,,ea11794b-9211-4543-87ff-999e6bd73cef,2026-03-08T18:43:26.785495Z,0.17,4
a1c8d987-88f3-498f-a978-e5c370ffd559,f9c74ef5-91bc-469b-8105-a085f2ad1fb8,,34b6ae28-67da-41cb-83b1-c97b33dfdb64,2025-07-21T16:52:49.785545Z,0.06,5
665ab16a-7113-4552-bcf3-bf6353610d26,b96bdf5b-da67-434d-ac3e-8ecb214365c6,,4560ad24-ab8b-4c2a-9a93-593950d0c317,2026-01-24T23:45:50.785616Z,0.21,2
e3edcabb-59ea-4294-a9a5-c8271edbc37f,f8ebdd24-728e-4af2-b7a7-fd68dfdfff44,,99a57440-b846-4581-bc1a-44f38a214cf6,2026-04-15T06:27:16.785684Z,0.26,2
91dc5fd1-afc9-4d0c-afd5-70db1cfee70f,71cf88dd-1865-4277-ab6d-2119241d4757,,17d8280d-5414-49df-ac1c-db72a02c6e18,2025-12-31T02:35:14.785730Z,0.28,2
4aafacca-838f-417f-bc76-21f3541266e1,750e3190-9384-4e97-9b12-b67b0e25a9ac,,22a51531-4be1-45dc-9e5d-2c9c0df0de82,2026-03-04T10:30:33.785782Z,0.14,3
b3532f43-a2ed-454d-b2f8-3c25b5e3d6c0,67940b88-e2d8-4ce6-bd5f-a5b9e45bbef2,,ec97e4e8-1dee-4099-85b0-85d167c59b15,2026-02-13T04:01:29.785996Z,0.05,4
77298338-ac04-41ee-916c-bb58f7b0b76a,fa87fd8a-ea02-44b5-a167-6857b0fbbd31,,95176c1b-f8b5-4499-af67-49f7732c6c68,2025-12-15T12:35:34.786025Z,0.27,5
a8344e1b-68dc-4af8-810e-a7ed86810fb1,,37bdbee4-abed-410f-881a-bc0d616d6641,af5481f4-1ba7-4d45-aaf7-51c47a71875c,2025-11-30T11:47:19.786042Z,0.26,3
eb4c1dc0-1c0c-4aae-9914-c705780b2a71,3dfe8aff-e5db-4d6c-9b31-11b683ecca34,,4f829757-7e33-48b8-9950-69136f62b668,2026-01-13T13:17:52.786093Z,0.14,4
5f08bd58-a419-44c1-ba0b-38863e05258f,81745aea-08e5-4021-a4ad-5139b256656c,,17ef5cb2-dbbc-4423-a159-fe66957fb5c2,2025-08-14T02:00:58.786121Z,0.27,1
90c64134-9099-4d7d-bb86-d18cc8dfdc83,df9838e0-30bb-4d6c-b2d2-43afe601b918,,a81b33a7-ba53-452c-8801-04aabe7f038f,2025-08-30T21:48:10.786145Z,0.05,3
4e39cc93-1ac7-4147-b6c3-f195a68a904e,f0edb850-bb09-4ec3-9a80-d80a81143035,,8ac69fa0-f2a2-4e7e-8d20-db1696a88a49,2025-10-09T02:23:38.786173Z,0.13,3
0747c544-a2ba-4567-be00-b7cd46852376,,7f77034f-011a-4e82-b2d9-ed4fd527e7a1,8998e993-9ba7-4ede-965c-cee7af7a4457,2026-02-20T13:57:44.786213Z,0.15,4
ae0e0262-9210-4919-8f82-ab410d8f400a,,5e8695b7-08bc-4c0c-b19f-9729c739a00b,145417d2-0475-455c-bfdb-23ddc2020330,2025-12-24T21:17:39.786231Z,0.05,3
0abf0605-188b-4105-86a0-f177f415be74,6d540b7c-65e8-400b-9b9c-300fec44f955,,4249ce6f-0248-4265-950f-9f03188f5497,2026-01-08T22:30:56.786321Z,0.2,5
cbae2b86-2da8-4ddb-a613-2dd73865ff0c,7f2fc0fa-7e88-46d9-9367-bea32902ae90,,242a17b5-0a2b-4177-a01c-b2d07b8435df,2025-06-25T06:42:17.786415Z,0.25,1
d722f11c-860c-48e1-84c7-88b5fe13a471,e9d8031c-e926-486d-aa20-2cdbb0252049,,58b8f572-3bba-4143-9f32-b6fbe9afedb9,2026-04-29T15:03:18.786438Z,0.21,3
15728d3f-9ec3-4d7d-ad80-30263aa323f8,24240383-abe7-4470-be69-d968d0fd03ec,,5bdd189c-8321-48aa-bae9-e2962031a00b,2026-02-26T21:32:47.786455Z,0.15,3
5d24e9c1-6b02-4f6b-a25b-aa78c37dafad,5c317db8-eada-4482-8e89-ba5590a15d7d,,c0dc7454-44d3-4bda-817b-d31875e44201,2026-02-03T19:59:30.786483Z,0.14,3
8225715a-592e-4114-b857-7cd14b9f5905,9cccee8d-dae0-44b4-890d-e8804ed2ba6a,,51de8c93-7a17-4f51-ba8f-d0ac995c566a,2026-06-08T08:36:15.786528Z,0.3,2
98d1843f-f02a-4d2a-a07b-2551a449b6f2,,e63a3a7d-5513-4d1f-8195-58186c7a31c5,4249ce6f-0248-4265-950f-9f03188f5497,2026-01-06T22:49:00.786580Z,0.26,4
5415a17f-d1e6-4658-bb63-4cf96a3ff7ac,b6480a4f-e22e-4044-abb3-b492359dd3c3,,3198b1d3-c10a-433e-946a-be88a2f22060,2025-10-20T11:05:04.786633Z,0.19,3
db00a20e-c784-4c7b-b1d3-abe1daf38c67,,2b7310ff-2f9f-4586-a406-546e5c51dae4,370920ed-3f8d-46f5-b78d-f4d5c426c5e2,2026-03-27T13:30:45.786679Z,0.08,1
4e65b08e-fafe-401f-8fad-9f4e75d365bb,,2fc1f073-02f7-4e57-98ef-a936c83655a2,8245b2fb-a8af-474b-8d23-4304a5e9a19f,2025-10-02T22:26:45.786816Z,0.13,2
e28c0763-d1f4-439e-ba01-8486cde9e16d,,a2da89dc-ae89-472f-94da-380331bcf76e,eab47c6e-60d0-411e-ade2-82fc0a973fef,2026-05-19T13:28:39.786833Z,0.24,2
6ce31e1b-d365-45d8-a0fb-375b9cff265e,0fbeb056-602c-46ba-a213-7ec10f840393,,99a57440-b846-4581-bc1a-44f38a214cf6,2025-08-22T02:10:37.786971Z,0.16,1
e67dd70e-5ba6-4ec7-a752-6a9b4ea12fbd,e381f3a6-64b2-4755-aed9-e41cd81b9c87,,e17a19cd-8381-40b6-8771-702f3a282e0c,2026-03-02T04:07:49.787028Z,0.0,3
45b9ac2b-650b-4570-9e95-b7fad8744f44,2cb2e0b1-9470-4616-8e5e-2010aa828a78,,a7af19b9-f0fe-40b8-9d1a-c7fcda914ea2,2026-02-14T17:06:02.787047Z,0.09,4
a136dec5-3a6a-4260-803e-e072720beefc,,e09ed92d-d42f-4f37-925c-89f2372a99c5,882325b0-d544-426c-b74e-9b64ff3ef4cc,2026-05-22T14:28:57.787070Z,0.06,3
741a5435-3806-4fc7-9d41-eacf3765a56e,,ba185d56-9f08-4cc5-abbe-f0da64cfe742,b4cf6a02-8d8f-4f2a-a7d2-b552fe2cffc6,2025-08-21T14:11:29.787137Z,0.21,4
724c15eb-fef0-44c1-96b1-97ef1af72fe3,fa87fd8a-ea02-44b5-a167-6857b0fbbd31,,b4cf6a02-8d8f-4f2a-a7d2-b552fe2cffc6,2025-07-10T17:27:24.787178Z,0.28,2
6b135ed8-df95-41fa-a564-0e87fa74cd36,c19b95f5-3a9c-4cd3-b5f7-dd277fa82f4c,,24a56de7-f7f9-4a74-84ac-6ee7f5d63eeb,2026-03-15T17:58:26.787214Z,0.29,1
af4c489c-59f3-4b39-9611-061d86b745ad,8536f9d0-488c-4adc-b097-c3bb5ab429d0,,9183c4c5-47db-4e6d-af05-9eafe1f586a0,2025-07-25T01:15:39.787231Z,0.17,1
d55c4d7a-77b7-43c6-afec-13fdaaa2ccbe,48c3b50c-eb8e-4708-a496-988f45e79034,,6b85123c-b94f-4258-9142-0599eff0a787,2025-08-11T06:15:00.787299Z,0.03,2
4319c0da-ec81-4b8e-a017-7ed75e477cdd,cc192386-b064-438d-a09d-28eef8d80ce7,,c9d3792c-59ed-4d20-b80d-de9e5af11e7c,2025-11-01T03:48:26.787323Z,0.12,1
67f67e48-66dc-426d-85b2-4c45bfb14336,974edd2c-30d3-4ac5-a7c8-9414caca96a4,,d98ac824-b1cb-493c-b4dc-fa735d579080,2025-08-19T22:06:32.787408Z,0.26,4
92041ae5-502a-4392-b553-e70087dba1a5,,4dc34ebd-3d8c-45f4-95ca-958c74a73c37,c6fa1138-4ec2-4637-9504-2749bc13e06f,2025-11-13T14:40:41.787456Z,0.18,4
cf780977-a69e-4351-8858-b0c31cf23c4d,,8b00167c-f5b2-4bbb-a1cc-e1974fc7db41,51de8c93-7a17-4f51-ba8f-d0ac995c566a,2026-04-26T21:30:31.787593Z,0.01,1
12ae0375-121e-432e-b1ca-f1abd2220631,,0a7c88e7-f3df-4839-aafb-76273ec538a9,4f829757-7e33-48b8-9950-69136f62b668,2026-01-10T18:37:37.787622Z,0.08,1
9f3d2079-5616-4398-ac94-6ad73fd5a1e9,,ead225b4-7083-4198-869f-2d18b0d6d2b4,464065f2-15f0-4a2e-b25d-516dfff9dcca,2025-09-12T09:52:03.787656Z,0.03,2
268abeab-65fa-4551-8474-c1ba78ba5cb7,5fcc0ff6-8a51-44c9-9561-6dcaef032e29,,96164111-3295-4ecd-9696-77c13aa1e9c6,2026-01-28T14:54:58.787685Z,0.11,3
9db1a33c-89cd-4d94-b23f-2cf57f7caf16,,2236de29-c253-4a9e-9ab6-aad3cfa0f514,e17a19cd-8381-40b6-8771-702f3a282e0c,2026-01-12T04:42:12.787702Z,0.11,3
dca68a8b-0ed6-405f-ab79-e70fd2c6b298,df7aa237-7381-47be-a062-6fa5f8aa9f42,,17ef5cb2-dbbc-4423-a159-fe66957fb5c2,2026-01-06T20:04:31.787754Z,0.08,1
d1b6192d-c95d-4550-915f-caa9db191559,,0a7c88e7-f3df-4839-aafb-76273ec538a9,34b6ae28-67da-41cb-83b1-c97b33dfdb64,2026-05-17T05:13:42.787771Z,0.2,1
900b7a68-0824-44d4-a865-23c17c0d1698,,33fcf3e3-bb8a-4100-a90c-0b84a108126e,805d0c82-7625-40a2-ac29-8f766fc3f6ff,2026-01-13T13:47:35.787898Z,0.14,5
36f467a6-dd29-4308-a794-78fe643040e3,,89406e66-ec4b-46ff-8f32-3f19892d333d,22a51531-4be1-45dc-9e5d-2c9c0df0de82,2025-09-09T11:11:52.787944Z,0.26,2
eaaccb3c-6282-4673-9720-a0e95535d224,7512cdd5-a848-40c4-a737-e3ac33674912,,4f829757-7e33-48b8-9950-69136f62b668,2026-02-20T15:17:13.788012Z,0.21,5
215bbf04-5313-440d-a054-212a4c3c863f,,f84d861e-12bb-481e-80da-180748beb58e,372ded30-38b9-4299-bf0d-124cb3f95d09,2025-07-26T21:27:04.788032Z,0.01,2
1e7e5f87-2a89-481b-8baf-685ac6c82c85,6fae9727-3e59-4122-b868-a3cf2ac05a16,,242a17b5-0a2b-4177-a01c-b2d07b8435df,2025-06-30T23:49:08.788084Z,0.14,5
f0db998e-87ed-4d98-8d57-53930c1e3e1f,d4e85052-2f91-44f1-a8da-24efc3a6e3e0,,ad3fe337-ec17-4244-8e4e-9f2e174215e4,2025-07-25T14:50:38.788106Z,0.02,5
0244034e-6b79-43f4-8c6b-d8d7399cecf7,829f65f0-86a9-4c16-a506-828486931569,,cf9874d1-705f-46b6-b3e9-cbe1e58e3847,2025-08-10T09:11:14.788123Z,0.18,5
99c335ae-f1cf-4825-ae57-665acb2a92cb,,3bcae25b-45a6-4387-a9c9-f89178214b7d,bdfcdbcc-7d63-4ecb-9a8f-8ae73ee085fb,2026-05-14T19:06:38.788222Z,0.1,5
76b9f5d2-e7d4-4f1c-a130-41d8d886e7e2,7c597f42-1483-4cc3-958b-ca273841ee1d,,3b0e25b0-04f3-4476-891e-18d67e3329ed,2026-05-03T21:11:13.788318Z,0.04,3
c796f6bc-6cea-4681-8bde-d5d60e8dc14b,83e48783-daeb-493d-8c48-229e2c47c5f1,,eab47c6e-60d0-411e-ade2-82fc0a973fef,2025-12-28T07:02:57.788335Z,0.21,3
18659817-93b0-49d7-9ae8-8e09343f8538,421a1ef0-8e44-420d-a55a-8ce080fd193f,,321f6360-972d-4a3a-85c7-8758739a5af4,2025-08-03T14:19:56.788364Z,0.26,5
1a14f1c9-fd2a-496c-917e-820e66d59677,,4b07ac97-a944-440c-812e-00f604dce6ae,250b4af0-e307-4429-bc29-3797dfce07ad,2026-05-27T01:16:54.788422Z,0.14,3
9538e10e-a887-4405-a9f5-e01e31966da9,48d4d733-056a-40c1-809e-9644d46961d2,,6b43d3b7-aca8-4905-9318-b1c3fbed419e,2025-10-28T16:06:05.788439Z,0.29,1
7f1b9f65-ac45-4133-b65e-1d83f0528fdd,1e6c0808-fcda-4f34-8356-c295e6a3bb11,,f0bc20ac-801d-4401-bafa-1a2d45fdf2fd,2025-09-18T00:04:49.788457Z,0.05,1
97b5e288-9464-424e-a8cc-7d3b7ebace53,393e8242-9d2a-4f22-904c-c851b62d9ff5,,372ded30-38b9-4299-bf0d-124cb3f95d09,2026-05-23T07:08:04.788490Z,0.12,1
3a6e872f-3906-4bc1-bf46-281e343c6444,2d9804c7-95c0-4fba-95b6-b77e839f2b6a,,a2aa5c5f-237b-4acf-bd4d-896ec1b7d815,2026-05-26T03:08:28.788509Z,0.22,1
22686a89-d40f-421c-85b9-7c14dd7496f4,f7651a82-e7fb-4ce3-a273-b0bb7853f529,,2e4f561e-34fc-4f84-969f-fafa2cfe8587,2026-03-17T18:44:28.788549Z,0.02,2
f570df37-2b47-4996-b955-9d24280040ec,a1f51051-5815-4ccc-b680-859cc8a9523a,,dc65cf1c-922f-4f2a-be7d-7f596ab58867,2025-08-01T19:42:41.788611Z,0.3,3
7f539aaf-fe78-4b03-92d9-777c55b32691,6e57b55c-419f-4d5a-9e0f-6a06b8fb770b,,17ef5cb2-dbbc-4423-a159-fe66957fb5c2,2026-02-07T15:50:23.788684Z,0.18,1
99a55e38-8cd1-4227-a6ad-e474aaef0773,cc192386-b064-438d-a09d-28eef8d80ce7,,39e9c2c9-901f-499e-8c46-57804a2f9255,2026-01-21T13:59:24.788828Z,0.21,5
18177cf7-f027-4e14-878c-4863be247aae,,7bdd51f3-8f19-4194-b04f-28c0cade680b,54c76350-7f69-4f75-b451-d79351462bca,2025-11-20T03:04:05.788856Z,0.29,5
d28ddc62-bec8-46b9-90de-b0549b706364,2f731e64-d8b8-44fa-9d6e-b05865a559a3,,8ac69fa0-f2a2-4e7e-8d20-db1696a88a49,2026-05-14T10:45:35.788893Z,0.27,4
267b1629-860d-48bb-a912-4d45c3865e27,f248f19b-3dfb-4be6-8482-67b21b6825c8,,8245b2fb-a8af-474b-8d23-4304a5e9a19f,2025-10-25T06:21:42.788955Z,0.2,5
757d148a-99a4-4c6f-84d1-c607eb5ebab0,a3b2228e-26e9-4e88-92d3-a243db5228fe,,3eb8e419-ccc6-4064-8260-5b43602f9983,2025-11-23T22:20:55.789007Z,0.25,4
a67ddc7e-d733-40f1-970b-5b10d33db6c1,4795de92-1574-442c-8f86-3aa6de2c7391,,b4cf6a02-8d8f-4f2a-a7d2-b552fe2cffc6,2025-06-20T21:19:14.789053Z,0.13,5
a76720f4-d409-4905-9b4e-78c38eeaa606,0a76fafb-1dfa-4978-8caa-088eb7df3fa2,,eae4837f-4e9f-40fb-a287-f3ea4195f02e,2026-01-29T18:41:21.789094Z,0.07,4
3323c8cd-811a-4bf3-b8de-f7abbc382b7e,dc1d41c3-d7d1-450d-bd18-94f5210f6806,,e4f08e85-289e-40c7-ad90-983f186d02dc,2025-07-14T14:56:28.789117Z,0.08,3
45c305ca-81e0-408f-bb6b-ba05001468ba,,a3d2308c-614a-4fb1-99e9-fb4cfff10f88,9183c4c5-47db-4e6d-af05-9eafe1f586a0,2026-03-20T07:20:44.789175Z,0.11,2
534de7e6-43b6-4f3e-a585-81a717cb3c36,,56813f37-f784-415a-9264-ab5321df0ea6,a7af19b9-f0fe-40b8-9d1a-c7fcda914ea2,2026-02-16T03:56:01.789192Z,0.2,2
c4f51120-88c9-4ef0-8b7b-c1e8038b8ee6,b96bdf5b-da67-434d-ac3e-8ecb214365c6,,9234bb80-ceff-4626-9cc6-fc6f757ee0d6,2025-07-23T13:06:16.789209Z,0.3,2
b42c0b5e-ce33-4a29-ba8a-fc7c7e948447,,f99bd9e6-1c4b-456a-acaa-ca3202d4ce84,d98ac824-b1cb-493c-b4dc-fa735d579080,2025-09-18T11:15:40.789226Z,0.18,4
bcc900a3-7401-4825-9e1f-75de7f8c2d1b,4b74983a-e4f6-4f16-8f37-1d745682f311,,e5990352-abf4-4954-bbe9-48ef19db84b7,2025-07-30T05:18:28.789283Z,0.23,1
ba8cad95-b6fc-4cc3-8646-4dac982dd463,ea901c19-c2b8-4d83-a4ab-c601e53eea75,,22a51531-4be1-45dc-9e5d-2c9c0df0de82,2026-06-13T14:32:53.789312Z,0.19,3
dcbe4b93-b48c-4d90-9831-bb24d66dbcc6,33695f6b-97f8-4629-b958-aee9db764e84,,ea11794b-9211-4543-87ff-999e6bd73cef,2025-11-13T00:25:20.789330Z,0.22,5
409047fd-b8cf-43c8-95c8-c947b25106ef,,55f460a6-7999-4a78-b953-d187a7fe3bd3,eae4837f-4e9f-40fb-a287-f3ea4195f02e,2025-12-10T20:44:58.789352Z,0.05,3
38562cf7-2862-4df2-8df2-1e39e7eea438,,e7fd8665-2d74-4a85-9976-ebd4f4d6c17a,27366ea9-7d9d-40ad-ab66-17f827a45e78,2025-11-07T14:45:26.789370Z,0.04,5
96a64173-f75f-4042-8d0f-e7744ce366a2,,e842d0ee-c7cd-48ca-b5b5-4eefa809da63,dc65cf1c-922f-4f2a-be7d-7f596ab58867,2025-08-09T05:07:54.789387Z,0.01,5
3788b7f8-d39d-4d14-b11c-0f53181390a1,,b37d88da-e683-4377-821c-f4af8581e3fa,c9d3792c-59ed-4d20-b80d-de9e5af11e7c,2026-06-17T00:52:21.789416Z,0.24,1
f4d04e1d-490d-4474-8046-07b7e930f177,6e9ecfa7-a760-4957-9f8f-1d0d40244d43,,4560ad24-ab8b-4c2a-9a93-593950d0c317,2026-04-06T15:29:51.789434Z,0.1,1
6f5135f8-3ef1-426f-be58-4ff1c68c2f7f,6ae7eef2-2e62-49f1-a747-5f874ddc67ec,,8998e993-9ba7-4ede-965c-cee7af7a4457,2025-06-27T01:28:00.789451Z,0.0,5
375ca470-091d-4d20-b548-960c07fd4167,,8791d718-2de1-4d77-bd10-f204f164ca13,464065f2-15f0-4a2e-b25d-516dfff9dcca,2025-11-25T06:32:41.789479Z,0.04,2
0ed72fb6-0a3c-46fe-8549-b889c9cf22c3,3a1140cc-92c8-4b55-9247-57e4e96b553b,,3b0e25b0-04f3-4476-891e-18d67e3329ed,2025-10-16T10:05:25.789508Z,0.3,1
32397a57-9645-43f5-bcc1-7e48208daf7b,718f45a3-0876-40bc-9e9b-c8f9c8d94e7a,,6f6d558c-4b40-4c66-a4e6-e46524190ebc,2025-12-31T11:08:58.789552Z,0.17,3
e8d51325-1b73-488b-9fa7-588496d94061,b5b918af-3492-451b-a8ef-799b0615a9a5,,17d8280d-5414-49df-ac1c-db72a02c6e18,2026-03-14T17:22:02.789646Z,0.08,1
83b9d2b7-0546-43f4-8b04-d8261955a317,,398e1fa2-85e7-4650-abd3-ce41b037d8af,23c26c56-4049-472b-850f-65f46207be56,2025-10-31T18:16:11.789663Z,0.09,3
d2adee2f-c84c-421c-98f1-32bc0d3874bb,74a7b483-dbb3-44ba-99b3-d77e3d1630eb,,22a51531-4be1-45dc-9e5d-2c9c0df0de82,2026-01-30T09:40:54.789692Z,0.14,2
8f033855-6c88-470c-b5ef-2ae778a2e0d8,27f8bc54-1298-4d0f-b845-a4193bcff26f,,262281ca-9da1-4f48-bcc9-dac7c497ca85,2025-09-20T21:11:44.789709Z,0.22,2
4bc6ab02-80a5-4ef9-95f0-576dbffeea11,,628db1e1-d658-47d3-983d-8ba9decd6a9c,95176c1b-f8b5-4499-af67-49f7732c6c68,2026-04-08T21:57:48.789847Z,0.14,3
93a5e62f-25d9-4f26-8b3f-8086a1a79e6b,,02231b5d-c08a-4039-a433-b8530ca9229f,22e8fa38-2c1b-4639-8e7d-d245269424b7,2025-10-05T12:40:24.789864Z,0.11,4
d9aacd63-a654-4e65-bc94-ec53ce502a4b,bcf3d5f4-08ae-45fc-bee1-810c7876023c,,22a51531-4be1-45dc-9e5d-2c9c0df0de82,2025-06-26T01:11:00.789928Z,0.19,4
0fea451d-574b-4bfe-9b4e-d59bf49a7ae8,d734c01c-cbb4-48ff-a021-2a312d3c7046,,ffb35e8a-7d50-4fb3-b500-d6e2b0d928a7,2026-05-08T21:30:27.790016Z,0.09,1
fc78b2bb-abdb-46e9-9927-c81be345aefc,35c10b5b-773c-4ae2-979d-7a7d3fef1e48,,e17a19cd-8381-40b6-8771-702f3a282e0c,2026-05-25T09:19:15.790057Z,0.02,4
c6674a6a-3cd2-41d9-ac02-c7ab69e4a98b,896aaab2-70bb-4e3d-a2fa-46690a877652,,f0bc20ac-801d-4401-bafa-1a2d45fdf2fd,2025-12-15T23:51:54.790085Z,0.26,4
38339d41-5d1d-43fc-aa63-5f587573d9c9,e1704595-0fd9-49aa-aff6-45dd16084a37,,bb3acd74-a761-49bd-b7bc-fbf35502e696,2025-09-05T07:49:40.790165Z,0.19,2
5999769a-9d83-4b28-99d6-c5ef58ad934b,62fa8cfd-924a-462b-9362-8a50b950a6f2,,6b85123c-b94f-4258-9142-0599eff0a787,2025-07-28T05:17:49.790195Z,0.15,4
15cf044d-e0eb-4d4e-bb23-69eff202eae2,3b4b1183-dc97-499b-89d7-1cca99d8fb7a,,eae4837f-4e9f-40fb-a287-f3ea4195f02e,2026-01-18T14:21:01.790253Z,0.29,5
3a9b8a0e-88bb-432f-b519-d76699878dff,df7aa237-7381-47be-a062-6fa5f8aa9f42,,6cf1c788-97e2-4ecc-b9a3-f96831a30d8d,2025-10-31T07:13:02.790322Z,0.01,2
8cbc5528-6635-47cd-b2b2-f46b0941212f,462bdce4-5d31-496b-9f72-65901779f309,,5bdd189c-8321-48aa-bae9-e2962031a00b,2026-02-20T17:37:14.790443Z,0.14,3
b5a33b35-672a-413f-b313-2013b5fc23e1,f89fae14-33e7-4399-a1d2-ea86bbb16485,,9183c4c5-47db-4e6d-af05-9eafe1f586a0,2025-09-16T06:38:49.790478Z,0.0,4
debf973c-2367-4903-8dff-aef0f329ad68,7044a1e0-9121-4698-bd37-2447ded18546,,17ef5cb2-dbbc-4423-a159-fe66957fb5c2,2026-06-12T14:22:51.790546Z,0.01,2
f27302f1-e665-446f-9021-c9071b5b46e7,,bef2948b-750f-4387-bf9f-b4a853048a59,174b1816-01c1-46c2-8a46-6e6ad57e5965,2025-10-19T19:31:00.790566Z,0.07,1
a9768760-c473-41e3-b4b2-d2f3b5d69513,4cff4e20-7ce9-456d-b799-4fed7c534f0d,,51de8c93-7a17-4f51-ba8f-d0ac995c566a,2025-09-16T08:13:14.790652Z,0.01,1
5c06a78d-7c54-4d70-aa67-ede51028683c,4700a73a-4de3-4612-9093-c2a0fb394c77,,262281ca-9da1-4f48-bcc9-dac7c497ca85,2025-06-25T23:31:44.790699Z,0.25,2
7222182e-c945-4b69-a5d6-c7d27b0c04dc,,aa6bc019-cd8b-4173-80c3-c3116217b6ce,bb3acd74-a761-49bd-b7bc-fbf35502e696,2025-12-09T23:16:24.790733Z,0.12,1
6a5b8095-2601-4fcb-9e8b-c2630e5bb514,,1cb6fa80-0433-4d9b-8f9e-1b6ebc874aa1,6cf1c788-97e2-4ecc-b9a3-f96831a30d8d,2025-07-07T12:21:54.790790Z,0.27,5
4d05df6d-f13e-4a46-90aa-d3dbdb7e16a3,,2448154c-9067-46fa-a23f-ef6547421428,5e2bc8e4-1797-4c5f-82a7-e5f343789acd,2025-09-07T07:37:26.790824Z,0.02,1
e7e85961-4b2b-4881-875a-7f17742a00b3,829f65f0-86a9-4c16-a506-828486931569,,80a4d750-7c17-4c78-b91c-5b63cd80c7eb,2025-09-24T23:25:41.790911Z,0.1,4
2cd325b3-d571-4ec5-b5d4-81dc9563e2de,,3bf2455d-80d4-42b8-b184-a0421ac56609,1e19d020-8de6-4885-b1d8-2b9aff3f3d33,2026-01-14T17:02:09.790984Z,0.21,5
bc333bc8-bf47-4335-8088-32e0f0137c30,0ea90ca3-a784-4797-b21a-d4c7e8c97a0d,,3b0e25b0-04f3-4476-891e-18d67e3329ed,2025-09-05T22:09:23.791001Z,0.26,5
470a9ff9-426f-4087-a2db-227559a42d32,e1053777-b61a-4ac5-80a1-a50c3f13f99c,,1e19d020-8de6-4885-b1d8-2b9aff3f3d33,2025-12-13T03:47:50.791065Z,0.05,3
0a30ed11-39ff-47ee-ab53-a45f6a8580fd,,b3fca262-1bf2-442c-8199-5c3bec5cda08,3198b1d3-c10a-433e-946a-be88a2f22060,2025-06-21T10:50:12.791089Z,0.27,5
93a898cc-3f50-4d91-bee6-c13c31e4dcce,8c6e883e-fda2-4512-b521-4d5e4f1a24cf,,372ded30-38b9-4299-bf0d-124cb3f95d09,2025-08-26T09:47:27.791118Z,0.06,4
1cf050bd-05fb-4fb3-9d45-ab357dc5a19a,40cae0e9-cc22-45b7-83f8-5ca5013987c5,,96164111-3295-4ecd-9696-77c13aa1e9c6,2026-02-22T07:55:10.791331Z,0.06,3
6181c015-2ec1-4170-ae30-2d796b26b16b,,77b69433-0272-479c-bc10-538c2f92704d,77016229-03e7-4ace-860b-79ee16b3f42b,2025-09-17T17:38:50.791371Z,0.13,5
d82e0e4b-49f0-4427-87bc-1edacd47a8f1,e8971440-d739-4ca4-b25b-828f73838247,,77016229-03e7-4ace-860b-79ee16b3f42b,2026-04-10T20:42:19.791410Z,0.27,5
de3eef28-23f3-4528-aef3-5c22c94fbf2a,7c0bba81-fc80-4e18-ac26-123b81363c49,,80a4d750-7c17-4c78-b91c-5b63cd80c7eb,2025-11-10T15:28:39.791515Z,0.0,3
84e07d56-163e-4cde-a2e9-a8d3d4fd5dbb,6e57b55c-419f-4d5a-9e0f-6a06b8fb770b,,59d6d6c9-1940-4e0a-a3ed-ca04666e89b9,2026-05-29T19:26:06.791605Z,0.03,1
b52544e5-9b2f-44de-9a9c-0a565877fa04,bc2d7a33-bbbc-4c57-bc09-10e08146f5da,,ec97e4e8-1dee-4099-85b0-85d167c59b15,2025-12-04T12:07:23.791645Z,0.04,1
13519c35-5cc3-44d1-a659-3b20b69fdac2,4c56e24d-31c5-433e-861b-a265429a86eb,,99a57440-b846-4581-bc1a-44f38a214cf6,2025-07-05T01:06:30.791693Z,0.09,4
0c567bf4-cda9-4089-8913-06ffa8a98bf2,,652bb990-76d5-4a63-ba0b-2fcf0d8d18a7,250b4af0-e307-4429-bc29-3797dfce07ad,2025-06-29T05:34:29.791733Z,0.01,2
4021cacb-5868-47f1-865e-8a2f679b870e,1fad1639-98e8-496f-a1f9-ff4a86b312a5,,17d8280d-5414-49df-ac1c-db72a02c6e18,2025-06-29T01:29:19.791750Z,0.08,5
f0176757-dffb-4b61-907b-030be86197d0,eaa41640-766a-4508-9068-546288e5d1b4,,a85314f2-4706-4d04-af9d-12e821756358,2026-03-18T12:13:58.791790Z,0.0,5
7013a416-5356-46b5-b652-ea307992d09a,462f73b1-9c2d-4365-a6cc-d8749f314bee,,c0dc7454-44d3-4bda-817b-d31875e44201,2025-11-17T01:41:46.791829Z,0.13,1
e4ad7651-5486-4a43-93e9-c07c125d8730,,8df19017-ea33-4cec-b8ab-efc678927bca,cf925fde-e447-40d6-8073-e23c6f551820,2026-03-02T07:07:18.791863Z,0.1,2
257cea6b-9fcd-4cc8-b91c-740c1a586526,98af55a9-dfcc-4ad3-bdf7-dd969404ddfe,,59d6d6c9-1940-4e0a-a3ed-ca04666e89b9,2025-12-11T14:30:33.791892Z,0.2,4
ae567e4b-e673-4574-902a-b1e2ef72c47c,,2acdb0c6-a4b9-43c2-bcb6-df1ed5a6090e,1209a847-3e6d-4ef1-a2ac-448ae204babe,2025-07-13T22:21:02.791910Z,0.26,5
9181c0b5-d7ed-49c4-ab44-4d5e7f1eecff,3ecae672-5af1-46e1-9a0e-51072774bdb6,,77016229-03e7-4ace-860b-79ee16b3f42b,2026-05-04T18:56:44.791962Z,0.01,4
6a702143-ef2d-4c86-a37c-6f17cde265ed,,656fbdfe-0b8d-4d82-b357-7ab5751ad311,17ef5cb2-dbbc-4423-a159-fe66957fb5c2,2025-09-09T19:52:09.792004Z,0.11,4
585125c9-eaed-4c10-b898-b2000742e2f4,48c3b50c-eb8e-4708-a496-988f45e79034,,6b85123c-b94f-4258-9142-0599eff0a787,2025-07-16T17:01:57.792032Z,0.25,1
81e50e42-4de2-4100-a988-035cfac23532,dc4c8ee0-f6ff-41dd-ab39-7eca941f23b2,,80a4d750-7c17-4c78-b91c-5b63cd80c7eb,2026-02-11T04:39:59.792078Z,0.09,2
15a6c2be-ea4c-4b90-80f9-0cbf3b0fc10e,,6f2fb758-c2d6-401b-bb82-172af6d2b958,a7af19b9-f0fe-40b8-9d1a-c7fcda914ea2,2026-01-14T14:24:59.792135Z,0.09,2
44e6463e-9b85-4c05-a2d4-602cb66066ef,,05c33d4b-c4a0-49e7-aecc-5ccb10842b6a,dc65cf1c-922f-4f2a-be7d-7f596ab58867,2025-08-20T23:51:21.792152Z,0.16,5
b28f2ab1-ed14-4e50-919b-b73b3358fe5d,4cff4e20-7ce9-456d-b799-4fed7c534f0d,,805d0c82-7625-40a2-ac29-8f766fc3f6ff,2025-07-14T03:32:52.792197Z,0.17,1
d7b84832-58b7-449f-8d3e-9f3d834eac8d,0789256b-0781-44b8-87de-82a9880227cb,,c85fdb82-bfb8-466b-8587-2c4a96321250,2026-06-11T08:53:30.792239Z,0.11,1
0708546b-676d-4861-88eb-fa38b4759889,2020cf92-33bc-461a-bc2c-dcf46acc0da8,,372ded30-38b9-4299-bf0d-124cb3f95d09,2025-07-16T16:36:33.792279Z,0.0,1
972d3c6f-0c8c-4e46-a96d-9383b3f90e08,,81a8f490-fab2-4a37-b65e-00f81592a010,f6f56971-131f-45a6-8e96-4504bb012c40,2026-06-06T19:17:52.792313Z,0.03,2
c152feeb-4ff9-407d-b901-1ffdbd4f1fab,8982aeda-dab6-4b29-9e0c-e66c5d96fce7,,99a57440-b846-4581-bc1a-44f38a214cf6,2025-08-06T06:13:38.792342Z,0.25,5
b6af6add-3e31-488c-8431-3bd3ca85806f,8b0653cc-f0d2-4f32-bbb9-0ed4754f9153,,9234bb80-ceff-4626-9cc6-fc6f757ee0d6,2026-04-12T11:55:29.792363Z,0.25,5
186ad23b-1a7e-4e94-8cc8-1eacd8fbc1f6,,aee0c548-efac-4bd2-b218-7dd1c0a53819,dc65cf1c-922f-4f2a-be7d-7f596ab58867,2025-08-29T01:45:12.792415Z,0.19,4
d2968b36-29f4-403f-a6b8-435fdc3886f8,40cae0e9-cc22-45b7-83f8-5ca5013987c5,,ec97e4e8-1dee-4099-85b0-85d167c59b15,2025-12-29T11:41:01.792432Z,0.23,4
fbb6f871-64cd-4ec3-9873-57645f3478ca,e28014e6-9c3a-4f42-9b5e-bfc82f9bb9d7,,1e19d020-8de6-4885-b1d8-2b9aff3f3d33,2026-03-01T08:53:25.792455Z,0.29,2
ae1d7d8e-9977-4bd2-bf50-5c9534dee577,4700a73a-4de3-4612-9093-c2a0fb394c77,,c3163de1-b9cd-44a7-93e9-588433a1e23f,2026-01-12T20:53:55.792478Z,0.16,1
bd98df33-9ce2-48fe-b135-e8d3c14fab3e,,1348d2cd-1314-47ed-a170-c7a02bff6dd2,d98ac824-b1cb-493c-b4dc-fa735d579080,2025-10-05T04:15:04.792496Z,0.17,3
cda8fb8b-604f-4bb3-921c-ecd44d127d0a,38bac53d-813a-4fec-a36b-81693c06e94a,,e17a19cd-8381-40b6-8771-702f3a282e0c,2026-04-24T10:08:49.792513Z,0.29,4
9d67da89-10e8-413f-82b6-59299c21eedf,,a63ba4d6-5370-4ab1-8f9b-d9bdda1594cc,a81b33a7-ba53-452c-8801-04aabe7f038f,2025-09-17T20:56:46.792567Z,0.03,4
3d842687-e9a1-4022-9927-ac7d14b14fb2,b5b918af-3492-451b-a8ef-799b0615a9a5,,372ded30-38b9-4299-bf0d-124cb3f95d09,2025-12-01T19:16:39.792596Z,0.21,4
48fa3bce-3117-45a3-8ddf-bd50dbd27e0b,,3ad002c9-0a2b-41e5-90d8-9ed396fad949,96164111-3295-4ecd-9696-77c13aa1e9c6,2025-08-26T14:18:09.792630Z,0.14,1
a9cee152-3bf7-4f2a-a87e-8c700ebcfd96,86c76c73-9c5c-4b9d-b3f9-59e443163e6a,,f0bc20ac-801d-4401-bafa-1a2d45fdf2fd,2026-05-02T19:51:36.792677Z,0.19,4
6b0d551a-2de7-4f2f-9cc4-64c6b7983810,28879ddc-2513-4004-80c4-706b1ef324dd,,a2aa5c5f-237b-4acf-bd4d-896ec1b7d815,2025-12-27T21:23:54.792751Z,0.17,1
38f602f7-2367-4fd0-a1ef-77e17217dc3e,,f519d814-3815-4f9c-b1fe-b9332dfa5a04,262281ca-9da1-4f48-bcc9-dac7c497ca85,2025-07-04T11:24:23.792786Z,0.03,3
c0b310c3-0edf-4c8a-9d65-da0a2b3ae933,66ea7225-0970-4ca9-bedb-0ff2dc6bcde5,,eab47c6e-60d0-411e-ade2-82fc0a973fef,2025-08-09T13:26:29.792815Z,0.01,4
e298304a-08f4-4d1d-a691-6fa5d85a7167,,3a68d9a8-9a3a-4220-8d6b-843ceedb9366,12e3fbe3-5387-41d3-b055-ed6b543f5f0f,2025-09-12T00:49:32.792868Z,0.05,4
d1fa8d3f-f8cf-4808-829a-ec78586c1dec,0fdccec9-42ee-469f-ad10-d1d6f7bf29bc,,f3339075-6de3-4983-84ef-c23595b30f1c,2026-06-16T09:06:14.792885Z,0.17,4
3a64edb8-1f2b-44f2-a2cf-8ab3be06c8a6,a1cc74df-b78d-4e9a-82a7-cf3c47b85d92,,7f6a74aa-f09a-4f60-a39c-a0c68ccf7ddb,2025-09-10T16:20:23.792902Z,0.17,5
cc61883b-5fa0-4bae-9142-721cd83a775e,5029723c-a5c1-41c9-ad47-61b044552811,,e4f08e85-289e-40c7-ad90-983f186d02dc,2025-12-25T13:15:34.792971Z,0.03,5
5a260ed2-edd4-4a2e-8dc6-095a9f4af05e,71c6e6d7-4017-4867-addd-e41f63141a8e,,94ee9444-6941-48b4-b4dd-5e9bc164aefe,2026-01-31T07:12:24.793000Z,0.0,5
63e1c06e-f917-4fe9-aeae-ae860ecd6a5c,,8eaf7bca-5729-47c9-99d1-7846c92a338a,31a62e0b-956a-4338-9c88-02b3f7ede7b6,2025-12-13T10:31:21.793039Z,0.17,3
073e7d68-56d2-43f2-9470-9a66a019937a,,8eaf7bca-5729-47c9-99d1-7846c92a338a,e5990352-abf4-4954-bbe9-48ef19db84b7,2025-11-16T21:29:52.793068Z,0.19,1
6dbcea96-52d0-4228-89d7-2e360f5bd530,,e3b47078-ca22-40c4-a905-6b5152410f29,464065f2-15f0-4a2e-b25d-516dfff9dcca,2026-01-31T13:45:37.793223Z,0.11,2
37df560d-b1bb-4499-8fe3-14f0432fb930,18c3e1da-6877-487b-8648-3e489b693c24,,eaf75b03-369e-4f19-9773-1a8ed15cec34,2025-08-07T08:54:41.793257Z,0.15,4
103cf71b-ef06-466d-aee8-380b07089855,d015b03c-9cba-4774-821a-3cc992e1c7f4,,6f6d558c-4b40-4c66-a4e6-e46524190ebc,2026-02-04T09:38:01.793274Z,0.06,4
f188926e-0140-4c82-a8db-99aaf343d51c,,b82b17b3-e84e-45ff-96ae-a3530b54e440,f3339075-6de3-4983-84ef-c23595b30f1c,2026-04-04T14:27:47.793412Z,0.18,1
acab878d-224a-4a92-ba1c-2a002021c9a2,,a814f6e2-eff7-4caf-815b-7a0cf0e8fff8,c85fdb82-bfb8-466b-8587-2c4a96321250,2026-06-17T06:10:08.793469Z,0.21,5
24132a7e-5586-47fc-934f-e4238122f028,c0a2405d-9218-40f9-a44f-20aad0bcdb61,,c0dc7454-44d3-4bda-817b-d31875e44201,2025-10-05T18:11:32.793499Z,0.08,3
f3d5b3be-6f5f-407a-96a7-325f48cce603,,be906805-aa43-4c8c-aafb-23636aa1cf14,1cac4b7d-9687-4005-8aba-406a7a82bb35,2026-06-02T21:06:13.793550Z,0.21,5
2b4b2bf9-75bf-46a6-857e-db577abd44fd,02df37e7-d9a7-4261-89cf-e625ac86587b,,3198b1d3-c10a-433e-946a-be88a2f22060,2025-08-27T19:09:16.793652Z,0.19,5
e2f3ba96-97b0-499d-8934-fe801f4bf839,,6d47dfa9-241e-47d3-84fb-df03a4ebe1fd,39e9c2c9-901f-499e-8c46-57804a2f9255,2025-07-22T19:06:41.793677Z,0.13,4
e7b4415b-2983-4b17-aba1-b574b86d9c4f,e96b0330-2bf2-4221-8c83-a0321dc564fa,,19526f67-9ddf-4aab-b411-0bee51cec320,2025-09-05T20:25:28.793699Z,0.01,5
903aea89-2961-4273-bfa0-5ddabe66f2e4,,d49d013a-2c76-48d1-b742-2a0c3164b87b,02310335-8d93-4be9-af7d-55de45097af6,2025-12-02T21:54:10.793751Z,0.07,1
abb13333-7203-4dda-9fca-460e1c5d889e,7de37548-b3aa-4da1-bc4e-04984374122e,,c6fa1138-4ec2-4637-9504-2749bc13e06f,2025-10-24T16:44:42.793768Z,0.12,4
83eec190-2712-459f-8517-2cbd64d0edd4,27f8bc54-1298-4d0f-b845-a4193bcff26f,,23c26c56-4049-472b-850f-65f46207be56,2025-11-05T03:43:17.793861Z,0.27,5
ac3a35e7-b521-419c-b325-54b63d3b62e8,7452846e-37c4-4906-a617-e6a9cbd59165,,a85314f2-4706-4d04-af9d-12e821756358,2025-09-15T23:23:21.793894Z,0.17,2
8ff11d91-aee1-414a-8e15-fb0edc8939bd,c0a2405d-9218-40f9-a44f-20aad0bcdb61,,95176c1b-f8b5-4499-af67-49f7732c6c68,2026-05-11T05:06:25.794016Z,0.05,5
a8d80ae8-c8dd-41d2-8549-99736693a3f7,38d8fe88-7a5a-465e-83d4-7a21757f37cd,,19526f67-9ddf-4aab-b411-0bee51cec320,2025-08-09T13:01:08.794068Z,0.03,4
70ff823b-c4af-4f16-a959-589258af5ab9,,f892f167-aab9-4a73-80cd-046ef6d4e482,39e9c2c9-901f-499e-8c46-57804a2f9255,2026-01-01T14:08:41.794097Z,0.19,5
e5ec1a46-5d59-4fac-8003-6a07d5b0eb6b,,73191e6b-355c-4371-9373-85ae98c68a2f,99a57440-b846-4581-bc1a-44f38a214cf6,2025-10-19T11:05:44.794137Z,0.22,1
21386ea1-bd7f-427a-8a71-37c6098a580f,6358be1c-0d97-4b91-8cce-61d53681f9e6,,1209a847-3e6d-4ef1-a2ac-448ae204babe,2026-04-22T08:12:20.794155Z,0.07,5
57ca3448-2f89-4056-8e4c-c683898d0e6b,,e06b3c91-4eba-428b-a115-8eb9ea157937,77016229-03e7-4ace-860b-79ee16b3f42b,2025-12-08T15:43:30.794172Z,0.03,2
9a2e0b47-cb9a-4c37-8a26-211d97c06287,91861c5e-4dd7-428e-a4a0-5bd6de894207,,dc65cf1c-922f-4f2a-be7d-7f596ab58867,2025-08-15T12:15:51.794190Z,0.21,3
d05df2c1-51e2-4dc6-8d2f-7a08783785aa,042102a1-7598-4ea5-a80c-28a54e7b5715,,a85314f2-4706-4d04-af9d-12e821756358,2025-12-25T16:08:49.794253Z,0.08,4
c8b10efb-94be-4833-acba-5b2c04042940,b71d0401-7b0c-47ad-92f3-6e124731b75d,,e17a19cd-8381-40b6-8771-702f3a282e0c,2026-05-16T05:28:17.794270Z,0.17,2
5f7bf0c9-34b1-462b-b668-c1e34a87d78f,,56e5e6a7-ed54-4fc2-a4fa-85e9777c2213,c6fa1138-4ec2-4637-9504-2749bc13e06f,2026-01-12T12:17:23.794326Z,0.12,2
aa5077cd-39af-4b05-8f4d-3c47cacbc29a,,84f298f8-6aec-46e8-8c2c-52b5e03bd902,c3163de1-b9cd-44a7-93e9-588433a1e23f,2025-07-31T22:46:29.794343Z,0.04,3
b55ff0a0-d53f-46bd-9f11-cab58ef82126,,3b7033fc-b1c6-4ff0-9c88-06f2b0afca46,24a56de7-f7f9-4a74-84ac-6ee7f5d63eeb,2026-05-01T07:25:56.794360Z,0.14,3
e67f9393-ff03-48e9-be9b-62f9b2c517bd,f89fae14-33e7-4399-a1d2-ea86bbb16485,,54c76350-7f69-4f75-b451-d79351462bca,2026-03-07T15:44:32.794400Z,0.14,2
bd551936-2b4c-443f-bcaa-955914219c6a,0455b293-7f74-4930-8c56-a6f15d8d1fe3,,370920ed-3f8d-46f5-b78d-f4d5c426c5e2,2025-10-02T22:28:49.794458Z,0.29,3
99fe5400-2186-44bd-b584-2a517e4a82a5,023f5f9d-6014-463d-ac64-608fe6b8324f,,22e8fa38-2c1b-4639-8e7d-d245269424b7,2025-08-11T00:03:09.794534Z,0.13,4
4a7f43fe-85ee-4993-822c-f317bfe00ea3,,b0f48e8b-a714-495f-b06c-4e1c2ca8f4fa,c6fa1138-4ec2-4637-9504-2749bc13e06f,2026-04-11T09:40:47.794630Z,0.23,2
5cfea7cb-c3da-4947-8081-9a2b28e32baa,,5f26893c-3a9c-4359-a3ca-4b3a12c174c3,24a56de7-f7f9-4a74-84ac-6ee7f5d63eeb,2026-01-28T10:53:58.794686Z,0.24,2
50ad16c6-5b7d-4bf8-a04f-75980aa09fbd,,13018d9f-0af2-4f2c-9077-c91def87e6d0,5bdd189c-8321-48aa-bae9-e2962031a00b,2025-08-22T21:20:06.794715Z,0.1,3
95f6f43f-569a-4b6c-ac09-49aa440a9fd1,,8ff5e015-89a5-4263-8b22-d0f7581bfdf3,4249ce6f-0248-4265-950f-9f03188f5497,2026-01-26T04:41:31.794749Z,0.25,1
fa264ec1-c5bf-43e5-9ddf-a6c4fd89d29b,82e244b2-87a6-48ad-b9c6-ab291657e7de,,372ded30-38b9-4299-bf0d-124cb3f95d09,2026-01-15T11:45:12.794777Z,0.14,2
42d00b8d-7e41-4dae-8673-bf5591b55274,94c2eb26-5544-46e3-81c9-7c10ba8d378d,,464065f2-15f0-4a2e-b25d-516dfff9dcca,2025-10-09T10:51:52.794808Z,0.1,3
201c7a7d-e3da-487a-9092-6b2ea89d2c6e,aa643d96-ef79-47e9-a367-5a03dbda3bec,,882325b0-d544-426c-b74e-9b64ff3ef4cc,2026-02-16T15:51:57.794837Z,0.22,4
108a385b-64ca-4fb2-9e1f-a131cf327b37,,e08cc821-57ee-4632-9845-c494fe0137fe,250b4af0-e307-4429-bc29-3797dfce07ad,2025-08-26T16:27:23.794870Z,0.29,3
6f591912-3810-4854-9c73-d20191e9d6c7,865e2c7b-71bd-4f2f-a9ef-009d99d29e7e,,eaf75b03-369e-4f19-9773-1a8ed15cec34,2026-03-12T23:43:04.794944Z,0.1,5
6634178f-69c6-4eec-afe5-337b9dac9a62,bb57e5b7-892f-4015-b5c5-9165eddab54b,,c0dc7454-44d3-4bda-817b-d31875e44201,2026-01-04T23:50:47.794977Z,0.2,4
a7f398dc-ff6e-486f-a1c3-f93cc847b433,b4ae784b-3905-4589-8158-4c344b0cb907,,17ef5cb2-dbbc-4423-a159-fe66957fb5c2,2026-02-04T15:01:30.795000Z,0.03,5
2c7c2dc7-bf18-4a39-b28a-bac7f7571999,f67dbfa0-ba5f-459d-a062-6f1f31dec761,,bdfcdbcc-7d63-4ecb-9a8f-8ae73ee085fb,2026-03-22T05:48:07.795075Z,0.15,5
73875ba1-32b8-40cf-9597-4fac8e593c15,,9c7c0a55-807e-4d6b-816a-503a5aba02d6,cf9874d1-705f-46b6-b3e9-cbe1e58e3847,2026-06-06T22:14:02.795116Z,0.11,4
b82d0153-7850-4637-95f5-4f9b5cdce273,ac9a6a42-7a1e-402e-885a-3f5a2251add8,,f0bc20ac-801d-4401-bafa-1a2d45fdf2fd,2025-10-12T23:20:49.795145Z,0.13,5
38b1b236-3ab8-4619-9827-1a9724493ce4,02df37e7-d9a7-4261-89cf-e625ac86587b,,9234bb80-ceff-4626-9cc6-fc6f757ee0d6,2025-08-08T06:07:37.795181Z,0.24,2
7a9f22da-d572-45cd-ae56-61c1280d855e,d61841d6-2c66-4132-87bb-6efc7dc20ff7,,e17a19cd-8381-40b6-8771-702f3a282e0c,2026-06-04T07:30:32.795210Z,0.26,4
0d0d46d7-0499-411a-b959-78712287ed85,a4e2e6dc-9c0b-4fa2-8763-56f3ee281e63,,805d0c82-7625-40a2-ac29-8f766fc3f6ff,2025-06-30T02:54:56.795228Z,0.09,3
2f9840c4-3870-4d0e-a245-09ee34a93170,,bed99c80-00e6-4713-8500-91b71e7bb999,6b85123c-b94f-4258-9142-0599eff0a787,2025-08-08T06:10:20.795292Z,0.04,2
6aafae1c-afd4-47e3-9b64-415fc664fd8c,1746998c-acb5-427a-9787-30c373602d57,,ec97e4e8-1dee-4099-85b0-85d167c59b15,2026-02-02T15:03:23.795383Z,0.08,1
0198072f-58f3-495c-ad6d-3d21d19f3f87,,d1ba7bc7-c6a8-405d-81de-2838ade4dc10,dc65cf1c-922f-4f2a-be7d-7f596ab58867,2025-10-11T05:58:51.795435Z,0.21,3
322fc2ff-56d2-4366-9f3b-9f19327eb9b1,6d540b7c-65e8-400b-9b9c-300fec44f955,,1e19d020-8de6-4885-b1d8-2b9aff3f3d33,2025-12-02T03:17:35.795452Z,0.07,2
65dd27bd-736b-4d8a-8eb9-3e3fe0d4a2d3,,37bdbee4-abed-410f-881a-bc0d616d6641,8245b2fb-a8af-474b-8d23-4304a5e9a19f,2025-07-28T08:01:23.795481Z,0.23,2
72273e68-b443-43d1-8bf5-42fb51a918cb,12664488-f887-4fdc-a90e-65705d33b03f,,cf9874d1-705f-46b6-b3e9-cbe1e58e3847,2026-01-20T07:35:37.795538Z,0.2,3
2fc629d7-f8ce-4472-b5e4-dcadab72f214,f9c74ef5-91bc-469b-8105-a085f2ad1fb8,,bdfcdbcc-7d63-4ecb-9a8f-8ae73ee085fb,2026-02-11T13:43:37.795584Z,0.1,2
8275dba0-1155-491a-ba97-bbff86281058,dc52679f-ed2d-4c43-a350-50327c99be6c,,250b4af0-e307-4429-bc29-3797dfce07ad,2026-05-12T20:56:49.795642Z,0.24,2
c0d9d810-f5b9-4747-9a05-d73a03643ba1,28879ddc-2513-4004-80c4-706b1ef324dd,,f980ab87-d699-456c-a96a-e362bfd00c92,2026-03-11T08:54:23.795682Z,0.03,5
5be53c4c-9a86-42d8-a484-36649f5fd391,6ea8ea9b-65e2-40e2-b1bf-17f6e7e339da,,a7af19b9-f0fe-40b8-9d1a-c7fcda914ea2,2026-04-25T05:24:08.795745Z,0.22,3
31a1a046-f9cc-421f-be97-65067f8d620a,,3798a01d-ea12-4e4b-a2db-943d49641dc9,ad5fcac7-aeb1-477e-b4a7-962a3e8bd739,2025-12-26T15:57:02.795842Z,0.06,4
15ccb319-77d9-4cbb-b9ee-f51f189cf785,8982aeda-dab6-4b29-9e0c-e66c5d96fce7,,bdfcdbcc-7d63-4ecb-9a8f-8ae73ee085fb,2026-03-09T13:48:56.795876Z,0.12,1
bd633823-f562-4bb4-a146-e0ccd7791c15,dc1d41c3-d7d1-450d-bd18-94f5210f6806,,c8692397-bab9-445a-90ae-7439cc46cd74,2025-12-27T10:43:46.795939Z,0.11,3
8a8b7ace-22b2-4ca0-b8ee-384e17be4c82,d3fff17e-888f-4772-8bd4-7c6176a53af0,,464065f2-15f0-4a2e-b25d-516dfff9dcca,2026-04-24T01:00:28.796020Z,0.18,2
872e08c7-0e30-4388-99e5-48c01a572c56,,14f3ba56-bc8e-4182-8b8b-039fd9481fd9,8998e993-9ba7-4ede-965c-cee7af7a4457,2026-05-08T22:26:05.796146Z,0.13,5
ca8f4268-cc38-4209-935f-3648609b91e8,b160209b-16a2-48d9-abfb-6eb2de7e37bb,,c8692397-bab9-445a-90ae-7439cc46cd74,2025-06-27T14:19:57.796210Z,0.03,3
a9e7676b-e6ec-43d7-a629-14ba02b4ab4b,,d96aafc8-c57f-4385-8425-48157c29b262,ec97e4e8-1dee-4099-85b0-85d167c59b15,2026-04-28T18:57:22.796227Z,0.26,2
a2bdb8fc-f89e-49db-a6de-d7462ab57e3c,,979bc9b2-6009-4a0d-a603-bc54a7fb1c3a,ec97e4e8-1dee-4099-85b0-85d167c59b15,2025-09-12T02:28:54.796249Z,0.18,2
a596404a-262b-49ea-8df8-8ae102ac6c27,f1e90caa-ff1f-4164-8403-aacb98494334,,f0bc20ac-801d-4401-bafa-1a2d45fdf2fd,2026-01-25T22:03:41.796320Z,0.22,1
0ffedfb5-0f21-4301-a16e-496da1443af7,0e0fe04f-f176-4fb6-8d0a-82fe1691ccd7,,25370a5c-dc1e-4a10-bfdc-ad1bca8f7981,2026-02-23T07:15:29.796411Z,0.21,4
87ee0fa7-d04f-490f-b829-5acd0481a3e2,,a21b4296-3375-43ba-bfa0-79929a70738a,ea11794b-9211-4543-87ff-999e6bd73cef,2026-02-14T12:26:51.796480Z,0.28,2
f4f95380-de11-41af-9d85-325e40752464,d0dcd297-956a-488a-84ad-f0c2b8bfac27,,cf925fde-e447-40d6-8073-e23c6f551820,2026-02-24T10:31:18.796498Z,0.01,1
ac85362f-ce34-4bcf-bc2a-b2249756dc2f,,6ee1c356-e4a1-42ca-8591-8f84c383066e,af5481f4-1ba7-4d45-aaf7-51c47a71875c,2025-10-30T16:09:51.796526Z,0.03,4
87af3630-f8fe-42c4-ad41-5ec5d37c4fb7,5029723c-a5c1-41c9-ad47-61b044552811,,9234bb80-ceff-4626-9cc6-fc6f757ee0d6,2026-05-06T21:18:44.796583Z,0.02,5
193813da-29cf-4597-b39e-03256c5699e9,daaafc21-ddee-4be2-acc9-cb35709e0993,,6cf1c788-97e2-4ecc-b9a3-f96831a30d8d,2026-01-09T10:41:33.796641Z,0.09,5
3dd14989-d957-44c3-b7b2-316555cde1c6,de4af6c9-7f7e-4b11-a7cc-02b4e2518048,,a81b33a7-ba53-452c-8801-04aabe7f038f,2026-03-29T12:12:01.796664Z,0.1,1
287b62f1-577b-468f-b433-9e7001a98763,,cb117961-6cd1-450c-b80c-677a0e89d49c,3b0e25b0-04f3-4476-891e-18d67e3329ed,2025-10-14T03:21:06.796709Z,0.04,5
9a5a3279-20cd-4bcc-8f1c-2367b6e6dc1f,7f2fc0fa-7e88-46d9-9367-bea32902ae90,,805d0c82-7625-40a2-ac29-8f766fc3f6ff,2025-06-29T17:21:19.796739Z,0.24,1
a8bef330-8cb1-46be-aee6-c8ea62f80849,9db95041-3fde-4c77-a277-b9dd057f8869,,f08ab47d-3ff6-49f4-ad4c-b00fe9042589,2025-10-03T16:29:14.796773Z,0.08,3
48a5964b-70b6-4cec-baae-24ed927678a7,,ae236a52-afef-41cc-aabe-244f86707eaa,dc65cf1c-922f-4f2a-be7d-7f596ab58867,2026-04-06T16:52:45.796796Z,0.04,1
eac69f98-9e59-49c1-91cb-e20ae5bd1b77,67df7533-da3b-47a5-b15d-2717f1105e80,,242a17b5-0a2b-4177-a01c-b2d07b8435df,2026-03-31T02:07:10.796814Z,0.2,5
cc8ef248-0731-4069-ad30-2f8245ce7c0c,be8983c7-ccac-42d2-b835-b4c8ed1999f8,,1638242a-9e18-4c5a-8ba7-dcb01ef7c6b0,2025-08-29T09:25:02.796848Z,0.06,1
80ecdf68-9ef8-4264-85de-52a26e938e2d,9ff27fc3-11b2-42d1-92b1-3d4931281312,,c8692397-bab9-445a-90ae-7439cc46cd74,2025-10-25T03:35:00.796871Z,0.17,5
94a9ccfe-4478-41be-a854-279f450de3ab,,b8952666-ee98-47d3-a3bc-78743d1d1034,c0dc7454-44d3-4bda-817b-d31875e44201,2026-01-23T06:39:09.796917Z,0.18,4
beb3f818-8af4-479e-914c-7c81c7c36aa7,0aa41ccb-4639-4115-989f-cb299da7289f,,9234bb80-ceff-4626-9cc6-fc6f757ee0d6,2025-10-11T06:05:57.796958Z,0.18,5
6633ebac-f51e-48eb-9801-20f0ed79b861,,d809da67-53ae-4dac-86f3-9be7338c0788,882325b0-d544-426c-b74e-9b64ff3ef4cc,2026-03-20T06:44:02.796993Z,0.12,3
f4a01a08-18a8-4d21-bf4f-2ac359b471a2,,3aaf63b1-5786-48d5-a781-38442d49b6cd,ad3fe337-ec17-4244-8e4e-9f2e174215e4,2026-03-22T14:05:27.797010Z,0.14,2
a2015c28-b016-4207-8d1e-71e35f64cec9,,80479124-c047-4b7e-8f7a-1a19cea8c68d,12e3fbe3-5387-41d3-b055-ed6b543f5f0f,2026-04-26T20:30:20.797027Z,0.24,5
65996871-dcc7-444a-8f7a-4a8ad999885b,c034b804-6b68-4938-8964-98f10b1bb2fe,,4560ad24-ab8b-4c2a-9a93-593950d0c317,2025-07-13T10:09:40.797044Z,0.02,2
cf56642e-3d6f-40b6-a0b0-64d8e0e99e9b,,293bad1a-f0a6-4149-b830-c0790e802ec0,02310335-8d93-4be9-af7d-55de45097af6,2025-08-01T20:16:32.797089Z,0.02,3
3cc919fe-f421-4536-9607-0e8c02a885d1,,9fbd1994-7348-4864-ab7d-6ba0d85fa81c,94ee9444-6941-48b4-b4dd-5e9bc164aefe,2025-10-24T02:29:48.797119Z,0.1,1
63a21aec-699d-4797-86a1-ebe56b195af8,7044a1e0-9121-4698-bd37-2447ded18546,,96164111-3295-4ecd-9696-77c13aa1e9c6,2026-04-03T04:41:26.797171Z,0.11,2
171448c8-9faa-4fc8-9b02-d84ec24d353c,4cff4e20-7ce9-456d-b799-4fed7c534f0d,,a7af19b9-f0fe-40b8-9d1a-c7fcda914ea2,2025-08-01T19:35:09.797258Z,0.16,4
37d15a22-393f-4aad-bcb9-089f913003be,bd94c06e-4681-43b0-9d07-1eda730c5033,,bb3acd74-a761-49bd-b7bc-fbf35502e696,2025-07-01T16:48:32.797286Z,0.12,2
a02d361d-6eaa-4867-80f2-775abd0683c6,cb5f5348-66ea-442c-a31c-9df34040c85b,,1cac4b7d-9687-4005-8aba-406a7a82bb35,2025-12-16T17:01:31.797315Z,0.08,2
9fa95e01-6c64-4ac5-8637-752714f3cb52,,e41d278e-860c-4f4d-ac59-d641c040d259,ffb35e8a-7d50-4fb3-b500-d6e2b0d928a7,2026-04-06T14:44:41.797344Z,0.16,5
cd42fe1d-0dc0-4e19-bdb1-1ccda7bff666,2af61357-846b-47b7-be27-d9b81db693b3,,19526f67-9ddf-4aab-b411-0bee51cec320,2025-09-25T21:17:04.797396Z,0.1,2
cc07fbe5-4845-4eac-8cf8-da0a8fca9470,,41c6c430-9e19-4c61-af25-4fcedbcf3e24,a2aa5c5f-237b-4acf-bd4d-896ec1b7d815,2026-05-18T16:16:08.797435Z,0.22,4
456cb333-5a66-4a61-838c-379a5d70e943,b8309d59-5dff-43ad-861c-05c59ffc736c,,4f829757-7e33-48b8-9950-69136f62b668,2025-11-28T06:09:24.797465Z,0.17,2
49c7e20f-c7f0-4682-a64a-a7d273b7c3e2,0f2672d3-0d1d-4747-9e71-a91ada364540,,39e9c2c9-901f-499e-8c46-57804a2f9255,2025-07-04T10:37:25.797534Z,0.05,2
0736a826-0b50-4379-b4a2-f26f6f9266b5,518f6089-7637-4b06-a632-afa91eeb04b9,,e5990352-abf4-4954-bbe9-48ef19db84b7,2025-07-17T03:19:29.797574Z,0.23,2
edfb77e1-97d4-4f25-9610-c3472ede1a61,307b46a1-51b3-4526-bce2-af544e5e4684,,3eb8e419-ccc6-4064-8260-5b43602f9983,2026-04-27T14:55:55.797609Z,0.25,4
4e4bc576-9ce9-49b8-970d-338d5a1cc09e,,310f0b0c-0e4d-40cb-bf9f-0437a02ee11d,a85314f2-4706-4d04-af9d-12e821756358,2025-12-04T08:19:34.797627Z,0.25,3
02cd2b8c-0e55-4338-a8d9-1b9fa360728b,,bfdeee45-1f59-40fd-beb5-e714bcd66a68,262281ca-9da1-4f48-bcc9-dac7c497ca85,2025-12-06T08:22:44.797656Z,0.02,5
2a4cc412-b3c3-46cb-b34e-f4db34d780e1,0d75422e-5cdd-4422-aae3-364698c5b3ee,,63b5e370-7388-4536-8ed7-a21a4a41d06f,2025-07-21T17:10:48.797678Z,0.05,1
3c56ffb3-c1fc-4a91-bc17-a39b35763c9f,32724db5-f35b-4afb-a6ea-8d067b5f6a24,,eaf75b03-369e-4f19-9773-1a8ed15cec34,2025-12-21T23:59:35.797738Z,0.01,2
7a5285ee-9e49-48ef-826a-3a36a46acf6e,,7774a05d-f299-4950-a419-31950bf08e19,5e2bc8e4-1797-4c5f-82a7-e5f343789acd,2026-06-06T14:36:47.797766Z,0.29,2
c4509fd4-9628-4bca-aa98-4e1fca4c7551,,bef2948b-750f-4387-bf9f-b4a853048a59,eae4837f-4e9f-40fb-a287-f3ea4195f02e,2026-02-03T08:24:29.797829Z,0.26,1
8d631d50-72b8-4158-92ab-74b7b2b1a51f,97c5ecac-aa81-49b4-a421-3ca6574e92a7,,1e19d020-8de6-4885-b1d8-2b9aff3f3d33,2025-09-20T09:21:25.797944Z,0.03,1
6acf79d8-86de-4cc9-b43b-52c707d7966b,,664df926-1b20-488f-93ae-3031b8761af6,6f6d558c-4b40-4c66-a4e6-e46524190ebc,2025-08-24T03:08:20.797973Z,0.15,5
fe6646f8-29ce-4aa7-8557-7177fd304754,d71106b5-3273-4106-ac12-4eeaa74508a1,,464065f2-15f0-4a2e-b25d-516dfff9dcca,2025-06-25T14:55:05.798001Z,0.22,4
1708cdee-de10-4b70-a64b-0e30cee2a688,,1f862502-7b30-4975-a460-5838baa3fef5,8245b2fb-a8af-474b-8d23-4304a5e9a19f,2025-07-17T05:42:23.798019Z,0.11,3
8909ee54-6a42-429f-ac4a-3f524a13808c,7452846e-37c4-4906-a617-e6a9cbd59165,,145417d2-0475-455c-bfdb-23ddc2020330,2025-08-03T03:53:56.798048Z,0.22,4
d278ded3-4f98-4554-9104-0b2a6514eca4,8dad113f-ba26-4542-afb4-ffca94a5175c,,321f6360-972d-4a3a-85c7-8758739a5af4,2026-06-08T10:05:32.798072Z,0.06,4
6cc57041-37a7-45bc-b136-182dee5b8d68,fcd5220e-ef72-42c1-a491-e64bb6430821,,e17a19cd-8381-40b6-8771-702f3a282e0c,2025-07-03T18:16:36.798148Z,0.26,5
eedf1e8d-c34e-4e90-bea8-cda097e1f363,0dbfd0e1-7616-4ed4-9b03-6f43d2f4fb40,,63b5e370-7388-4536-8ed7-a21a4a41d06f,2026-04-14T15:07:52.798172Z,0.22,1
e99e8aa5-6853-4fb4-94eb-58def81e6979,,654d2be1-31c2-4912-aa08-85746925a409,8dd60692-d201-4c50-a580-7850c1e95f00,2025-11-04T05:23:47.798201Z,0.24,3
81a9b2f6-171e-4773-a17a-701c116da978,97c5ecac-aa81-49b4-a421-3ca6574e92a7,,34b6ae28-67da-41cb-83b1-c97b33dfdb64,2026-05-28T14:50:58.798218Z,0.28,5
8edc4e0a-af17-4c11-967a-ed14965ed985,2d9804c7-95c0-4fba-95b6-b77e839f2b6a,,ad3fe337-ec17-4244-8e4e-9f2e174215e4,2025-10-18T12:44:08.798242Z,0.08,1
a05b11eb-7e91-4d81-8582-386f7cb77c60,4df003df-66d2-462d-9d42-dea20378aeb6,,23c26c56-4049-472b-850f-65f46207be56,2025-12-30T04:17:31.798299Z,0.24,2
6993f739-95fd-44fc-8a1d-f530409b22a8,,354c42f9-5639-4152-b715-6fe54af04486,19526f67-9ddf-4aab-b411-0bee51cec320,2025-08-27T11:42:37.798328Z,0.25,1
77b77dc0-d618-46bf-9092-7122b67c84cb,85915b46-8b06-4b62-b14e-5ca425e27bdf,,dc65cf1c-922f-4f2a-be7d-7f596ab58867,2025-08-10T16:20:56.798357Z,0.25,3
1cbcf2a5-3c5b-4c2d-8211-313f40c6f318,b70d275f-0293-459d-9f8d-0c69d539a5a1,,23c26c56-4049-472b-850f-65f46207be56,2026-01-27T18:03:39.798374Z,0.28,1
14003615-841b-4e30-9409-6226398db114,74839d8f-ff2c-4461-8ee3-42f8d15aa679,,a85314f2-4706-4d04-af9d-12e821756358,2025-12-21T10:52:09.798460Z,0.21,5
9b13af83-5415-4c0b-8a50-f3dcab25a6c5,,9e25edaa-df59-4b69-abd9-486a8a4bc150,af5481f4-1ba7-4d45-aaf7-51c47a71875c,2025-12-08T11:37:05.798517Z,0.18,4
26d4fb53-1ec3-48f3-9b2c-bcbd2c2c1f07,,c0ffe473-ab9a-4463-94cf-0fc8e6888894,dc65cf1c-922f-4f2a-be7d-7f596ab58867,2025-07-17T13:09:39.798534Z,0.18,2
d3e29ecf-6a6a-4fbd-a585-fb42448a4f3d,18c3e1da-6877-487b-8648-3e489b693c24,,af5481f4-1ba7-4d45-aaf7-51c47a71875c,2025-09-15T04:19:15.798551Z,0.22,1
6ee01d02-5bf9-4eeb-89ee-8f8846db49f0,,d4fcb461-9987-4de6-9d8c-7db9895fd113,f3339075-6de3-4983-84ef-c23595b30f1c,2026-05-05T22:50:25.798596Z,0.04,5
615453f6-3537-4817-82cf-a7fa16ccb0dd,,6d47dfa9-241e-47d3-84fb-df03a4ebe1fd,464065f2-15f0-4a2e-b25d-516dfff9dcca,2026-04-21T12:15:18.798654Z,0.08,4
201c31a1-332d-4d1f-8f27-4d0adf0c0372,37c52c6a-bf4d-4fda-8e8d-8d74f697fb2c,,14c50a07-309d-4aac-8004-a94d51e3ca87,2026-03-19T15:29:27.798671Z,0.15,3
452155c9-ed1e-4bdb-bff0-7f8de2718590,a2d7be94-d05f-4eff-be95-fc8e0259a285,,ad5fcac7-aeb1-477e-b4a7-962a3e8bd739,2026-03-09T03:20:25.798712Z,0.27,5
62a00469-0008-4a53-a0a1-906b189da853,,8321892f-e477-4b76-ad86-a1436b248179,19526f67-9ddf-4aab-b411-0bee51cec320,2026-03-31T17:19:13.798764Z,0.22,1
259834cc-aa96-49af-aa9f-8d157ae2a2ff,91a87b5d-7e05-49a3-bba5-8e0ff848f0e2,,464065f2-15f0-4a2e-b25d-516dfff9dcca,2025-11-27T07:53:12.798804Z,0.09,2
d8f07bfd-4c47-40d7-a44f-86bd87984f2f,,116487bd-fecf-4555-9615-a6043bf45da9,e4f08e85-289e-40c7-ad90-983f186d02dc,2025-09-28T07:48:52.798828Z,0.16,1
bf1e52ec-ceb4-4c8d-b9a7-6aa33e58c6e1,bec95648-c377-4fb4-ac7c-e3e8767df2c8,,54c76350-7f69-4f75-b451-d79351462bca,2026-02-15T00:44:28.798921Z,0.07,1
01d900d4-25bf-43ee-8b5b-a6d875e93a11,,5cb95a81-3a88-4c45-917c-1258591c32d0,9183c4c5-47db-4e6d-af05-9eafe1f586a0,2026-02-05T01:09:24.798938Z,0.04,2
e6d35834-144a-479a-a7c0-f4c80eac1d10,5ec52cf9-f4dd-4895-86ce-55d3cc22f8f6,,34b6ae28-67da-41cb-83b1-c97b33dfdb64,2026-01-30T06:39:19.798990Z,0.05,5
724d320d-9cf4-4ad2-8aa0-7c0813e1eaa8,,29f7aeca-4ae2-4609-9f4f-5db914d6c15a,95176c1b-f8b5-4499-af67-49f7732c6c68,2025-10-12T23:38:22.799007Z,0.26,2
8e5caa4d-837b-416e-bcb2-04f8f56fa3f4,6e57b55c-419f-4d5a-9e0f-6a06b8fb770b,,1638242a-9e18-4c5a-8ba7-dcb01ef7c6b0,2025-11-30T22:28:58.799087Z,0.13,3
7f2b7fd8-696d-43ad-8863-ada6932e0881,76a1556c-80e1-41e0-b989-1e0c1d6057b5,,f980ab87-d699-456c-a96a-e362bfd00c92,2026-04-29T10:04:29.799127Z,0.01,2
fa985ad9-49a1-42b8-b5e8-01eda418a85f,be0e6f76-50b0-41fc-b767-65029d5bd15b,,a7af19b9-f0fe-40b8-9d1a-c7fcda914ea2,2025-10-13T21:54:09.799162Z,0.16,2
68143dae-2162-4f98-9064-33f9da105325,ed5c9587-cd11-419d-b0ff-65baa1f5d372,,f08ab47d-3ff6-49f4-ad4c-b00fe9042589,2026-01-10T00:29:50.799295Z,0.28,3
20ec33fa-60d4-48b5-b579-20b9cc56a57d,,8fe8b06e-a03d-4f7b-9b63-ddc5de7c8a15,882325b0-d544-426c-b74e-9b64ff3ef4cc,2025-12-01T22:12:54.799335Z,0.07,3
05ef77d6-a272-4470-8265-059a739bc5eb,,a6632327-06db-4b1f-be9d-31034aa4176b,c8692397-bab9-445a-90ae-7439cc46cd74,2026-01-06T01:53:32.799363Z,0.03,5
e2456917-3638-473e-adf0-c19bfdfc36c3,,5de24a0c-d14a-4310-8f51-df13ef17b77f,464065f2-15f0-4a2e-b25d-516dfff9dcca,2025-11-17T10:58:07.799435Z,0.13,2
de4101fc-652f-411b-a287-1bac3e4408f7,75c5b85d-2269-4d65-925e-6eabbdb489a4,,77016229-03e7-4ace-860b-79ee16b3f42b,2026-05-28T00:33:34.799453Z,0.11,2
346f2875-f8b8-44b8-af39-37cc64d267c4,,e234a244-c3b9-48e9-b20c-06b87d47d20c,95176c1b-f8b5-4499-af67-49f7732c6c68,2025-12-04T13:33:35.799593Z,0.16,4
1ee130fa-0416-4b7b-9312-37f421852fb6,556103b6-69df-46b1-9c1b-4d9cc3dad857,,12e3fbe3-5387-41d3-b055-ed6b543f5f0f,2026-05-03T17:01:54.799680Z,0.06,3
1b2b522d-5b1a-487f-81b5-638e7a0f6541,4c56e24d-31c5-433e-861b-a265429a86eb,,ec97e4e8-1dee-4099-85b0-85d167c59b15,2026-01-30T05:09:15.799733Z,0.1,2
04d26c3c-1f85-46d7-9f38-efa8c9167f53,,aac3d145-5769-416d-9d8f-ed701d527961,181c0491-9549-4f06-acf3-4e0bf1af8724,2026-04-30T19:03:38.799939Z,0.3,5
10a3c126-2c1c-4c7f-b3ba-8433edb8d428,f89fae14-33e7-4399-a1d2-ea86bbb16485,,ffb35e8a-7d50-4fb3-b500-d6e2b0d928a7,2025-12-09T00:32:44.799957Z,0.27,4
ac327de9-b332-4e85-a766-7a02bb5d6d22,cc02d674-d8d0-4c88-9635-5d3c9629c46a,,262281ca-9da1-4f48-bcc9-dac7c497ca85,2026-05-26T15:01:28.799985Z,0.13,3
720cd816-636b-45be-8f7c-a022b4d13370,,85b09906-dc17-43df-9e31-d0a0e454819f,3198b1d3-c10a-433e-946a-be88a2f22060,2026-04-02T11:48:16.800014Z,0.18,2
dd8d27cc-2081-421f-838c-c96a7811d59c,,2ca7d1bb-76cc-47af-bb20-f3811c4c98b8,cf925fde-e447-40d6-8073-e23c6f551820,2025-11-13T16:35:48.800031Z,0.05,2
52de6080-74d5-48ee-a53c-63aae1eb553b,,4e33a22a-a8a7-4d54-b3a2-f4085ac4706b,f08ab47d-3ff6-49f4-ad4c-b00fe9042589,2025-07-11T14:57:43.800083Z,0.15,3
64db7a81-f783-497c-8a44-dbe1b41df5ed,7b7bb4b9-c3f4-42b1-b1b7-c36758da9223,,250b4af0-e307-4429-bc29-3797dfce07ad,2025-11-19T08:58:47.800129Z,0.03,5
0621a8da-f524-445d-8133-e99e451d7450,,5664fb90-ab4d-4774-a7e6-cf8252597361,eaf75b03-369e-4f19-9773-1a8ed15cec34,2025-08-06T10:09:51.800164Z,0.17,3
9bca55ed-ed3e-4b44-8a05-a77ae3bb2e07,,ad12e7c2-4ad0-48c6-a480-dd0d8123aafa,cf9874d1-705f-46b6-b3e9-cbe1e58e3847,2025-11-17T02:30:57.800186Z,0.04,4
9f41c2df-003d-402b-aab4-14c975e2d2d8,,d9b4f610-fe40-494c-9235-862e02510bc1,c3163de1-b9cd-44a7-93e9-588433a1e23f,2025-07-20T13:38:30.800210Z,0.2,1
39822615-30b2-4e4f-aea7-37fb68c83a44,,e044876f-cf6b-4939-9469-7686225d092a,12e3fbe3-5387-41d3-b055-ed6b543f5f0f,2026-01-03T16:26:52.800229Z,0.04,3
2d128089-d367-4cd1-b5ad-e30bc5f94b2f,,db67f681-38ce-4269-830c-56b9a6ea93cc,80a4d750-7c17-4c78-b91c-5b63cd80c7eb,2025-10-08T13:06:22.800262Z,0.28,1
16b7bd0e-fc15-4c2a-814c-7193545a4895,,ccd1049d-88d3-4eac-a46b-cb8db55e8c28,39e9c2c9-901f-499e-8c46-57804a2f9255,2025-11-13T22:03:55.800307Z,0.13,5
08d890aa-e272-4f42-9f72-e24be9670709,faf6ac1d-0c14-46c5-8f40-6042d353a0c4,,4560ad24-ab8b-4c2a-9a93-593950d0c317,2025-09-08T14:05:38.800336Z,0.01,2
4547aa48-578c-44c4-a20c-fa80123d645c,6733c67e-27e3-4470-b212-033cdbebfc91,,321f6360-972d-4a3a-85c7-8758739a5af4,2025-06-26T21:57:12.800409Z,0.04,5
a65268d9-d44e-4dfb-a2fa-d816f121dec9,,7e8dfda3-d25b-464f-8c2e-74cf6aafe59f,6b43d3b7-aca8-4905-9318-b1c3fbed419e,2026-01-18T13:19:46.800432Z,0.28,4
2ef0b2fd-e636-4dda-88b6-38021b27a5e1,393e8242-9d2a-4f22-904c-c851b62d9ff5,,e17a19cd-8381-40b6-8771-702f3a282e0c,2025-08-26T22:43:09.800501Z,0.05,4
811336d7-4d56-466d-8aac-0f09b2bb65be,,ccfb5f8a-11b5-44f7-b3b7-62fdbbfd336a,7f6a74aa-f09a-4f60-a39c-a0c68ccf7ddb,2025-11-01T08:06:25.800518Z,0.05,4
7452fd01-95e8-41fd-a271-17192678fea2,,c81f7ee0-6c9c-45dd-b5be-6b9fd9b18fee,22a51531-4be1-45dc-9e5d-2c9c0df0de82,2025-08-07T20:03:23.800535Z,0.28,1
d5f83a30-9b2c-4947-90d0-227b98f5bc78,aba7749d-e726-4e61-bd1d-315a01fee8bd,,1cac4b7d-9687-4005-8aba-406a7a82bb35,2026-02-07T14:44:32.800581Z,0.28,4
ff0201f5-8b06-45d5-9572-48250cfae4af,5c0e4a4c-94c5-4d17-8c5e-6b14ac5fa19e,,6f6d558c-4b40-4c66-a4e6-e46524190ebc,2025-12-01T23:49:47.800598Z,0.18,4
4b04c4b8-c9c7-4309-99a5-c64f3afc8f57,53085b4b-a2df-449a-95d7-1bddc6a0b1a0,,ea11794b-9211-4543-87ff-999e6bd73cef,2026-04-13T12:14:10.800615Z,0.12,2
e9387c3a-c360-4d26-b7f5-a45920b7a8ea,462f73b1-9c2d-4365-a6cc-d8749f314bee,,02310335-8d93-4be9-af7d-55de45097af6,2026-03-24T04:08:03.800657Z,0.07,5
50695195-9625-4e32-9a5e-089565a38cf0,ef599fab-e22b-4153-9214-cacf5a81b0da,,4249ce6f-0248-4265-950f-9f03188f5497,2026-02-27T05:50:00.800750Z,0.08,3
996192c4-8a4a-4c6a-88a2-50c0e25a2023,4d5f2ae4-e818-4357-9aef-dcd67614186e,,1cac4b7d-9687-4005-8aba-406a7a82bb35,2026-04-22T20:38:01.800784Z,0.06,4
b5b35a17-b1d2-4a01-8236-998bfd8d2220,16346993-23ec-449d-8f4b-c7d0d31cf7ba,,145417d2-0475-455c-bfdb-23ddc2020330,2025-07-16T21:06:26.800846Z,0.25,5
e68d816b-34ca-4116-b18b-1a66dfc8f60b,11d8f766-b28f-4ce7-9f0c-00704445ed5d,,eae4837f-4e9f-40fb-a287-f3ea4195f02e,2025-09-13T22:36:46.800878Z,0.02,3
ff1ff6e2-a635-4085-801f-72b325fe9b7f,,17b73225-96f4-49e3-ad41-728a4cc6d91e,a7af19b9-f0fe-40b8-9d1a-c7fcda914ea2,2025-09-18T23:41:34.800977Z,0.12,1
27a0a387-fd11-4e59-b313-c4f36269ffa4,,81a8f490-fab2-4a37-b65e-00f81592a010,80a4d750-7c17-4c78-b91c-5b63cd80c7eb,2025-08-11T20:00:08.800994Z,0.08,3
0653e285-24e4-430d-ab92-957aca1c72bf,bc8b90b5-216f-40b4-9d6c-704d1a65a06e,,4dbf9778-98c0-4446-9ec8-916ba556fdad,2025-08-24T16:22:04.801023Z,0.05,4
18283eed-299e-4454-8c4b-9c45a217b655,a7d4c10e-240a-4b3b-829e-98232e58afaa,,ea11794b-9211-4543-87ff-999e6bd73cef,2026-04-25T04:58:59.801052Z,0.16,1
ca362ae2-2e54-4081-965f-51b7365f520e,e198e982-441e-4186-b2a7-6509354bc0f2,,24a56de7-f7f9-4a74-84ac-6ee7f5d63eeb,2026-05-16T06:11:41.801150Z,0.14,2
86a71fcd-6d2c-4c26-b30d-2b956dbc304f,,85671031-389b-47d7-bcc7-bf2356b9ba48,28c08598-0919-4ad4-a544-1e20d0d0dc44,2026-04-11T08:56:08.801201Z,0.16,4
10c87b25-8cab-4086-8f50-1966cf799192,,358eb3fc-efe3-4316-adf3-7b0f3287b06f,145417d2-0475-455c-bfdb-23ddc2020330,2026-03-14T00:59:23.801258Z,0.16,5
13ccea69-a209-42d5-b3e4-febf11c1c252,,be068e30-ed21-4798-9c59-38cc5401ea29,3eb8e419-ccc6-4064-8260-5b43602f9983,2026-03-19T01:52:49.801275Z,0.2,3
bdd56ff5-e991-4487-a3cc-cc87253e3d78,74a7b483-dbb3-44ba-99b3-d77e3d1630eb,,c0dc7454-44d3-4bda-817b-d31875e44201,2026-05-30T20:51:03.801427Z,0.19,1
e2080f40-376b-4e8a-b3f3-c14a881db293,70de7a55-61f7-4dc3-a849-259b83d39e6f,,1e19d020-8de6-4885-b1d8-2b9aff3f3d33,2025-11-26T10:06:47.801490Z,0.19,1
a3ea88f7-adcb-43de-ae61-81aa11ab021e,aae79a82-52c7-4399-85cc-128ffadfd06c,,12e3fbe3-5387-41d3-b055-ed6b543f5f0f,2025-12-31T04:22:02.801535Z,0.1,1
f928ae67-9be5-456d-a7a6-e7ea21057e9f,f67dbfa0-ba5f-459d-a062-6f1f31dec761,,4f829757-7e33-48b8-9950-69136f62b668,2026-05-31T02:11:21.801569Z,0.01,4
4e7dfa18-b102-4958-87de-f0bcce871c6f,780ff89b-58ca-46f6-9018-36030c7a6627,,77016229-03e7-4ace-860b-79ee16b3f42b,2025-08-07T08:55:36.801633Z,0.15,5
886a7945-e46b-455b-bf04-28614bfd2125,,0a2c6a43-574a-422a-b86b-e5a7dda5b38d,c3163de1-b9cd-44a7-93e9-588433a1e23f,2025-06-22T06:57:55.801690Z,0.16,4
148be732-caa9-44d1-904e-41973a7fd147,,681b278c-ffa8-4fdf-84c0-f94161b5402b,eae4837f-4e9f-40fb-a287-f3ea4195f02e,2026-02-13T02:15:25.801719Z,0.2,2
454e51b8-4136-42e0-ba65-83a6acb26431,,90fbdef1-fa5f-4835-9393-a50197802dfc,54c76350-7f69-4f75-b451-d79351462bca,2025-10-18T16:37:54.801760Z,0.25,3
8c1985d6-a127-43b0-bb4a-94416c92ac49,,f1503e5d-15a0-4118-be66-e72966ccaa1d,4249ce6f-0248-4265-950f-9f03188f5497,2026-05-07T22:55:56.801817Z,0.14,4
424a0313-8189-45dd-91fd-5642fbcee4d4,ef9cd077-1222-4ebb-8809-c0d061d6e69f,,17d8280d-5414-49df-ac1c-db72a02c6e18,2025-12-31T03:00:14.801845Z,0.16,5
f10033ef-49b6-4b76-9e4b-765608979753,f3f315cb-871b-4430-9ac9-910b63aed0cb,,e17a19cd-8381-40b6-8771-702f3a282e0c,2026-03-11T04:48:58.801868Z,0.07,3
78656019-0c59-4bc9-a779-518533431329,,8c92600e-fd05-43c1-bf64-0de0684e6432,6f6d558c-4b40-4c66-a4e6-e46524190ebc,2025-07-18T23:38:05.801885Z,0.27,1
d52955e9-41a2-434a-9198-24fd4d6e85b8,1f425b5c-fe86-45a1-8c54-8ca2fb90d3f2,,a2aa5c5f-237b-4acf-bd4d-896ec1b7d815,2026-05-25T07:46:01.802091Z,0.27,5
4ca7de15-1ab4-4a48-8acd-2fd5eadcdabb,5cc64a2c-a457-4d5b-a9f8-7fd951f48fa5,,24a56de7-f7f9-4a74-84ac-6ee7f5d63eeb,2025-10-19T13:37:43.802189Z,0.09,5
2c5b4d5b-e639-4b8e-a129-13bf94b2efa1,258c4c98-be7c-4316-8dc3-6780c33f7ed2,,cf9874d1-705f-46b6-b3e9-cbe1e58e3847,2026-04-03T07:21:54.802227Z,0.04,1
6fa1d262-a03b-4b78-be30-fc229ed3efbc,,f24e1aaf-494e-4226-9714-ee168453c05f,96164111-3295-4ecd-9696-77c13aa1e9c6,2026-06-17T16:51:19.802301Z,0.09,4
e485f748-e38d-4961-83d6-0c1a55ae4a1b,fa758a21-f806-45a8-88df-4b03b0e7acb4,,464065f2-15f0-4a2e-b25d-516dfff9dcca,2025-08-21T15:27:03.802318Z,0.05,4
6317efc2-8261-47ca-889c-b210e2aa548d,27cc181c-2196-4226-bb41-96405f7b58ad,,34b6ae28-67da-41cb-83b1-c97b33dfdb64,2025-10-21T11:39:38.802335Z,0.3,1
1b771a6f-8bb3-48ca-8d43-9ad5e25d580f,32790fb2-51fc-4e80-89a0-49842a98d5f4,,1638242a-9e18-4c5a-8ba7-dcb01ef7c6b0,2025-11-14T20:50:05.802358Z,0.05,2
a994594c-fee4-44cc-8f41-339bd0f5332c,183d2d98-7770-4f3b-a983-60dccae03ca5,,4dbf9778-98c0-4446-9ec8-916ba556fdad,2026-01-01T08:29:23.802468Z,0.14,5
b7826a0c-f2ac-4c03-a8bb-91feadb12987,bc8b90b5-216f-40b4-9d6c-704d1a65a06e,,a85314f2-4706-4d04-af9d-12e821756358,2026-04-05T16:33:30.802490Z,0.14,2
935685df-4520-42f4-9ef0-90661c76f5ce,5c317db8-eada-4482-8e89-ba5590a15d7d,,f08ab47d-3ff6-49f4-ad4c-b00fe9042589,2025-12-06T15:32:18.802547Z,0.24,3
a18d3f07-3b98-4436-ba03-99c4e0cecc0b,7c597f42-1483-4cc3-958b-ca273841ee1d,,8245b2fb-a8af-474b-8d23-4304a5e9a19f,2025-12-14T22:25:34.802589Z,0.17,3
1ba3bd5e-a4f5-4c83-bb3e-d3f8988b2f7f,,2ac5c546-8128-4fd0-bba2-a35e1d9f00a8,27366ea9-7d9d-40ad-ab66-17f827a45e78,2025-07-11T09:14:31.802606Z,0.26,5
ff3a2e09-6c56-4cf0-95fa-1823f13c1f33,,8e548f3d-7daa-4d90-bbca-c3cca8f21500,bdfcdbcc-7d63-4ecb-9a8f-8ae73ee085fb,2025-08-22T22:37:16.802623Z,0.2,3
9b1f52d5-bf0d-414c-9ad1-b37e29591986,94c2eb26-5544-46e3-81c9-7c10ba8d378d,,f980ab87-d699-456c-a96a-e362bfd00c92,2025-11-25T04:15:58.802640Z,0.03,4
4c51f008-9a78-41c3-a470-779e6c93b340,,9cc63c46-4bec-49e1-9b92-d36a23bb9125,4560ad24-ab8b-4c2a-9a93-593950d0c317,2025-07-01T23:18:30.802669Z,0.15,3
7cf1d404-53cb-4925-9328-eee4471d6015,419dcecd-203f-4ded-8c96-1e9e717204a8,,59d6d6c9-1940-4e0a-a3ed-ca04666e89b9,2026-03-11T18:28:40.802708Z,0.17,3
616b7807-28c6-409b-aa12-1791952d22c1,,3171c383-329b-405b-bc20-8199e9d36b2a,1638242a-9e18-4c5a-8ba7-dcb01ef7c6b0,2026-01-25T01:56:14.802750Z,0.15,4
45a10b74-2f64-4b83-90a5-e18ff3068c7c,9db95041-3fde-4c77-a277-b9dd057f8869,,a85314f2-4706-4d04-af9d-12e821756358,2025-09-08T09:55:14.802789Z,0.14,5
fb56b585-ac3d-40b5-8142-ec89b1b2dc80,,4f66f451-916f-43ef-b2ad-5fbfd32615e1,1cac4b7d-9687-4005-8aba-406a7a82bb35,2026-04-05T02:37:21.802898Z,0.02,3
5529bbf5-557f-4f2a-a158-2df59460013b,02df37e7-d9a7-4261-89cf-e625ac86587b,,95176c1b-f8b5-4499-af67-49f7732c6c68,2025-11-05T08:05:10.802943Z,0.06,5
a622b063-b7a2-45a1-8a4b-3199a470ea62,,03cb81a2-7ab7-40e9-9e3d-550a8193ae5f,f08ab47d-3ff6-49f4-ad4c-b00fe9042589,2025-06-30T12:13:34.802967Z,0.19,4
6768e4e8-e77e-43f5-9525-b475245184eb,461d8dd5-69e0-4291-8d01-6c96ff5d5b98,,d98ac824-b1cb-493c-b4dc-fa735d579080,2026-04-08T18:33:44.802984Z,0.22,4
8a8cf357-cd8b-42f2-ab38-cd2f54f7bf83,9645001f-849d-4a94-ace1-bf5bff8ff829,,ad5fcac7-aeb1-477e-b4a7-962a3e8bd739,2025-08-20T20:57:24.803037Z,0.05,1
ff7d50dc-68d8-48e3-85cf-54bf1d309eb7,,03eb40c5-1f77-49dd-a376-b6098f862e1b,22e8fa38-2c1b-4639-8e7d-d245269424b7,2026-01-10T01:58:52.803066Z,0.18,3
b970c132-e4bc-4b50-a1bd-946d5d8a0f62,ddcb32d8-f1c7-4e3f-8abb-0bf2f80c3624,,2e4f561e-34fc-4f84-969f-fafa2cfe8587,2025-08-21T18:09:56.803117Z,0.19,3
07b2195f-5725-4845-9665-4cedf613f389,2444ce78-0654-4804-8a6b-886935b44474,,a81b33a7-ba53-452c-8801-04aabe7f038f,2025-08-14T00:04:14.803135Z,0.06,2
e228a816-60d6-47cd-a382-256d8d75a3b1,5cc64a2c-a457-4d5b-a9f8-7fd951f48fa5,,bb3acd74-a761-49bd-b7bc-fbf35502e696,2026-03-05T08:46:47.803152Z,0.28,3
eb89db79-8826-4790-b81b-c83ceaf01137,03f08c66-cc70-44dc-a662-3ac42bcc9c72,,3198b1d3-c10a-433e-946a-be88a2f22060,2025-09-15T20:13:05.803186Z,0.09,5
9f571a65-4ddd-4374-8695-bb937a401ee2,de4af6c9-7f7e-4b11-a7cc-02b4e2518048,,34b6ae28-67da-41cb-83b1-c97b33dfdb64,2025-10-31T17:05:57.803316Z,0.15,5
31211adc-9980-40d0-8311-9d547b1e755e,,864cb356-a765-4c1c-abd8-909d473e1d1e,4560ad24-ab8b-4c2a-9a93-593950d0c317,2025-10-08T22:33:44.803386Z,0.07,4
7cafbbd2-71b2-46a6-88e6-faec8f3ef2f0,9438779f-1292-4d84-b39f-fc1e728535f6,,6f6d558c-4b40-4c66-a4e6-e46524190ebc,2026-05-17T07:06:13.803438Z,0.21,5
7501dcf5-4a63-41e5-b4f6-020d21640ded,eb6c7f47-465d-48a1-af4c-03c78e322f9c,,02310335-8d93-4be9-af7d-55de45097af6,2025-07-22T15:22:02.803472Z,0.19,4
e66aa989-537e-4d25-89f4-636617941701,,ddaa98f7-5cd4-4f49-949e-dbabe3b98789,372ded30-38b9-4299-bf0d-124cb3f95d09,2026-01-28T13:24:49.803489Z,0.12,5
eba60296-8d00-4483-b3d5-815b410ded25,284521e2-1408-4fa0-9578-492efc8edfe3,,58b8f572-3bba-4143-9f32-b6fbe9afedb9,2026-05-22T16:46:42.803511Z,0.04,4
70c693d7-a2c4-48b0-b4c6-bb8654596bd7,ea901c19-c2b8-4d83-a4ab-c601e53eea75,,eaf75b03-369e-4f19-9773-1a8ed15cec34,2025-11-03T03:38:17.803546Z,0.25,2
fa7210d4-6d05-434f-a137-d50f81cdde45,825bb01c-5869-456e-b77f-eba89ebc2312,,2e4f561e-34fc-4f84-969f-fafa2cfe8587,2026-05-28T17:56:37.803632Z,0.2,4
19751b17-0b5a-4f75-9448-9a78b7bb7734,,9ffc6e81-2129-46bd-8793-d88bdd3bb439,02310335-8d93-4be9-af7d-55de45097af6,2026-05-02T20:19:20.803650Z,0.26,1
650467ce-2d2e-4633-a386-13f803dc6ddd,494cb9fe-5864-4f3f-b573-d75fc31ba28c,,c6fa1138-4ec2-4637-9504-2749bc13e06f,2025-09-03T02:06:02.803729Z,0.06,5
a09fecde-5857-4bdb-b8c1-19014c315597,2dbec69d-c150-49ba-abf5-8a6c195ddc31,,ad3fe337-ec17-4244-8e4e-9f2e174215e4,2026-06-06T16:58:41.803752Z,0.07,1
aac546b6-252d-4716-8080-caab3f898532,,fcb45721-4a88-4260-a397-8c73c31a2b6f,250b4af0-e307-4429-bc29-3797dfce07ad,2026-05-08T17:16:16.803787Z,0.11,2
25956850-963e-434b-b150-a6e68c219e94,4f82579a-270a-4e62-9755-662aa16d3159,,a81b33a7-ba53-452c-8801-04aabe7f038f,2025-09-08T01:34:44.803804Z,0.05,5
26fa3bf3-c028-4ad2-accc-5ced07db43cb,,d6047fd8-ed8b-415e-bd8c-840b21be1c58,9183c4c5-47db-4e6d-af05-9eafe1f586a0,2025-11-22T10:36:45.803832Z,0.03,3
45b92b2b-bb8a-48fb-ac92-62ee2ba6a0c6,2020cf92-33bc-461a-bc2c-dcf46acc0da8,,ad3fe337-ec17-4244-8e4e-9f2e174215e4,2026-01-12T12:19:18.803855Z,0.26,5
8fa5bfb9-2e57-4ad5-9209-a9e1ee06270a,db710c0d-073f-4533-a992-2147c6c05480,,8998e993-9ba7-4ede-965c-cee7af7a4457,2026-01-03T08:44:09.803924Z,0.07,1
3add17c2-f2b8-417b-920d-d5f5e9860595,,8bbacba4-ba38-4825-aa6b-ea979d2fc04f,2e4f561e-34fc-4f84-969f-fafa2cfe8587,2026-04-08T21:29:28.804079Z,0.16,4
7161d89e-7968-47d6-8f35-de04de884837,,e604edb6-eba4-4a52-9729-15a90ff012cf,2e4f561e-34fc-4f84-969f-fafa2cfe8587,2026-05-07T17:32:42.804137Z,0.14,3
c35d42c8-0ab9-40de-9e86-7684345d49f4,,0600e569-0042-41ad-a25c-5e52fff3274f,dc65cf1c-922f-4f2a-be7d-7f596ab58867,2026-03-29T10:53:18.804176Z,0.19,1
c804ae3d-4dc1-48a6-ab97-9cff56fe601c,,17fcb2f4-c2b5-4467-9117-3c05457e353b,250b4af0-e307-4429-bc29-3797dfce07ad,2025-09-12T10:54:24.804200Z,0.29,5
9f1269c6-fb10-4a0b-9dc6-c386802dc364,,9cc63c46-4bec-49e1-9b92-d36a23bb9125,cf925fde-e447-40d6-8073-e23c6f551820,2025-08-23T10:11:25.804217Z,0.12,3
3b6a1cbc-bd56-4003-a7b3-f8c999981799,,17b25095-bc5c-4e6a-8650-c5c317398768,77016229-03e7-4ace-860b-79ee16b3f42b,2026-04-17T14:09:20.804331Z,0.22,5
07163b23-5117-49c3-a8e1-66035934a9de,,8879691a-a4d0-49b6-9466-7138ee539d94,bdfcdbcc-7d63-4ecb-9a8f-8ae73ee085fb,2026-05-08T20:43:05.804405Z,0.03,5
e8b9e372-9070-4cce-a71b-5959ebb5aa7b,7c0bba81-fc80-4e18-ac26-123b81363c49,,3b0e25b0-04f3-4476-891e-18d67e3329ed,2026-06-06T08:54:23.804427Z,0.1,3
715d6e6b-addb-4492-ac01-7294238844ff,b4ae784b-3905-4589-8158-4c344b0cb907,,22a51531-4be1-45dc-9e5d-2c9c0df0de82,2025-10-23T08:51:24.804490Z,0.04,2
85d44174-5595-4dce-b06a-850d50cc3166,042102a1-7598-4ea5-a80c-28a54e7b5715,,174b1816-01c1-46c2-8a46-6e6ad57e5965,2026-01-25T00:26:50.804654Z,0.09,4
088f7c1a-26af-451a-8b2b-8aedf387db0e,,ee03354f-c8be-40b0-a917-6e5d7cf47d5c,ffb35e8a-7d50-4fb3-b500-d6e2b0d928a7,2025-07-27T12:42:50.804729Z,0.0,4
bc8a92e0-ec72-49ce-b35f-f32d0a19e854,839bcda0-bab9-4237-9419-c8ee1adeac90,,805d0c82-7625-40a2-ac29-8f766fc3f6ff,2025-12-02T00:15:40.804746Z,0.25,4
d2f29c02-843f-40c0-99d0-d8b715585af8,9db95041-3fde-4c77-a277-b9dd057f8869,,464065f2-15f0-4a2e-b25d-516dfff9dcca,2026-01-11T23:58:30.804775Z,0.02,2
de1a0f6e-e4c5-45e3-a648-7508ea0fdafb,,47a94c2a-298c-45f0-bdb5-0a509a1a41a4,e5990352-abf4-4954-bbe9-48ef19db84b7,2026-01-17T16:51:31.804886Z,0.04,2
ebf261df-5f7e-4c3d-9282-3e77ca98f82d,9922e5c2-3b8b-45f2-a78d-2bc1e56e7ad6,,4dbf9778-98c0-4446-9ec8-916ba556fdad,2026-05-17T20:29:05.804937Z,0.03,5
797059a2-1d6d-4695-801e-b5624d9df52f,81213520-07aa-4c23-b65a-1570a1c8c2d3,,54c76350-7f69-4f75-b451-d79351462bca,2026-04-28T15:19:00.804982Z,0.07,5
b0c9b30f-c7a9-48dc-876f-bc6b078f5f03,,d5704dc4-6b1d-4190-b830-00dc83613d1e,77016229-03e7-4ace-860b-79ee16b3f42b,2026-06-11T04:45:27.805076Z,0.03,1
48eddc6c-a52b-4b30-a5bb-625cb5de6c71,,c371627c-a012-4c57-83bf-241593de9965,95176c1b-f8b5-4499-af67-49f7732c6c68,2025-07-31T00:05:16.805093Z,0.08,5
b50fd1e8-ae8e-4c69-8e24-0e5b28c9e49a,,80479124-c047-4b7e-8f7a-1a19cea8c68d,25370a5c-dc1e-4a10-bfdc-ad1bca8f7981,2025-09-14T15:14:19.805115Z,0.08,4
2242f090-3e9d-4034-bf8c-5e3e4161a95f,,79b6efd9-2a1c-402a-bda6-28c87f75aeac,6b43d3b7-aca8-4905-9318-b1c3fbed419e,2025-08-22T04:25:28.805185Z,0.03,4
f7a04bf2-aca8-4213-82f2-c4cfab2e1c52,530aa762-33a8-4dbf-a3ff-44ca36e0131b,,4dbf9778-98c0-4446-9ec8-916ba556fdad,2025-12-19T12:43:02.805247Z,0.21,3
c0a31def-1a5f-4c64-82bb-18931314a6c4,3b4b1183-dc97-499b-89d7-1cca99d8fb7a,,1e19d020-8de6-4885-b1d8-2b9aff3f3d33,2025-07-04T15:52:36.805288Z,0.01,2
9c535f7e-da93-4698-99c2-d0d8b7e4dde9,d0dcd297-956a-488a-84ad-f0c2b8bfac27,,321f6360-972d-4a3a-85c7-8758739a5af4,2025-07-08T14:12:30.805404Z,0.01,3
6be93b86-444d-4c58-965b-87684c9191cb,,4642015f-0ee8-4032-9405-6c649061f4c4,372ded30-38b9-4299-bf0d-124cb3f95d09,2026-02-24T02:28:48.805432Z,0.08,1
ee24483d-7f2a-47bb-8feb-01a4a04fc4e2,f9c74ef5-91bc-469b-8105-a085f2ad1fb8,,3eb8e419-ccc6-4064-8260-5b43602f9983,2025-09-15T18:43:51.805472Z,0.09,5
737d8ca1-0694-42b6-a900-1576a98771a9,,1bd38a41-0eab-4900-bb3a-be4532a866cd,f6f56971-131f-45a6-8e96-4504bb012c40,2026-03-02T23:01:38.805538Z,0.1,1
2baa8503-0a46-4afb-86b1-ca84b7964e3e,,a21b4296-3375-43ba-bfa0-79929a70738a,54c76350-7f69-4f75-b451-d79351462bca,2025-07-13T06:32:10.805557Z,0.16,2
06f1c791-8dfe-4d2c-97a2-77a2bada8395,,e007b1fb-51d9-47ae-a28e-c5a3ada32815,77016229-03e7-4ace-860b-79ee16b3f42b,2025-08-26T10:13:44.805581Z,0.3,3
3ee8f51d-9f2e-4e77-8c07-db4a2eee25b7,,a62bbc27-d358-4503-a8c9-2a489a92edef,6f6d558c-4b40-4c66-a4e6-e46524190ebc,2025-12-31T17:52:09.805639Z,0.03,3
91d01486-a42c-4ebb-bae3-668b1e2b27bd,974edd2c-30d3-4ac5-a7c8-9414caca96a4,,94ee9444-6941-48b4-b4dd-5e9bc164aefe,2025-07-06T22:20:22.805686Z,0.29,1
fa4af935-d112-491d-8e81-55ba921fb3d0,3d8ff089-8a4d-48c5-b3b2-a9c45afc4a3c,,63b5e370-7388-4536-8ed7-a21a4a41d06f,2025-10-27T03:46:34.805710Z,0.13,2
21a0041c-dec3-4aae-bb72-02845cd3dedf,,9820b1c5-d896-4bf8-983f-11fb56e0d65c,80a4d750-7c17-4c78-b91c-5b63cd80c7eb,2026-01-21T18:11:51.805733Z,0.03,1
3b0db981-610a-4d84-8aef-bc4dd050ccaa,2d9804c7-95c0-4fba-95b6-b77e839f2b6a,,cf925fde-e447-40d6-8073-e23c6f551820,2026-01-28T06:54:07.805761Z,0.07,4
502d1d1e-a061-4838-b04e-1dc2debee330,3564fa96-6625-4163-9923-5151b392d64b,,262281ca-9da1-4f48-bcc9-dac7c497ca85,2025-12-08T09:28:13.805803Z,0.0,2
3c1a8f64-b16f-44ce-a76d-a54f124507ac,0a76fafb-1dfa-4978-8caa-088eb7df3fa2,,8998e993-9ba7-4ede-965c-cee7af7a4457,2025-08-09T08:31:51.805825Z,0.14,2
c894f879-783a-4f37-92b4-f925bade3ec1,0bba498f-6dcc-4664-8190-31d80f9542f4,,ffb35e8a-7d50-4fb3-b500-d6e2b0d928a7,2025-12-17T00:10:04.805842Z,0.24,1
3a0b4c46-fcdc-4cc4-b5c5-25262fe64c52,,302e671d-6305-4f8a-957d-7e9a0c991e74,ad3fe337-ec17-4244-8e4e-9f2e174215e4,2026-05-17T10:19:20.805871Z,0.09,4
6d7ff221-a39a-4b28-89f2-df2517a01dd6,7f2fc0fa-7e88-46d9-9367-bea32902ae90,,17ef5cb2-dbbc-4423-a159-fe66957fb5c2,2025-09-15T19:14:23.805905Z,0.21,3
efcb825c-4f1b-47d7-a771-30b918fb726a,37c52c6a-bf4d-4fda-8e8d-8d74f697fb2c,,96164111-3295-4ecd-9696-77c13aa1e9c6,2025-07-14T23:02:52.805940Z,0.17,4
7095e40f-cf84-4007-8dc3-9794d811feb3,,1f862502-7b30-4975-a460-5838baa3fef5,96164111-3295-4ecd-9696-77c13aa1e9c6,2026-04-07T09:35:50.806001Z,0.14,5
d6f9eb95-6095-4047-ad65-3426f5504020,03c2229f-51c6-4ea1-86c2-73383ab89428,,cf925fde-e447-40d6-8073-e23c6f551820,2026-04-27T09:29:41.806031Z,0.15,3
f99518cf-997c-4e99-8163-326506025459,,e6952769-5790-4fdc-b70c-64495244c9f2,24a56de7-f7f9-4a74-84ac-6ee7f5d63eeb,2026-04-20T10:39:18.806072Z,0.18,1
fc04bb1b-5934-481e-a7f1-39c8e9f59942,,29f7aeca-4ae2-4609-9f4f-5db914d6c15a,95176c1b-f8b5-4499-af67-49f7732c6c68,2025-10-26T05:24:11.806101Z,0.04,1
176c81a0-ae44-4036-b71f-48fa8bb10cfb,8a835d35-1f35-419c-834b-35705197208f,,3b0e25b0-04f3-4476-891e-18d67e3329ed,2025-10-23T00:28:51.806141Z,0.16,5
e2e74b21-8a7b-4ab7-a3db-dba2fa57648b,,daf38d15-2cf7-4470-9ca5-d7a1066c60ee,ad3fe337-ec17-4244-8e4e-9f2e174215e4,2025-12-06T12:14:43.806182Z,0.09,3
d853e9f9-72e6-4f98-9137-218965553922,,17f9b24d-7675-4b44-8849-b7510875b7bd,321f6360-972d-4a3a-85c7-8758739a5af4,2026-03-01T07:49:43.806199Z,0.19,5
dfe6ccec-bf7c-4d15-a625-0217c7f11bfb,,67fbd868-2346-4274-9b99-9713c3fcf423,174b1816-01c1-46c2-8a46-6e6ad57e5965,2025-10-03T17:43:35.806218Z,0.11,5
9a8e32a8-d3ae-4f70-ac31-ff07ee90379d,b6d674f6-ec60-4c63-b066-7a1abfda2276,,eae4837f-4e9f-40fb-a287-f3ea4195f02e,2026-04-08T21:31:27.806271Z,0.25,1
caefe986-b35b-483f-b33b-fee84fae825a,d1cf4810-eeec-4674-835f-53914a8c2859,,37727a64-f037-49a9-bcf8-086215ecb7fd,2025-12-02T05:26:32.806288Z,0.23,3
38a2c2a8-08d7-4fde-b5a6-0452323372b3,,4e11d743-6ed8-4727-80dc-6db73d4526c5,c85fdb82-bfb8-466b-8587-2c4a96321250,2025-12-01T19:58:20.806351Z,0.28,5
25a57406-e3a6-4e0a-855e-e456cb5b45e2,,a849dbdf-6196-4eb0-85d3-142490c897ab,7f6a74aa-f09a-4f60-a39c-a0c68ccf7ddb,2025-11-15T19:38:45.806533Z,0.2,2
a8450ae5-ebfe-4ae9-bce7-20348aebbd05,f7651a82-e7fb-4ce3-a273-b0bb7853f529,,c6fa1138-4ec2-4637-9504-2749bc13e06f,2026-06-14T18:38:38.806590Z,0.05,1
282c23b5-1750-4c86-b1f4-860ea57fd83e,,17824ab2-7dc3-49e4-afb9-4e64793a0b3e,145417d2-0475-455c-bfdb-23ddc2020330,2025-09-03T19:44:46.806613Z,0.28,5
cd2e8b98-e522-4db7-80e2-1dfba3190763,718f45a3-0876-40bc-9e9b-c8f9c8d94e7a,,805d0c82-7625-40a2-ac29-8f766fc3f6ff,2025-11-28T16:47:50.806682Z,0.12,2
98f7cdc1-ae20-42a1-bf8f-cd5457b37768,961a1c17-3d19-446f-8ffc-596991feabde,,8dd60692-d201-4c50-a580-7850c1e95f00,2025-08-10T03:58:50.806699Z,0.03,4
73192cdb-d508-4633-be1d-2a2542f96e72,,75c8b324-19c6-434b-b9d6-c7ee276b87e3,23c26c56-4049-472b-850f-65f46207be56,2025-07-09T11:06:43.806728Z,0.0,2
316551aa-25da-4ef9-aaf8-9e5c8e3b13b2,,7774a05d-f299-4950-a419-31950bf08e19,4249ce6f-0248-4265-950f-9f03188f5497,2025-12-22T12:42:24.806745Z,0.07,5
83f860d8-981c-4636-9dbc-60f43fcb4c77,69f9feb8-477f-4572-b4be-8e1f91e52de0,,ad5fcac7-aeb1-477e-b4a7-962a3e8bd739,2026-04-23T21:00:29.806762Z,0.15,1
fc6af686-c6fc-4d92-8df1-7728b4ddb004,,e234a244-c3b9-48e9-b20c-06b87d47d20c,250b4af0-e307-4429-bc29-3797dfce07ad,2026-02-07T13:18:17.806781Z,0.11,2
190d92f2-b1c2-414d-8408-f5e5a4c764f7,,4b07ac97-a944-440c-812e-00f604dce6ae,eae4837f-4e9f-40fb-a287-f3ea4195f02e,2026-03-02T03:02:21.806809Z,0.24,5
e6a56251-0c7c-4ca0-a8f2-46e26fdf6c0d,,e73321d5-b468-46cd-b575-50541fbd276a,f980ab87-d699-456c-a96a-e362bfd00c92,2026-05-04T21:22:00.806895Z,0.03,1
711e3e2d-ecbe-4ce8-a03c-4f2b1c3fd1a8,5ae1f454-5ad6-4bbb-9ece-4d9266d4fae4,,bb3acd74-a761-49bd-b7bc-fbf35502e696,2025-09-25T13:32:40.806974Z,0.15,5
e3c23954-361f-4190-bf54-5ef43f05337e,39fcfcb7-7a61-4c8f-a325-fd614eb31fc3,,dc65cf1c-922f-4f2a-be7d-7f596ab58867,2025-09-05T07:57:43.807003Z,0.3,1
a8580550-4b8d-40a1-bfc9-31a6905c427f,e9d8031c-e926-486d-aa20-2cdbb0252049,,39e9c2c9-901f-499e-8c46-57804a2f9255,2025-07-08T06:00:40.807044Z,0.16,3
7e282e0d-2b69-420e-8d8e-f44f982c664f,,4c163dc3-db9c-4790-b42f-62d6f353c7ca,80a4d750-7c17-4c78-b91c-5b63cd80c7eb,2026-04-03T03:58:49.807112Z,0.26,5
7eed33c3-a649-4aa7-a571-d41aaeeee254,9c24f243-a19e-4357-b723-87e4060ba492,,c85fdb82-bfb8-466b-8587-2c4a96321250,2026-01-29T02:39:25.807129Z,0.03,4
c23118d8-bc66-43af-8134-91b9c2c0d538,,8c62eb2d-3ee2-4efc-b952-e319aa5c9778,51de8c93-7a17-4f51-ba8f-d0ac995c566a,2025-12-20T21:29:24.807147Z,0.18,3
7a4ed093-514b-4d41-827f-144f5652348d,ab66ca5d-04cf-47b3-9716-8a39a8619a98,,3198b1d3-c10a-433e-946a-be88a2f22060,2025-11-05T19:46:49.807176Z,0.13,5
16fac7ef-f364-4dd5-9127-d7a18146f87b,58c748e0-c1e8-4279-8eb2-b7af473589e2,,ec97e4e8-1dee-4099-85b0-85d167c59b15,2026-04-26T01:37:13.807228Z,0.07,2
796cd086-6dc9-42c6-99be-fece24b5dec4,bc2d7a33-bbbc-4c57-bc09-10e08146f5da,,1209a847-3e6d-4ef1-a2ac-448ae204babe,2025-11-25T14:22:11.807245Z,0.06,1
64cf5e29-c422-4ba4-8b81-c91d81d6a795,d734c01c-cbb4-48ff-a021-2a312d3c7046,,ec97e4e8-1dee-4099-85b0-85d167c59b15,2025-10-24T05:01:38.807268Z,0.28,1
f9821534-7ebd-4484-8e5d-43c0fe023c7b,667a4fd6-9941-4337-80ea-be563e6d75ff,,b4cf6a02-8d8f-4f2a-a7d2-b552fe2cffc6,2025-08-12T04:55:15.807428Z,0.26,4
3c5b7c8f-b25d-4004-844b-49459898a814,,98270779-bcfd-43b9-a93e-57214a0486ef,8ac69fa0-f2a2-4e7e-8d20-db1696a88a49,2026-03-24T02:31:46.807453Z,0.12,2
ee852be4-be7b-41b7-82d9-574ab74f7e70,d0b967e6-0fcc-4824-bef1-ec58206e3b50,,51de8c93-7a17-4f51-ba8f-d0ac995c566a,2025-09-21T05:55:36.807470Z,0.01,5
bee2548e-d97f-423a-8974-e5caa1632011,41a23ecd-369f-4a07-bd2c-bd9fe12a5377,,8ac69fa0-f2a2-4e7e-8d20-db1696a88a49,2025-10-21T05:55:08.807522Z,0.29,4
3001add4-d2a7-4d53-8d51-a1d348c61759,7512cdd5-a848-40c4-a737-e3ac33674912,,9183c4c5-47db-4e6d-af05-9eafe1f586a0,2025-12-31T12:04:17.807599Z,0.15,1
1af3205a-1be7-4ac4-b435-b56756159381,11e428d8-4b61-487a-a217-540a50451587,,f3339075-6de3-4983-84ef-c23595b30f1c,2025-07-25T03:37:07.807616Z,0.26,4
e6558c37-36c6-4f9d-ac27-58388d1e3746,,ecae58ce-0a3f-42af-9d5c-be86d34016bf,23c26c56-4049-472b-850f-65f46207be56,2026-02-17T21:34:25.807657Z,0.1,4
c88a5268-3368-4ff4-943a-119e8f308e3a,e4a5abab-3a30-411c-a2dd-9f3454034f16,,9183c4c5-47db-4e6d-af05-9eafe1f586a0,2025-11-24T17:54:55.807680Z,0.08,4
55408cd5-26c9-44b7-835e-762e7f3a0590,163c3567-4f1f-412e-b985-272c12c41792,,9183c4c5-47db-4e6d-af05-9eafe1f586a0,2025-08-15T00:53:23.807731Z,0.11,4
4cb61dd7-6743-44f5-817d-0f8b6c82fd51,,7bdd51f3-8f19-4194-b04f-28c0cade680b,1638242a-9e18-4c5a-8ba7-dcb01ef7c6b0,2026-02-01T03:45:52.807780Z,0.25,1
4cf2a8f4-88bf-4aaa-966e-09cd132cc1b4,581fd8a1-3a0c-4a31-8988-badcc80e5cd4,,a85314f2-4706-4d04-af9d-12e821756358,2025-11-30T02:06:52.807831Z,0.17,1
a8598bdb-d56b-4cc5-8bfe-31ac45c7cfc5,34e3713e-527b-4a61-bb6b-5cdd9a46816d,,4560ad24-ab8b-4c2a-9a93-593950d0c317,2025-07-02T03:48:59.807898Z,0.27,4
4976965b-82e7-49d2-8ff7-11e78af63946,128ede0b-9fd5-436b-91aa-d31b1c464021,,31a62e0b-956a-4338-9c88-02b3f7ede7b6,2025-07-05T04:46:46.807945Z,0.02,2
16044283-01a8-4aea-9ed7-a2cd1899304f,bec95648-c377-4fb4-ac7c-e3e8767df2c8,,4dbf9778-98c0-4446-9ec8-916ba556fdad,2026-01-13T00:53:34.808031Z,0.17,1
4895c823-ec49-4f0d-b2a0-5c177956eeee,f483e088-2c1d-4574-add1-03aa91bfb55b,,370920ed-3f8d-46f5-b78d-f4d5c426c5e2,2025-09-19T08:57:03.808052Z,0.26,3
57c6cbd5-249a-4690-9e68-ab2e3a1b6d84,,419cb1b2-cd34-491b-9d27-5ad6e0e5a08b,6f6d558c-4b40-4c66-a4e6-e46524190ebc,2026-02-22T06:29:23.808165Z,0.01,2
f9ea20ae-f518-4b73-bbb6-471c038530aa,53649cdb-e075-4685-adb7-15f15f8bba70,,3b0e25b0-04f3-4476-891e-18d67e3329ed,2026-03-26T09:53:16.808187Z,0.17,4
c39af51d-69eb-4b86-8fe4-b8fabf682666,,6b66c0f3-b196-4154-8e29-28ff117de29f,145417d2-0475-455c-bfdb-23ddc2020330,2025-12-01T05:05:11.808211Z,0.16,3
6419f019-0ea5-4806-87d3-3b557e295b48,a0056f36-e02b-4281-91c2-1d9501fb9645,,51de8c93-7a17-4f51-ba8f-d0ac995c566a,2025-06-29T05:50:53.808232Z,0.1,1
588942ba-ee5a-4af5-8e52-5a079b68bcaf,48c3b50c-eb8e-4708-a496-988f45e79034,,262281ca-9da1-4f48-bcc9-dac7c497ca85,2025-07-31T13:26:18.808249Z,0.27,2
6b24a367-514e-41d2-813e-4c1af8e31409,,c61889e1-acce-41c9-b990-9aa2b23494b5,6f6d558c-4b40-4c66-a4e6-e46524190ebc,2025-08-23T03:23:08.808313Z,0.0,4
1f27d42d-d538-4ad5-9bf9-b1f8df576bef,393e8242-9d2a-4f22-904c-c851b62d9ff5,,3198b1d3-c10a-433e-946a-be88a2f22060,2026-03-25T12:15:11.808361Z,0.22,2
a7e69f5a-b22b-4fc0-9b41-9e832543b554,ab66ca5d-04cf-47b3-9716-8a39a8619a98,,c3163de1-b9cd-44a7-93e9-588433a1e23f,2025-09-04T22:23:44.808447Z,0.22,4
8f741200-3316-4c72-915c-b5e9f79c0c78,,12b77d02-7078-487a-8a63-b6acfd81543c,4560ad24-ab8b-4c2a-9a93-593950d0c317,2026-06-04T16:26:28.808475Z,0.3,5
0e66c7bd-8f77-4571-85d5-33b23b5f2ca4,,0b5c2371-ca94-49f9-a5b8-ea5dcf93ae0e,94ee9444-6941-48b4-b4dd-5e9bc164aefe,2026-01-20T10:00:48.808494Z,0.1,1
93fc2eeb-4041-4a29-a422-a8c790ad3100,718f45a3-0876-40bc-9e9b-c8f9c8d94e7a,,eaf75b03-369e-4f19-9773-1a8ed15cec34,2026-05-21T10:26:05.808511Z,0.3,3
1cd6a449-b3a9-4e06-9040-be356874a518,,8cb84842-dfa3-4b51-923d-ae9514ff575b,6b85123c-b94f-4258-9142-0599eff0a787,2026-01-04T18:32:57.808598Z,0.19,1
974eb437-aece-428b-a41a-917ee23006ba,,f683002e-997c-42a3-ab6c-fa95e6c18492,805d0c82-7625-40a2-ac29-8f766fc3f6ff,2025-12-15T09:06:51.808626Z,0.06,3
854a33fe-a416-480a-9cb8-d85df93b1958,3564fa96-6625-4163-9923-5151b392d64b,,28c08598-0919-4ad4-a544-1e20d0d0dc44,2026-04-08T14:41:53.808655Z,0.29,4
8169cca6-1c48-4570-a1a6-f723efff6ddf,5e89ceb0-bd8a-405a-8f41-585ff513939a,,bb3acd74-a761-49bd-b7bc-fbf35502e696,2025-06-23T16:08:40.808672Z,0.02,2
77fdce0a-0e30-45d8-b601-a511a4cbb04d,db40b9cc-dfdf-4211-8db7-d4949c9eff7d,,37727a64-f037-49a9-bcf8-086215ecb7fd,2025-09-09T18:28:18.808690Z,0.07,4
6ff3eb4d-a8d4-4a76-83a6-80f4b05a591f,a2f6c856-ba56-4db7-8e64-9a40a6260e98,,bdfcdbcc-7d63-4ecb-9a8f-8ae73ee085fb,2025-11-05T13:41:30.808795Z,0.19,2
c14faef7-e48d-45f6-8a81-9ca006cfc9ce,f1e90caa-ff1f-4164-8403-aacb98494334,,24a56de7-f7f9-4a74-84ac-6ee7f5d63eeb,2026-01-21T19:09:24.808863Z,0.02,1
eb25dc4f-ee22-492f-9554-bbd825f4759c,357433fe-34fc-46a7-997b-0255019a71a7,,882325b0-d544-426c-b74e-9b64ff3ef4cc,2026-05-29T22:38:45.808914Z,0.13,4
0d24da26-79ce-4396-9aa0-f2ec5d741af1,,b9339263-57f6-4c0b-9c24-93770409fd1d,805d0c82-7625-40a2-ac29-8f766fc3f6ff,2025-10-09T16:38:52.808954Z,0.03,2
420f2844-1571-49c0-9ff8-468dcfa50872,294a2906-edce-4866-bd26-edd6c8155aa2,,34b6ae28-67da-41cb-83b1-c97b33dfdb64,2025-07-07T17:27:58.808994Z,0.26,4
6cdf80fb-3071-458b-9119-4bbcba7a594f,,a01bbd45-20ff-45c1-bea4-7ff0366c5684,02310335-8d93-4be9-af7d-55de45097af6,2026-04-24T10:40:03.809075Z,0.06,3
abae59fc-7b4b-474a-96e7-8e3e111eec9f,,302e671d-6305-4f8a-957d-7e9a0c991e74,f3339075-6de3-4983-84ef-c23595b30f1c,2026-05-30T03:46:45.809212Z,0.07,1
28e7826e-ffee-496e-b8b0-2de358dcad29,7d4ece89-fbaa-4a33-9ba9-ac8638c62fe2,,372ded30-38b9-4299-bf0d-124cb3f95d09,2026-02-01T22:32:18.809298Z,0.29,5
c41f9a00-fdb7-41b5-8e35-3d1626b30805,04f36282-fbff-4c18-b7e3-c386d0acdabf,,eaf75b03-369e-4f19-9773-1a8ed15cec34,2026-01-18T10:04:02.809333Z,0.01,4
4e1aa6f8-2734-4d09-bcc3-748789435394,98ec0111-44ae-4720-87e9-60480410691b,,34b6ae28-67da-41cb-83b1-c97b33dfdb64,2025-07-31T05:32:38.809350Z,0.14,4
51e93b6c-5597-43c0-8200-2ddcc3ec2e89,,fa77b231-0260-42d1-8739-ab5030fc10de,ea11794b-9211-4543-87ff-999e6bd73cef,2026-03-25T12:58:41.809454Z,0.08,2
3e38d294-2933-4c51-a4ed-9b615297e003,,5ce0a464-c070-4804-b25f-b53baeb2799b,63b5e370-7388-4536-8ed7-a21a4a41d06f,2026-02-15T18:35:47.809518Z,0.01,4
730be3e2-9a41-447b-9444-32f338bb02e6,,23011f4e-26ff-41d2-9e73-b62a14398c4f,22e8fa38-2c1b-4639-8e7d-d245269424b7,2026-03-25T21:12:53.809536Z,0.28,3
5a072991-406b-4e43-8653-b0175e320a1a,4700a73a-4de3-4612-9093-c2a0fb394c77,,95176c1b-f8b5-4499-af67-49f7732c6c68,2026-02-17T06:58:08.809552Z,0.12,4
c77b16b9-697c-4bc4-ba34-74f931e0449d,,af679752-83f0-4c8f-bd0d-10391bd321f8,a2aa5c5f-237b-4acf-bd4d-896ec1b7d815,2026-04-04T12:42:44.809576Z,0.17,5
05cea098-0af3-495f-b1d4-ae8aa65fb1d4,d71106b5-3273-4106-ac12-4eeaa74508a1,,99a57440-b846-4581-bc1a-44f38a214cf6,2025-10-22T02:02:07.809615Z,0.08,3
516602e3-f13b-4b29-8e85-23ae560d13e3,,e5c81c86-6043-42a8-bbfb-53db00f3b157,145417d2-0475-455c-bfdb-23ddc2020330,2025-11-20T00:38:58.809650Z,0.05,1
ac73d992-7038-497f-bb4b-00cb06f66800,db710c0d-073f-4533-a992-2147c6c05480,,c0dc7454-44d3-4bda-817b-d31875e44201,2025-08-06T08:06:57.809804Z,0.09,1
313242fe-12ec-43f8-affc-bccc6f071733,75c5b85d-2269-4d65-925e-6eabbdb489a4,,f3339075-6de3-4983-84ef-c23595b30f1c,2026-01-14T02:18:03.809856Z,0.08,2
82ac3a7f-2e09-4637-b102-0f2150eca7db,7d4ece89-fbaa-4a33-9ba9-ac8638c62fe2,,d98ac824-b1cb-493c-b4dc-fa735d579080,2025-07-07T16:39:23.809897Z,0.26,3
b8d3962f-90b1-43a2-8962-f7779d722b03,7b7bb4b9-c3f4-42b1-b1b7-c36758da9223,,0eea6ab9-a379-49ec-9c3a-9e38263db7f9,2025-12-17T08:31:18.809930Z,0.25,2
e58f0d9d-7b55-4649-a3bb-141ed3689ba4,d1cf4810-eeec-4674-835f-53914a8c2859,,02310335-8d93-4be9-af7d-55de45097af6,2025-10-25T15:40:14.810007Z,0.07,5
75e059ab-c943-4303-893d-333e828e5402,,7a9a3391-5b44-4ba1-9a99-b7635aa8cd59,5e2bc8e4-1797-4c5f-82a7-e5f343789acd,2026-03-03T11:12:54.810037Z,0.19,2
83555a5c-d6f4-41eb-bff8-53bf420f1a84,7eb690be-3bd5-488d-bcf3-f174b5971823,,f08ab47d-3ff6-49f4-ad4c-b00fe9042589,2026-03-20T09:56:58.810077Z,0.29,3
0ebd64b4-5277-4ab5-babf-4f2cbc1a93b3,,5645dc82-182a-4c7a-9409-d1da2f5170a7,f3339075-6de3-4983-84ef-c23595b30f1c,2026-04-25T00:01:02.810146Z,0.21,5
8f6554dc-d9dc-4a5c-9032-ba52bc5c8b0e,,cb117961-6cd1-450c-b80c-677a0e89d49c,262281ca-9da1-4f48-bcc9-dac7c497ca85,2026-05-09T01:11:07.810243Z,0.03,2
adaa652d-f619-4dc7-885a-53de68f3c01a,,7dbce325-f97d-4d7b-bf86-af85853d9e42,5e2bc8e4-1797-4c5f-82a7-e5f343789acd,2026-04-16T21:37:08.810271Z,0.16,1
69ed940e-5007-494a-8bb9-bc94cedae848,,3171c383-329b-405b-bc20-8199e9d36b2a,22a51531-4be1-45dc-9e5d-2c9c0df0de82,2025-12-20T23:17:41.810313Z,0.17,3
12943440-bfe5-4c84-8959-1f33e4629700,bc2d7a33-bbbc-4c57-bc09-10e08146f5da,,c0dc7454-44d3-4bda-817b-d31875e44201,2025-08-24T05:37:39.810353Z,0.06,5
12923f62-7587-4c35-9551-6681045c5b39,daaafc21-ddee-4be2-acc9-cb35709e0993,,54c76350-7f69-4f75-b451-d79351462bca,2026-06-13T20:14:28.810381Z,0.01,5
c4532ec5-1c96-4dd7-b481-7885a20726b8,0603da0c-982f-4154-9e47-2e31851e6029,,bdfcdbcc-7d63-4ecb-9a8f-8ae73ee085fb,2025-08-24T19:52:45.810475Z,0.15,2
e7509db3-e97d-431c-b3d6-de66cf7d552e,,ab2f93dc-af56-4a6f-bbe4-64cb1d4c9835,02310335-8d93-4be9-af7d-55de45097af6,2026-05-08T15:04:43.810538Z,0.3,5
7d32e3d3-e268-427d-98cd-4ff5d3aac2f8,ddcb32d8-f1c7-4e3f-8abb-0bf2f80c3624,,ffb35e8a-7d50-4fb3-b500-d6e2b0d928a7,2026-04-12T11:31:21.810578Z,0.09,3
fc764818-cdaa-4639-8f12-c24e5400ca0d,67df7533-da3b-47a5-b15d-2717f1105e80,,bb3acd74-a761-49bd-b7bc-fbf35502e696,2026-04-28T22:23:41.810595Z,0.25,1
5a6f9ef9-787a-44f9-8909-ed7b38bbe783,,4f98c5c6-07ba-486d-8757-7476558dff1d,9183c4c5-47db-4e6d-af05-9eafe1f586a0,2026-03-04T03:21:42.810683Z,0.2,4
b16b4e4e-b01f-4541-abb9-986b7963b2cb,d0ec78f1-6dde-48e6-adbf-4cd5fb215028,,a85314f2-4706-4d04-af9d-12e821756358,2025-11-29T22:22:03.810745Z,0.25,2
267a7de1-3ab5-4626-a975-123f69b69a7f,37941564-4b66-4bd7-8364-d9dbc497d4d1,,5e2bc8e4-1797-4c5f-82a7-e5f343789acd,2025-09-02T06:01:42.810796Z,0.25,3
a3ca51f1-858b-43da-9ba7-c6a9135d4078,fba3a7c6-235d-4db2-9c8e-0971c3e0b0b0,,0eea6ab9-a379-49ec-9c3a-9e38263db7f9,2026-03-12T10:47:55.810837Z,0.02,5
b9e691e3-f4ec-463d-83c9-890b58eba358,ef9cd077-1222-4ebb-8809-c0d061d6e69f,,cf925fde-e447-40d6-8073-e23c6f551820,2026-01-22T16:48:35.810948Z,0.29,3
6802338c-f0f5-4f2c-bd52-8a2aa80c532b,f8ebdd24-728e-4af2-b7a7-fd68dfdfff44,,12e3fbe3-5387-41d3-b055-ed6b543f5f0f,2025-11-18T18:02:51.810965Z,0.2,5
3a456581-0cb3-4298-9fe0-aad39fd95ec2,c69d5036-4969-4c18-9ee0-1b739e5235a6,,8245b2fb-a8af-474b-8d23-4304a5e9a19f,2025-08-18T03:12:11.810983Z,0.06,4
1786a25c-7f5e-4bec-bed1-480d64faaef6,c30a4269-6057-41b4-ab2e-e8ca5e0370ed,,54c76350-7f69-4f75-b451-d79351462bca,2025-06-22T18:36:31.811016Z,0.03,1
7abcd9e0-0ad4-41b3-bf3a-21aaa02ae23d,72bbd2c0-f9f3-40b5-b0e0-4ecee769bda8,,9234bb80-ceff-4626-9cc6-fc6f757ee0d6,2026-01-23T20:34:36.811039Z,0.27,1
c8566ca8-66b5-476e-b850-e489c2766e32,40cae0e9-cc22-45b7-83f8-5ca5013987c5,,ad5fcac7-aeb1-477e-b4a7-962a3e8bd739,2025-12-13T19:17:34.811085Z,0.04,5
b339b9ff-f0e3-498a-9f19-4d2c43b3d17a,49da153f-b4fe-4c8c-80bd-3929f8491250,,a2aa5c5f-237b-4acf-bd4d-896ec1b7d815,2025-08-25T07:13:42.811102Z,0.1,4
e73e7b9c-c775-4508-8325-384d4d7b9b92,,08d9c62a-70ad-4943-a77d-1afb27ed179d,9234bb80-ceff-4626-9cc6-fc6f757ee0d6,2026-06-14T14:48:27.811172Z,0.29,2
7106e5ec-a295-4c6c-bfc7-9730a6ef64d3,dd418441-35ed-4dda-b7dc-362b7db96c22,,4dbf9778-98c0-4446-9ec8-916ba556fdad,2025-11-15T15:22:07.811194Z,0.12,3
0150b927-4575-49e8-89bc-0a97608843da,,f683002e-997c-42a3-ab6c-fa95e6c18492,c9d3792c-59ed-4d20-b80d-de9e5af11e7c,2026-02-04T02:30:44.811223Z,0.06,5
03a279e0-0ce3-4fb5-b80b-e9dc4194e9fe,aba7749d-e726-4e61-bd1d-315a01fee8bd,,c0dc7454-44d3-4bda-817b-d31875e44201,2026-02-03T11:16:20.811263Z,0.28,3
969d8cba-8a1f-43cc-9288-6d28e1dab430,40cae0e9-cc22-45b7-83f8-5ca5013987c5,,94ee9444-6941-48b4-b4dd-5e9bc164aefe,2025-09-19T17:44:17.811282Z,0.14,1
d8d30d76-76c1-4874-981b-104cd053356c,fc734de3-f02e-44d9-b400-98a8f542d580,,ea11794b-9211-4543-87ff-999e6bd73cef,2025-08-16T06:08:48.811333Z,0.24,5
7846fc45-88c8-416f-8907-e16e0ad055fd,e2c19037-780e-403e-ae6e-b883146ae778,,19526f67-9ddf-4aab-b411-0bee51cec320,2026-04-23T20:33:07.811368Z,0.27,3
a731c839-2244-4c56-9726-9c13b0154281,,3171c383-329b-405b-bc20-8199e9d36b2a,14c50a07-309d-4aac-8004-a94d51e3ca87,2026-05-05T20:08:03.811407Z,0.3,4
8df6fe96-507d-4ea9-8009-7b7bb50601f6,,ead225b4-7083-4198-869f-2d18b0d6d2b4,17d8280d-5414-49df-ac1c-db72a02c6e18,2025-07-12T13:53:41.811449Z,0.12,5
71daf11b-0a4c-4f9e-a5c1-d64c0635acca,,8d817b8f-d767-48f3-b67c-03c47d1cd06e,ad3fe337-ec17-4244-8e4e-9f2e174215e4,2025-07-08T14:01:34.811489Z,0.17,1
afaa9170-5c88-42d3-93f2-f9b3b5de9d08,02df37e7-d9a7-4261-89cf-e625ac86587b,,a81b33a7-ba53-452c-8801-04aabe7f038f,2025-12-20T05:27:37.811511Z,0.27,5
c79d014a-189b-4a32-b1b9-098efe4d64d2,,e03efcbe-55bc-4ece-8307-e911ecb3a13b,12e3fbe3-5387-41d3-b055-ed6b543f5f0f,2025-08-01T18:01:47.811556Z,0.03,4
c61a815f-4b44-40d1-8d87-e763f506aeaa,,89406e66-ec4b-46ff-8f32-3f19892d333d,17d8280d-5414-49df-ac1c-db72a02c6e18,2026-05-21T08:29:36.811573Z,0.1,3
e2984265-32e2-48f6-a3df-afed45f51a79,9a83b095-473f-4a38-8302-b4f15b0be7da,,77016229-03e7-4ace-860b-79ee16b3f42b,2026-03-26T20:15:45.811602Z,0.14,1
18c95249-65c5-4928-b042-2c6ac49d2f54,,593ef0c7-5ad6-4f01-b15f-06f683fa4c3f,ad5fcac7-aeb1-477e-b4a7-962a3e8bd739,2026-05-29T15:41:44.811619Z,0.04,1
af2b2dd6-a402-458e-99ef-11ac4f81c6cb,,02231b5d-c08a-4039-a433-b8530ca9229f,eaf75b03-369e-4f19-9773-1a8ed15cec34,2026-04-21T12:17:45.811776Z,0.09,2
bad5f20e-c5e4-47a5-8a4c-7defa26ee364,cf4581a9-e1d2-4d79-881c-1e784839d621,,a2aa5c5f-237b-4acf-bd4d-896ec1b7d815,2026-04-12T22:37:27.811794Z,0.11,2
2e815179-31bb-4c47-bd72-8d0cfb061bc5,259bc331-0997-49af-9927-a44055d5cf85,,8ac69fa0-f2a2-4e7e-8d20-db1696a88a49,2026-04-06T23:26:27.811817Z,0.22,5
ac5e7431-8589-4537-a4a0-39207ede77fb,03c2229f-51c6-4ea1-86c2-73383ab89428,,eab47c6e-60d0-411e-ade2-82fc0a973fef,2025-06-23T12:40:25.811846Z,0.11,2
aab0cec5-ee46-425c-9aea-f0bd8f6a14e2,dd418441-35ed-4dda-b7dc-362b7db96c22,,58b8f572-3bba-4143-9f32-b6fbe9afedb9,2026-04-06T21:43:15.811875Z,0.19,3
d33dace1-60dd-4beb-a067-427ba72e6fea,b71d0401-7b0c-47ad-92f3-6e124731b75d,,31a62e0b-956a-4338-9c88-02b3f7ede7b6,2026-03-25T11:35:08.811920Z,0.23,2
81c07c89-7a1c-41e9-9d39-8bcad1028151,f1e90caa-ff1f-4164-8403-aacb98494334,,6cf1c788-97e2-4ecc-b9a3-f96831a30d8d,2026-06-09T12:05:25.811956Z,0.03,3
23bc5d24-a9fa-45d3-83a2-f715aa736f2f,,05b28226-702f-4aab-b2e1-8917245e8bb9,19526f67-9ddf-4aab-b411-0bee51cec320,2026-01-13T23:59:35.811973Z,0.16,4
8ca28979-7a86-4813-bdcb-0e7eb2a78953,b96bdf5b-da67-434d-ac3e-8ecb214365c6,,c9d3792c-59ed-4d20-b80d-de9e5af11e7c,2025-08-17T23:36:08.812049Z,0.22,2
ce3f89f6-14d9-474f-a425-6caad14f8be6,,535b2de4-d988-427d-a8ff-3d78ff53c141,250b4af0-e307-4429-bc29-3797dfce07ad,2026-05-26T22:39:58.812066Z,0.22,4
a9d846d0-090d-4432-af8f-d6bf0e385ac1,3d8ff089-8a4d-48c5-b3b2-a9c45afc4a3c,,22a51531-4be1-45dc-9e5d-2c9c0df0de82,2025-08-17T12:57:16.812084Z,0.05,1
65b3785c-3705-4964-b233-7ec22fc5d8af,fc62a22e-03ce-44e3-8328-fb87332f8a1f,,242a17b5-0a2b-4177-a01c-b2d07b8435df,2025-09-28T03:17:19.812162Z,0.25,2
2ca0fbc4-da8c-44a0-9dbd-d78f851351d9,e96b0330-2bf2-4221-8c83-a0321dc564fa,,4dbf9778-98c0-4446-9ec8-916ba556fdad,2025-08-27T15:54:05.812180Z,0.23,1
a5fccd56-8e46-46f9-809f-dd3f2adc04d7,f8ebdd24-728e-4af2-b7a7-fd68dfdfff44,,250b4af0-e307-4429-bc29-3797dfce07ad,2025-09-20T02:18:09.812226Z,0.08,3
c2c1d27b-2654-4573-a69a-01b2b65d737a,5029723c-a5c1-41c9-ad47-61b044552811,,242a17b5-0a2b-4177-a01c-b2d07b8435df,2025-07-11T22:03:40.812243Z,0.13,3
219d94d3-95e0-4fa4-ac39-bae000ad5e8a,,35acf1f9-6dab-4dfb-b076-3388ec439ca5,6b43d3b7-aca8-4905-9318-b1c3fbed419e,2025-08-18T00:17:18.812260Z,0.22,4
4f802f25-37cc-47e2-8cbf-d56ad8bda6b6,,56ee894c-e062-48e7-871e-9f52eec90772,17ef5cb2-dbbc-4423-a159-fe66957fb5c2,2026-06-12T22:24:37.812288Z,0.14,4
f88d7933-a6d0-43d8-81e9-6bc7c97ce53f,,a8afdd6b-866d-4842-8865-f37cccd89494,24a56de7-f7f9-4a74-84ac-6ee7f5d63eeb,2026-03-29T18:56:12.812305Z,0.11,5
96e4244f-74e7-481b-84a0-4d46cc48f219,,b3d755fb-d31d-4790-bb2a-003dae7243df,8ac69fa0-f2a2-4e7e-8d20-db1696a88a49,2025-10-28T08:18:44.812335Z,0.15,1
2184259a-5918-40ef-8ec4-ce02fceb631c,f67dbfa0-ba5f-459d-a062-6f1f31dec761,,4249ce6f-0248-4265-950f-9f03188f5497,2025-07-09T12:06:24.812376Z,0.04,5
fad871c9-2584-4b8a-8f9c-1d2031b38fa0,,dfb15082-3373-4d74-9a03-0579d1503d19,bb3acd74-a761-49bd-b7bc-fbf35502e696,2025-06-23T16:15:13.812413Z,0.02,5
9fa9be12-635f-46f3-ab96-a5eb67164b0f,,56813f37-f784-415a-9264-ab5321df0ea6,54c76350-7f69-4f75-b451-d79351462bca,2026-05-14T07:51:00.812442Z,0.09,4
6e9b9169-4edd-41c7-b52d-fb7320d99428,11e428d8-4b61-487a-a217-540a50451587,,c0dc7454-44d3-4bda-817b-d31875e44201,2026-05-31T04:08:30.812539Z,0.07,4
334ba53e-c258-433f-ab7d-6472bc851491,42debc32-6b5a-43ce-9ed8-e833104e5d9a,,af5481f4-1ba7-4d45-aaf7-51c47a71875c,2025-06-25T11:40:52.812585Z,0.22,5
42a567dd-de73-451e-8f39-85d94dee7d40,d28797f1-8438-4636-babd-2af66742afde,,ea11794b-9211-4543-87ff-999e6bd73cef,2025-09-17T15:33:06.812602Z,0.21,2
2ba79f6f-b0db-426b-8abf-3fc03b96cefe,dc4c8ee0-f6ff-41dd-ab39-7eca941f23b2,,c9d3792c-59ed-4d20-b80d-de9e5af11e7c,2026-01-09T01:46:06.812686Z,0.19,2
2883de0d-5c55-428f-a3d6-4d27936838a8,3e8e9ea9-9dde-42f5-945c-e0b482a2c6b4,,ad5fcac7-aeb1-477e-b4a7-962a3e8bd739,2025-12-21T05:14:50.812726Z,0.06,3
cab73975-0091-4eca-a7db-28385b0e0ec3,6ae7eef2-2e62-49f1-a747-5f874ddc67ec,,24a56de7-f7f9-4a74-84ac-6ee7f5d63eeb,2025-09-26T21:43:19.812749Z,0.17,3
084fb29a-2012-4a84-85aa-481968412c42,a0779ab5-9b64-4317-b5c8-133b7c1d625e,,dc65cf1c-922f-4f2a-be7d-7f596ab58867,2025-12-21T22:44:22.812768Z,0.14,4
92f98410-f1b8-4747-91e0-d814a85ed918,4b74983a-e4f6-4f16-8f37-1d745682f311,,12e3fbe3-5387-41d3-b055-ed6b543f5f0f,2025-10-30T05:28:47.812798Z,0.07,3
883369f2-a93e-4d19-894a-45e5785b3df4,3a1140cc-92c8-4b55-9247-57e4e96b553b,,cf925fde-e447-40d6-8073-e23c6f551820,2026-04-01T02:58:41.812944Z,0.2,2
4ae393c2-bcd0-4d56-b80a-bc5e65c5d63b,,c61889e1-acce-41c9-b990-9aa2b23494b5,d98ac824-b1cb-493c-b4dc-fa735d579080,2026-06-18T00:52:19.812993Z,0.03,4
aabd8543-d96e-4896-8d6c-816d74c0efd9,,c377ae60-a9fd-4936-bcc8-c215d57339f9,23c26c56-4049-472b-850f-65f46207be56,2025-10-04T10:50:05.813033Z,0.19,5
543f4954-2579-41a0-a2a5-3b9d10031b52,df7aa237-7381-47be-a062-6fa5f8aa9f42,,4dbf9778-98c0-4446-9ec8-916ba556fdad,2026-04-08T02:14:20.813090Z,0.03,1
ced9906a-bbd5-4535-a84c-8e0647771b10,b8309d59-5dff-43ad-861c-05c59ffc736c,,19526f67-9ddf-4aab-b411-0bee51cec320,2026-01-07T04:07:55.813221Z,0.11,2
6c70e511-3897-4b4a-9eb3-9afc0218a765,b3b1e070-a7c2-4c04-83b3-8c13ba8ed013,,a7af19b9-f0fe-40b8-9d1a-c7fcda914ea2,2025-11-18T14:19:14.813274Z,0.0,2
a3c88ccd-7cff-4bd5-8915-8f915272419b,393e8242-9d2a-4f22-904c-c851b62d9ff5,,3198b1d3-c10a-433e-946a-be88a2f22060,2025-08-25T05:58:52.813314Z,0.28,5
8111d92d-200a-45ae-8bc0-a534d7ede99a,,e730c1e9-69cb-4212-98e9-181c3fa30599,77016229-03e7-4ace-860b-79ee16b3f42b,2026-04-08T21:03:21.813350Z,0.26,5
704bf4cd-ea8a-47aa-bd29-0b0abd9a9eb7,25132108-bb6d-46c2-87b3-c00023e596af,,e5990352-abf4-4954-bbe9-48ef19db84b7,2025-07-17T17:41:46.813395Z,0.02,1
72fa26e1-d7ca-46db-a80e-35de49a42d25,28705d80-8695-4f34-b62c-6b59ee55c1db,,d98ac824-b1cb-493c-b4dc-fa735d579080,2025-11-04T21:13:00.813424Z,0.11,3
98e20104-2f11-43e8-990a-a327a95b36ac,d4e85052-2f91-44f1-a8da-24efc3a6e3e0,,cf9874d1-705f-46b6-b3e9-cbe1e58e3847,2025-11-05T16:30:09.813458Z,0.06,5
d6904b77-1068-4bfe-ad61-989eb0edbebc,71c6e6d7-4017-4867-addd-e41f63141a8e,,0eea6ab9-a379-49ec-9c3a-9e38263db7f9,2025-06-26T18:52:56.813494Z,0.22,5
eaa84331-58b0-4772-95cf-50e3ccebe74b,584dce34-f543-4297-a4aa-0427585c5c9e,,805d0c82-7625-40a2-ac29-8f766fc3f6ff,2025-12-20T21:38:30.813592Z,0.05,2
d642ff33-72b9-4ded-9d93-9babce0beec7,336fe19f-6533-42e4-9889-9f123cfc4a1c,,372ded30-38b9-4299-bf0d-124cb3f95d09,2025-09-02T14:19:48.813609Z,0.15,1
15a7f1d6-def1-44d3-8fd0-b26a71cd5e9a,,8c875f73-2313-43c6-94ae-2441306e2586,8998e993-9ba7-4ede-965c-cee7af7a4457,2025-10-23T09:41:47.813645Z,0.26,3
2d9b0229-d01e-4802-893f-7f2a533f018b,3564fa96-6625-4163-9923-5151b392d64b,,882325b0-d544-426c-b74e-9b64ff3ef4cc,2025-08-05T07:55:51.813679Z,0.0,5
59f7d26a-4354-4ba9-8c9e-ce2ce5f06c99,,20e7ccb6-7d04-4469-90f7-6ebfbc7fbd4f,8dd60692-d201-4c50-a580-7850c1e95f00,2025-11-10T18:14:59.813696Z,0.21,4
e1b73fa5-1445-4bf4-b32a-fb777099de3e,,1f31bd01-f3e2-4c9d-9d43-1ed43fd5a5d9,6b43d3b7-aca8-4905-9318-b1c3fbed419e,2026-03-01T13:07:26.813759Z,0.19,4
7f8e91fa-03fc-4728-b5fb-375ef04ba1b4,b6e2a889-04f2-41cd-827d-1c8d679cd520,,4560ad24-ab8b-4c2a-9a93-593950d0c317,2025-09-12T03:15:20.813776Z,0.12,4
0ed410e5-89d0-4a31-9d5c-979f02e35bfc,09e7e9c9-083d-4a69-97de-18d21411c6c9,,eaf75b03-369e-4f19-9773-1a8ed15cec34,2026-03-26T21:05:44.813794Z,0.27,5
992516ca-718c-4373-9deb-0c0e399189d4,,9b0e6267-fe8d-4832-9544-8371362705ea,e17a19cd-8381-40b6-8771-702f3a282e0c,2025-10-25T07:13:08.813904Z,0.27,5
4dee59a8-321a-45f4-9839-2a1833369d2b,54352cc7-79ae-49ac-9bff-3462af44cf4d,,262281ca-9da1-4f48-bcc9-dac7c497ca85,2026-04-25T23:42:29.813943Z,0.28,1
b8f51d7e-76f3-4c29-8673-8ee1e6fabad3,ee6d6129-cdb8-4e94-a4d5-1d1717ff13ff,,a81b33a7-ba53-452c-8801-04aabe7f038f,2025-06-19T15:33:10.813961Z,0.29,1
b9564230-b87c-40e2-a58a-9d0e4642ef9f,db710c0d-073f-4533-a992-2147c6c05480,,4560ad24-ab8b-4c2a-9a93-593950d0c317,2025-10-07T15:29:02.813978Z,0.08,4
b33ad54a-bc67-42f7-9c7d-79def5527b3a,,2ac1cc4c-2ca5-4de2-b646-fc5d3ee98def,262281ca-9da1-4f48-bcc9-dac7c497ca85,2026-05-05T04:16:06.814008Z,0.12,1
7f00fa5b-1126-4d44-84cd-7e0c61e46dfa,,b190a4bb-ff47-46da-a88d-a8009c3f5d82,ffb35e8a-7d50-4fb3-b500-d6e2b0d928a7,2025-06-20T10:40:55.814054Z,0.26,3
f129439b-d258-47f9-bcde-4fd506419fa9,,3820c153-9d32-4b82-aa21-627fb13ad9c6,cf925fde-e447-40d6-8073-e23c6f551820,2025-08-09T19:37:03.814071Z,0.19,2
c611c689-c5a3-4995-a8ea-9afc4d12a677,f8ebdd24-728e-4af2-b7a7-fd68dfdfff44,,f0bc20ac-801d-4401-bafa-1a2d45fdf2fd,2026-04-08T20:41:16.814088Z,0.15,5
cfd44248-2094-41a7-86d4-1fba2a581d93,78eca5c9-9db6-42ff-9df0-bb05100863ce,,58b8f572-3bba-4143-9f32-b6fbe9afedb9,2025-11-17T20:43:57.814181Z,0.2,3
94c1aee1-7c2a-462c-8d5b-c195c4e5e3ff,fc62a22e-03ce-44e3-8328-fb87332f8a1f,,c9d3792c-59ed-4d20-b80d-de9e5af11e7c,2026-04-18T10:37:02.814198Z,0.18,4
2feb025d-0ff3-4c68-b3ac-851132d2efa1,3d8ff089-8a4d-48c5-b3b2-a9c45afc4a3c,,464065f2-15f0-4a2e-b25d-516dfff9dcca,2025-08-06T06:54:33.814258Z,0.0,2
92595658-3e9b-4526-b9c6-0bd4b5931020,,d2d70e47-723a-450a-bf88-1dfe97cf77b1,f980ab87-d699-456c-a96a-e362bfd00c92,2025-12-09T10:14:28.814286Z,0.1,5
b6ad16a5-81ee-4752-a659-b3005c415788,,8d817b8f-d767-48f3-b67c-03c47d1cd06e,a7af19b9-f0fe-40b8-9d1a-c7fcda914ea2,2025-09-16T21:23:27.814331Z,0.18,4
5cc14a16-010b-45b6-af84-3e90e7f58815,38879f0b-f090-4a85-affd-1fe633fbdf8f,,96164111-3295-4ecd-9696-77c13aa1e9c6,2026-01-22T08:08:49.814360Z,0.13,4
32c8433b-65b9-49a0-a6a5-cd2e50489223,0fbeb056-602c-46ba-a213-7ec10f840393,,8dd60692-d201-4c50-a580-7850c1e95f00,2025-10-02T18:13:10.814418Z,0.09,3
6f0ded48-5df0-4527-b1cd-92e2170f9db7,,5418ae0b-8473-4508-9067-de08a3027c8b,63b5e370-7388-4536-8ed7-a21a4a41d06f,2025-12-01T18:45:26.814446Z,0.19,4
b5911c05-942e-4615-a324-9bf149afe592,,a42a6031-a14e-4f12-8c71-c6d7d53fc586,eae4837f-4e9f-40fb-a287-f3ea4195f02e,2026-04-19T07:37:10.814509Z,0.28,4
13bf1bf2-df84-48e3-8c0a-37873a8a841e,16346993-23ec-449d-8f4b-c7d0d31cf7ba,,8ac69fa0-f2a2-4e7e-8d20-db1696a88a49,2025-08-15T04:43:10.814572Z,0.19,5
e3d1f9eb-b0e3-4d16-9672-01bd27dedb7e,ea7271ad-0371-4f1a-afc1-a8b5b1dc5f12,,9183c4c5-47db-4e6d-af05-9eafe1f586a0,2025-10-19T01:58:57.814596Z,0.01,2
a92041b6-1108-4f05-a294-bcfd4ce4407d,58c748e0-c1e8-4279-8eb2-b7af473589e2,,8245b2fb-a8af-474b-8d23-4304a5e9a19f,2026-02-23T23:15:53.814695Z,0.2,1
ccc330fa-c7b1-47f1-9b67-cadf8eecd339,86c76c73-9c5c-4b9d-b3f9-59e443163e6a,,24a56de7-f7f9-4a74-84ac-6ee7f5d63eeb,2026-01-23T11:51:31.814752Z,0.18,2
8b6da698-cd93-40b1-995b-33c654df1a47,36de30b3-a22d-4ae9-9186-ada9f09838e4,,3198b1d3-c10a-433e-946a-be88a2f22060,2025-09-17T18:31:08.814793Z,0.09,4
7a95d68a-cb9b-48c3-afe0-daa3f403fa67,,d2d70e47-723a-450a-bf88-1dfe97cf77b1,54c76350-7f69-4f75-b451-d79351462bca,2025-11-25T23:14:30.814810Z,0.27,4
bb652cd1-af92-4cb9-9ece-4c52c852c6ef,db40b9cc-dfdf-4211-8db7-d4949c9eff7d,,5bdd189c-8321-48aa-bae9-e2962031a00b,2025-10-09T03:05:29.814839Z,0.3,5
f2e3024a-5f2e-49fb-a677-0de3f73dec81,,1afeb2e1-ba98-4179-b434-29ad46bb7507,54c76350-7f69-4f75-b451-d79351462bca,2025-09-04T17:56:38.814885Z,0.15,1
c7fbc0f0-4982-4423-baa2-51c808cb3d98,,2236de29-c253-4a9e-9ab6-aad3cfa0f514,ec97e4e8-1dee-4099-85b0-85d167c59b15,2026-05-23T06:30:28.814913Z,0.11,4
bd645e58-c6b6-4ba4-8ba7-b64137f18db2,,c0ffe473-ab9a-4463-94cf-0fc8e6888894,181c0491-9549-4f06-acf3-4e0bf1af8724,2025-08-13T05:25:31.814943Z,0.16,3
cf8be64a-4ca6-4e0c-a780-b3709e65d60c,,6a96ab45-5609-4754-b875-eaec25deb2b2,af5481f4-1ba7-4d45-aaf7-51c47a71875c,2026-02-11T05:35:08.815012Z,0.2,1
b98cadcb-6afd-457d-94e8-9c9f4fec8ea7,,535b2de4-d988-427d-a8ff-3d78ff53c141,250b4af0-e307-4429-bc29-3797dfce07ad,2025-09-04T04:43:20.815086Z,0.27,2
2f866063-07ba-42b4-b863-db0b76e9fc66,aba7749d-e726-4e61-bd1d-315a01fee8bd,,c8692397-bab9-445a-90ae-7439cc46cd74,2025-08-05T13:58:30.815126Z,0.16,2
54d9aa0b-57c2-4b34-b618-03b1cdaedd9d,,9820b1c5-d896-4bf8-983f-11fb56e0d65c,63b5e370-7388-4536-8ed7-a21a4a41d06f,2025-12-18T21:31:24.815155Z,0.13,4
adadb972-68aa-4d03-ac7e-799a26560e51,7f2fc0fa-7e88-46d9-9367-bea32902ae90,,6b43d3b7-aca8-4905-9318-b1c3fbed419e,2026-01-28T11:57:44.815172Z,0.17,1
946761a8-e3f6-4898-ba95-debe03de5776,3e44a27c-9bd1-4833-be31-5443fd5f30da,,250b4af0-e307-4429-bc29-3797dfce07ad,2026-01-16T09:28:07.815257Z,0.27,2
1bc47e03-1695-4718-aae6-cd5cfb6cd63d,db40b9cc-dfdf-4211-8db7-d4949c9eff7d,,4f829757-7e33-48b8-9950-69136f62b668,2025-07-28T06:49:33.815350Z,0.1,3
344cb0f7-ed70-4142-9324-e8d26a43d008,adfd8947-c7d0-4fd9-828d-4e92a2731969,,145417d2-0475-455c-bfdb-23ddc2020330,2025-11-19T03:06:46.815448Z,0.19,2
bacf1bef-9918-42f1-a6d0-98c7c05bd197,,26df24d8-f4a1-4696-967a-db75b43574bf,4560ad24-ab8b-4c2a-9a93-593950d0c317,2026-04-12T20:14:48.815516Z,0.22,3
1722a427-928f-4a2d-97cd-ad389f7a7e75,81ce4717-4b0e-4e4a-8084-2cefe8eadf9e,,464065f2-15f0-4a2e-b25d-516dfff9dcca,2026-05-18T00:01:58.815544Z,0.1,4
f9ba1cd3-1ec3-45d0-9896-5fb57590ca76,fe856c16-d5ca-4879-a7a0-52cdc72b0ab7,,58b8f572-3bba-4143-9f32-b6fbe9afedb9,2025-12-14T05:34:35.815586Z,0.27,4
97d02874-4d92-4c02-a45f-fe05ade5867a,a3b2228e-26e9-4e88-92d3-a243db5228fe,,24a56de7-f7f9-4a74-84ac-6ee7f5d63eeb,2026-05-10T20:58:17.815671Z,0.12,2
35c507af-7538-425f-b2ba-b328b1c513a6,,5c2611cd-1adf-4a7c-aabf-d1b1fb9b118c,8ac69fa0-f2a2-4e7e-8d20-db1696a88a49,2026-06-13T14:13:38.815706Z,0.27,5
63a14a2a-1a4b-48df-9f10-3de303428d01,,9d774eb4-a3f5-4a54-99a3-2f57a2811f62,8998e993-9ba7-4ede-965c-cee7af7a4457,2026-03-31T13:49:25.815734Z,0.0,1
8421c0b9-a495-4970-958c-50bdc4c10d40,,628db1e1-d658-47d3-983d-8ba9decd6a9c,8ac69fa0-f2a2-4e7e-8d20-db1696a88a49,2025-12-03T23:59:19.815758Z,0.07,1
7d20ff36-3062-444c-9774-1de56fce085f,6971669a-3acc-4929-a81b-51116d8188ad,,1cac4b7d-9687-4005-8aba-406a7a82bb35,2025-07-21T08:24:40.815825Z,0.17,3
141962bc-55f5-4220-84b0-dd53a07a9e46,,97f8a856-25c6-434e-ad13-1e2fd7cd4cbe,5e2bc8e4-1797-4c5f-82a7-e5f343789acd,2026-05-26T09:15:59.815843Z,0.26,1
d5dbc39a-1822-4785-acfc-968ab99fb888,d6658dc0-e7c3-4d26-b720-f6d584b6c2a7,,37727a64-f037-49a9-bcf8-086215ecb7fd,2026-06-07T05:08:57.815860Z,0.18,2
7a928853-ec5c-436d-8ea3-35ecf65b6036,e1053777-b61a-4ac5-80a1-a50c3f13f99c,,39e9c2c9-901f-499e-8c46-57804a2f9255,2026-04-26T07:00:12.815971Z,0.05,5
706f7bb7-2932-4aec-8d95-7fc7deae83d2,8b0653cc-f0d2-4f32-bbb9-0ed4754f9153,,242a17b5-0a2b-4177-a01c-b2d07b8435df,2025-07-10T22:21:50.815995Z,0.19,1
ba56f792-b7e1-4605-9cb0-0dc65b0bed0a,,7dd32821-487f-49c5-a183-a50764d74b8e,8998e993-9ba7-4ede-965c-cee7af7a4457,2025-12-01T05:11:05.816134Z,0.2,1
5ca243bd-3331-4e16-a32e-3b70eaf3be35,,900ddfba-0fe3-4782-991a-f94893c6aaf8,370920ed-3f8d-46f5-b78d-f4d5c426c5e2,2025-09-11T19:52:30.816180Z,0.11,3
46337849-7a0a-4248-860e-1719eba57315,e28014e6-9c3a-4f42-9b5e-bfc82f9bb9d7,,6b43d3b7-aca8-4905-9318-b1c3fbed419e,2025-09-15T13:47:18.816235Z,0.24,3
725d4bf0-d399-4de3-bd62-4caa2b6c47ef,,20a930a1-1a44-43e7-87c9-665f28b26d16,262281ca-9da1-4f48-bcc9-dac7c497ca85,2025-07-05T18:59:01.816252Z,0.11,1
b63fd77c-a349-4291-b919-0a200c066417,,5c97f175-d5e0-469c-9359-9abfea39a4a4,28c08598-0919-4ad4-a544-1e20d0d0dc44,2025-12-29T07:45:15.816269Z,0.3,2
321480be-3b43-4416-8fb2-3207ee9dae2f,3856e26a-50d5-4112-aa9f-912be4b2d983,,4f829757-7e33-48b8-9950-69136f62b668,2026-03-06T20:00:40.816298Z,0.05,4
eba736db-9398-4fda-99d3-7c954c25fdc7,,2ce0e18a-886c-422a-aae4-ddb3e1048437,250b4af0-e307-4429-bc29-3797dfce07ad,2026-05-08T01:24:13.816363Z,0.05,2
7d28ab6c-a60c-4455-ad8b-249e02640b4c,d4c83d62-c639-4f4f-8a7c-9b381bd8a396,,17ef5cb2-dbbc-4423-a159-fe66957fb5c2,2026-05-02T05:25:30.816399Z,0.18,2
f3e735de-a526-4aa7-b6f2-de361d18c45c,ee9020c0-6f9f-4ed2-810a-4a1abf6ca4f6,,882325b0-d544-426c-b74e-9b64ff3ef4cc,2025-11-17T20:56:16.816524Z,0.16,4
d5db9971-8670-4d74-9fde-256381bede93,2cb2e0b1-9470-4616-8e5e-2010aa828a78,,d98ac824-b1cb-493c-b4dc-fa735d579080,2026-03-20T16:34:45.816634Z,0.09,2
9e90371b-9e52-460b-bba7-66524cb2b57d,,a05262d6-dabb-4e20-a8f4-bab9c2fad241,8ac69fa0-f2a2-4e7e-8d20-db1696a88a49,2025-12-14T00:27:32.816668Z,0.12,2
92607cfc-2d11-492a-8fb9-293951875ed2,eaa41640-766a-4508-9068-546288e5d1b4,,37727a64-f037-49a9-bcf8-086215ecb7fd,2025-09-15T06:38:17.816708Z,0.04,4
75f5d480-1e24-4d78-a2bc-8a1e224d72d8,0aa41ccb-4639-4115-989f-cb299da7289f,,4560ad24-ab8b-4c2a-9a93-593950d0c317,2026-06-17T21:40:47.816775Z,0.14,3
c9456b9c-cc9f-4b06-ba12-813837941848,183d2d98-7770-4f3b-a983-60dccae03ca5,,34b6ae28-67da-41cb-83b1-c97b33dfdb64,2026-01-17T17:31:40.816798Z,0.14,1
0208e72a-befb-4f66-8fd3-128937f83a64,9438779f-1292-4d84-b39f-fc1e728535f6,,e17a19cd-8381-40b6-8771-702f3a282e0c,2025-10-12T18:10:23.816815Z,0.07,1
4179a33e-90ad-4098-ac74-74b86a13af3e,,25aa70c4-e666-4b6e-8f11-30e6b807cf77,63b5e370-7388-4536-8ed7-a21a4a41d06f,2025-09-06T17:05:37.816935Z,0.2,1
3c96cb04-d6d0-484b-9b65-43c09f41482e,5feb281f-ea4e-4262-abc8-15a2b7d3b865,,99a57440-b846-4581-bc1a-44f38a214cf6,2026-06-09T04:22:25.817032Z,0.29,4
c39259e0-c6bd-4684-b40d-6470cc272c84,,6ece25c3-6d5b-4a14-a04a-7deb99573698,ad3fe337-ec17-4244-8e4e-9f2e174215e4,2026-04-20T18:34:08.817049Z,0.06,3
a3ea2a73-4182-414a-912b-ecd578e07c46,,5e8695b7-08bc-4c0c-b19f-9729c739a00b,1638242a-9e18-4c5a-8ba7-dcb01ef7c6b0,2026-04-03T23:05:48.817066Z,0.14,3
d3172943-3f09-43fa-9316-d0e8c37c2852,f8ebdd24-728e-4af2-b7a7-fd68dfdfff44,,bb3acd74-a761-49bd-b7bc-fbf35502e696,2025-10-17T20:59:29.817153Z,0.16,4
0fb476db-e88c-41eb-9cba-1cf882fe3077,94c2eb26-5544-46e3-81c9-7c10ba8d378d,,22e8fa38-2c1b-4639-8e7d-d245269424b7,2025-09-23T01:30:55.817215Z,0.11,4
8faa03fa-dbf5-421c-865d-2180a6726dd5,461d8dd5-69e0-4291-8d01-6c96ff5d5b98,,b4cf6a02-8d8f-4f2a-a7d2-b552fe2cffc6,2026-03-17T05:03:07.817272Z,0.24,4
0efc463c-91fa-45f9-bb2d-3fb4c7024902,3a1140cc-92c8-4b55-9247-57e4e96b553b,,02310335-8d93-4be9-af7d-55de45097af6,2026-01-02T14:01:38.817302Z,0.09,1
428e9822-f504-45e8-b4e3-a00d7114296b,2aa608a0-7a1e-4e5a-ab05-db12c3909931,,bb3acd74-a761-49bd-b7bc-fbf35502e696,2025-09-03T01:57:49.817384Z,0.21,2
4d71e96d-c446-468f-82b0-0442d78dad2d,9fc326a9-8edb-4aa9-a7e2-bf8cb807fe31,,58b8f572-3bba-4143-9f32-b6fbe9afedb9,2025-11-28T18:39:48.817504Z,0.27,4
9f03f63d-cbc0-4912-bd6e-4c13eda234ba,d734c01c-cbb4-48ff-a021-2a312d3c7046,,63b5e370-7388-4536-8ed7-a21a4a41d06f,2025-08-04T01:41:08.817523Z,0.25,3
98f83ae9-e91a-468a-8bb6-458056b880a1,2dcca842-c403-4924-9c19-def81bc4244b,,51de8c93-7a17-4f51-ba8f-d0ac995c566a,2025-11-04T07:16:33.817596Z,0.08,4
943b7639-9e9a-493a-858a-8adc40a8e777,00213018-5d7e-42e8-bb10-f12baeb31b2e,,e17a19cd-8381-40b6-8771-702f3a282e0c,2025-10-10T12:38:10.817631Z,0.01,1
c72c0f05-3044-4807-9398-8c28f8f7c57f,ee6d6129-cdb8-4e94-a4d5-1d1717ff13ff,,f08ab47d-3ff6-49f4-ad4c-b00fe9042589,2025-12-16T21:20:10.817648Z,0.29,5
0c2b86c8-1deb-486b-83db-e34ff3c8adbf,4c4b2e6b-1e62-4742-b87f-3e396a760820,,262281ca-9da1-4f48-bcc9-dac7c497ca85,2026-05-30T07:07:43.817710Z,0.02,5
3f4b2a8e-6886-41ea-bc12-2eec1096c712,e198e982-441e-4186-b2a7-6509354bc0f2,,174b1816-01c1-46c2-8a46-6e6ad57e5965,2026-05-14T03:33:24.817734Z,0.22,4
dd5f9d8c-046f-4cb9-8650-e7e6a8e4ce5b,4c56e24d-31c5-433e-861b-a265429a86eb,,28c08598-0919-4ad4-a544-1e20d0d0dc44,2025-07-02T01:27:29.817775Z,0.11,2
1f97dd8d-30fa-4f41-afae-544eb54bb381,,c519d534-5427-4644-9f98-2355b2bc4c37,25370a5c-dc1e-4a10-bfdc-ad1bca8f7981,2025-07-11T00:39:07.817907Z,0.28,3
f1298626-f71e-47b9-b37e-c6bc4c6fdd9e,5bf657c0-badb-4888-9955-cc0cc667fdff,,59d6d6c9-1940-4e0a-a3ed-ca04666e89b9,2025-10-14T05:05:40.817937Z,0.16,2
903af1a1-416b-41a5-9feb-f76b9e17bbc3,,17468acb-13cc-48ea-9151-da7389e371e9,b4cf6a02-8d8f-4f2a-a7d2-b552fe2cffc6,2026-01-05T00:29:57.817990Z,0.11,1
a71c6202-bc2c-4099-9736-e3c77a0d35c5,,ac9ebf3f-81e1-41d5-998c-3f55029dd6d9,4249ce6f-0248-4265-950f-9f03188f5497,2025-11-28T00:33:27.818024Z,0.16,3
e67c620c-bb25-4cd9-8443-01c6ba829352,fe856c16-d5ca-4879-a7a0-52cdc72b0ab7,,ea11794b-9211-4543-87ff-999e6bd73cef,2026-02-16T23:47:05.818065Z,0.03,5
4382b020-654b-4d5d-949f-f2aa9c8686f9,,fcb3bac0-6c08-4f7d-b8ea-5399cd075752,1209a847-3e6d-4ef1-a2ac-448ae204babe,2025-11-14T13:08:04.818173Z,0.16,3
5d2d04f0-32bc-473f-b796-6e0d6a4dd58f,667a4fd6-9941-4337-80ea-be563e6d75ff,,eab47c6e-60d0-411e-ade2-82fc0a973fef,2026-04-19T21:07:19.818190Z,0.23,1
e13a70ec-0e5d-4cae-8e70-655aaf26272e,,05ecff73-720e-481b-afb7-5326dc78971a,39e9c2c9-901f-499e-8c46-57804a2f9255,2026-02-24T09:50:57.818236Z,0.27,4
f984e3d7-a09f-4163-92f0-8215b936efce,4c4b2e6b-1e62-4742-b87f-3e396a760820,,28c08598-0919-4ad4-a544-1e20d0d0dc44,2025-10-07T22:15:36.818338Z,0.04,3
e6b0cff5-d6d7-44a0-a299-b53c6692100d,,c377ae60-a9fd-4936-bcc8-c215d57339f9,5e2bc8e4-1797-4c5f-82a7-e5f343789acd,2026-02-16T21:16:23.818378Z,0.03,1
55c3adaa-4eb2-4b46-b6a4-2e02ef1d1651,,7b521a72-ce72-4be9-b5db-9a0b57a198e3,ea11794b-9211-4543-87ff-999e6bd73cef,2026-05-19T01:47:40.818465Z,0.01,4
52d43c8b-2161-4446-8618-6eccb7e1f86c,,6b66c0f3-b196-4154-8e29-28ff117de29f,9234bb80-ceff-4626-9cc6-fc6f757ee0d6,2026-02-27T04:13:47.818483Z,0.25,1
950f47e0-2ae9-4d03-9208-500138fde1b0,f67dbfa0-ba5f-459d-a062-6f1f31dec761,,174b1816-01c1-46c2-8a46-6e6ad57e5965,2026-06-11T09:46:02.818512Z,0.05,4
d232dfcc-b264-4cb7-aa39-5eddb66a447f,4d91b12c-8c53-4afb-a6c3-c1d4c4eb0f6e,,ffb35e8a-7d50-4fb3-b500-d6e2b0d928a7,2025-09-29T12:25:58.818534Z,0.11,4
b22f430e-85f7-44f8-83da-43b7365c0084,,9a1936d2-18b4-4efa-858d-3fa1f5f31893,1209a847-3e6d-4ef1-a2ac-448ae204babe,2025-11-20T02:29:09.818557Z,0.18,4
8540daa5-17e9-4c67-946d-5be292ae4911,,25a2fcf8-4560-4c6c-b86a-897e88cb0d3e,5e2bc8e4-1797-4c5f-82a7-e5f343789acd,2026-01-21T00:48:34.818575Z,0.26,4
d97b2a02-5a05-4f96-bb9a-6609783f456f,d3fff17e-888f-4772-8bd4-7c6176a53af0,,1cac4b7d-9687-4005-8aba-406a7a82bb35,2026-05-06T02:04:53.818615Z,0.07,1
68390c5b-940b-4575-a65f-42931ce2b0d8,,fa7af723-5457-408c-b311-3b9ee970d558,77016229-03e7-4ace-860b-79ee16b3f42b,2025-08-06T19:29:30.818666Z,0.01,1
493491b8-2aae-4122-b728-aaecc2028498,421a1ef0-8e44-420d-a55a-8ce080fd193f,,14c50a07-309d-4aac-8004-a94d51e3ca87,2026-03-26T20:07:29.818700Z,0.3,3
1ee07448-ad7e-4aeb-9c56-fe94f8f342ab,,be07f3a7-a5de-4105-9b52-bb7d5c914362,39e9c2c9-901f-499e-8c46-57804a2f9255,2025-08-26T23:15:26.818730Z,0.16,2
4829df8a-e834-470a-b89f-e5c8ff5b74bb,71c6e6d7-4017-4867-addd-e41f63141a8e,,1cac4b7d-9687-4005-8aba-406a7a82bb35,2026-03-23T03:10:00.818758Z,0.05,5
5c0eaa02-8e5c-4ced-826b-7efa15660b26,,ded03670-4263-40dc-b97c-bb0508d274a8,24a56de7-f7f9-4a74-84ac-6ee7f5d63eeb,2026-05-01T00:15:18.818838Z,0.27,2
1c24d1cc-10f7-4c31-9c5c-abe1e2159cb6,,ccfb5f8a-11b5-44f7-b3b7-62fdbbfd336a,63b5e370-7388-4536-8ed7-a21a4a41d06f,2025-11-04T12:34:59.818914Z,0.24,2
d9abffaf-6417-40e7-a94e-790eb20aa774,284521e2-1408-4fa0-9578-492efc8edfe3,,d98ac824-b1cb-493c-b4dc-fa735d579080,2026-05-23T21:37:26.818931Z,0.13,2
0903c22c-dd35-4d75-a881-2888da1f09cb,,be4d1df5-a400-44dd-a17b-cdbf6fcf3d16,a2aa5c5f-237b-4acf-bd4d-896ec1b7d815,2025-08-09T06:17:11.818948Z,0.06,3
bfb55aec-d53f-4225-8a5e-e7a346a54e44,1e6c0808-fcda-4f34-8356-c295e6a3bb11,,5e2bc8e4-1797-4c5f-82a7-e5f343789acd,2026-01-30T17:34:05.818976Z,0.05,4
093f4d5e-f0cf-46c9-a4e7-2f50a21d2e79,ab6bdc58-afa9-4848-b893-6647e617de37,,ea11794b-9211-4543-87ff-999e6bd73cef,2026-01-12T10:19:46.819071Z,0.0,1
1887da24-7f26-4d84-b05e-f3fc915f37d4,,0c0c170d-3b84-4de9-b354-7c468b723baf,99a57440-b846-4581-bc1a-44f38a214cf6,2025-06-30T08:39:29.819133Z,0.05,1
bc5aafe5-c762-4e53-936d-74ec7caa1284,eaa41640-766a-4508-9068-546288e5d1b4,,c3163de1-b9cd-44a7-93e9-588433a1e23f,2026-04-07T01:26:46.819161Z,0.29,4
55933021-b26a-4100-a1a8-0579f58f3481,839bcda0-bab9-4237-9419-c8ee1adeac90,,e4f08e85-289e-40c7-ad90-983f186d02dc,2026-02-16T00:18:16.819201Z,0.22,3
1a17945a-d8bd-461e-b8ac-2f8fbf828cdb,0d75422e-5cdd-4422-aae3-364698c5b3ee,,17ef5cb2-dbbc-4423-a159-fe66957fb5c2,2025-06-30T19:40:18.819328Z,0.19,2
1f9d9898-a9ae-44cb-a86c-52354d078baa,dc52679f-ed2d-4c43-a350-50327c99be6c,,b4cf6a02-8d8f-4f2a-a7d2-b552fe2cffc6,2026-04-25T18:30:27.819369Z,0.3,1
c732dbb1-4146-41de-b0ca-d9cdefb10e86,16ac8660-6f0a-4386-8175-51ad254548cd,,eaf75b03-369e-4f19-9773-1a8ed15cec34,2026-03-07T23:43:46.819398Z,0.24,2
fc0964ab-bcc8-4e6e-8ce1-6d397dd641f4,e28014e6-9c3a-4f42-9b5e-bfc82f9bb9d7,,12e3fbe3-5387-41d3-b055-ed6b543f5f0f,2026-06-02T14:08:17.819421Z,0.13,4
0dff8e49-ec39-410a-817f-fa28df644121,38bac53d-813a-4fec-a36b-81693c06e94a,,58b8f572-3bba-4143-9f32-b6fbe9afedb9,2026-01-27T03:17:40.819444Z,0.19,4
313d741a-1165-407e-baf2-79a2bb02639e,3f077514-1e20-4294-8919-a3499d1ea2fd,,e5990352-abf4-4954-bbe9-48ef19db84b7,2026-02-25T20:33:17.819496Z,0.11,3
896b8c22-0dab-45b7-a3e6-38f1d6e9073b,b89e0e45-6a5b-47c2-ad49-14d87e32a08c,,1e19d020-8de6-4885-b1d8-2b9aff3f3d33,2025-11-18T20:07:16.819536Z,0.23,4
2d20aa97-79bf-446c-9649-10f7d2797fe4,,6292b11e-ff91-49cb-b255-f93791ae3824,96164111-3295-4ecd-9696-77c13aa1e9c6,2025-10-28T16:34:47.819577Z,0.13,4
f0a42a54-413d-44bf-bb8d-494ed94fe57a,,e28cf971-5307-40b6-8c4f-0541747e94f7,8245b2fb-a8af-474b-8d23-4304a5e9a19f,2025-09-13T09:05:15.819629Z,0.22,5
27f4664f-9450-4520-80c1-57652053f137,403b076d-ff6a-4817-a4d4-1f8505ece11d,,2e4f561e-34fc-4f84-969f-fafa2cfe8587,2026-05-28T23:34:29.819663Z,0.18,2
c8067893-22b0-4266-bce5-27d8a87e69f4,307b46a1-51b3-4526-bce2-af544e5e4684,,242a17b5-0a2b-4177-a01c-b2d07b8435df,2025-08-22T21:44:34.819825Z,0.05,5
774e4bdb-54e4-44cc-ac9f-38e0c5c3611c,,9a1936d2-18b4-4efa-858d-3fa1f5f31893,1cac4b7d-9687-4005-8aba-406a7a82bb35,2026-02-16T09:49:18.819842Z,0.18,1
7b88a4d2-1c60-41e4-819e-4aeb12af2234,336fe19f-6533-42e4-9889-9f123cfc4a1c,,c3163de1-b9cd-44a7-93e9-588433a1e23f,2026-01-30T10:31:52.819935Z,0.11,2
2e6e3525-6dc5-4c95-8076-b55fecb19dd6,5feb281f-ea4e-4262-abc8-15a2b7d3b865,,2e4f561e-34fc-4f84-969f-fafa2cfe8587,2025-09-02T20:38:36.819952Z,0.06,5
2f35c76f-0012-4d44-9f70-9dca642d7586,4df003df-66d2-462d-9d42-dea20378aeb6,,174b1816-01c1-46c2-8a46-6e6ad57e5965,2026-05-20T16:58:23.819982Z,0.1,1
df6f1f94-8c66-4d20-a837-c330725ca459,3e8e9ea9-9dde-42f5-945c-e0b482a2c6b4,,cf9874d1-705f-46b6-b3e9-cbe1e58e3847,2025-07-22T11:28:49.820018Z,0.06,2
4a2c0875-bba3-4188-9ebf-651726cc7f54,dc52679f-ed2d-4c43-a350-50327c99be6c,,24a56de7-f7f9-4a74-84ac-6ee7f5d63eeb,2025-10-19T08:14:41.820128Z,0.2,1
362ee877-e66e-494a-8bc8-a33ec3a859b0,1cbe3e76-8392-413d-acd0-6b78d05e1b26,,6b43d3b7-aca8-4905-9318-b1c3fbed419e,2025-11-03T00:23:12.820157Z,0.27,4
a88c4238-f5b8-4262-a769-bf1824b4ed68,5ae1f454-5ad6-4bbb-9ece-4d9266d4fae4,,8ac69fa0-f2a2-4e7e-8d20-db1696a88a49,2026-04-12T22:44:13.820214Z,0.22,5
dcd24f6a-2d75-434b-9995-e43f7b923cc4,3e44a27c-9bd1-4833-be31-5443fd5f30da,,9234bb80-ceff-4626-9cc6-fc6f757ee0d6,2026-06-09T10:09:49.820273Z,0.19,3
905a7238-7293-443a-959d-3f61a8a3414d,3b4b1183-dc97-499b-89d7-1cca99d8fb7a,,51de8c93-7a17-4f51-ba8f-d0ac995c566a,2025-11-11T20:07:58.820325Z,0.29,2
b0e95863-f724-443d-804f-509150562d76,0fdccec9-42ee-469f-ad10-d1d6f7bf29bc,,9183c4c5-47db-4e6d-af05-9eafe1f586a0,2026-04-20T16:51:08.820360Z,0.12,1
5e456de3-15b5-4e2c-88e7-691912804b83,3b4b1183-dc97-499b-89d7-1cca99d8fb7a,,54c76350-7f69-4f75-b451-d79351462bca,2025-06-26T05:31:41.820390Z,0.13,2
54f17742-e077-4869-b37d-bdba3f7ec650,,122f06b8-bb03-4b78-bffc-5c069d19b5b4,28c08598-0919-4ad4-a544-1e20d0d0dc44,2025-11-01T23:39:42.820511Z,0.22,3
899d7621-8bbd-410c-89cc-33c7dc6eccaa,60e90c8e-4fa0-4f07-9f78-e10fa984daa8,,a7af19b9-f0fe-40b8-9d1a-c7fcda914ea2,2026-04-09T18:41:48.820587Z,0.21,5
b3d3d363-45c7-4033-b5d3-e12779ef21c5,,652c7db4-4f98-40be-a091-5059df56ae11,c85fdb82-bfb8-466b-8587-2c4a96321250,2026-04-04T07:16:26.820615Z,0.09,4
6ad78d44-48b7-4ab1-9036-a0cfa873105f,,4f98c774-a669-4734-a158-9969c759d55c,250b4af0-e307-4429-bc29-3797dfce07ad,2025-09-12T14:22:29.820660Z,0.05,4
d128efac-3b8a-4ebd-82ea-b6c9ee77ca22,,122f06b8-bb03-4b78-bffc-5c069d19b5b4,e5990352-abf4-4954-bbe9-48ef19db84b7,2025-07-08T21:36:11.820699Z,0.26,3
15bfa449-287b-4067-8d27-b8e5f8b515e4,2f7934c3-a58c-4260-92f3-05c4d15d3f3c,,4249ce6f-0248-4265-950f-9f03188f5497,2026-03-14T12:44:24.820734Z,0.06,3
0e58a00f-a8a2-4429-976c-1bf4129926e9,,1e1350a5-ff08-4b9c-8523-8837aad5f3f1,eaf75b03-369e-4f19-9773-1a8ed15cec34,2026-04-15T03:44:39.820997Z,0.01,5
eea9d806-90be-4723-a4b5-f26c61ebf8be,dc52679f-ed2d-4c43-a350-50327c99be6c,,51de8c93-7a17-4f51-ba8f-d0ac995c566a,2026-01-28T17:55:42.821032Z,0.17,5
56668745-af78-416d-91ce-af8febf00e3f,,a01bbd45-20ff-45c1-bea4-7ff0366c5684,174b1816-01c1-46c2-8a46-6e6ad57e5965,2026-05-08T05:48:00.821060Z,0.19,3
537dce06-8d9d-462c-a1bc-cd1525f55896,,14691e6e-503c-4a28-a19d-e16bf5329e66,1cac4b7d-9687-4005-8aba-406a7a82bb35,2025-08-17T17:00:49.821118Z,0.09,3
63a546a3-b48c-491d-a47f-be125fc56092,,f07a1b61-d447-46bb-b810-edba2d1110d0,dc65cf1c-922f-4f2a-be7d-7f596ab58867,2025-08-30T03:58:54.821135Z,0.09,3
1380f599-1fbc-45a5-9fac-1d52d1807fba,62fa8cfd-924a-462b-9362-8a50b950a6f2,,a85314f2-4706-4d04-af9d-12e821756358,2025-11-16T15:35:35.821163Z,0.14,4
8f1c08b3-1a40-440c-b4fc-8a068216f90b,,6bbc9c41-42d3-4f61-8700-a93207a8feca,4dbf9778-98c0-4446-9ec8-916ba556fdad,2026-01-05T09:16:47.821181Z,0.1,5
4aa39609-7225-4099-b326-7204ac7c6869,81ce4717-4b0e-4e4a-8084-2cefe8eadf9e,,882325b0-d544-426c-b74e-9b64ff3ef4cc,2026-03-14T23:03:42.821211Z,0.19,3
927c86dd-1235-4065-a3af-fb3150178cf2,,e7fd8665-2d74-4a85-9976-ebd4f4d6c17a,25370a5c-dc1e-4a10-bfdc-ad1bca8f7981,2026-04-12T23:30:05.821251Z,0.04,1
400ddf58-9170-4956-9dff-eb0dc2548dbd,5029723c-a5c1-41c9-ad47-61b044552811,,4f829757-7e33-48b8-9950-69136f62b668,2026-05-05T03:59:57.821279Z,0.12,2
f4902871-dfcc-4eb6-a5fe-3f841aa65c90,,6cc3a3b6-ae5a-4ac6-b87f-c22a1ff3d94c,22e8fa38-2c1b-4639-8e7d-d245269424b7,2026-02-10T18:37:07.821367Z,0.14,2
fb0e1282-cc59-4b6f-a587-e2bc44eac390,,7a001a4b-a4a5-445a-a8ee-b5fbbd714b87,25370a5c-dc1e-4a10-bfdc-ad1bca8f7981,2025-11-14T03:26:17.821384Z,0.29,2
c75ee4f9-4796-432b-95fe-9d493b147910,,ab5db6df-5509-4137-b19b-a95c81ba9a64,464065f2-15f0-4a2e-b25d-516dfff9dcca,2026-03-29T08:19:42.821449Z,0.13,2
ae773cbc-4cfd-488f-8ad5-726d595fd8a1,65b2fd80-bfcd-4e0a-830c-eb9ce266ceb3,,c8692397-bab9-445a-90ae-7439cc46cd74,2026-02-15T12:43:15.821466Z,0.11,3
a895f10d-69e7-41fb-9970-06eef4deba1a,7ffcfcf4-36a5-4ed3-b007-1d25d64f030f,,e4f08e85-289e-40c7-ad90-983f186d02dc,2025-06-28T04:19:47.821520Z,0.15,1
2ce275cf-bd32-4ef1-a48e-565ab711d2d8,,6a63fe7d-754f-4e48-8932-a547aac37fe7,17ef5cb2-dbbc-4423-a159-fe66957fb5c2,2026-02-27T17:38:34.821537Z,0.01,2
d0cf6346-80d8-4b39-b4be-b7c2e59d99e9,,86c8d724-16a9-4885-8771-426902218e75,1cac4b7d-9687-4005-8aba-406a7a82bb35,2026-01-26T05:11:22.821674Z,0.17,2
e16c9dd8-3ea6-441c-b609-2bd5a887fac5,3b4b1183-dc97-499b-89d7-1cca99d8fb7a,,9234bb80-ceff-4626-9cc6-fc6f757ee0d6,2025-11-21T18:04:50.821691Z,0.21,3
207e8f31-ceeb-4790-90a5-b771060b657d,1ae6a029-f385-4b5d-b447-21328103559e,,0eea6ab9-a379-49ec-9c3a-9e38263db7f9,2025-09-09T11:35:07.821863Z,0.23,3
f6188711-0155-4932-b43d-862d4b0d512e,,d09145d3-402c-47c5-a68f-7054f66c10eb,9183c4c5-47db-4e6d-af05-9eafe1f586a0,2026-05-02T16:18:09.821888Z,0.25,3
008bc7f8-9415-4f7c-b1db-341d8f85df57,,965c8fe1-fd9f-458d-904e-cff3de256a0d,f980ab87-d699-456c-a96a-e362bfd00c92,2025-07-03T14:41:41.821951Z,0.23,1
a8ad098e-a888-4e89-bfc0-52d4aaf1b658,,8c92600e-fd05-43c1-bf64-0de0684e6432,f3339075-6de3-4983-84ef-c23595b30f1c,2026-04-02T04:49:13.822037Z,0.06,3
dfe4639b-475a-4bea-95eb-1a2c32e570ce,24240383-abe7-4470-be69-d968d0fd03ec,,54c76350-7f69-4f75-b451-d79351462bca,2026-03-21T09:33:58.822054Z,0.22,1
85806153-7fc4-4f06-9e46-c2fb2219e1fa,00ca2b1f-8a0f-4552-bd32-c770a13c2b62,,24a56de7-f7f9-4a74-84ac-6ee7f5d63eeb,2026-04-21T02:10:20.822186Z,0.21,4
40d60a98-0a6d-48fe-8048-c11bfdc3b69a,,9d9ecf2d-19a0-476f-8055-b1657f894b21,2e4f561e-34fc-4f84-969f-fafa2cfe8587,2025-07-08T04:06:52.822227Z,0.28,4
5598d537-17fe-4cd5-93f8-453093d9db4f,5c317db8-eada-4482-8e89-ba5590a15d7d,,27366ea9-7d9d-40ad-ab66-17f827a45e78,2026-01-25T01:25:15.822256Z,0.14,1
5ca53718-7954-4c13-acca-b7b2e7137041,ff32a232-51bc-4f19-a5fa-ac9cf90b299a,,e5990352-abf4-4954-bbe9-48ef19db84b7,2026-02-01T10:19:55.822298Z,0.26,2
e63da0b5-0e38-47f8-b660-ff6baa8afe70,a7d4c10e-240a-4b3b-829e-98232e58afaa,,370920ed-3f8d-46f5-b78d-f4d5c426c5e2,2026-05-09T01:37:15.822331Z,0.13,2
e85a49da-d64b-4006-b4a3-f6a447799c82,37c52c6a-bf4d-4fda-8e8d-8d74f697fb2c,,d98ac824-b1cb-493c-b4dc-fa735d579080,2026-01-27T19:32:12.822400Z,0.1,1
ad925073-2dc9-48e4-81f9-ac4a4ab02ce9,,62534746-ba12-4aaf-9296-5593d62c1f30,9234bb80-ceff-4626-9cc6-fc6f757ee0d6,2025-07-07T08:09:06.822423Z,0.28,4
a1d66cd9-3482-4ecc-ad42-6108e8ecc616,481c40c1-251e-4c17-a7c2-579d467c47d6,,bb3acd74-a761-49bd-b7bc-fbf35502e696,2025-12-19T23:08:45.822463Z,0.17,4
3bb65bd8-5ea8-4dc7-b239-16f3c1a71b2f,11d8f766-b28f-4ce7-9f0c-00704445ed5d,,242a17b5-0a2b-4177-a01c-b2d07b8435df,2026-04-21T03:44:35.822487Z,0.07,1
362534a9-392d-4ce7-bcef-c3123a94a353,,5f26893c-3a9c-4359-a3ca-4b3a12c174c3,0eea6ab9-a379-49ec-9c3a-9e38263db7f9,2025-09-24T13:28:18.822515Z,0.06,2
7a5603a4-f5b0-482a-ac53-7938db0c68a2,fbd89528-fdcd-4c1a-9b89-b6f6b0055aeb,,a81b33a7-ba53-452c-8801-04aabe7f038f,2026-01-16T18:30:32.822612Z,0.19,2
3279f005-058f-4753-b473-e2478f9ed854,,5418ae0b-8473-4508-9067-de08a3027c8b,39e9c2c9-901f-499e-8c46-57804a2f9255,2025-06-23T01:01:33.822659Z,0.28,2
8b2f2087-59e6-41db-a920-755c7aaa0d21,,ab2f93dc-af56-4a6f-bbe4-64cb1d4c9835,262281ca-9da1-4f48-bcc9-dac7c497ca85,2025-07-01T10:04:24.822716Z,0.05,4
17686da7-ab4c-4295-937c-1e73c36a17b2,4406244c-4c87-4e43-85a6-2779eee4575d,,145417d2-0475-455c-bfdb-23ddc2020330,2025-10-14T16:46:38.822761Z,0.25,2
42196578-27f9-49a0-9ac0-d8b79ffdd6bc,,6d396c6c-ed98-4407-9e5c-297d4fb024ee,8245b2fb-a8af-474b-8d23-4304a5e9a19f,2025-10-24T22:59:54.822801Z,0.14,1
51fa083e-e531-42bb-8f8f-2211234fc2dc,0587d620-94a5-4a12-8e78-d2beb6b9b0c5,,24a56de7-f7f9-4a74-84ac-6ee7f5d63eeb,2025-09-03T07:13:03.822854Z,0.3,2
046d9b25-1a7d-4426-8152-642d07700165,,5284376f-b94d-4984-b7ad-243392486705,bdfcdbcc-7d63-4ecb-9a8f-8ae73ee085fb,2025-08-13T16:31:25.822948Z,0.08,3
31d86194-79a8-4b84-bf19-a693aab9d8f9,,fc9a0e0a-94c7-430d-83f5-71e532b0a6cf,12e3fbe3-5387-41d3-b055-ed6b543f5f0f,2026-05-21T01:57:27.822987Z,0.07,5
7455adec-e97e-441c-a867-de1a47c11a41,,d6047fd8-ed8b-415e-bd8c-840b21be1c58,c6fa1138-4ec2-4637-9504-2749bc13e06f,2026-05-12T08:58:56.823006Z,0.22,4
0b4a146c-27d8-4c95-968a-683e02365083,,672c17a3-e8af-4c4c-bc0f-7c89d34f4edb,8245b2fb-a8af-474b-8d23-4304a5e9a19f,2026-05-31T22:45:43.823046Z,0.23,5
ccc30020-f4a2-4abb-b7d0-28fcbba31042,,f99bd9e6-1c4b-456a-acaa-ca3202d4ce84,34b6ae28-67da-41cb-83b1-c97b33dfdb64,2025-08-16T17:57:46.823085Z,0.09,4
b137f0ab-111c-4734-93e0-95a3cbd91a42,cc9847ee-737e-43ce-af61-502b51ed3f76,,f3339075-6de3-4983-84ef-c23595b30f1c,2026-02-21T12:30:49.823114Z,0.15,3
13f6c56e-8096-4ff6-b6ac-ee6ce0acdca1,,9820b1c5-d896-4bf8-983f-11fb56e0d65c,6b85123c-b94f-4258-9142-0599eff0a787,2026-05-17T11:10:25.823132Z,0.28,2
25d0ae51-21a2-4bdc-9556-1a94d1f4d4af,,2708e931-ed84-4478-9521-119486aee2d5,321f6360-972d-4a3a-85c7-8758739a5af4,2026-01-18T09:01:16.823196Z,0.2,3
59f1dafd-856b-43a7-b8ab-abb5b2285358,075c9b58-ca2b-4b1e-85cc-c56602c4ab69,,bb3acd74-a761-49bd-b7bc-fbf35502e696,2025-07-31T23:56:10.823213Z,0.11,2
7023b762-61ea-4c51-8a56-1e497a69a864,84197273-d738-468e-ae5f-34937988f908,,eae4837f-4e9f-40fb-a287-f3ea4195f02e,2025-10-04T13:52:54.823242Z,0.14,2
f91e175e-4415-4637-b9e9-74de64ac4e3b,,5f49d3cd-8cd7-410f-8b64-4aaab7eea494,d98ac824-b1cb-493c-b4dc-fa735d579080,2025-07-22T17:11:13.823293Z,0.26,1
fc5ce251-3f6b-427c-9daa-478784db5f98,f05d21fe-1d01-46da-81a2-d4afc8637211,,1209a847-3e6d-4ef1-a2ac-448ae204babe,2026-06-07T08:26:22.823344Z,0.07,4
feb733b1-865d-4010-9e28-05a80b7267b7,,89208c9b-fecb-4f5b-9213-aa7ed1fd7033,8dd60692-d201-4c50-a580-7850c1e95f00,2025-11-23T10:33:07.823376Z,0.16,5
2c20ef13-c490-41d4-8819-5ca787cf59f9,,675b69df-b3ff-45f5-ac4c-dba43c876fcc,b4cf6a02-8d8f-4f2a-a7d2-b552fe2cffc6,2025-07-30T20:48:36.823504Z,0.3,3
15fbfaaa-0acd-4501-97ac-2041a54e153b,c30a4269-6057-41b4-ab2e-e8ca5e0370ed,,eab47c6e-60d0-411e-ade2-82fc0a973fef,2026-04-13T04:03:27.823521Z,0.28,3
a4fc96d1-0973-4e5d-8e1f-c46d825f0aa7,93e06d19-4983-470b-9418-3e93a372ee0e,,58b8f572-3bba-4143-9f32-b6fbe9afedb9,2025-12-23T05:01:17.823601Z,0.29,2
1bb54a95-9bf6-4478-adf2-5c074608d2f9,,16c5dadc-c34e-4924-860a-b69fed34cc1f,c6fa1138-4ec2-4637-9504-2749bc13e06f,2026-03-06T03:28:44.823668Z,0.04,1
55563992-c5e5-4b21-aa95-4f3408256ea5,,28dda223-ac8b-4ac9-bf34-7cd56af3957d,1cac4b7d-9687-4005-8aba-406a7a82bb35,2025-08-12T10:40:55.823720Z,0.1,2
a417e660-e299-4b93-85f3-7b1e01a01ee1,3e44a27c-9bd1-4833-be31-5443fd5f30da,,37727a64-f037-49a9-bcf8-086215ecb7fd,2026-04-07T04:12:00.823772Z,0.2,5
fc1bf500-c856-438b-b8f1-fd4e13b10415,,f2c2f2af-8194-4d29-9ebd-07cdcc73b48a,805d0c82-7625-40a2-ac29-8f766fc3f6ff,2025-09-23T11:03:16.823851Z,0.21,3
679d9a06-cf2b-4741-85d4-1368e0fd4d76,,9fbd1994-7348-4864-ab7d-6ba0d85fa81c,1cac4b7d-9687-4005-8aba-406a7a82bb35,2025-09-19T07:47:37.823868Z,0.27,1
5022771b-b1e0-4c89-9b4a-454ddea7e97b,504749b2-d6e0-4765-a474-1e9fc843a45c,,3198b1d3-c10a-433e-946a-be88a2f22060,2025-07-28T22:40:11.823885Z,0.15,3
7dc9863c-79d1-4204-9f88-a8b033eb83fc,bc8b90b5-216f-40b4-9d6c-704d1a65a06e,,0eea6ab9-a379-49ec-9c3a-9e38263db7f9,2026-03-21T10:31:29.823948Z,0.24,5
a66e6513-963e-44f1-aaa5-0e2053143ac5,c308b09a-5f2f-411a-ac74-86fa8d58f3a3,,31a62e0b-956a-4338-9c88-02b3f7ede7b6,2026-01-04T10:20:58.823978Z,0.0,2
b9fac0e9-b410-45df-b04d-45b214de3da1,,8321892f-e477-4b76-ad86-a1436b248179,1e19d020-8de6-4885-b1d8-2b9aff3f3d33,2026-06-08T20:23:00.824002Z,0.28,4
f527d373-545b-4384-b6a9-e1bab6d98d97,5c317db8-eada-4482-8e89-ba5590a15d7d,,e17a19cd-8381-40b6-8771-702f3a282e0c,2026-06-02T10:36:16.824024Z,0.17,5
6353773d-1a93-47ba-95a5-f9d90bd60892,,ee88d2ac-eaa9-4c77-9b72-b6e0e359bb39,ad3fe337-ec17-4244-8e4e-9f2e174215e4,2025-07-08T17:12:25.824067Z,0.2,2
2e752b8d-1a7d-4e27-a80d-c09df4d8ce39,d61841d6-2c66-4132-87bb-6efc7dc20ff7,,ec97e4e8-1dee-4099-85b0-85d167c59b15,2026-03-18T02:20:34.824108Z,0.29,1
119bf870-64d8-4145-b250-d288c368d4df,f9c74ef5-91bc-469b-8105-a085f2ad1fb8,,7f6a74aa-f09a-4f60-a39c-a0c68ccf7ddb,2026-01-28T03:17:39.824198Z,0.22,1
b7fd1819-cde0-4479-981c-868361589be3,,f959ff8d-0810-413d-93e3-99cbc6e96f53,af5481f4-1ba7-4d45-aaf7-51c47a71875c,2026-06-07T00:01:15.824324Z,0.25,4
121356af-9527-49d0-973c-b18e7e95e0f8,71ce25f5-0d70-476a-8e30-7d8c01c702cb,,c6fa1138-4ec2-4637-9504-2749bc13e06f,2026-06-01T02:14:52.824427Z,0.21,1
f30c335d-ec3b-46d8-97ef-d8fdc56253f7,,cf7cd50d-9cd9-461e-8968-5f6ce9ec490f,3b0e25b0-04f3-4476-891e-18d67e3329ed,2025-12-20T04:54:40.824450Z,0.22,4
bb30e4f1-4b5c-4907-8acf-677c8df20ef5,2af61357-846b-47b7-be27-d9b81db693b3,,5e2bc8e4-1797-4c5f-82a7-e5f343789acd,2026-03-29T12:45:56.824473Z,0.19,5
23dcb6d4-fd96-4fbe-8620-22a8c6e05e00,67df7533-da3b-47a5-b15d-2717f1105e80,,4560ad24-ab8b-4c2a-9a93-593950d0c317,2025-09-24T06:36:22.824514Z,0.16,4
a2d29b36-deab-435c-af2a-9fce41235163,7512cdd5-a848-40c4-a737-e3ac33674912,,6f6d558c-4b40-4c66-a4e6-e46524190ebc,2026-03-03T18:24:12.824583Z,0.08,4
6cdb9d6a-55af-438f-a415-962fd82e44d7,8380deca-4ea4-449f-a1d0-ed1e4ab52e59,,14c50a07-309d-4aac-8004-a94d51e3ca87,2025-10-02T03:40:33.824623Z,0.04,4
fc7f8688-1fda-4459-8d37-1d93d9268927,,1cddd53f-8db9-445b-8267-67d6afc16753,f980ab87-d699-456c-a96a-e362bfd00c92,2025-11-10T14:21:01.824648Z,0.01,2
19697451-e2b8-4b98-b9ce-a419802fe4df,,4d8f78e9-a873-4220-8fc1-4aaa226045fc,6cf1c788-97e2-4ecc-b9a3-f96831a30d8d,2026-05-24T19:24:43.824854Z,0.09,4
b0e04e87-cd66-4763-93c7-c6cea09eb8e2,cf4581a9-e1d2-4d79-881c-1e784839d621,,ad5fcac7-aeb1-477e-b4a7-962a3e8bd739,2026-04-03T15:21:56.824881Z,0.02,1
74fb1537-d5da-42e5-b234-c50ef781322a,,d09145d3-402c-47c5-a68f-7054f66c10eb,94ee9444-6941-48b4-b4dd-5e9bc164aefe,2025-07-20T23:02:02.824914Z,0.25,4
10ea954f-518b-40b4-a758-a325669b5969,8d7a5370-917a-4c52-a640-a04f8d0ec760,,4f829757-7e33-48b8-9950-69136f62b668,2025-06-28T12:36:34.824960Z,0.07,1
e52f1664-f805-4c74-8a2e-11422a76f12d,,e2f70170-652a-4313-8001-25ac5cb3d634,58b8f572-3bba-4143-9f32-b6fbe9afedb9,2026-02-03T08:36:47.825029Z,0.03,3
778fb92b-e99a-4e47-ac14-df61d1ec4456,ddcb32d8-f1c7-4e3f-8abb-0bf2f80c3624,,250b4af0-e307-4429-bc29-3797dfce07ad,2025-07-02T23:29:17.825057Z,0.17,2
978b91f7-f8d1-4ba1-b19d-c54ff1e884e4,fa87fd8a-ea02-44b5-a167-6857b0fbbd31,,28c08598-0919-4ad4-a544-1e20d0d0dc44,2026-02-04T22:45:23.825138Z,0.25,5
6cf0bd46-9d36-4360-94b4-2d238479bbbd,,81107df8-06a9-48e6-bd3e-355f2935c9a8,bdfcdbcc-7d63-4ecb-9a8f-8ae73ee085fb,2026-03-09T08:25:42.825155Z,0.26,5
78360690-837f-473f-912c-fb69db026051,,76589b74-5986-4b54-b252-0fca663281a3,ad5fcac7-aeb1-477e-b4a7-962a3e8bd739,2026-03-23T19:30:16.825201Z,0.18,5
aa3cd78c-d928-4b20-adb3-49f99ea92a5b,,09351ed2-aa31-43e2-bee6-7050b3892424,4249ce6f-0248-4265-950f-9f03188f5497,2026-02-11T00:36:22.825235Z,0.19,2
ed0ee3cc-967b-4275-81df-3a4c2f459491,6fae9727-3e59-4122-b868-a3cf2ac05a16,,eab47c6e-60d0-411e-ade2-82fc0a973fef,2026-03-06T23:26:15.825264Z,0.28,2
2fbc1976-4f80-4a78-9f60-d16d4b7ad666,,bbae2af2-f05b-4d5f-b909-7e4f1c0bd233,17ef5cb2-dbbc-4423-a159-fe66957fb5c2,2025-10-13T18:03:44.825299Z,0.14,2
40e09595-9cb3-466a-96be-d3dc16834087,,5cbce398-6071-45d4-9941-eb0827d45827,5bdd189c-8321-48aa-bae9-e2962031a00b,2026-01-07T20:00:56.825334Z,0.3,5
66e81df9-9299-4b2a-b6c6-5e11a023b800,e96b0330-2bf2-4221-8c83-a0321dc564fa,,80a4d750-7c17-4c78-b91c-5b63cd80c7eb,2026-05-14T16:06:45.825363Z,0.04,4
929d06ba-ffbb-47f4-9efe-80025c7150ec,a0056f36-e02b-4281-91c2-1d9501fb9645,,77016229-03e7-4ace-860b-79ee16b3f42b,2026-05-04T23:35:15.825380Z,0.04,4
442d609d-5f75-40e2-b1cc-d455929fc022,f89fae14-33e7-4399-a1d2-ea86bbb16485,,8998e993-9ba7-4ede-965c-cee7af7a4457,2025-09-24T05:46:45.825408Z,0.27,3
adef3010-fd72-46d3-ae63-4358cd58cce8,cf30a3ee-3fc8-42c0-a371-ca9e028501b0,,19526f67-9ddf-4aab-b411-0bee51cec320,2025-06-29T10:27:50.825483Z,0.01,4
b379a242-637d-484f-9de9-0db84e0d671c,,003c4ca1-190c-4a82-b914-62240f026d64,242a17b5-0a2b-4177-a01c-b2d07b8435df,2026-01-10T18:16:10.825766Z,0.19,1
e375b40f-4565-4df3-bf37-19db8f76edcf,b4ae784b-3905-4589-8158-4c344b0cb907,,1209a847-3e6d-4ef1-a2ac-448ae204babe,2025-10-01T17:11:25.825783Z,0.12,5
269834c2-fe09-43ad-a5a0-7f9f99ac27cf,4c56e24d-31c5-433e-861b-a265429a86eb,,59d6d6c9-1940-4e0a-a3ed-ca04666e89b9,2026-05-08T08:17:00.825800Z,0.26,4
6fb04482-8070-44ff-a26c-65a84e208acd,,182ba238-a351-44eb-ad67-0102a5106618,242a17b5-0a2b-4177-a01c-b2d07b8435df,2025-12-11T10:52:46.825840Z,0.22,5
75481010-2a84-442f-87eb-4329e27048d8,,a42a6031-a14e-4f12-8c71-c6d7d53fc586,59d6d6c9-1940-4e0a-a3ed-ca04666e89b9,2026-04-06T09:44:35.825912Z,0.21,5
0664b69f-af02-40f3-a006-669d85f9566d,,15c0a7da-b5b3-41b4-a158-995b7db68fe9,24a56de7-f7f9-4a74-84ac-6ee7f5d63eeb,2026-04-30T15:04:56.825935Z,0.26,2
d630ce5a-de0c-49ab-8953-52de99a02264,64c7bfb1-aa9c-4a62-a649-a09c9024ab8b,,f08ab47d-3ff6-49f4-ad4c-b00fe9042589,2025-08-07T07:19:40.825953Z,0.14,1
e10514d5-5ff4-473c-90e1-0fbace406bac,32641d01-608a-452b-a81e-79931539d759,,12e3fbe3-5387-41d3-b055-ed6b543f5f0f,2026-01-20T10:07:07.825970Z,0.17,2
a511f708-cd98-4338-b743-857c77f0e019,a7d4c10e-240a-4b3b-829e-98232e58afaa,,22a51531-4be1-45dc-9e5d-2c9c0df0de82,2025-11-06T11:54:51.826029Z,0.15,3
94ea5d56-1394-4658-863e-cab6f76e1bf2,0455b293-7f74-4930-8c56-a6f15d8d1fe3,,e5990352-abf4-4954-bbe9-48ef19db84b7,2026-05-10T14:21:02.826057Z,0.21,5
8a44135c-7c4d-47f1-93aa-44f6f4f4aede,2af61357-846b-47b7-be27-d9b81db693b3,,145417d2-0475-455c-bfdb-23ddc2020330,2025-09-25T10:41:29.826086Z,0.12,2
43ac474a-9b8a-42bc-8cd2-bc6b2ecfb9e6,,b2702e5b-3d01-4d1c-b3c9-6b0a0180358f,372ded30-38b9-4299-bf0d-124cb3f95d09,2026-02-20T00:56:51.826116Z,0.18,1
12c4c5fc-d50d-4e53-9a16-c7f6b60cd237,,9c0a3682-1a2c-4b43-9dcf-a9c57d7ad71f,6f6d558c-4b40-4c66-a4e6-e46524190ebc,2025-09-30T08:36:09.826174Z,0.07,4
741d38a9-1ad9-4f9d-b229-d548266e6b58,02df37e7-d9a7-4261-89cf-e625ac86587b,,6b43d3b7-aca8-4905-9318-b1c3fbed419e,2025-12-02T16:11:05.826191Z,0.05,1
19ad15dc-e0a0-4d0d-a0f2-e5675b819cc5,,aa6bc019-cd8b-4173-80c3-c3116217b6ce,9234bb80-ceff-4626-9cc6-fc6f757ee0d6,2025-12-11T01:52:05.826288Z,0.2,2
644e1be6-d61e-4bae-bade-2c701f8808f3,,370379f4-ebce-42c3-bd02-2d31507b5ea6,cf925fde-e447-40d6-8073-e23c6f551820,2025-11-06T10:05:33.826305Z,0.24,3
8bd4e2e9-053f-414d-8c23-b98a001831bc,f9c74ef5-91bc-469b-8105-a085f2ad1fb8,,a2aa5c5f-237b-4acf-bd4d-896ec1b7d815,2025-11-01T15:20:42.826322Z,0.24,2
4c9f7fa8-42a8-4524-87a0-cd70b4b0e204,98a4efdc-02c5-4ef0-b245-b3407d06f276,,6b43d3b7-aca8-4905-9318-b1c3fbed419e,2025-07-25T02:02:02.826340Z,0.06,3
ef0966c5-a62a-4965-a6b2-c02a738cca31,86c76c73-9c5c-4b9d-b3f9-59e443163e6a,,c3163de1-b9cd-44a7-93e9-588433a1e23f,2026-03-13T08:55:20.826357Z,0.14,4
9d6414f5-b2cc-4d98-977c-9de05272a26f,d61841d6-2c66-4132-87bb-6efc7dc20ff7,,17d8280d-5414-49df-ac1c-db72a02c6e18,2025-09-11T07:33:19.826390Z,0.09,2
f8466ff2-b734-4b57-ab4f-1ce782416a09,,10e72269-6caa-4201-89e3-aaabc5007a53,c9d3792c-59ed-4d20-b80d-de9e5af11e7c,2026-06-14T12:57:20.826430Z,0.09,4
64c12307-52b2-4e7b-9428-c7cfcaf9a429,bf2b13a2-8bd7-45ba-9a26-4840a59aa128,,f0bc20ac-801d-4401-bafa-1a2d45fdf2fd,2025-10-30T05:30:35.826472Z,0.26,5
2b23df4d-64f5-4a31-af5f-118927faa20b,,17468acb-13cc-48ea-9151-da7389e371e9,8ac69fa0-f2a2-4e7e-8d20-db1696a88a49,2025-12-23T08:51:28.826489Z,0.13,5
7bda0fe6-34bc-49b2-a374-d5829b9fad56,507e7c35-3a3b-498a-8cb9-fdad839946f1,,c3163de1-b9cd-44a7-93e9-588433a1e23f,2026-02-12T08:43:58.826518Z,0.09,5
7eedb394-9b1f-49b8-83fa-563d995aa798,,246f6f5f-6a86-487f-913c-220558f65d0a,59d6d6c9-1940-4e0a-a3ed-ca04666e89b9,2026-04-08T05:28:34.826563Z,0.07,5
4ae5dbd3-96e4-4b7b-8bfc-aebec43f7219,c8aadad9-9b37-4350-a20b-928e2cab5566,,8245b2fb-a8af-474b-8d23-4304a5e9a19f,2025-07-31T11:29:07.826603Z,0.22,5
9b230d24-ccfa-4bed-b3a0-c3e424e28e32,,6292b11e-ff91-49cb-b255-f93791ae3824,99a57440-b846-4581-bc1a-44f38a214cf6,2025-08-22T09:29:00.826729Z,0.22,3
8d58adf7-adaa-4c53-9610-245d58908cc5,aa643d96-ef79-47e9-a367-5a03dbda3bec,,370920ed-3f8d-46f5-b78d-f4d5c426c5e2,2025-08-29T17:41:58.826780Z,0.09,3
90db64cd-5171-4252-b358-3c3631c914ae,,16c72744-2a08-47ad-9c66-9d815ec4e8d2,eaf75b03-369e-4f19-9773-1a8ed15cec34,2026-03-30T14:20:02.826820Z,0.26,3
7b44c8ff-8311-4f94-8ae1-acf5b17b04e6,,95f725a1-2175-40cc-bec7-d39a2d95d95a,c85fdb82-bfb8-466b-8587-2c4a96321250,2025-11-16T00:11:02.826853Z,0.23,1
39de05dc-ca4f-40e3-ba52-56f5638db13c,,1cf43f4c-9cdc-4b33-bd74-82c887998661,262281ca-9da1-4f48-bcc9-dac7c497ca85,2026-05-23T20:15:29.826904Z,0.02,4
2db7754e-5c45-4fc3-b98e-9f911e5c505d,,7a001a4b-a4a5-445a-a8ee-b5fbbd714b87,f3339075-6de3-4983-84ef-c23595b30f1c,2025-12-17T21:31:18.826956Z,0.2,1
8b1cce64-ab43-41be-97a6-cf10e38f4381,6b8b786b-4f1d-44dd-bec0-f25a4f6c7654,,e17a19cd-8381-40b6-8771-702f3a282e0c,2025-07-31T14:13:53.827003Z,0.12,5
6fd54704-715e-4a64-b86d-70334d7fbc42,4a5c6de9-e24b-4808-a544-9bd7c3cb8fed,,7f6a74aa-f09a-4f60-a39c-a0c68ccf7ddb,2026-03-23T23:12:46.827031Z,0.1,5
4625c23b-e305-4a31-8dde-962f55e0378c,1e6c0808-fcda-4f34-8356-c295e6a3bb11,,23c26c56-4049-472b-850f-65f46207be56,2026-04-29T15:12:08.827053Z,0.01,5
10fe3ff4-09c5-4f30-ae68-41310ad1b056,,a6265984-8263-4998-89c8-80e678a959c6,4f829757-7e33-48b8-9950-69136f62b668,2026-01-09T00:10:02.827071Z,0.08,5
def79270-1647-4c5f-91d8-91013a526afc,128ede0b-9fd5-436b-91aa-d31b1c464021,,af5481f4-1ba7-4d45-aaf7-51c47a71875c,2025-11-01T07:57:41.827116Z,0.11,4
af25701f-ad95-4149-abca-8dd542e56130,7c0bba81-fc80-4e18-ac26-123b81363c49,,ad5fcac7-aeb1-477e-b4a7-962a3e8bd739,2025-12-03T23:20:44.827146Z,0.27,2
8fc8fe55-7af6-4fe6-a7fc-7e0abfe1a142,,be4d1df5-a400-44dd-a17b-cdbf6fcf3d16,12e3fbe3-5387-41d3-b055-ed6b543f5f0f,2026-01-17T06:31:52.827163Z,0.28,1
a48ddd77-83fb-470b-996d-81f22ca28fa5,ddcb32d8-f1c7-4e3f-8abb-0bf2f80c3624,,d98ac824-b1cb-493c-b4dc-fa735d579080,2025-08-09T04:20:43.827215Z,0.12,5
79503728-2d48-4b41-b23b-96ac8e9b6756,6ae7eef2-2e62-49f1-a747-5f874ddc67ec,,4249ce6f-0248-4265-950f-9f03188f5497,2026-02-27T06:01:36.827297Z,0.03,4
445b8054-389c-4fc4-b62c-0a75a91de367,,3d81396e-e2ee-441d-9cc7-301c2180a293,a2aa5c5f-237b-4acf-bd4d-896ec1b7d815,2026-04-22T17:12:33.827320Z,0.24,4
031f2af0-f5fe-4333-ba28-c26b530799bb,,b9aa78c2-59fb-49b0-8f88-ae14952bfc5f,22e8fa38-2c1b-4639-8e7d-d245269424b7,2025-07-26T20:01:04.827337Z,0.01,2
e163229e-0fb5-4a13-86e8-a4d73505a11a,135f492f-201d-422d-bb56-4cb4fbb56371,,4560ad24-ab8b-4c2a-9a93-593950d0c317,2025-06-22T23:57:21.827354Z,0.14,1
2e826ca0-735e-4185-9cc0-c30dff2b5056,,b6602254-45cb-4df2-b7c9-9dd6305b28c9,59d6d6c9-1940-4e0a-a3ed-ca04666e89b9,2025-10-27T08:42:29.827406Z,0.25,2
68515766-6165-4d30-a0d2-019ddee43717,6ae7eef2-2e62-49f1-a747-5f874ddc67ec,,a81b33a7-ba53-452c-8801-04aabe7f038f,2025-11-05T16:52:29.827446Z,0.08,4
e0c0640a-f203-4bdc-bb9f-1f1e563dca31,,e06b3c91-4eba-428b-a115-8eb9ea157937,145417d2-0475-455c-bfdb-23ddc2020330,2025-12-16T06:15:48.827515Z,0.24,3
703c933a-a312-4a77-8fa4-72f6e9fe6536,97c5ecac-aa81-49b4-a421-3ca6574e92a7,,59d6d6c9-1940-4e0a-a3ed-ca04666e89b9,2025-09-05T02:18:31.827578Z,0.22,3
53abf689-4a5a-43d8-96b7-ffd44661aad1,78eca5c9-9db6-42ff-9df0-bb05100863ce,,8ac69fa0-f2a2-4e7e-8d20-db1696a88a49,2025-07-08T13:03:04.827642Z,0.12,1
ebde8449-4e70-44da-9d58-fc4c81fe67d4,d7377450-ddcf-461c-a571-e7ba4c034892,,c8692397-bab9-445a-90ae-7439cc46cd74,2026-05-12T19:29:44.827683Z,0.04,1
22f8e75f-78ef-47d7-b013-ccdf31bfa160,33695f6b-97f8-4629-b958-aee9db764e84,,39e9c2c9-901f-499e-8c46-57804a2f9255,2025-10-14T04:58:52.827739Z,0.02,1
930b03c2-c1d1-48df-9dc7-ad5cbe313c88,74a7b483-dbb3-44ba-99b3-d77e3d1630eb,,f980ab87-d699-456c-a96a-e362bfd00c92,2026-02-04T22:26:11.827761Z,0.12,5
ad6cffb6-8d21-4ad6-8f9d-2be49ce0557c,,20b224c9-5a20-463b-9b67-ecbdbc9340f1,1e19d020-8de6-4885-b1d8-2b9aff3f3d33,2026-02-11T11:15:18.827826Z,0.04,5
7bfe937c-220a-4719-b6a2-1e51521ca7d8,,17824ab2-7dc3-49e4-afb9-4e64793a0b3e,eae4837f-4e9f-40fb-a287-f3ea4195f02e,2026-02-10T13:26:11.827854Z,0.23,4
4bdb1206-19e9-49b6-aa6d-2e16d5f62c74,2020cf92-33bc-461a-bc2c-dcf46acc0da8,,eae4837f-4e9f-40fb-a287-f3ea4195f02e,2025-08-20T09:10:29.827889Z,0.0,2
eda24c04-872f-414b-85ca-6221316c5e2a,,b4002784-3bc5-4211-b765-49c56ae1d56f,e17a19cd-8381-40b6-8771-702f3a282e0c,2026-04-24T04:37:38.827942Z,0.09,3
057281d1-3a1f-4e45-ab69-f812abaca820,4f782818-803d-4494-86b0-18c174d4f6df,,95176c1b-f8b5-4499-af67-49f7732c6c68,2025-06-21T03:46:07.827959Z,0.23,4
cfc631b0-29ec-40ac-a150-c7395a83df94,,eaeda5dc-8de9-4b69-8a1d-cae6c3238de7,f3339075-6de3-4983-84ef-c23595b30f1c,2026-03-11T23:46:38.828015Z,0.11,3
4793c235-2680-4968-90a7-db52e6fe2b2e,,df7bc39d-8845-4674-a61c-fc429047c947,f6f56971-131f-45a6-8e96-4504bb012c40,2026-05-28T22:02:07.828054Z,0.04,4
6f5aed44-8917-4f46-ae41-d7349e8ca707,f483e088-2c1d-4574-add1-03aa91bfb55b,,4f829757-7e33-48b8-9950-69136f62b668,2025-08-09T08:27:07.828130Z,0.05,2
e4a24a6d-29fb-4b4f-b3bb-3264a79d9c86,6e088c5f-39b5-44fb-97db-fb9f5abd57ff,,12e3fbe3-5387-41d3-b055-ed6b543f5f0f,2026-03-23T22:06:43.828159Z,0.16,4
fe947135-0563-4c46-b3d4-a64d4814c226,,874d2847-e962-400c-8546-9536b2382ebf,b4cf6a02-8d8f-4f2a-a7d2-b552fe2cffc6,2026-06-14T16:33:02.828176Z,0.2,4
d888a295-4020-4a61-97f0-4a84111cee73,0fdccec9-42ee-469f-ad10-d1d6f7bf29bc,,22a51531-4be1-45dc-9e5d-2c9c0df0de82,2025-08-18T06:33:08.828205Z,0.01,4
f650dc3d-8931-4346-8935-3c863b8ddc3e,,b9a8a678-8cf3-451d-a403-66447db6cea1,c6fa1138-4ec2-4637-9504-2749bc13e06f,2025-12-16T09:59:16.828293Z,0.17,2
da5e69d7-c74c-4949-be42-62a214c07081,00213018-5d7e-42e8-bb10-f12baeb31b2e,,9234bb80-ceff-4626-9cc6-fc6f757ee0d6,2025-07-15T13:08:49.828315Z,0.19,3
37f97d1f-9166-461d-946b-bda1a34482be,,2937bb14-bfd0-4f22-929d-7209b5b5c527,882325b0-d544-426c-b74e-9b64ff3ef4cc,2025-07-15T17:37:42.828390Z,0.15,1
5eb10003-207f-4fd2-b916-c4c106fce1d8,246a8fbe-760a-4f3a-a8e1-8a9c5f39aeca,,174b1816-01c1-46c2-8a46-6e6ad57e5965,2025-07-03T21:05:25.828408Z,0.18,2
876732bf-f193-484d-a5cb-fbf281d1dde0,6ae7eef2-2e62-49f1-a747-5f874ddc67ec,,f3339075-6de3-4983-84ef-c23595b30f1c,2025-08-04T00:05:48.828491Z,0.28,5
7600542d-bd50-48af-b8c6-c505a2544828,,85510ec3-ca1d-4a7b-a05f-51257c93d5d4,4f829757-7e33-48b8-9950-69136f62b668,2025-06-29T08:08:48.828531Z,0.12,5
bd11c001-4df6-4e33-9446-8f532de4edff,,4c2eaf9e-61ec-446c-a520-957f3c52651a,51de8c93-7a17-4f51-ba8f-d0ac995c566a,2026-03-01T05:09:15.828553Z,0.09,3
dfc3d531-c0c8-4d6a-8c9c-71f3fa333067,71ce25f5-0d70-476a-8e30-7d8c01c702cb,,6b85123c-b94f-4258-9142-0599eff0a787,2026-03-01T07:02:53.828646Z,0.23,1
dcecfd21-9311-4792-9434-a0a077f2417d,33695f6b-97f8-4629-b958-aee9db764e84,,96164111-3295-4ecd-9696-77c13aa1e9c6,2026-05-07T12:43:54.828663Z,0.25,2
b109297e-d08a-43b9-9817-af2660043a83,,370a8835-5cf6-4088-8ff4-355a5193ce4d,b4cf6a02-8d8f-4f2a-a7d2-b552fe2cffc6,2025-10-31T15:04:30.828766Z,0.26,2
1df3f639-8427-41ea-9d56-8d963780cb0f,b6d674f6-ec60-4c63-b066-7a1abfda2276,,cf925fde-e447-40d6-8073-e23c6f551820,2026-06-18T08:22:02.828807Z,0.27,3
c8c1abd6-9810-451c-845e-134e2d533686,,de21c314-33cc-43b2-b64f-750b1446f39e,4249ce6f-0248-4265-950f-9f03188f5497,2026-01-05T18:03:48.828824Z,0.09,2
14210e7d-6f12-468c-92b2-670ad24e6f6a,,6ee1c356-e4a1-42ca-8591-8f84c383066e,bb3acd74-a761-49bd-b7bc-fbf35502e696,2026-01-02T19:16:22.828853Z,0.25,5
a13be558-7f41-4f93-90ea-660fabb6144c,4965914d-e32d-46ce-8abf-92f44d7cc7f8,,ea11794b-9211-4543-87ff-999e6bd73cef,2025-09-11T17:06:34.828962Z,0.14,1
088dcb23-784a-4f58-b2da-d94cd694fd3e,f483e088-2c1d-4574-add1-03aa91bfb55b,,c0dc7454-44d3-4bda-817b-d31875e44201,2026-05-21T16:48:15.829013Z,0.05,5
b114d0d8-910a-42c5-99db-6e9e37c9dbc9,,2706fcd0-2308-48ad-818d-6dd04e3f9117,6b85123c-b94f-4258-9142-0599eff0a787,2025-10-15T01:42:52.829048Z,0.01,3
3df0ba2e-fea0-4d65-a2b5-944ed537c3b9,46442619-5731-479b-b8ed-c5f7c91e56a5,,c6fa1138-4ec2-4637-9504-2749bc13e06f,2025-07-16T09:38:15.829158Z,0.02,1
6aec5774-ca30-4c29-b0ba-33b90e4b87c2,,b053b1c6-b4f5-4437-9c30-f44fe5f874a2,4dbf9778-98c0-4446-9ec8-916ba556fdad,2026-05-09T21:31:03.829197Z,0.28,4
1531c13f-2ddd-48ed-a56a-b775aa3031ab,a98039d8-aac0-4ab4-aefb-271bbfefb405,,37727a64-f037-49a9-bcf8-086215ecb7fd,2026-04-27T04:11:02.829237Z,0.04,4
74897317-91b7-4009-96da-249f1166b7bd,,d5823be7-1fb8-4898-bcaa-a295f09dec9d,7f6a74aa-f09a-4f60-a39c-a0c68ccf7ddb,2025-11-19T18:41:27.829266Z,0.06,1
dd3e7034-5d68-48dd-80b2-0c5c13f108cb,,654d2be1-31c2-4912-aa08-85746925a409,80a4d750-7c17-4c78-b91c-5b63cd80c7eb,2026-01-04T08:40:44.829341Z,0.14,1
df1cfe0b-54fe-4ac0-bf88-17b6d80f317c,,3bf2455d-80d4-42b8-b184-a0421ac56609,1638242a-9e18-4c5a-8ba7-dcb01ef7c6b0,2025-09-01T13:46:45.829415Z,0.17,3
485b3fd8-5b48-4b74-8e00-3e84be8bf694,cc02d674-d8d0-4c88-9635-5d3c9629c46a,,bb3acd74-a761-49bd-b7bc-fbf35502e696,2026-03-31T19:17:06.829455Z,0.3,2
d13bf29e-4777-4d25-a08e-232be369a71a,,28e7e771-14fd-45c2-a627-848f9ab1a345,17ef5cb2-dbbc-4423-a159-fe66957fb5c2,2026-06-17T05:32:20.829485Z,0.21,1
47143f9c-7b3e-41dc-b068-5f59b02761a7,0f2672d3-0d1d-4747-9e71-a91ada364540,,c8692397-bab9-445a-90ae-7439cc46cd74,2025-10-25T13:54:49.829508Z,0.24,5
51dd519a-5980-476a-905e-c4cafa17c1ac,,be189c4e-d827-4aca-a3ca-fa25580a10e4,370920ed-3f8d-46f5-b78d-f4d5c426c5e2,2025-09-10T06:23:25.829651Z,0.01,4
efd08c76-013b-44d7-9a32-ba85ce776619,71085110-5006-4d53-be81-586c708f2ee4,,7f6a74aa-f09a-4f60-a39c-a0c68ccf7ddb,2025-10-03T18:27:50.829669Z,0.1,1
8f35c8d7-df8c-45b2-97d9-78af2103ac9f,36de30b3-a22d-4ae9-9186-ada9f09838e4,,250b4af0-e307-4429-bc29-3797dfce07ad,2026-05-22T08:43:58.829785Z,0.27,4
384e1dca-d7cf-4266-a166-198e9ef07332,,2b2c1a73-311d-47fc-98a1-88c282c13821,1e19d020-8de6-4885-b1d8-2b9aff3f3d33,2025-07-02T14:10:44.829836Z,0.21,2
a1fc6604-8a4a-4ef5-8e94-184d76e0855b,,6cf7a306-e15d-4db0-b1e4-38ee002c929d,95176c1b-f8b5-4499-af67-49f7732c6c68,2025-11-09T10:05:02.829866Z,0.06,2
28ff10c3-9ac9-43ea-a4fa-fabedb5d9369,db40b9cc-dfdf-4211-8db7-d4949c9eff7d,,39e9c2c9-901f-499e-8c46-57804a2f9255,2025-10-15T01:57:13.829884Z,0.16,5
4cbd20da-f8ab-47d0-a128-f5a87d1671ee,,28497028-d4a2-4569-a30d-b3075cce3959,19526f67-9ddf-4aab-b411-0bee51cec320,2025-07-30T20:54:27.829931Z,0.27,2
9d87f49e-9010-411c-9130-5140f5aa56ad,1f210a6b-e1a4-4c39-93db-4d5b7da526e6,,9234bb80-ceff-4626-9cc6-fc6f757ee0d6,2025-10-20T06:59:36.830034Z,0.17,2
34848365-b0d6-4362-b0d1-05ca61b1382e,,ded03670-4263-40dc-b97c-bb0508d274a8,250b4af0-e307-4429-bc29-3797dfce07ad,2026-04-14T03:19:46.830051Z,0.2,1
3a6d79ba-b1f3-429d-821b-dff0ed5da7a2,081dd653-126d-48c5-8df5-309a2eb542f2,,a85314f2-4706-4d04-af9d-12e821756358,2025-11-05T19:05:41.830120Z,0.26,4
d45c6a18-c6d4-44c4-aadc-bcac932f9417,37b111a0-fc80-4450-bb99-d2b2a088b898,,27366ea9-7d9d-40ad-ab66-17f827a45e78,2025-12-26T10:38:49.830177Z,0.07,3
2f611753-4bfe-45b5-88cc-85bef36129ae,2f731e64-d8b8-44fa-9d6e-b05865a559a3,,9183c4c5-47db-4e6d-af05-9eafe1f586a0,2025-10-26T19:12:12.830200Z,0.09,3
3b5e03fb-8d98-4b97-90d5-acafc9a807fd,2cb2e0b1-9470-4616-8e5e-2010aa828a78,,4f829757-7e33-48b8-9950-69136f62b668,2026-01-18T20:29:02.830217Z,0.05,2
f1f6ec88-270a-4ea7-9fe6-a5b79ecb4c6b,cf75ceab-4dcd-4aa2-9279-0521a0488f40,,4dbf9778-98c0-4446-9ec8-916ba556fdad,2026-01-21T12:19:54.830281Z,0.3,5
341ac746-971d-49bc-8d07-7ed519e98c5b,,e83961d9-75ff-4469-be08-b70d063b670c,cf925fde-e447-40d6-8073-e23c6f551820,2025-12-29T12:14:01.830310Z,0.18,1
641ff7cb-3b34-4ed1-a8c4-175b14d79f7e,b8309d59-5dff-43ad-861c-05c59ffc736c,,12e3fbe3-5387-41d3-b055-ed6b543f5f0f,2026-06-18T00:13:11.830373Z,0.05,4
847049f6-223a-4103-a4f3-9ab26808dcf5,,4561a818-9a15-4841-a2d9-c1c36a075019,eab47c6e-60d0-411e-ade2-82fc0a973fef,2025-10-26T12:32:07.830426Z,0.22,5
1a99578b-5938-4b27-a161-bafb58256a3c,3c9287c1-4ef4-407a-81f2-02e47f73245c,,23c26c56-4049-472b-850f-65f46207be56,2025-12-16T03:07:50.830443Z,0.06,4
6870a685-c42a-40f5-b210-497acfea6397,,960c5cbb-8f9f-4971-b120-f329286f5ad2,4f829757-7e33-48b8-9950-69136f62b668,2025-09-06T23:29:51.830465Z,0.19,1
bd85c37c-21b4-48f9-b15e-6c7d8dc70867,6d540b7c-65e8-400b-9b9c-300fec44f955,,6f6d558c-4b40-4c66-a4e6-e46524190ebc,2025-12-05T23:33:54.830522Z,0.1,4
4a810759-8abb-4a92-afa8-bd201a15e930,71ce25f5-0d70-476a-8e30-7d8c01c702cb,,8998e993-9ba7-4ede-965c-cee7af7a4457,2025-08-20T00:37:41.830556Z,0.01,3
8d446966-634a-4cf4-8426-c50bccb2a90e,aae79a82-52c7-4399-85cc-128ffadfd06c,,174b1816-01c1-46c2-8a46-6e6ad57e5965,2025-07-30T06:28:38.830658Z,0.03,1
e8684c25-543c-4ccd-9dc7-a5ec971c5540,67940b88-e2d8-4ce6-bd5f-a5b9e45bbef2,,a85314f2-4706-4d04-af9d-12e821756358,2026-04-16T07:01:18.830680Z,0.29,2
70e27b88-d73f-4055-8e90-dda450b03545,71ce25f5-0d70-476a-8e30-7d8c01c702cb,,3b0e25b0-04f3-4476-891e-18d67e3329ed,2025-12-13T11:35:17.830697Z,0.08,3
e69e3766-2735-4587-927e-e295858ba5c4,357433fe-34fc-46a7-997b-0255019a71a7,,95176c1b-f8b5-4499-af67-49f7732c6c68,2025-12-10T19:43:25.830807Z,0.21,5
5d13e4f7-8f72-4100-a48b-e841a93ee162,829f65f0-86a9-4c16-a506-828486931569,,4f829757-7e33-48b8-9950-69136f62b668,2025-10-22T23:45:35.830836Z,0.17,1
8fcf36ba-7bed-4891-935d-033bd0360484,,84f298f8-6aec-46e8-8c2c-52b5e03bd902,22a51531-4be1-45dc-9e5d-2c9c0df0de82,2026-02-15T01:25:16.830864Z,0.29,1
f21897a7-0bd7-4695-b6f8-e2efbfb5d460,c8aadad9-9b37-4350-a20b-928e2cab5566,,242a17b5-0a2b-4177-a01c-b2d07b8435df,2026-04-24T05:07:26.830946Z,0.24,1
d55dafa6-27fd-4cfd-a7ac-51eb43358f74,,7bdd51f3-8f19-4194-b04f-28c0cade680b,174b1816-01c1-46c2-8a46-6e6ad57e5965,2025-11-01T19:33:05.830963Z,0.12,1
df8f86c1-d4b0-4a9b-9caf-7ed93f8193ca,0d229103-cd1b-43ce-8b78-f16fda8cffd5,,b4cf6a02-8d8f-4f2a-a7d2-b552fe2cffc6,2025-11-23T22:05:18.831003Z,0.23,1
ff40794f-fd30-433d-b59f-ed591c8cd09c,,c421bb81-2ebc-4ff2-8695-3a10f31e440e,95176c1b-f8b5-4499-af67-49f7732c6c68,2025-10-06T00:01:54.831027Z,0.04,3
8b5f61bc-2ba6-4ee4-9649-fec014876e2f,de4af6c9-7f7e-4b11-a7cc-02b4e2518048,,59d6d6c9-1940-4e0a-a3ed-ca04666e89b9,2025-12-26T16:39:55.831056Z,0.21,3
206fdfb7-4318-4e41-b0fe-638a66871203,be8983c7-ccac-42d2-b835-b4c8ed1999f8,,24a56de7-f7f9-4a74-84ac-6ee7f5d63eeb,2026-03-04T22:08:09.831091Z,0.14,3
b79e1da8-91dd-4e19-b3a1-8843e20949ce,,80327e1f-dc95-4dae-9cdf-b91d4f40774d,dc65cf1c-922f-4f2a-be7d-7f596ab58867,2026-05-14T18:24:00.831108Z,0.11,2
1751e19a-b450-452d-9b29-732ecdb5e62a,2cd62bc0-da0c-43f5-8eb1-e0cb90d0bd12,,ea11794b-9211-4543-87ff-999e6bd73cef,2025-07-17T03:35:32.831194Z,0.09,1
0b3ca2ad-55db-4368-950d-4b551fa8bec0,,ea4c7ee5-98ac-4c1e-ad56-0ea80bc47bef,f980ab87-d699-456c-a96a-e362bfd00c92,2026-02-04T17:45:12.831272Z,0.02,2
80ab4c4c-3598-4037-87f0-214f16fafd9e,2f731e64-d8b8-44fa-9d6e-b05865a559a3,,e17a19cd-8381-40b6-8771-702f3a282e0c,2026-03-06T06:06:49.831341Z,0.23,2
d5ecfc3a-e1ee-47c0-a57d-0a033c20a922,fe856c16-d5ca-4879-a7a0-52cdc72b0ab7,,e4f08e85-289e-40c7-ad90-983f186d02dc,2025-06-23T23:35:34.831369Z,0.29,5
4a672c67-24e9-4122-b755-7485145b7f86,4f82579a-270a-4e62-9755-662aa16d3159,,6b85123c-b94f-4258-9142-0599eff0a787,2025-11-25T22:19:16.831417Z,0.01,3
35ec1a89-3f46-485c-bba2-60c5d6a8432f,,870b2700-f9ce-4ada-b277-b8dd6782e800,250b4af0-e307-4429-bc29-3797dfce07ad,2026-04-07T13:06:50.831481Z,0.25,1
0ed33c1d-0b07-4c7b-ab38-8131102bca32,,e3751c4e-5b82-4d0e-8a82-15e0abb27544,181c0491-9549-4f06-acf3-4e0bf1af8724,2025-10-13T18:10:38.831611Z,0.12,1
6a6a7a04-4840-4e00-b3e6-2be622806d46,27cc181c-2196-4226-bb41-96405f7b58ad,,882325b0-d544-426c-b74e-9b64ff3ef4cc,2025-09-04T21:42:08.831713Z,0.24,1
be0730b6-d523-46d3-87e8-c9edb96c3cf2,,c8746352-f74f-4a4f-9aae-14218746518b,99a57440-b846-4581-bc1a-44f38a214cf6,2025-11-20T15:34:14.831765Z,0.28,1
8e674aa7-13e7-4542-95c0-b33caca4d807,,5e8695b7-08bc-4c0c-b19f-9729c739a00b,8245b2fb-a8af-474b-8d23-4304a5e9a19f,2026-02-13T03:37:12.831817Z,0.1,2
a06755ba-d66e-422f-916c-6a86d5245e1a,9cccee8d-dae0-44b4-890d-e8804ed2ba6a,,7f6a74aa-f09a-4f60-a39c-a0c68ccf7ddb,2026-02-13T20:52:16.831835Z,0.13,5
a54942bb-08bf-47a5-a172-8d3823c4eb16,d28797f1-8438-4636-babd-2af66742afde,,94ee9444-6941-48b4-b4dd-5e9bc164aefe,2026-06-14T12:58:16.831906Z,0.09,4
37491af5-0339-4bd7-b13b-52b0e2f7e09f,,79be57a7-a3db-427c-9d45-54326856a945,6f6d558c-4b40-4c66-a4e6-e46524190ebc,2025-09-18T17:21:12.831929Z,0.19,4
fe2a6117-9762-4845-95fc-24e61dcf7f6f,db40b9cc-dfdf-4211-8db7-d4949c9eff7d,,ad5fcac7-aeb1-477e-b4a7-962a3e8bd739,2026-05-08T13:01:25.831958Z,0.14,4
04e32546-ec57-40e6-ac10-06a8b3dea511,9ad9c95d-58ae-4bb8-b54a-be32daead40a,,4dbf9778-98c0-4446-9ec8-916ba556fdad,2026-05-08T00:54:41.832054Z,0.19,1
ec74f9f8-6369-4a6e-b2c8-52b3fe1597c9,,7c6118a8-6877-49c3-9a9c-566d316bf4ea,ad3fe337-ec17-4244-8e4e-9f2e174215e4,2025-11-28T06:08:36.832071Z,0.1,3
6749d677-88a4-4a5c-98bf-c94e5af7602e,,64ca1b8d-d4b4-4433-a028-3654e919841a,bb3acd74-a761-49bd-b7bc-fbf35502e696,2025-11-25T04:22:33.832186Z,0.13,1
6d97dfd7-9d1f-4ef2-8e83-a0c3e001c8f0,,8e87a553-61e8-4d71-9a3e-58cf564bff8e,9183c4c5-47db-4e6d-af05-9eafe1f586a0,2026-01-16T09:45:20.832204Z,0.22,4
39726aa1-775d-43fa-8976-c514dae1f314,,b367e91d-c8b6-42ff-80c3-51b54119fc69,77016229-03e7-4ace-860b-79ee16b3f42b,2026-05-20T10:54:50.832221Z,0.25,1
86c1ecfb-1069-4a97-b388-ab03adeb7b8a,,fc9a0e0a-94c7-430d-83f5-71e532b0a6cf,a81b33a7-ba53-452c-8801-04aabe7f038f,2025-09-13T07:33:36.832273Z,0.13,2
f9b1d686-b3c3-4e4e-b712-16b54d7524bd,a2a34423-28fc-47a7-a92b-1958542a76b0,,95176c1b-f8b5-4499-af67-49f7732c6c68,2026-03-14T18:44:23.832290Z,0.25,1
59d7629a-2d86-401a-a5f2-eed4f588d3e9,77e21ed9-534c-49ff-bf3a-6c81910050d5,,22e8fa38-2c1b-4639-8e7d-d245269424b7,2025-12-12T07:37:35.832307Z,0.12,4
6fbdd7cf-05a5-4d3d-bb2d-35a23b1baa35,db710c0d-073f-4533-a992-2147c6c05480,,9183c4c5-47db-4e6d-af05-9eafe1f586a0,2025-09-23T17:05:15.832348Z,0.02,3
87532578-2da5-4db7-a05c-fb7ed89b9893,09e7e9c9-083d-4a69-97de-18d21411c6c9,,8998e993-9ba7-4ede-965c-cee7af7a4457,2026-05-19T21:07:25.832412Z,0.23,4
bc243057-422e-49f5-a114-d879d83c7e7b,,4977b285-16ac-4f5e-9749-bdbd9cfd790c,4560ad24-ab8b-4c2a-9a93-593950d0c317,2025-10-11T13:24:00.832509Z,0.17,1
b25ff2d8-15bd-4395-96b0-a8e21dfb6573,71c6e6d7-4017-4867-addd-e41f63141a8e,,af5481f4-1ba7-4d45-aaf7-51c47a71875c,2025-07-27T05:50:56.832537Z,0.14,2
9143bf94-94d9-4981-b47d-1d99c779fef4,fa758a21-f806-45a8-88df-4b03b0e7acb4,,c9d3792c-59ed-4d20-b80d-de9e5af11e7c,2025-12-18T00:09:42.832579Z,0.27,5
d004d774-e913-4d04-87ec-a230099c5592,,1f171551-142a-417a-bc22-cd6166024132,262281ca-9da1-4f48-bcc9-dac7c497ca85,2026-02-22T11:31:17.832642Z,0.09,2
9fa57955-732c-4836-bc8e-bfc2d2c2869a,93e06d19-4983-470b-9418-3e93a372ee0e,,eaf75b03-369e-4f19-9773-1a8ed15cec34,2025-07-05T18:05:21.832671Z,0.25,2
ba3fa53e-f0ec-4816-9044-d1efeb74afdd,d0dcd297-956a-488a-84ad-f0c2b8bfac27,,19526f67-9ddf-4aab-b411-0bee51cec320,2025-11-14T18:22:22.832688Z,0.15,1
4f27059b-b200-45b5-a731-54c41623bf4b,,3c3c8ed1-a864-4edb-827d-b92b8f293f56,9234bb80-ceff-4626-9cc6-fc6f757ee0d6,2026-05-07T00:51:00.832723Z,0.01,2
02d39bab-e754-4952-9a5e-cafe2e7735d0,,6640a7e7-fd22-4c35-823f-9cbafeee7c8f,9234bb80-ceff-4626-9cc6-fc6f757ee0d6,2026-03-29T02:11:11.832757Z,0.24,4
42e664b4-b3a4-422e-8bd5-3afd538cd8f1,,05c33d4b-c4a0-49e7-aecc-5ccb10842b6a,6b43d3b7-aca8-4905-9318-b1c3fbed419e,2025-07-11T10:26:30.832797Z,0.09,1
df237f00-c241-40ce-bfc2-0051182cc979,,ec694c4d-e32a-4543-a182-3d678815fec6,cf9874d1-705f-46b6-b3e9-cbe1e58e3847,2025-08-09T18:06:59.832888Z,0.24,1
786a22f2-4eab-440a-a9b5-6205863d4d80,e56bf6e0-1d91-4983-8a4b-9c738c58c2e5,,c85fdb82-bfb8-466b-8587-2c4a96321250,2025-07-16T06:40:40.832996Z,0.01,2
222d1834-773c-4166-ac7c-97b4fa6dd986,,b6602254-45cb-4df2-b7c9-9dd6305b28c9,174b1816-01c1-46c2-8a46-6e6ad57e5965,2026-06-15T01:33:55.833046Z,0.16,4
fbdcef8f-8294-459e-89cc-709db9349f9a,0a89863b-da2f-4d26-b007-b395731730c7,,8998e993-9ba7-4ede-965c-cee7af7a4457,2026-05-23T20:28:46.833211Z,0.15,1
1fef9c76-5ce2-48a3-8915-38c4857154f2,,c954f6a2-e433-4ea6-8672-cff37cc0e557,ad5fcac7-aeb1-477e-b4a7-962a3e8bd739,2025-10-20T16:29:26.833235Z,0.08,5
74ec505d-2e65-4f22-948b-649d64702153,4795de92-1574-442c-8f86-3aa6de2c7391,,63b5e370-7388-4536-8ed7-a21a4a41d06f,2026-05-04T03:07:58.833265Z,0.01,1
95475c86-6113-44ef-a16f-9b44f21b96f1,46b2e2f2-9440-4e0e-9e81-15ba9bc82d20,,6b85123c-b94f-4258-9142-0599eff0a787,2026-01-10T02:33:20.833300Z,0.28,3
10c156d1-3d5e-49a2-8717-890e42eee695,,9b0e6267-fe8d-4832-9544-8371362705ea,a81b33a7-ba53-452c-8801-04aabe7f038f,2025-11-09T11:25:12.833328Z,0.06,4
d0da00e1-5cf1-472b-b4f2-9a46bfed97c3,c3d6c171-e6f9-4db2-8214-a48fa58f05e9,,8dd60692-d201-4c50-a580-7850c1e95f00,2025-10-13T16:33:37.833369Z,0.04,5
10d060a6-2133-4964-9a64-ef483ff27bb5,4b8e88b5-4f44-4fa3-9976-b217c8553071,,63b5e370-7388-4536-8ed7-a21a4a41d06f,2026-02-13T04:43:19.833448Z,0.11,3
ec378895-7043-4624-ba78-5de98891e523,83e48783-daeb-493d-8c48-229e2c47c5f1,,174b1816-01c1-46c2-8a46-6e6ad57e5965,2026-04-25T20:13:17.833477Z,0.29,4
0fe795e5-c9c0-4b05-9e25-e0b98b5fd692,f39c2618-4169-4953-a205-2049fc8b422b,,1cac4b7d-9687-4005-8aba-406a7a82bb35,2025-08-22T10:54:59.833564Z,0.17,3
63097a86-6234-4926-9119-69908b8f911b,3b4b1183-dc97-499b-89d7-1cca99d8fb7a,,eab47c6e-60d0-411e-ade2-82fc0a973fef,2026-02-26T12:33:29.833610Z,0.02,5
583cdf34-4f86-477c-8c38-02ab5d121376,,bbda651b-4aea-47cd-b2d5-5f7f78162f95,9234bb80-ceff-4626-9cc6-fc6f757ee0d6,2025-10-03T12:59:43.833662Z,0.22,3
92f3b97f-2bad-4053-ae2e-5bf6db534d5f,,a07b8970-55d0-4664-bae5-c13eea74c856,99a57440-b846-4581-bc1a-44f38a214cf6,2025-12-21T00:15:10.833742Z,0.2,2
df75351e-b630-4cd9-9a56-a34362fc704a,dc1d41c3-d7d1-450d-bd18-94f5210f6806,,8998e993-9ba7-4ede-965c-cee7af7a4457,2025-07-30T00:25:34.833799Z,0.0,1
33be1ce9-79dc-4b29-86ac-13e79fdc4d07,d61841d6-2c66-4132-87bb-6efc7dc20ff7,,19526f67-9ddf-4aab-b411-0bee51cec320,2025-07-06T09:59:56.833828Z,0.17,2
5e100011-8a78-46a3-afa5-c9ed91c426fc,fa758a21-f806-45a8-88df-4b03b0e7acb4,,1638242a-9e18-4c5a-8ba7-dcb01ef7c6b0,2026-04-02T10:31:33.833914Z,0.03,4
c95e206b-e349-45a2-b1ed-2b5598801a0a,be8983c7-ccac-42d2-b835-b4c8ed1999f8,,cf9874d1-705f-46b6-b3e9-cbe1e58e3847,2025-07-11T10:00:44.833943Z,0.2,4
c8300a9f-cb2b-418e-92a5-eb276cacec8c,,ae226b3b-84a5-4097-b984-9153a773d499,262281ca-9da1-4f48-bcc9-dac7c497ca85,2025-12-22T18:24:20.833973Z,0.21,5
1ae4a445-83e5-43b9-80c8-544ad196a2b0,33023839-f105-4e5e-9642-a8e9c9eb9ef0,,8998e993-9ba7-4ede-965c-cee7af7a4457,2026-04-30T18:35:47.833990Z,0.02,1
df6d6560-c786-4adc-b7dc-a3d5604e3221,2f731e64-d8b8-44fa-9d6e-b05865a559a3,,f0bc20ac-801d-4401-bafa-1a2d45fdf2fd,2026-05-29T01:35:51.834008Z,0.23,4
3cbc6229-844e-45a0-99d1-6925b97facb4,494cb9fe-5864-4f3f-b573-d75fc31ba28c,,174b1816-01c1-46c2-8a46-6e6ad57e5965,2026-02-01T06:46:14.834025Z,0.17,4
54205529-b2a9-4431-b376-6f5b3a17d207,896aaab2-70bb-4e3d-a2fa-46690a877652,,ad3fe337-ec17-4244-8e4e-9f2e174215e4,2026-03-18T19:17:40.834042Z,0.2,5
78581ad7-8ec6-4ddd-8bf0-03695ca2e74c,6fc891a0-e87a-4a77-b887-1abee0839df8,,58b8f572-3bba-4143-9f32-b6fbe9afedb9,2025-12-28T17:26:09.834059Z,0.08,3
27085f21-03c2-4666-aa34-1a26e229ef2e,67940b88-e2d8-4ce6-bd5f-a5b9e45bbef2,,6b85123c-b94f-4258-9142-0599eff0a787,2026-03-02T04:50:14.834124Z,0.05,4
fcc05ef5-0185-4bd7-99b0-0eb363a96a61,,eef2aef1-aa72-4b32-a9e8-aa80065fe8f2,28c08598-0919-4ad4-a544-1e20d0d0dc44,2025-07-31T16:56:59.834182Z,0.05,3
19832bc6-ebdd-4d8a-b610-ddf4ea0c48d2,b6db8d1a-217c-47a2-a209-d08ec9cbf2d0,,02310335-8d93-4be9-af7d-55de45097af6,2025-08-27T12:28:02.834199Z,0.25,5
71b8b784-88fc-4604-bcf4-f12135890cfc,,631fc80d-c921-4d02-9a8f-24f48c059a49,63b5e370-7388-4536-8ed7-a21a4a41d06f,2025-07-13T23:58:39.834259Z,0.22,5
26a9ba5e-3c3a-4018-9892-0489b0bb9c51,0455b293-7f74-4930-8c56-a6f15d8d1fe3,,af5481f4-1ba7-4d45-aaf7-51c47a71875c,2025-08-07T07:57:08.834292Z,0.28,5
2e5c618b-7f96-4975-b345-6da63310099a,,97c9b86b-5d1d-4bf8-a40d-4d9191ee6175,28c08598-0919-4ad4-a544-1e20d0d0dc44,2025-08-31T13:38:27.834436Z,0.02,4
0021a4f1-0de8-4109-9812-6426626eb429,6e57b55c-419f-4d5a-9e0f-6a06b8fb770b,,8245b2fb-a8af-474b-8d23-4304a5e9a19f,2025-10-05T18:17:53.834456Z,0.25,5
26a23630-0d73-4d47-a42c-e442815481b9,,b053b1c6-b4f5-4437-9c30-f44fe5f874a2,c85fdb82-bfb8-466b-8587-2c4a96321250,2025-10-31T01:32:31.834479Z,0.1,4
0c0ff3a6-f412-4021-8b11-5169256d8ddf,66f4385b-9519-4c6a-981c-c650a69bdb4a,,1638242a-9e18-4c5a-8ba7-dcb01ef7c6b0,2025-12-21T12:25:16.834508Z,0.19,3
e2dd8ef1-1ee4-4218-8e6d-31e962656a2c,f7651a82-e7fb-4ce3-a273-b0bb7853f529,,6b85123c-b94f-4258-9142-0599eff0a787,2026-06-17T11:55:54.834633Z,0.21,5
f36b03f3-fa21-46fc-a3bd-e32a3bd6649f,7f154fb8-3f46-4cc7-af4f-d6665b2ed14b,,24a56de7-f7f9-4a74-84ac-6ee7f5d63eeb,2026-03-24T19:27:31.834655Z,0.06,2
59a5830a-6a4e-49e3-b181-d56ac9797ff7,cc02d674-d8d0-4c88-9635-5d3c9629c46a,,a81b33a7-ba53-452c-8801-04aabe7f038f,2025-09-15T00:23:22.834672Z,0.28,1
a26dd43f-c7cf-4f1f-bbb6-a1972f96b6dc,8c6e883e-fda2-4512-b521-4d5e4f1a24cf,,805d0c82-7625-40a2-ac29-8f766fc3f6ff,2025-06-30T12:25:06.834689Z,0.23,2
72b394b5-4a53-46d7-885e-3f68ce78dfaf,6e57b55c-419f-4d5a-9e0f-6a06b8fb770b,,12e3fbe3-5387-41d3-b055-ed6b543f5f0f,2025-06-18T14:43:54.834707Z,0.22,1
7c0179bc-a92f-49a4-a1d8-0e7dc282d023,518f6089-7637-4b06-a632-afa91eeb04b9,,f6f56971-131f-45a6-8e96-4504bb012c40,2025-07-26T05:44:32.834853Z,0.14,3
2e02787b-ecb5-4f6e-8040-ec2f2e1dfcae,,c09a8392-e476-4e40-ae30-86ed67551e02,8dd60692-d201-4c50-a580-7850c1e95f00,2025-08-11T12:32:14.834930Z,0.02,3
748d3706-80bf-495b-af29-6b0597bc1596,d4c83d62-c639-4f4f-8a7c-9b381bd8a396,,e4f08e85-289e-40c7-ad90-983f186d02dc,2025-08-29T22:56:30.834982Z,0.17,4
f83aea03-8460-4f03-a788-29456f726240,d28797f1-8438-4636-babd-2af66742afde,,eab47c6e-60d0-411e-ade2-82fc0a973fef,2025-12-05T02:09:08.835015Z,0.29,1
2e0a834b-eb66-4779-8711-ae70ea54074f,,8cb84842-dfa3-4b51-923d-ae9514ff575b,1cac4b7d-9687-4005-8aba-406a7a82bb35,2026-04-29T21:02:43.835073Z,0.19,2
2c75252a-b024-4453-b471-1dd105f275c8,93e06d19-4983-470b-9418-3e93a372ee0e,,8dd60692-d201-4c50-a580-7850c1e95f00,2026-02-27T11:55:52.835090Z,0.25,1
55d33276-bee3-41f3-a4d1-57c713611efb,11e428d8-4b61-487a-a217-540a50451587,,54c76350-7f69-4f75-b451-d79351462bca,2026-05-11T16:23:13.835182Z,0.28,5
ef60c37a-31cb-42c9-9167-ab45fafb47ba,c13c3f9b-c525-4034-bd65-30290e0dce41,,3198b1d3-c10a-433e-946a-be88a2f22060,2026-02-22T03:30:32.835212Z,0.13,2
4b44a056-3a94-48de-b963-fdb2de92ddca,,f07a1b61-d447-46bb-b810-edba2d1110d0,54c76350-7f69-4f75-b451-d79351462bca,2026-04-24T07:33:29.835246Z,0.01,3
5db8581b-d905-4304-a4fa-4da837c24023,2cd62bc0-da0c-43f5-8eb1-e0cb90d0bd12,,0eea6ab9-a379-49ec-9c3a-9e38263db7f9,2025-07-03T22:36:18.835263Z,0.11,3
89c51573-35a4-4a78-9aff-a7c75d44e404,,e78820db-32ea-4fe1-8b97-b5d50428a774,c85fdb82-bfb8-466b-8587-2c4a96321250,2026-01-21T05:53:31.835292Z,0.21,5
29caff59-5af4-43ae-a75d-ba542eb65850,,e0f51eae-1ecb-493b-8fd9-61758c98924d,eae4837f-4e9f-40fb-a287-f3ea4195f02e,2026-03-04T23:08:57.835388Z,0.18,3
82f9f950-3df0-4d46-b59f-20129978e27a,,1cb6fa80-0433-4d9b-8f9e-1b6ebc874aa1,54c76350-7f69-4f75-b451-d79351462bca,2026-01-08T22:36:30.835448Z,0.14,2
85f00cbf-a377-4dd1-914b-ef49c107f1f5,294a2906-edce-4866-bd26-edd6c8155aa2,,c6fa1138-4ec2-4637-9504-2749bc13e06f,2026-01-25T12:13:04.835538Z,0.15,3
480c85af-5f6f-4d52-95ae-471fbdd8f6cc,0abd6459-65a2-4d0f-b922-bf86580aa91a,,39e9c2c9-901f-499e-8c46-57804a2f9255,2026-03-17T18:12:19.835721Z,0.27,4
96b978a6-9c1c-4040-81dd-6422dea67abe,,db8a7ea8-df80-46f8-b6d1-3d5d0cea109f,95176c1b-f8b5-4499-af67-49f7732c6c68,2026-03-23T21:05:31.835766Z,0.1,4
c6f4c7db-4d9e-4162-b232-19f722bb437d,8ccba92d-abe0-486c-9d3e-ecb98e769766,,e5990352-abf4-4954-bbe9-48ef19db84b7,2026-04-25T08:23:51.835795Z,0.27,4
6f35b248-a761-4be3-bf03-21325f485323,84197273-d738-468e-ae5f-34937988f908,,22e8fa38-2c1b-4639-8e7d-d245269424b7,2025-11-11T07:28:17.835817Z,0.19,2
d4b1c46f-3aa0-4d9e-8bc5-c536ac832a2c,3dfe8aff-e5db-4d6c-9b31-11b683ecca34,,39e9c2c9-901f-499e-8c46-57804a2f9255,2026-03-14T14:02:50.835870Z,0.24,3
e7ceb1b9-2caa-4de3-ae35-513cf1808614,,2fe59217-ed1c-44c7-bb87-dddeb99010ca,c8692397-bab9-445a-90ae-7439cc46cd74,2025-07-19T15:32:53.835902Z,0.23,2
3e7501a5-2618-4988-bb8a-de0a91b99a38,,e1336c61-7642-4c78-8cc9-5c5e0c0ce3e9,19526f67-9ddf-4aab-b411-0bee51cec320,2025-07-02T20:14:28.835943Z,0.28,1
344d0dcb-0262-494a-8103-0a852decef88,65b2fd80-bfcd-4e0a-830c-eb9ce266ceb3,,eaf75b03-369e-4f19-9773-1a8ed15cec34,2025-09-12T15:35:02.835961Z,0.01,5
31bc745e-caf4-4700-815f-4c68ca2ab828,d7377450-ddcf-461c-a571-e7ba4c034892,,1209a847-3e6d-4ef1-a2ac-448ae204babe,2026-05-20T16:47:02.836014Z,0.21,5
66694b8e-9fed-4d3d-98b1-e76e5ac75efd,53d63402-a235-45c7-b477-84478d07253c,,63b5e370-7388-4536-8ed7-a21a4a41d06f,2025-08-26T15:26:57.836156Z,0.13,1
8fb57940-0cd3-41e7-bdeb-420d9280ef8c,042102a1-7598-4ea5-a80c-28a54e7b5715,,eae4837f-4e9f-40fb-a287-f3ea4195f02e,2025-12-31T14:57:42.836203Z,0.16,4
582dbbec-2e47-4775-b7c3-14281fe8744a,daaafc21-ddee-4be2-acc9-cb35709e0993,,9183c4c5-47db-4e6d-af05-9eafe1f586a0,2026-05-11T06:36:42.836255Z,0.15,4
31e53124-4681-4e91-8da0-039a24eec842,e56bf6e0-1d91-4983-8a4b-9c738c58c2e5,,9183c4c5-47db-4e6d-af05-9eafe1f586a0,2025-09-22T15:30:45.836361Z,0.07,1
23e60cb3-4d8f-4674-a56a-952ca86f8955,731b131b-d1ef-4842-bd1f-e19a7c462f0f,,ec97e4e8-1dee-4099-85b0-85d167c59b15,2026-03-03T17:26:49.836389Z,0.06,3
e8800aaa-3d1c-4df3-b0ae-5571c7f1da4f,7ea93906-6ed1-4ad9-98d5-82056a985ded,,e17a19cd-8381-40b6-8771-702f3a282e0c,2026-02-18T20:54:06.836408Z,0.08,1
bc6c8fb4-0565-4d7f-819f-60c810478991,,6fd4de59-601f-4d53-bbe6-6ca16ee59f75,f980ab87-d699-456c-a96a-e362bfd00c92,2026-03-07T08:15:25.836566Z,0.26,5
8e1af1d2-9a16-472a-89d9-74c87022b934,,d3792857-24ae-4261-a67b-a1422823c492,1209a847-3e6d-4ef1-a2ac-448ae204babe,2026-02-19T19:36:41.836585Z,0.0,4
b8a0ab5f-867c-44a8-ac81-d3af0c2536d2,7c597f42-1483-4cc3-958b-ca273841ee1d,,eaf75b03-369e-4f19-9773-1a8ed15cec34,2025-07-12T00:24:24.836602Z,0.07,1
460cb806-64de-4d18-9786-cf7ae141d90f,1ae6a029-f385-4b5d-b447-21328103559e,,24a56de7-f7f9-4a74-84ac-6ee7f5d63eeb,2025-12-13T23:38:56.836624Z,0.27,5
692471ab-a2e1-471d-b1ad-9a2ef152277d,37b111a0-fc80-4450-bb99-d2b2a088b898,,39e9c2c9-901f-499e-8c46-57804a2f9255,2025-12-19T04:54:48.836710Z,0.25,2
38587870-7988-4c07-839a-c0f9c0025718,,a7154a96-039c-4417-8d82-621317fb6e1e,ec97e4e8-1dee-4099-85b0-85d167c59b15,2026-05-22T17:01:47.836751Z,0.27,1
5786ab86-e43f-439f-ba9e-635c3eb66801,,e910335e-59fb-49c1-997c-134497d718a8,22e8fa38-2c1b-4639-8e7d-d245269424b7,2025-08-30T00:13:46.836780Z,0.05,1
5ec4540a-f5b4-4cee-9c15-803c28b42f78,,3d81396e-e2ee-441d-9cc7-301c2180a293,464065f2-15f0-4a2e-b25d-516dfff9dcca,2025-07-03T14:29:59.836803Z,0.3,5
dacddb94-4dcb-4654-8f30-bb361209abde,d0b967e6-0fcc-4824-bef1-ec58206e3b50,,ffb35e8a-7d50-4fb3-b500-d6e2b0d928a7,2025-07-30T08:10:23.836831Z,0.24,1
f0e45170-7858-4a91-87ee-c16b33c26462,,b3fca262-1bf2-442c-8199-5c3bec5cda08,f6f56971-131f-45a6-8e96-4504bb012c40,2025-09-18T16:51:14.836849Z,0.24,3
f868dcef-437e-42fd-989c-4cf0d8118ee7,,e842d0ee-c7cd-48ca-b5b5-4eefa809da63,ad3fe337-ec17-4244-8e4e-9f2e174215e4,2026-02-18T09:42:45.836883Z,0.21,1
1293c747-6bc6-4ede-b938-2cdff907121f,7d4ece89-fbaa-4a33-9ba9-ac8638c62fe2,,14c50a07-309d-4aac-8004-a94d51e3ca87,2025-12-21T17:41:45.836912Z,0.25,3
b42bb251-64ee-44fe-98ea-7597e7a8c334,,0161f0ec-7d14-4a50-b8db-3ce9c91ada1d,37727a64-f037-49a9-bcf8-086215ecb7fd,2026-03-24T19:31:45.836947Z,0.23,5
48338480-91e9-4852-83c5-35c89ac36ad8,fc62a22e-03ce-44e3-8328-fb87332f8a1f,,dc65cf1c-922f-4f2a-be7d-7f596ab58867,2026-04-21T02:33:34.836981Z,0.04,2
a2eafe98-ee51-4e22-881d-8761c66714f4,,e2fe3f14-65f8-4777-8955-8f138d705358,28c08598-0919-4ad4-a544-1e20d0d0dc44,2026-06-08T03:43:36.836998Z,0.25,5
633c9386-1b0a-4a8f-b01c-d3053fc50c97,,e5839a8a-988e-4734-8205-19b24ddfaa6b,6b43d3b7-aca8-4905-9318-b1c3fbed419e,2026-01-16T13:00:22.837039Z,0.16,4
4d0e3cee-2d4e-4e11-8f43-a48467fe6529,,e03efcbe-55bc-4ece-8307-e911ecb3a13b,1209a847-3e6d-4ef1-a2ac-448ae204babe,2026-06-08T01:54:53.837097Z,0.11,4
7d95496e-321f-4ea1-a28a-2557c7289f10,a0056f36-e02b-4281-91c2-1d9501fb9645,,6b85123c-b94f-4258-9142-0599eff0a787,2025-12-28T04:40:26.837162Z,0.04,3
0a14dbb2-173a-4f04-9683-81fa195d6b43,86dae7cb-dd0d-4196-8d1c-7b64e1ca0393,,145417d2-0475-455c-bfdb-23ddc2020330,2025-10-19T22:46:31.837186Z,0.3,3
2647d18e-e218-47c9-ad57-3f8d984ae047,bc2d7a33-bbbc-4c57-bc09-10e08146f5da,,4f829757-7e33-48b8-9950-69136f62b668,2025-09-10T20:29:00.837231Z,0.1,4
bfbbe1de-f24c-485c-8d44-39aa8192aab7,7b1f75b4-44d7-4ed5-9c63-74b7d6d2032f,,1638242a-9e18-4c5a-8ba7-dcb01ef7c6b0,2025-12-06T12:46:23.837266Z,0.18,2
eb0f713a-19b5-4c47-9b88-816226a0a61d,53649cdb-e075-4685-adb7-15f15f8bba70,,e5990352-abf4-4954-bbe9-48ef19db84b7,2025-07-19T22:58:24.837300Z,0.28,1
d9d1bd5a-104a-4ea2-b6f8-8e3ae2d8e4c6,08f8ef0f-aa6b-462d-81a9-c861892c8ec1,,f0bc20ac-801d-4401-bafa-1a2d45fdf2fd,2026-05-12T04:08:58.837376Z,0.1,1
a22ddfbd-6518-4062-923e-f48f4bcb7036,2020cf92-33bc-461a-bc2c-dcf46acc0da8,,cf9874d1-705f-46b6-b3e9-cbe1e58e3847,2025-11-01T22:40:05.837405Z,0.26,5
c4c335ab-26df-425c-99f9-08238eb3c95f,,12b77d02-7078-487a-8a63-b6acfd81543c,1638242a-9e18-4c5a-8ba7-dcb01ef7c6b0,2025-12-12T00:55:15.837445Z,0.24,1
5778650a-a93c-4e57-84e8-6368c819df2c,,5ce0a464-c070-4804-b25f-b53baeb2799b,321f6360-972d-4a3a-85c7-8758739a5af4,2026-06-14T13:18:56.837490Z,0.07,3
310881f0-90e7-4437-89da-a0d589c6dea5,7228b3d7-ca33-490a-b2e0-810ee8eb72a2,,27366ea9-7d9d-40ad-ab66-17f827a45e78,2025-09-28T11:28:30.837507Z,0.24,2
36dc1407-cc01-4ad3-a883-0b0178baee92,7f2fc0fa-7e88-46d9-9367-bea32902ae90,,31a62e0b-956a-4338-9c88-02b3f7ede7b6,2025-09-06T03:57:42.837571Z,0.22,2
34a9d6bc-befa-4341-813f-e60155ccba45,b3b1e070-a7c2-4c04-83b3-8c13ba8ed013,,370920ed-3f8d-46f5-b78d-f4d5c426c5e2,2025-07-05T07:45:34.837611Z,0.25,2
b789dea5-803a-4fed-b4c1-d054667b2517,eb6c7f47-465d-48a1-af4c-03c78e322f9c,,b4cf6a02-8d8f-4f2a-a7d2-b552fe2cffc6,2025-10-12T21:50:18.837678Z,0.06,4
7312e05c-a49d-47bb-aafa-07889429d9ec,0ea90ca3-a784-4797-b21a-d4c7e8c97a0d,,17ef5cb2-dbbc-4423-a159-fe66957fb5c2,2026-03-04T20:09:31.837695Z,0.08,1
2a0572f5-d0eb-4378-bfc4-5c67eb1d2db9,,920b79fe-8f45-4a13-8535-3079ddddaa1e,882325b0-d544-426c-b74e-9b64ff3ef4cc,2026-02-14T19:04:32.837712Z,0.11,3
7cdc5aa8-502a-40f2-a76e-f52b9975dd7d,ac9a6a42-7a1e-402e-885a-3f5a2251add8,,22a51531-4be1-45dc-9e5d-2c9c0df0de82,2026-06-07T10:57:43.837798Z,0.25,2
b847312f-edd5-4fe4-a16b-4e7b862440ee,7c597f42-1483-4cc3-958b-ca273841ee1d,,0eea6ab9-a379-49ec-9c3a-9e38263db7f9,2025-07-05T03:58:00.837816Z,0.18,5
b09fdd29-3494-41cb-a0fd-3d3dcb6261b3,,ea4609a0-392f-4623-9557-49d74be7c305,31a62e0b-956a-4338-9c88-02b3f7ede7b6,2025-12-14T22:24:20.837833Z,0.27,1
3cf2092c-e6da-4d7a-92bd-9e4603781004,7d4ece89-fbaa-4a33-9ba9-ac8638c62fe2,,9234bb80-ceff-4626-9cc6-fc6f757ee0d6,2025-06-18T12:13:24.837879Z,0.25,3
a6767b5b-12d2-4a14-a12c-330a1e1fed13,,eaeda5dc-8de9-4b69-8a1d-cae6c3238de7,23c26c56-4049-472b-850f-65f46207be56,2025-08-13T18:38:34.837897Z,0.27,5
6655f9d0-7d6c-46e6-b205-e24720873dc5,2dc4e34e-479b-4900-89c4-b6f717ee896c,,dc65cf1c-922f-4f2a-be7d-7f596ab58867,2026-02-06T10:11:13.837925Z,0.26,5
4a65f685-8060-47cb-a858-a7ec93084a37,,cf7cd50d-9cd9-461e-8968-5f6ce9ec490f,22e8fa38-2c1b-4639-8e7d-d245269424b7,2026-05-31T21:05:06.837942Z,0.2,2
9aa0d1ab-84e7-46ca-8742-95ffb959ed14,f483e088-2c1d-4574-add1-03aa91bfb55b,,7f6a74aa-f09a-4f60-a39c-a0c68ccf7ddb,2026-04-12T02:12:40.837959Z,0.11,5
086d4dc4-10dd-4b16-97f9-88a49c377292,bd94c06e-4681-43b0-9d07-1eda730c5033,,19526f67-9ddf-4aab-b411-0bee51cec320,2026-02-27T20:33:37.838010Z,0.1,5
5d827902-3497-4dd2-804f-2c364b96c478,02f35316-5bdb-4e65-a662-954a019a8af8,,a81b33a7-ba53-452c-8801-04aabe7f038f,2025-08-28T20:13:18.838027Z,0.19,5
d0209d77-1453-4bc2-8590-60b3db94e4af,eaa41640-766a-4508-9068-546288e5d1b4,,c3163de1-b9cd-44a7-93e9-588433a1e23f,2025-07-27T21:37:41.838194Z,0.24,2
aee4f4ed-ca07-4f74-aa51-33ca3bd31f08,db40b9cc-dfdf-4211-8db7-d4949c9eff7d,,22e8fa38-2c1b-4639-8e7d-d245269424b7,2025-11-25T12:18:34.838257Z,0.13,1
b333cb86-088c-4608-8a61-10a4cf411bfc,e198e982-441e-4186-b2a7-6509354bc0f2,,174b1816-01c1-46c2-8a46-6e6ad57e5965,2025-10-25T23:30:29.838285Z,0.18,1
5b74f9a6-6f9d-4b0b-be0a-f9e728678bf8,b8309d59-5dff-43ad-861c-05c59ffc736c,,6b85123c-b94f-4258-9142-0599eff0a787,2026-06-07T08:51:32.838302Z,0.2,1
b10182a5-1448-477b-b82e-206a7271457b,6b8b786b-4f1d-44dd-bec0-f25a4f6c7654,,805d0c82-7625-40a2-ac29-8f766fc3f6ff,2026-06-10T21:43:06.838325Z,0.29,2
1e10fe86-292c-47b2-90b8-4c221da6fc62,fc734de3-f02e-44d9-b400-98a8f542d580,,27366ea9-7d9d-40ad-ab66-17f827a45e78,2025-12-23T13:30:50.838343Z,0.09,1
92fc54db-b7c5-49ef-9ac7-510e6ae4375f,,42e2c91f-5e65-46a2-a5b6-bb892108d4de,3eb8e419-ccc6-4064-8260-5b43602f9983,2025-09-26T17:55:42.838379Z,0.28,1
b4ebfedf-cec8-4dd5-aa3f-6e7c14387bd7,e1704595-0fd9-49aa-aff6-45dd16084a37,,f0bc20ac-801d-4401-bafa-1a2d45fdf2fd,2026-04-03T15:51:11.838396Z,0.13,2
3b1dc344-4cc9-430c-852e-9a0537bbecd7,,96dc79e4-a340-4c2c-95b0-ba8925612a6b,02310335-8d93-4be9-af7d-55de45097af6,2026-05-24T10:04:02.838413Z,0.02,1
3cd9f83c-f620-459f-9b59-af7148c371de,,ad60a194-db4e-42d0-9fe2-304e3f71fbc8,a2aa5c5f-237b-4acf-bd4d-896ec1b7d815,2025-08-05T02:59:47.838539Z,0.08,3
1c099146-780d-417e-91e9-e437984a5194,ddcb32d8-f1c7-4e3f-8abb-0bf2f80c3624,,8245b2fb-a8af-474b-8d23-4304a5e9a19f,2025-12-05T08:18:35.838614Z,0.28,4
0b122960-6251-4c13-86f7-ae099f1d4eb3,,2dba38f7-bcbb-47ad-9da3-260970cca417,37727a64-f037-49a9-bcf8-086215ecb7fd,2025-11-05T11:48:36.838645Z,0.13,3
c13772b2-2047-4106-ab2c-f207bc1ed5df,ea59da10-ccd4-421d-957f-d3efcefbdaa0,,1cac4b7d-9687-4005-8aba-406a7a82bb35,2025-09-02T05:57:00.838662Z,0.03,1
358a1436-8879-40e8-931b-644bf7307e21,,147174cf-62cc-4ed8-ade3-003dc05efeb7,8245b2fb-a8af-474b-8d23-4304a5e9a19f,2025-09-04T00:58:20.838736Z,0.02,1
1eaeafad-3dad-4841-a245-d81d320a268e,,d5704dc4-6b1d-4190-b830-00dc83613d1e,eaf75b03-369e-4f19-9773-1a8ed15cec34,2026-04-10T17:27:19.838764Z,0.13,3
1a1aad14-ccc9-457a-b1e9-c46d16186b6f,,f505a651-60fd-4a2a-9a1a-ff1157e7ca9f,6cf1c788-97e2-4ecc-b9a3-f96831a30d8d,2025-11-06T07:50:34.838781Z,0.16,2
17e96449-f0bd-4398-8b48-0d2eacbf30f3,,fca0c590-733e-49ca-90a5-6f01f88f52a8,181c0491-9549-4f06-acf3-4e0bf1af8724,2025-09-15T01:49:34.838833Z,0.12,2
6d227089-e902-4400-a315-5a7d16a03377,,2fe59217-ed1c-44c7-bb87-dddeb99010ca,37727a64-f037-49a9-bcf8-086215ecb7fd,2026-04-03T21:08:47.838854Z,0.07,1
881b7319-38c2-47aa-ab43-a2bdb3e15c47,a89515f8-54e4-403e-be5d-efbf5b7790ca,,12e3fbe3-5387-41d3-b055-ed6b543f5f0f,2026-05-20T05:51:28.838883Z,0.1,2
ac73b5f9-1dd3-4439-b06d-cff04e0b97c0,f9c74ef5-91bc-469b-8105-a085f2ad1fb8,,f08ab47d-3ff6-49f4-ad4c-b00fe9042589,2025-10-02T04:41:36.838934Z,0.26,3
9caa33fa-87db-4ed9-a0ad-69b1d457f7a2,78eca5c9-9db6-42ff-9df0-bb05100863ce,,1209a847-3e6d-4ef1-a2ac-448ae204babe,2025-07-10T22:35:06.838963Z,0.23,1
dd77b09b-d766-42ad-9fdf-5ba2eff8e430,5926d593-9a55-4c12-8e05-e795a7ca689d,,1e19d020-8de6-4885-b1d8-2b9aff3f3d33,2026-02-25T08:05:36.838980Z,0.29,5
ee94b151-b9e7-46d2-82bd-8fb0f6eb0042,,3ddd17e9-50d5-4666-bc38-0c1171e4973e,6b43d3b7-aca8-4905-9318-b1c3fbed419e,2026-05-30T22:24:50.839019Z,0.23,2
53265196-d983-4a9c-b4d8-9cffb7d811a7,85915b46-8b06-4b62-b14e-5ca425e27bdf,,80a4d750-7c17-4c78-b91c-5b63cd80c7eb,2026-05-16T12:00:11.839049Z,0.05,1
d31dcc5e-ef6b-47c3-a47c-7383445bd5fc,,5fe9fb20-8f22-4284-893c-ac63e3e43de7,c3163de1-b9cd-44a7-93e9-588433a1e23f,2025-07-16T13:20:32.839078Z,0.2,3
5ebac30d-0e6a-458e-8110-fe2f1edca253,,0c9cd50c-0721-4bb7-aa48-1b6800df2abc,27366ea9-7d9d-40ad-ab66-17f827a45e78,2026-06-01T05:01:04.839162Z,0.21,3
0f51d624-8cca-4803-bb29-e8e8b65e8420,,631fc80d-c921-4d02-9a8f-24f48c059a49,a7af19b9-f0fe-40b8-9d1a-c7fcda914ea2,2025-07-04T23:08:29.839179Z,0.04,4
cd7bd8be-1735-4c62-b32c-dda9f3027919,,8ae0144b-dc03-49e5-a79f-bf740bd2e22e,242a17b5-0a2b-4177-a01c-b2d07b8435df,2025-09-13T10:06:23.839301Z,0.28,4
f042567d-8dd1-4d1b-bf70-35395ab6ba91,df7aa237-7381-47be-a062-6fa5f8aa9f42,,95176c1b-f8b5-4499-af67-49f7732c6c68,2026-04-01T19:59:14.839330Z,0.3,2
4bc32678-12df-468c-9241-4c65f61c47f5,f39d0b58-4f9b-41e5-a4e0-83c0174a0132,,f980ab87-d699-456c-a96a-e362bfd00c92,2025-11-15T07:21:35.839347Z,0.25,5
68ad0506-9b2b-4085-8ddc-897875308787,,38073fa7-f5c5-4f06-b956-ccd103d8540c,e5990352-abf4-4954-bbe9-48ef19db84b7,2026-02-17T01:34:38.839401Z,0.12,4
5ebd47a7-30e4-4b4c-9b58-329a880a385b,581fd8a1-3a0c-4a31-8988-badcc80e5cd4,,ea11794b-9211-4543-87ff-999e6bd73cef,2026-04-29T15:57:49.839458Z,0.23,3
265e1c0f-eb67-43ce-809e-e267b64e070b,,2f69b255-4bba-4e82-9e3b-91236f6f3d6e,14c50a07-309d-4aac-8004-a94d51e3ca87,2026-06-10T18:55:28.839532Z,0.15,5
df271a60-6101-4212-a49e-f84fb257c60f,,f1503e5d-15a0-4118-be66-e72966ccaa1d,dc65cf1c-922f-4f2a-be7d-7f596ab58867,2025-08-07T03:45:36.839563Z,0.19,1
8096c233-5bf2-4625-b2b6-dcd883281d2c,c034b804-6b68-4938-8964-98f10b1bb2fe,,4dbf9778-98c0-4446-9ec8-916ba556fdad,2026-01-14T09:49:26.839604Z,0.17,3
30bee0bd-89e0-45be-8c02-e79daf53c5fe,,6b66c0f3-b196-4154-8e29-28ff117de29f,17d8280d-5414-49df-ac1c-db72a02c6e18,2026-03-05T03:08:48.839647Z,0.06,4
4638b516-a83b-40cc-a18c-de435dd84f8c,163c3567-4f1f-412e-b985-272c12c41792,,ffb35e8a-7d50-4fb3-b500-d6e2b0d928a7,2025-07-18T10:39:44.839675Z,0.23,2
f5dc8c6b-e7db-4a54-aa77-e09e404d1bbf,,90fbdef1-fa5f-4835-9393-a50197802dfc,c9d3792c-59ed-4d20-b80d-de9e5af11e7c,2025-08-06T23:11:55.839710Z,0.15,2
f528eaf8-c362-4bbb-abce-9632fd8d3eb1,34e3713e-527b-4a61-bb6b-5cdd9a46816d,,f980ab87-d699-456c-a96a-e362bfd00c92,2025-09-19T14:12:37.839792Z,0.09,2
8fe1bd36-fbad-442c-b830-65992204fcb3,,49d43e5f-4be8-4a60-826b-d0000127eb75,af5481f4-1ba7-4d45-aaf7-51c47a71875c,2025-06-22T08:31:48.839809Z,0.27,2
013c6e5f-3cd5-4cd0-ba8b-b310153dc047,0789256b-0781-44b8-87de-82a9880227cb,,cf925fde-e447-40d6-8073-e23c6f551820,2025-11-28T02:45:44.839826Z,0.04,4
57d9cbd3-56b2-41d9-9c9a-5309c5fad693,,4977b285-16ac-4f5e-9749-bdbd9cfd790c,3b0e25b0-04f3-4476-891e-18d67e3329ed,2026-01-21T18:30:52.839910Z,0.21,1
915832fe-c37b-4b28-940d-d4e954235210,77e21ed9-534c-49ff-bf3a-6c81910050d5,,cf925fde-e447-40d6-8073-e23c6f551820,2025-09-04T18:20:24.839927Z,0.2,1
aa96ce0f-7756-4957-ac5c-c9b411d47195,,10b7d39d-339c-47aa-bc66-041d8a8cd89c,4dbf9778-98c0-4446-9ec8-916ba556fdad,2026-04-02T03:22:02.839944Z,0.05,4
252a9d05-aa3b-4c87-85ef-0b91bd9727bd,,03eb40c5-1f77-49dd-a376-b6098f862e1b,f980ab87-d699-456c-a96a-e362bfd00c92,2025-11-24T00:36:32.839973Z,0.16,2
bbec2e36-deb1-4b7b-9281-33e3c2ef2384,,3dcee1c9-efc7-4ecd-adb9-cca18b1ca725,14c50a07-309d-4aac-8004-a94d51e3ca87,2026-04-26T03:40:55.840001Z,0.27,2
f19a0370-e16a-4f28-a01d-94ccd2abef88,77c4b127-d442-44e6-a3d6-bd8fb9f4f90c,,31a62e0b-956a-4338-9c88-02b3f7ede7b6,2026-05-30T09:18:00.840035Z,0.03,2
dee78ff1-3967-403d-adbc-35402f1e53c5,0a76fafb-1dfa-4978-8caa-088eb7df3fa2,,0eea6ab9-a379-49ec-9c3a-9e38263db7f9,2026-05-08T06:50:30.840075Z,0.11,5
99f4e6ea-02a2-484e-ba1c-f12e39d31efd,,26df24d8-f4a1-4696-967a-db75b43574bf,12e3fbe3-5387-41d3-b055-ed6b543f5f0f,2025-07-18T16:13:03.840115Z,0.24,3
4edb0866-96e9-4b0a-9c95-e347e5c8257b,,01ffafb4-c066-4f06-b657-13ed68eefd14,c9d3792c-59ed-4d20-b80d-de9e5af11e7c,2026-03-07T03:21:51.840156Z,0.01,2
09c1e021-fa37-4532-9bcb-7da7427cfd91,5e89ceb0-bd8a-405a-8f41-585ff513939a,,a81b33a7-ba53-452c-8801-04aabe7f038f,2025-09-14T03:17:08.840301Z,0.23,3
0e0ea892-c24c-49ab-ac5d-945d2ffaaa7a,,ccfb5f8a-11b5-44f7-b3b7-62fdbbfd336a,464065f2-15f0-4a2e-b25d-516dfff9dcca,2025-07-04T12:15:34.840329Z,0.22,4
b4f7b6d6-e146-405c-8bfd-d079d2972e3c,4ad475d5-c043-4e0c-ae5c-8a87a3d11b14,,9234bb80-ceff-4626-9cc6-fc6f757ee0d6,2025-12-16T00:02:49.840404Z,0.18,3
816cde30-f96f-4dd1-b8c2-61eaca327d6d,8a835d35-1f35-419c-834b-35705197208f,,22a51531-4be1-45dc-9e5d-2c9c0df0de82,2026-01-31T19:34:04.840421Z,0.17,1
2c3d786c-a226-4251-a5c9-9c8b6344989c,,38d37467-3cdf-4473-8f69-7ac34dd89e3e,39e9c2c9-901f-499e-8c46-57804a2f9255,2025-10-06T23:59:42.840450Z,0.02,2
4d177a91-978e-440d-9c05-ff011357ae32,2dbec69d-c150-49ba-abf5-8a6c195ddc31,,c85fdb82-bfb8-466b-8587-2c4a96321250,2025-10-05T11:07:46.840478Z,0.1,3
9e522e7e-ef9e-4649-b48f-c6d1cab641ec,,63e002b3-e8b9-44c1-b949-cacbe7b41a66,9234bb80-ceff-4626-9cc6-fc6f757ee0d6,2026-06-15T09:31:22.840523Z,0.28,5
1554c093-9c84-4240-909a-9568f2d9793b,,6f2819ec-bcf6-4a46-a8ba-7c1ee612640c,e5990352-abf4-4954-bbe9-48ef19db84b7,2026-02-12T04:16:31.840540Z,0.28,3
27e99fe8-8a6a-4508-815b-1c93bf3a5617,3292e7e9-c6d1-4783-997c-970b0c1b6061,,17d8280d-5414-49df-ac1c-db72a02c6e18,2025-11-30T18:03:36.840558Z,0.14,5
668d33b9-7083-4018-bfd5-a7d2fcaf1753,c69d5036-4969-4c18-9ee0-1b739e5235a6,,3198b1d3-c10a-433e-946a-be88a2f22060,2026-06-14T19:29:28.840615Z,0.28,2
33b2e2ce-209f-48c1-a508-581fdc46307f,,dabd77f8-49f5-440a-852a-58f32657b506,80a4d750-7c17-4c78-b91c-5b63cd80c7eb,2026-03-07T01:56:04.840702Z,0.03,2
e6e26587-56d3-4103-99a1-1802bdfb3283,4965914d-e32d-46ce-8abf-92f44d7cc7f8,,f0bc20ac-801d-4401-bafa-1a2d45fdf2fd,2026-05-06T03:30:23.840731Z,0.09,5
3a9dd4dc-8202-4bc9-89a5-b45acdf3c2d8,1e6c0808-fcda-4f34-8356-c295e6a3bb11,,23c26c56-4049-472b-850f-65f46207be56,2025-11-01T09:24:47.840754Z,0.23,2
0319beb6-b6a0-491a-97ae-a786048c6d2d,cf7376b3-d0c3-482a-814d-903b6aa9e8b8,,5e2bc8e4-1797-4c5f-82a7-e5f343789acd,2025-11-23T15:37:59.840800Z,0.18,2
4f23abf8-b28b-4513-8510-3d97e23dac79,504749b2-d6e0-4765-a474-1e9fc843a45c,,174b1816-01c1-46c2-8a46-6e6ad57e5965,2025-08-12T09:43:04.840829Z,0.29,3
4c4e76c0-5f79-4dfe-a5fb-e98582f54f9d,ed5c9587-cd11-419d-b0ff-65baa1f5d372,,c0dc7454-44d3-4bda-817b-d31875e44201,2026-01-19T15:26:26.840877Z,0.11,5
118787d9-fe01-4058-9c69-4facc4471309,,2e3ac91a-bcce-4173-ad81-0d9a50464760,39e9c2c9-901f-499e-8c46-57804a2f9255,2025-11-26T02:20:47.840929Z,0.09,3
74ade7d8-9da1-45a3-80ad-60a1835862fc,7f4df1df-0114-41c6-802f-75d44ed99b5e,,242a17b5-0a2b-4177-a01c-b2d07b8435df,2025-09-08T15:00:29.841063Z,0.16,2
712ef51a-f065-408c-aa8b-d1d5ea5e2e6c,3d8ff089-8a4d-48c5-b3b2-a9c45afc4a3c,,39e9c2c9-901f-499e-8c46-57804a2f9255,2025-08-24T12:04:20.841097Z,0.08,2
1b76798e-8b10-4b18-846a-d0523430e8b4,,a01bbd45-20ff-45c1-bea4-7ff0366c5684,181c0491-9549-4f06-acf3-4e0bf1af8724,2026-05-09T19:49:31.841148Z,0.23,5
562ede52-66e9-44eb-8194-df24bcde6ac6,65b2fd80-bfcd-4e0a-830c-eb9ce266ceb3,,94ee9444-6941-48b4-b4dd-5e9bc164aefe,2025-09-04T18:56:33.841179Z,0.17,5
57eeb955-9aba-49fe-b65c-068fe0cdff9f,884c46e3-4d4a-4827-aa63-74a8f9bd7f20,,9183c4c5-47db-4e6d-af05-9eafe1f586a0,2025-09-14T08:53:23.841207Z,0.24,5
9aa00570-1210-4551-af12-7cefcd7a8814,556103b6-69df-46b1-9c1b-4d9cc3dad857,,17d8280d-5414-49df-ac1c-db72a02c6e18,2025-08-05T20:11:21.841270Z,0.11,3
1c5a43d8-7c4d-4796-bfd1-a2a3694c5d07,,15aff758-cc16-4b78-a7f4-914584a7846e,3198b1d3-c10a-433e-946a-be88a2f22060,2026-02-25T13:37:01.841333Z,0.19,3
9ff5881e-8233-4c5c-99e6-2b48e456faea,,4977b285-16ac-4f5e-9749-bdbd9cfd790c,95176c1b-f8b5-4499-af67-49f7732c6c68,2025-08-27T17:38:55.841432Z,0.29,4
f9b76d27-bb74-4509-8bf7-b7e7a02d8025,53085b4b-a2df-449a-95d7-1bddc6a0b1a0,,eaf75b03-369e-4f19-9773-1a8ed15cec34,2026-06-16T16:02:16.841469Z,0.01,2
ff27d38d-e2ea-44ca-a0f2-1165536bfd44,,be189c4e-d827-4aca-a3ca-fa25580a10e4,6b43d3b7-aca8-4905-9318-b1c3fbed419e,2026-03-07T08:43:28.841492Z,0.12,4
95680703-f043-479b-b11d-82feae4ce95b,462bdce4-5d31-496b-9f72-65901779f309,,9183c4c5-47db-4e6d-af05-9eafe1f586a0,2025-11-30T09:13:06.841529Z,0.17,5
c767d336-886c-4ac4-84bf-abdbaaed9285,c65e5f0b-7042-486d-a15a-e8c26e604df8,,14c50a07-309d-4aac-8004-a94d51e3ca87,2026-02-26T11:23:37.841600Z,0.04,3
93318d2d-e2d0-46f3-b2cc-bc511d6c9fcc,,a0b5f6dd-035f-4536-85d9-2dc71ba26870,d98ac824-b1cb-493c-b4dc-fa735d579080,2025-06-19T08:27:16.841629Z,0.24,4
3d9d0717-3d42-4dbb-8364-7511cf806fbb,4965914d-e32d-46ce-8abf-92f44d7cc7f8,,12e3fbe3-5387-41d3-b055-ed6b543f5f0f,2026-02-05T05:39:57.841658Z,0.08,1
7da07d88-8ad5-488f-8840-94d454d52233,,075bef6e-0b7d-406a-a817-aa63827fa457,a85314f2-4706-4d04-af9d-12e821756358,2025-08-14T01:18:19.841698Z,0.23,5
25b81c70-5bdf-4384-8321-a41fd59d968b,,700dd966-effa-4a5c-93f5-4c22c9c4a508,3198b1d3-c10a-433e-946a-be88a2f22060,2026-05-02T08:24:29.841726Z,0.14,5
d617bca3-6580-4eb5-beab-723ae68c3784,a1cc74df-b78d-4e9a-82a7-cf3c47b85d92,,e17a19cd-8381-40b6-8771-702f3a282e0c,2026-02-27T15:09:58.841785Z,0.02,5
840f3556-f1e8-4ccd-ab2c-de4bd84f2e42,12664488-f887-4fdc-a90e-65705d33b03f,,96164111-3295-4ecd-9696-77c13aa1e9c6,2025-09-27T19:04:21.841803Z,0.13,1
8eefc006-040f-4832-ab3f-6f11e179e5e1,9cccee8d-dae0-44b4-890d-e8804ed2ba6a,,6b43d3b7-aca8-4905-9318-b1c3fbed419e,2025-07-20T12:09:31.841831Z,0.18,4
9ac84436-8082-4e41-b8f4-574ed7fc1d29,9fc326a9-8edb-4aa9-a7e2-bf8cb807fe31,,a7af19b9-f0fe-40b8-9d1a-c7fcda914ea2,2025-11-21T22:12:03.841876Z,0.1,5
0e107889-8722-42af-9533-cd333d14b131,66f4385b-9519-4c6a-981c-c650a69bdb4a,,8245b2fb-a8af-474b-8d23-4304a5e9a19f,2025-07-18T07:12:29.841928Z,0.25,4
8d7d9341-a721-45fa-aa2f-5cf7dd0f4038,,52653adc-b5c7-4393-962d-45c19c6d87d3,4dbf9778-98c0-4446-9ec8-916ba556fdad,2025-07-31T05:17:51.841945Z,0.15,3
90dcd06c-9460-4119-9b52-680151169a92,f3f315cb-871b-4430-9ac9-910b63aed0cb,,ffb35e8a-7d50-4fb3-b500-d6e2b0d928a7,2026-03-05T21:09:41.841974Z,0.23,4
08c15e34-efb4-4525-ad49-9d9c1e30fe5d,f248f19b-3dfb-4be6-8482-67b21b6825c8,,28c08598-0919-4ad4-a544-1e20d0d0dc44,2025-06-28T03:01:17.842030Z,0.18,5
87ba3f4d-c9fd-4a4b-82aa-526f0109aad2,,7bf07663-ac02-4b1c-b0c6-6c462b6180bf,145417d2-0475-455c-bfdb-23ddc2020330,2026-06-12T18:27:49.842081Z,0.12,1
2acc7cb9-7769-47e5-b2e1-eaf6688dd042,cc02d674-d8d0-4c88-9635-5d3c9629c46a,,f0bc20ac-801d-4401-bafa-1a2d45fdf2fd,2025-07-24T18:17:40.842128Z,0.28,3
59d6fe79-13b7-4111-bea3-c35a40bce7c1,a89515f8-54e4-403e-be5d-efbf5b7790ca,,f3339075-6de3-4983-84ef-c23595b30f1c,2025-09-02T08:03:02.842243Z,0.12,5
b1742ce6-525e-4fec-a872-e9ab6249d153,,7deac932-c1b6-4f53-8b10-687e1926786a,39e9c2c9-901f-499e-8c46-57804a2f9255,2026-01-06T14:39:06.842312Z,0.2,1
e0fb1f7f-6e19-44c5-bd04-65f10d442fbc,cf4581a9-e1d2-4d79-881c-1e784839d621,,17ef5cb2-dbbc-4423-a159-fe66957fb5c2,2025-10-13T20:31:44.842381Z,0.09,2
a83a10cf-d958-43b9-9fa2-3fa240288774,dea9dbd4-b682-42e4-960b-16720b4619a3,,4249ce6f-0248-4265-950f-9f03188f5497,2026-06-07T14:46:26.842443Z,0.17,3
a28e8dba-171e-4f28-9703-c27c908872d9,,354c42f9-5639-4152-b715-6fe54af04486,eaf75b03-369e-4f19-9773-1a8ed15cec34,2025-06-25T18:26:29.842477Z,0.04,4
f8a66f14-cf7b-4e9b-ac38-3bbceaf6b9bd,0587d620-94a5-4a12-8e78-d2beb6b9b0c5,,28c08598-0919-4ad4-a544-1e20d0d0dc44,2026-02-17T23:15:12.842534Z,0.2,1
204346da-28dd-4605-a6a1-5eddf02c3e8e,27b7a965-5245-4af3-9aa1-cea6862290ce,,f980ab87-d699-456c-a96a-e362bfd00c92,2025-06-29T02:06:13.842598Z,0.21,1
54b25a95-f3c7-4f44-8d89-10a70ef7c6e2,,2d37a2da-4392-4730-8494-a4f2964fa0f7,25370a5c-dc1e-4a10-bfdc-ad1bca8f7981,2025-10-30T18:18:41.842720Z,0.07,3
2a91ba47-971e-4ee3-9edb-16ce3f48b97d,,d4fcb461-9987-4de6-9d8c-7db9895fd113,8dd60692-d201-4c50-a580-7850c1e95f00,2025-06-20T15:40:18.842754Z,0.0,1
4ea69162-12c1-4af1-b6e9-4f285c8634be,,3aa513ff-ec0a-42cd-bceb-102f9073a0b6,8245b2fb-a8af-474b-8d23-4304a5e9a19f,2025-08-25T04:06:56.842771Z,0.24,2
0a4330e5-fd67-4b02-a94d-1a7a66ee1c49,,6a96ab45-5609-4754-b875-eaec25deb2b2,22a51531-4be1-45dc-9e5d-2c9c0df0de82,2025-08-20T14:56:53.842788Z,0.22,2
ca3ba526-7e75-44a5-ae7e-a5021dcc8954,,f42a2b58-2dc9-478b-997d-f34e81007bf6,8dd60692-d201-4c50-a580-7850c1e95f00,2025-11-08T23:36:11.842840Z,0.07,2
53e945da-5d5a-4b47-8569-b45f546c1033,48d4d733-056a-40c1-809e-9644d46961d2,,63b5e370-7388-4536-8ed7-a21a4a41d06f,2025-12-30T22:48:18.842880Z,0.17,5
13ddaab8-de28-4a3c-acef-1addbb91fdfd,,8d23d5ea-e580-43c8-b2e6-2a43ed06d930,37727a64-f037-49a9-bcf8-086215ecb7fd,2025-09-15T14:26:17.842932Z,0.05,2
541fa490-4384-4b76-abb9-0754f865b137,6fc891a0-e87a-4a77-b887-1abee0839df8,,7f6a74aa-f09a-4f60-a39c-a0c68ccf7ddb,2026-01-04T11:10:39.843006Z,0.05,3
766473c2-dc4b-45b7-b317-f96bd642a7cf,a1f51051-5815-4ccc-b680-859cc8a9523a,,eaf75b03-369e-4f19-9773-1a8ed15cec34,2026-03-20T18:47:17.843047Z,0.11,2
4a5f3293-b546-40ff-b7ae-537f738f11e4,86dae7cb-dd0d-4196-8d1c-7b64e1ca0393,,34b6ae28-67da-41cb-83b1-c97b33dfdb64,2026-06-09T12:54:59.843064Z,0.14,3
f9ad3b0e-db71-4e3d-be28-cdc46e5ff82f,,b8952666-ee98-47d3-a3bc-78743d1d1034,ad5fcac7-aeb1-477e-b4a7-962a3e8bd739,2026-03-28T02:26:32.843109Z,0.15,4
4a894b4e-afc4-4562-b9e1-71cb9958348f,34e3713e-527b-4a61-bb6b-5cdd9a46816d,,eaf75b03-369e-4f19-9773-1a8ed15cec34,2025-11-23T16:39:06.843160Z,0.17,4
14b9261b-cbb6-460b-93a8-0e0835a78de6,98af55a9-dfcc-4ad3-bdf7-dd969404ddfe,,5bdd189c-8321-48aa-bae9-e2962031a00b,2026-03-15T05:11:12.843205Z,0.15,2
d3f0c56b-596f-414e-b987-3e7799aa4f93,32641d01-608a-452b-a81e-79931539d759,,8dd60692-d201-4c50-a580-7850c1e95f00,2025-12-31T12:49:10.843304Z,0.18,5
403fecc1-6d6f-48d5-ab62-0c2b24a96c11,0603da0c-982f-4154-9e47-2e31851e6029,,25370a5c-dc1e-4a10-bfdc-ad1bca8f7981,2025-11-15T16:05:51.843357Z,0.19,1
f0e4a7b2-f103-4cb5-95a3-e5154714a91c,0fdccec9-42ee-469f-ad10-d1d6f7bf29bc,,c3163de1-b9cd-44a7-93e9-588433a1e23f,2025-07-03T11:38:32.843382Z,0.13,3
ccf3dc3c-79b0-4b1f-be08-f83679bf4b33,fc734de3-f02e-44d9-b400-98a8f542d580,,1e19d020-8de6-4885-b1d8-2b9aff3f3d33,2025-08-07T20:35:20.843434Z,0.09,3
9c330b35-ce6b-49cc-aa21-cdcbd9481923,5c0e4a4c-94c5-4d17-8c5e-6b14ac5fa19e,,96164111-3295-4ecd-9696-77c13aa1e9c6,2026-04-03T19:03:42.843468Z,0.03,2
a0345b62-147c-4d73-8e49-84890415e5ca,c19b95f5-3a9c-4cd3-b5f7-dd277fa82f4c,,f980ab87-d699-456c-a96a-e362bfd00c92,2026-02-17T02:11:45.843530Z,0.18,5
d11a8781-8051-4ba3-9b79-8a374a579900,72bbd2c0-f9f3-40b5-b0e0-4ecee769bda8,,96164111-3295-4ecd-9696-77c13aa1e9c6,2025-10-20T08:16:33.843568Z,0.22,5
77b88db9-7290-4704-96f0-39d915bc4d49,,fcb3bac0-6c08-4f7d-b8ea-5399cd075752,a81b33a7-ba53-452c-8801-04aabe7f038f,2025-11-21T14:35:56.843620Z,0.04,5
ea3a5037-1ff2-44cf-932e-8d0bd4abbcea,abef59d4-32b8-4336-b7dd-9f375c1ce473,,a7af19b9-f0fe-40b8-9d1a-c7fcda914ea2,2025-08-14T20:06:58.843655Z,0.18,3
47e61c58-58e8-44d7-91b0-59f7ee8cf561,0ea90ca3-a784-4797-b21a-d4c7e8c97a0d,,c6fa1138-4ec2-4637-9504-2749bc13e06f,2026-04-08T12:28:13.843695Z,0.09,5
8dab5451-1362-430d-bfd9-e82c6d790bd3,f39d0b58-4f9b-41e5-a4e0-83c0174a0132,,19526f67-9ddf-4aab-b411-0bee51cec320,2026-01-19T17:15:48.843724Z,0.15,2
3f75399c-3110-4ff7-8016-f8b5d8cbb60c,f67dbfa0-ba5f-459d-a062-6f1f31dec761,,c9d3792c-59ed-4d20-b80d-de9e5af11e7c,2026-05-27T22:11:45.843759Z,0.01,5
32c6716a-63d5-4e80-978a-d6829c3607e3,,75f8aba8-0822-4355-97f3-62f9e6d05c66,24a56de7-f7f9-4a74-84ac-6ee7f5d63eeb,2025-08-12T14:53:18.843810Z,0.22,5
db4494c7-9c7d-4fd7-b19f-a18637dadfce,9438779f-1292-4d84-b39f-fc1e728535f6,,c6fa1138-4ec2-4637-9504-2749bc13e06f,2026-03-03T01:38:27.843833Z,0.21,3
8daaa03f-783b-4def-854b-e5beff8583c4,667a4fd6-9941-4337-80ea-be563e6d75ff,,31a62e0b-956a-4338-9c88-02b3f7ede7b6,2025-11-06T16:41:24.843865Z,0.13,5
75d0ef97-2815-4b4e-9104-4356f8bb96f3,,652bb990-76d5-4a63-ba0b-2fcf0d8d18a7,24a56de7-f7f9-4a74-84ac-6ee7f5d63eeb,2026-04-04T04:10:40.843894Z,0.2,2
8bb039de-fb25-488e-afc4-1710368a5320,961a1c17-3d19-446f-8ffc-596991feabde,,77016229-03e7-4ace-860b-79ee16b3f42b,2025-07-01T08:43:26.843946Z,0.3,3
3e0a1a78-8648-4f73-b8a7-5a44407cea60,6971669a-3acc-4929-a81b-51116d8188ad,,19526f67-9ddf-4aab-b411-0bee51cec320,2025-11-13T23:34:17.843986Z,0.11,3
cb153abb-8bac-4ac5-9fbc-de659041b329,84715c32-0e2b-4aa5-8d91-b1978f817bb2,,ad3fe337-ec17-4244-8e4e-9f2e174215e4,2026-03-20T18:31:43.844218Z,0.21,2
635e1302-1a7e-4289-aefb-446171507066,,fa2609b3-6f99-4c3f-b860-3bffa652cdf1,372ded30-38b9-4299-bf0d-124cb3f95d09,2025-10-21T02:27:26.844304Z,0.02,3
ab5fd468-932a-4944-91f2-ba887499e6bd,9d4acc71-15e2-46bb-9fb6-92ddfa41416e,,242a17b5-0a2b-4177-a01c-b2d07b8435df,2026-05-06T18:14:48.844321Z,0.26,4
f6276e18-4079-4688-8cd5-9c33da95f88a,,8bbacba4-ba38-4825-aa6b-ea979d2fc04f,9234bb80-ceff-4626-9cc6-fc6f757ee0d6,2026-03-11T19:29:23.844339Z,0.04,4
94743d71-a10f-4cf8-9c8c-8dd7d3f8c4c6,,db88450a-eafa-44de-853f-fd11fddb3b2a,25370a5c-dc1e-4a10-bfdc-ad1bca8f7981,2025-06-26T23:55:26.844356Z,0.09,1
7c2edb87-6934-48d9-bb48-c5fedd4104c4,9fc326a9-8edb-4aa9-a7e2-bf8cb807fe31,,17d8280d-5414-49df-ac1c-db72a02c6e18,2025-07-26T21:35:00.844433Z,0.02,3
f7adc4a2-298c-4ba1-900a-6525aa69302a,6f6e4cc6-ad0f-494d-8f68-ada7c5a366a4,,24a56de7-f7f9-4a74-84ac-6ee7f5d63eeb,2025-11-01T01:25:29.844456Z,0.22,5
c19edfef-3053-447b-89dc-070f95166c10,b631525c-d21d-42be-ab22-ef78024e7501,,3b0e25b0-04f3-4476-891e-18d67e3329ed,2025-09-26T21:09:53.844514Z,0.17,4
e29bd00f-6d4a-4469-aa85-2096e515271c,0fbeb056-602c-46ba-a213-7ec10f840393,,c85fdb82-bfb8-466b-8587-2c4a96321250,2026-01-16T09:44:20.844601Z,0.09,5
851ff387-74a1-4c5b-8fa7-83db5a1abcb4,37c52c6a-bf4d-4fda-8e8d-8d74f697fb2c,,bb3acd74-a761-49bd-b7bc-fbf35502e696,2026-02-20T02:24:44.844647Z,0.27,4
e376062c-7245-466c-9192-ec253b36ab7e,cf75ceab-4dcd-4aa2-9279-0521a0488f40,,54c76350-7f69-4f75-b451-d79351462bca,2025-11-26T02:48:37.844688Z,0.28,5
ff9cc335-1ed7-4260-8452-870d84d047d7,c8aadad9-9b37-4350-a20b-928e2cab5566,,805d0c82-7625-40a2-ac29-8f766fc3f6ff,2025-11-15T12:13:45.844746Z,0.05,4
13686dbd-ab51-40bb-8b62-73cb09f6efb8,,a7c615f8-9e9f-4eee-b7ef-1f4963aa96bb,6b43d3b7-aca8-4905-9318-b1c3fbed419e,2025-07-19T07:31:12.844770Z,0.24,1
33e15b5c-91f0-41b8-9a14-7d70551632e0,,d6047fd8-ed8b-415e-bd8c-840b21be1c58,e17a19cd-8381-40b6-8771-702f3a282e0c,2026-06-17T03:08:11.844791Z,0.21,3
d2b8f929-473c-44be-95c3-41a8a8f31262,,fcb3bac0-6c08-4f7d-b8ea-5399cd075752,9183c4c5-47db-4e6d-af05-9eafe1f586a0,2026-03-30T10:01:14.844832Z,0.29,1
8b170e93-542a-4157-b668-e3680fb53722,,a49fc264-bb9a-4c12-8855-449092be39c4,54c76350-7f69-4f75-b451-d79351462bca,2025-07-10T11:52:11.844949Z,0.16,4
1472a478-991e-4135-8a3a-7f6b91be716f,25132108-bb6d-46c2-87b3-c00023e596af,,95176c1b-f8b5-4499-af67-49f7732c6c68,2025-09-16T05:06:35.844966Z,0.19,3
7a0ddb9d-8990-4078-9934-2656e2213fe6,1f425b5c-fe86-45a1-8c54-8ca2fb90d3f2,,a85314f2-4706-4d04-af9d-12e821756358,2025-11-08T23:14:44.844999Z,0.11,3
27ccd6ef-c9fc-4e13-bd53-3c7859cd13de,12025cf1-478e-43fa-8764-fd0a670b1dd0,,95176c1b-f8b5-4499-af67-49f7732c6c68,2026-05-30T22:24:27.845016Z,0.3,5
301b92d7-e998-4f08-b129-7e1e1fd0ab75,cb5f5348-66ea-442c-a31c-9df34040c85b,,34b6ae28-67da-41cb-83b1-c97b33dfdb64,2025-09-18T00:17:32.845034Z,0.24,4
7a2fc52a-2165-4cf2-9085-b492fd0d8094,8380deca-4ea4-449f-a1d0-ed1e4ab52e59,,a7af19b9-f0fe-40b8-9d1a-c7fcda914ea2,2026-02-14T20:36:37.845068Z,0.26,2
808f054a-511f-48bb-903c-f02a17b272c5,dc52679f-ed2d-4c43-a350-50327c99be6c,,9183c4c5-47db-4e6d-af05-9eafe1f586a0,2026-01-03T01:30:31.845086Z,0.27,1
0df49b6f-a310-4918-ac50-90215e440c47,,1a189a23-0191-436b-a66c-c7a6261e0ad3,ffb35e8a-7d50-4fb3-b500-d6e2b0d928a7,2026-02-06T05:43:24.845116Z,0.12,2
fd5cafa0-91e9-45b0-8e9d-1d5874cf3774,,64e990ed-4450-406d-b057-6ba722d6a278,370920ed-3f8d-46f5-b78d-f4d5c426c5e2,2025-10-09T09:25:44.845139Z,0.24,3
d6ed19d1-0a51-4802-84b4-44ba93395eed,4700a73a-4de3-4612-9093-c2a0fb394c77,,8998e993-9ba7-4ede-965c-cee7af7a4457,2025-07-18T16:11:19.845202Z,0.16,1
dfe892f4-6f0d-465d-90d1-0f9516bdb29e,24629382-0184-4ee9-a7ae-6b330bde3774,,54c76350-7f69-4f75-b451-d79351462bca,2026-03-03T00:05:05.845338Z,0.21,5
0277ec98-a296-4667-a11a-e8b2579046c0,77e21ed9-534c-49ff-bf3a-6c81910050d5,,464065f2-15f0-4a2e-b25d-516dfff9dcca,2025-07-20T16:51:53.845369Z,0.22,5
c661823b-2e26-45f3-bf58-ddf11a45ebb9,5029723c-a5c1-41c9-ad47-61b044552811,,1638242a-9e18-4c5a-8ba7-dcb01ef7c6b0,2026-02-12T08:13:09.845391Z,0.24,3
821b9bc6-3503-4745-ae9e-4a2e198a244e,37b111a0-fc80-4450-bb99-d2b2a088b898,,e17a19cd-8381-40b6-8771-702f3a282e0c,2025-11-21T08:10:42.845426Z,0.17,3
f643f01c-2204-401a-96ec-33b765deec74,,3ea1de10-7a79-4e05-b690-19b2e601abeb,ea11794b-9211-4543-87ff-999e6bd73cef,2026-06-02T23:01:43.845466Z,0.1,3
73a4e7a1-5430-473a-9e8c-14ba77cdfeac,,aa2b6489-6f7d-45e7-abfe-e9bbd1dea37a,ad3fe337-ec17-4244-8e4e-9f2e174215e4,2025-07-12T21:53:18.845575Z,0.04,1
34a90414-dcf8-4fe5-8f7b-f80c0f7a702f,aa643d96-ef79-47e9-a367-5a03dbda3bec,,31a62e0b-956a-4338-9c88-02b3f7ede7b6,2025-11-23T19:49:42.845638Z,0.03,3
08403bd4-40ef-4c39-ac19-0b36eb6761cf,,efc3efea-686a-49ee-9e94-6aef69d7785b,cf925fde-e447-40d6-8073-e23c6f551820,2026-02-21T16:26:55.845655Z,0.0,2
1192624b-2221-45ed-9914-57f0c05e4959,,1cddd53f-8db9-445b-8267-67d6afc16753,19526f67-9ddf-4aab-b411-0bee51cec320,2025-06-28T16:03:46.845677Z,0.08,5
63cff02a-ae00-4211-b8ab-845bf744bf9c,0dbfd0e1-7616-4ed4-9b03-6f43d2f4fb40,,882325b0-d544-426c-b74e-9b64ff3ef4cc,2025-09-19T09:32:32.845707Z,0.21,4
586de72e-f09f-401e-9dd4-73d71defebc3,4d91b12c-8c53-4afb-a6c3-c1d4c4eb0f6e,,1cac4b7d-9687-4005-8aba-406a7a82bb35,2026-06-01T06:32:43.845736Z,0.13,5
feb43427-3f13-4f0c-8a0f-1587a2f2a157,,6f311ed5-1edd-4055-8101-78238755ce37,c9d3792c-59ed-4d20-b80d-de9e5af11e7c,2025-08-18T11:05:10.845766Z,0.06,4
41578ee8-213e-427f-874f-2f150a09495b,b70d275f-0293-459d-9f8d-0c69d539a5a1,,95176c1b-f8b5-4499-af67-49f7732c6c68,2026-05-30T10:00:33.845842Z,0.24,1
1776b493-eb99-4e47-85d9-63ea5e372a82,bc8b90b5-216f-40b4-9d6c-704d1a65a06e,,0eea6ab9-a379-49ec-9c3a-9e38263db7f9,2026-02-17T22:40:50.845859Z,0.29,5
b65dcd99-a6df-42a2-851d-6d68604e8427,d0b967e6-0fcc-4824-bef1-ec58206e3b50,,94ee9444-6941-48b4-b4dd-5e9bc164aefe,2026-03-27T17:27:08.845882Z,0.2,5
d00b0d76-0b9e-4b19-82ea-bcccb7d2ad69,67940b88-e2d8-4ce6-bd5f-a5b9e45bbef2,,51de8c93-7a17-4f51-ba8f-d0ac995c566a,2026-04-06T18:37:57.845899Z,0.09,2
66ac2a83-9cea-479a-b6fd-543ad47da598,,be906805-aa43-4c8c-aafb-23636aa1cf14,a2aa5c5f-237b-4acf-bd4d-896ec1b7d815,2025-07-31T03:31:05.845928Z,0.15,2
804cf586-4143-41dd-a0e6-14400f0d64ba,,33fcf3e3-bb8a-4100-a90c-0b84a108126e,242a17b5-0a2b-4177-a01c-b2d07b8435df,2025-09-07T00:47:01.845971Z,0.27,2
0c42cd2a-005a-41ad-b63b-a49f7dc8c7f5,65b8cc2c-6959-47d5-812a-dfef903e4baf,,c0dc7454-44d3-4bda-817b-d31875e44201,2025-09-11T15:54:45.846098Z,0.16,2
cb5f6e35-8ab1-4f18-96ae-38eb80a7893b,e1704595-0fd9-49aa-aff6-45dd16084a37,,95176c1b-f8b5-4499-af67-49f7732c6c68,2026-02-14T21:15:48.846115Z,0.06,3
87ff0133-8450-4218-b775-b06c71dbfae3,,2d37a2da-4392-4730-8494-a4f2964fa0f7,f980ab87-d699-456c-a96a-e362bfd00c92,2026-04-15T14:29:05.846144Z,0.13,4
c8859ee5-eefe-478b-aaa4-79a08c59047d,ca8098fd-2626-4a76-8c55-d1fc5ab50d0e,,1209a847-3e6d-4ef1-a2ac-448ae204babe,2026-02-21T13:18:57.846207Z,0.21,5
d3ea8fc5-384f-4ed1-8e6b-3c9dfe2b804c,4df003df-66d2-462d-9d42-dea20378aeb6,,372ded30-38b9-4299-bf0d-124cb3f95d09,2025-07-07T19:57:09.846298Z,0.27,4
40fb10fa-b787-45d6-b99c-a45e994e1742,9db95041-3fde-4c77-a277-b9dd057f8869,,c3163de1-b9cd-44a7-93e9-588433a1e23f,2026-01-31T10:49:14.846316Z,0.22,4
65d32463-9856-42e2-8089-44a4582c816c,,2465acbb-c61c-4d18-acc9-e1face4faf6f,4560ad24-ab8b-4c2a-9a93-593950d0c317,2026-02-21T19:17:32.846401Z,0.22,2
0f9d5fbc-b6b9-4bff-9836-616d14b4707e,,0c9cd50c-0721-4bb7-aa48-1b6800df2abc,6f6d558c-4b40-4c66-a4e6-e46524190ebc,2025-08-25T00:02:14.846441Z,0.23,1
e749e1d2-91b4-4e2e-9c7e-e171d668e880,,3ea1de10-7a79-4e05-b690-19b2e601abeb,3b0e25b0-04f3-4476-891e-18d67e3329ed,2025-08-25T10:23:12.846504Z,0.13,2
ad086dbb-1812-490b-92be-4ef9426f8e3a,7f2fc0fa-7e88-46d9-9367-bea32902ae90,,4dbf9778-98c0-4446-9ec8-916ba556fdad,2026-06-07T03:34:13.846545Z,0.13,2
220c34f1-6831-4c3a-99a7-dc08de759d32,9d4acc71-15e2-46bb-9fb6-92ddfa41416e,,e17a19cd-8381-40b6-8771-702f3a282e0c,2025-07-19T17:23:16.846608Z,0.05,1
a8ab35c1-62df-4089-a3f0-45898be3416e,,eb2b0678-e952-46f8-93e4-9f1ba8cf05f7,262281ca-9da1-4f48-bcc9-dac7c497ca85,2025-11-18T20:27:40.846637Z,0.15,4
2fc5a48a-c60d-4a4f-95ac-7d9077ce39e8,780ff89b-58ca-46f6-9018-36030c7a6627,,c85fdb82-bfb8-466b-8587-2c4a96321250,2025-11-18T00:10:58.846672Z,0.3,5
d5ea269a-3a3f-4bee-a834-b0598d578264,,5d2a0230-ff93-4364-95e4-491054f5395d,1209a847-3e6d-4ef1-a2ac-448ae204babe,2025-12-27T19:54:11.846746Z,0.01,3
29ecb136-c353-4139-b483-f12e6c486af5,11d8f766-b28f-4ce7-9f0c-00704445ed5d,,59d6d6c9-1940-4e0a-a3ed-ca04666e89b9,2026-01-29T14:09:23.846780Z,0.18,5
df3cc303-7215-4357-b16d-beed824208af,bd94c06e-4681-43b0-9d07-1eda730c5033,,8245b2fb-a8af-474b-8d23-4304a5e9a19f,2025-09-23T12:56:47.846832Z,0.06,3
d14d0caa-68d1-408a-b110-bd9708439370,3dfe8aff-e5db-4d6c-9b31-11b683ecca34,,9183c4c5-47db-4e6d-af05-9eafe1f586a0,2025-12-07T15:55:41.846878Z,0.07,1
807ada56-b8bd-4553-9f2c-c8bf47ff1b5e,,e05ad74b-68f6-4b57-bc4b-ed91c6907aed,28c08598-0919-4ad4-a544-1e20d0d0dc44,2026-06-10T02:41:32.846895Z,0.0,2
019b46d7-b494-4203-90b7-36bcf2317bd8,b631525c-d21d-42be-ab22-ef78024e7501,,8dd60692-d201-4c50-a580-7850c1e95f00,2026-06-13T06:43:27.846913Z,0.18,2
35217cf9-180b-4fa5-90cf-af248129102b,e48601f7-7854-4f5c-90c1-a5b4e61cbbc6,,6b85123c-b94f-4258-9142-0599eff0a787,2025-10-29T23:19:49.846976Z,0.11,5
f5da1ffc-b664-4ba1-9cdd-15a91d250646,fc734de3-f02e-44d9-b400-98a8f542d580,,17d8280d-5414-49df-ac1c-db72a02c6e18,2026-02-16T00:04:22.847041Z,0.23,1
210a5f2d-8f47-44e2-8861-f840a32b2d54,,67fbd868-2346-4274-9b99-9713c3fcf423,7f6a74aa-f09a-4f60-a39c-a0c68ccf7ddb,2025-07-25T04:12:03.847104Z,0.28,2
e3de2ba9-b6d3-4962-bc98-fad38e0e5278,,d2d8cd51-2a7f-4ac5-b84a-4196c0b898f6,bb3acd74-a761-49bd-b7bc-fbf35502e696,2026-01-24T16:22:24.847197Z,0.24,2
9ddc9d16-d746-4789-b493-8a0097c64a3c,ca0da774-1aab-4c48-92be-298e5115308b,,17ef5cb2-dbbc-4423-a159-fe66957fb5c2,2026-04-07T23:35:17.847237Z,0.07,3
2e6ff605-b8f6-4a18-b8fb-be5273b79ede,,0e9b3e7a-a581-4e3c-8e7b-eb96611f48e3,4560ad24-ab8b-4c2a-9a93-593950d0c317,2025-09-21T00:32:25.847260Z,0.22,2
97f35997-e211-4ba4-bf6b-33524a641e0e,839bcda0-bab9-4237-9419-c8ee1adeac90,,3b0e25b0-04f3-4476-891e-18d67e3329ed,2025-10-04T20:54:28.847289Z,0.25,4
2cb1769a-41a0-41a1-af16-6d741fb89b14,e9d8031c-e926-486d-aa20-2cdbb0252049,,8dd60692-d201-4c50-a580-7850c1e95f00,2026-04-26T07:43:40.847487Z,0.03,1
b6a8f843-d99f-412a-bd1c-57c2eb9a3010,8c5395eb-5111-40b9-9742-80230f944c91,,8dd60692-d201-4c50-a580-7850c1e95f00,2026-05-30T00:24:43.847533Z,0.11,2
c34a4896-9df5-4dc3-b0da-7690171b0f32,7228b3d7-ca33-490a-b2e0-810ee8eb72a2,,6b43d3b7-aca8-4905-9318-b1c3fbed419e,2026-01-08T06:30:29.847561Z,0.17,3
bd71ed37-576a-47c0-83f8-639df6e8b5c7,7b1f75b4-44d7-4ed5-9c63-74b7d6d2032f,,5bdd189c-8321-48aa-bae9-e2962031a00b,2026-06-03T14:20:03.847607Z,0.04,2
cbf51105-08fd-4528-a122-53b04adcd371,,73191e6b-355c-4371-9373-85ae98c68a2f,59d6d6c9-1940-4e0a-a3ed-ca04666e89b9,2026-05-26T21:00:26.847624Z,0.12,5
3257724e-03b7-4157-b453-58f95360f79e,,f3003f66-84de-47fb-9251-3afb2b6e184a,63b5e370-7388-4536-8ed7-a21a4a41d06f,2025-09-07T03:03:32.847670Z,0.13,4
2dc30e66-d803-4c49-b656-4ca4bcf9e236,d3fff17e-888f-4772-8bd4-7c6176a53af0,,321f6360-972d-4a3a-85c7-8758739a5af4,2026-03-04T03:58:35.847729Z,0.07,5
f0080f23-0d65-470d-95bc-d4d1d5ffc151,9b6ec221-b19a-48ce-939f-743ee6796d8d,,eaf75b03-369e-4f19-9773-1a8ed15cec34,2026-03-09T22:44:10.847747Z,0.17,3
42066e55-6916-4370-900a-32997cd4f4e3,11d8f766-b28f-4ce7-9f0c-00704445ed5d,,ec97e4e8-1dee-4099-85b0-85d167c59b15,2026-04-08T02:34:53.847797Z,0.24,5
07391bc4-8a5e-4397-bc10-38346ae4eac9,67940b88-e2d8-4ce6-bd5f-a5b9e45bbef2,,51de8c93-7a17-4f51-ba8f-d0ac995c566a,2025-10-14T06:14:25.847830Z,0.29,5
2ccb2830-fc6d-47e9-bea2-a8a0fa11d231,,496ccd12-54b0-4142-a864-ba935c283508,c0dc7454-44d3-4bda-817b-d31875e44201,2026-04-10T21:06:58.847847Z,0.18,3
3023ffbb-546d-41b0-b5e6-cf53117f0796,74839d8f-ff2c-4461-8ee3-42f8d15aa679,,9183c4c5-47db-4e6d-af05-9eafe1f586a0,2026-04-16T03:20:28.847876Z,0.06,3
d522ee6d-0487-40ac-8707-cad4895d4b74,,febc24ae-f2a6-4e2a-86f8-cc78e70831b9,0eea6ab9-a379-49ec-9c3a-9e38263db7f9,2026-01-29T18:29:44.847980Z,0.18,5
9c8d0b2e-6ea1-4e57-b81c-440b818211f0,ef599fab-e22b-4153-9214-cacf5a81b0da,,5e2bc8e4-1797-4c5f-82a7-e5f343789acd,2026-05-23T18:23:24.848002Z,0.04,4
b5fe31a7-adfe-4d21-8373-fc38281f009e,,96dc79e4-a340-4c2c-95b0-ba8925612a6b,02310335-8d93-4be9-af7d-55de45097af6,2026-06-12T21:44:12.848054Z,0.08,1
368d85a0-1b9f-4937-811e-11c7082c05f6,ddcb32d8-f1c7-4e3f-8abb-0bf2f80c3624,,8998e993-9ba7-4ede-965c-cee7af7a4457,2025-07-27T12:07:20.848076Z,0.04,5
2405e772-2feb-4acd-9380-f6d32cddfe2b,7f154fb8-3f46-4cc7-af4f-d6665b2ed14b,,c8692397-bab9-445a-90ae-7439cc46cd74,2025-06-29T07:21:47.848127Z,0.02,3
af3b1278-f2b3-4811-a8d9-6e7eea372385,507e7c35-3a3b-498a-8cb9-fdad839946f1,,99a57440-b846-4581-bc1a-44f38a214cf6,2026-05-10T00:57:01.848144Z,0.09,4
8354005a-0424-4f48-b66a-dcee43835fca,,eb2b0678-e952-46f8-93e4-9f1ba8cf05f7,25370a5c-dc1e-4a10-bfdc-ad1bca8f7981,2026-01-14T00:21:51.848168Z,0.02,4
e7dc2f88-2257-44c4-8976-d33257decb44,,31b8f6ae-edbc-4c43-b9c8-e2e7d8d497ce,31a62e0b-956a-4338-9c88-02b3f7ede7b6,2025-11-21T12:31:53.848309Z,0.15,4
5a83f75e-967f-4e35-adf1-cd43dd9c7c4b,0aa41ccb-4639-4115-989f-cb299da7289f,,19526f67-9ddf-4aab-b411-0bee51cec320,2025-10-23T09:06:46.848331Z,0.19,2
fbe35793-f587-4f58-ae5f-97255d8a9a1a,66ea7225-0970-4ca9-bedb-0ff2dc6bcde5,,77016229-03e7-4ace-860b-79ee16b3f42b,2026-02-03T03:08:37.848353Z,0.11,1
561a438b-9ada-42e2-8255-a4150d147b49,e9679519-56ba-4007-bae4-1cd922e9f605,,17ef5cb2-dbbc-4423-a159-fe66957fb5c2,2026-01-29T16:57:31.848376Z,0.21,2
139d5496-1de7-4f1a-91ff-a5ae86f01a7c,c19b95f5-3a9c-4cd3-b5f7-dd277fa82f4c,,9234bb80-ceff-4626-9cc6-fc6f757ee0d6,2025-11-15T07:43:29.848417Z,0.07,2
94f588e2-4daf-49ce-9268-a7486f8083cc,76a1556c-80e1-41e0-b989-1e0c1d6057b5,,37727a64-f037-49a9-bcf8-086215ecb7fd,2026-04-30T07:29:02.848434Z,0.07,4
967643a1-46da-4484-8b92-63993054c0f7,,96e9ac72-e7df-43b8-8aab-5a7f7a8a9289,80a4d750-7c17-4c78-b91c-5b63cd80c7eb,2025-11-24T16:50:09.848486Z,0.05,3
fd7b76ab-66a3-4817-885c-9f5f9f493f50,1fad1639-98e8-496f-a1f9-ff4a86b312a5,,d98ac824-b1cb-493c-b4dc-fa735d579080,2025-10-20T21:12:10.848515Z,0.06,4
4b46b581-ed55-4bc4-9a40-86c08d33b26a,02f35316-5bdb-4e65-a662-954a019a8af8,,321f6360-972d-4a3a-85c7-8758739a5af4,2025-10-30T11:49:19.848532Z,0.13,3
73bf54e3-27c6-4658-8660-cc6ba7974b6e,,9cf4f702-7405-4461-8819-c3e39f470aa9,c9d3792c-59ed-4d20-b80d-de9e5af11e7c,2026-03-03T09:01:39.848601Z,0.12,1
72b9ffe9-bdef-4915-a978-0a3b09cfd685,b4ae784b-3905-4589-8158-4c344b0cb907,,b4cf6a02-8d8f-4f2a-a7d2-b552fe2cffc6,2025-07-16T02:35:52.848682Z,0.17,3
e085a438-6cef-4638-a46c-1a4158486f47,e56bf6e0-1d91-4983-8a4b-9c738c58c2e5,,2e4f561e-34fc-4f84-969f-fafa2cfe8587,2025-10-17T02:55:43.848699Z,0.26,3
84875a0b-0b9e-42b0-8638-6e148f132967,70d6fa5d-dce8-49be-b012-d0b91638fa22,,372ded30-38b9-4299-bf0d-124cb3f95d09,2025-09-02T14:16:18.848727Z,0.23,4
cc786a09-6de0-492d-9190-80c95d5815f4,,2dba38f7-bcbb-47ad-9da3-260970cca417,ea11794b-9211-4543-87ff-999e6bd73cef,2026-05-04T15:24:27.848750Z,0.1,1
5bd64e20-5fb2-4fbf-9436-6ce670c11e1c,69cae572-5dac-44b8-9774-94bd8be10195,,c85fdb82-bfb8-466b-8587-2c4a96321250,2025-11-21T19:49:54.848778Z,0.26,2
